test,x,seed,phase,hits_per_run,chose_fixed,chose_variable,y_hat
margin_vs_heatmap,1.0,0,bracket,400,0,400,1.0
margin_vs_heatmap,1.0,1,bracket,400,0,400,1.0
margin_vs_heatmap,0.5,2,bracket,400,400,0,0.0
margin_vs_heatmap,0.5,3,bracket,400,400,0,0.0
margin_vs_heatmap,0.5,4,dense,400,400,0,0.0
margin_vs_heatmap,0.5,5,dense,400,400,0,0.0
margin_vs_heatmap,0.5,6,dense,400,400,0,0.0
margin_vs_heatmap,0.5,7,dense,400,400,0,0.0
margin_vs_heatmap,0.5,8,dense,400,400,0,0.0
margin_vs_heatmap,0.5,9,dense,400,400,0,0.0
margin_vs_heatmap,0.5,10,dense,400,400,0,0.0
margin_vs_heatmap,0.5,11,dense,400,400,0,0.0
margin_vs_heatmap,0.5520447568369061,12,dense,400,400,0,0.0
margin_vs_heatmap,0.5520447568369061,13,dense,400,400,0,0.0
margin_vs_heatmap,0.5520447568369061,14,dense,400,400,0,0.0
margin_vs_heatmap,0.5520447568369061,15,dense,400,400,0,0.0
margin_vs_heatmap,0.5520447568369061,16,dense,400,400,0,0.0
margin_vs_heatmap,0.5520447568369061,17,dense,400,400,0,0.0
margin_vs_heatmap,0.5520447568369061,18,dense,400,400,0,0.0
margin_vs_heatmap,0.5520447568369061,19,dense,400,400,0,0.0
margin_vs_heatmap,0.6095068271022377,20,dense,400,400,0,0.0
margin_vs_heatmap,0.6095068271022377,21,dense,400,400,0,0.0
margin_vs_heatmap,0.6095068271022377,22,dense,400,400,0,0.0
margin_vs_heatmap,0.6095068271022377,23,dense,400,400,0,0.0
margin_vs_heatmap,0.6095068271022377,24,dense,400,400,0,0.0
margin_vs_heatmap,0.6095068271022377,25,dense,400,400,0,0.0
margin_vs_heatmap,0.6095068271022377,26,dense,400,400,0,0.0
margin_vs_heatmap,0.6095068271022377,27,dense,400,400,0,0.0
margin_vs_heatmap,0.6729500963161781,28,dense,400,400,0,0.0
margin_vs_heatmap,0.6729500963161781,29,dense,400,400,0,0.0
margin_vs_heatmap,0.6729500963161781,30,dense,400,400,0,0.0
margin_vs_heatmap,0.6729500963161781,31,dense,400,209,191,0.4775
margin_vs_heatmap,0.6729500963161781,32,dense,400,338,62,0.155
margin_vs_heatmap,0.6729500963161781,33,dense,400,400,0,0.0
margin_vs_heatmap,0.6729500963161781,34,dense,400,400,0,0.0
margin_vs_heatmap,0.6729500963161781,35,dense,400,400,0,0.0
margin_vs_heatmap,0.7429971445684742,36,dense,400,345,55,0.1375
margin_vs_heatmap,0.7429971445684742,37,dense,400,0,400,1.0
margin_vs_heatmap,0.7429971445684742,38,dense,400,106,294,0.735
margin_vs_heatmap,0.7429971445684742,39,dense,400,400,0,0.0
margin_vs_heatmap,0.7429971445684742,40,dense,400,400,0,0.0
margin_vs_heatmap,0.7429971445684742,41,dense,400,109,291,0.7275
margin_vs_heatmap,0.7429971445684742,42,dense,400,103,297,0.7425
margin_vs_heatmap,0.7429971445684742,43,dense,400,0,400,1.0
margin_vs_heatmap,0.820335356007638,44,dense,400,0,400,1.0
margin_vs_heatmap,0.820335356007638,45,dense,400,0,400,1.0
margin_vs_heatmap,0.820335356007638,46,dense,400,0,400,1.0
margin_vs_heatmap,0.820335356007638,47,dense,400,0,400,1.0
margin_vs_heatmap,0.820335356007638,48,dense,400,0,400,1.0
margin_vs_heatmap,0.820335356007638,49,dense,400,0,400,1.0
margin_vs_heatmap,0.820335356007638,50,dense,400,26,374,0.935
margin_vs_heatmap,0.820335356007638,51,dense,400,0,400,1.0
margin_vs_heatmap,0.9057236642639066,52,dense,400,0,400,1.0
margin_vs_heatmap,0.9057236642639066,53,dense,400,0,400,1.0
margin_vs_heatmap,0.9057236642639066,54,dense,400,0,400,1.0
margin_vs_heatmap,0.9057236642639066,55,dense,400,0,400,1.0
margin_vs_heatmap,0.9057236642639066,56,dense,400,0,400,1.0
margin_vs_heatmap,0.9057236642639066,57,dense,400,0,400,1.0
margin_vs_heatmap,0.9057236642639066,58,dense,400,0,400,1.0
margin_vs_heatmap,0.9057236642639066,59,dense,400,0,400,1.0
margin_vs_heatmap,1.0,60,dense,400,0,400,1.0
margin_vs_heatmap,1.0,61,dense,400,0,400,1.0
margin_vs_heatmap,1.0,62,dense,400,0,400,1.0
margin_vs_heatmap,1.0,63,dense,400,0,400,1.0
margin_vs_heatmap,1.0,64,dense,400,0,400,1.0
margin_vs_heatmap,1.0,65,dense,400,0,400,1.0
margin_vs_heatmap,1.0,66,dense,400,0,400,1.0
margin_vs_heatmap,1.0,67,dense,400,0,400,1.0
margin_vs_heatmap,0.7807091821557101,68,insert,400,0,400,1.0
margin_vs_heatmap,0.7807091821557101,69,insert,400,0,400,1.0
margin_vs_heatmap,0.7807091821557101,70,insert,400,0,400,1.0
margin_vs_heatmap,0.7807091821557101,71,insert,400,0,400,1.0
margin_vs_heatmap,0.761619782489978,72,insert,400,0,400,1.0
margin_vs_heatmap,0.761619782489978,73,insert,400,111,289,0.7225
margin_vs_heatmap,0.761619782489978,74,insert,400,0,400,1.0
margin_vs_heatmap,0.761619782489978,75,insert,400,111,289,0.7225
margin_vs_heatmap,0.7429971445684742,76,tighten,400,400,0,0.0
margin_vs_heatmap,0.7429971445684742,77,tighten,400,0,400,1.0
margin_vs_heatmap,0.7429971445684742,78,tighten,400,0,400,1.0
margin_vs_heatmap,0.7429971445684742,79,tighten,400,0,400,1.0
margin_vs_heatmap,0.7071067811865476,80,insert,400,400,0,0.0
margin_vs_heatmap,0.7071067811865476,81,insert,400,205,195,0.4875
margin_vs_heatmap,0.7071067811865476,82,insert,400,400,0,0.0
margin_vs_heatmap,0.7071067811865476,83,insert,400,400,0,0.0
margin_vs_heatmap,0.7071067811865476,84,tighten,400,400,0,0.0
margin_vs_heatmap,0.7071067811865476,85,tighten,400,185,215,0.5375
margin_vs_heatmap,0.7071067811865476,86,tighten,400,400,0,0.0
margin_vs_heatmap,0.7071067811865476,87,tighten,400,295,105,0.2625
margin_vs_heatmap,0.761619782489978,88,tighten,400,197,203,0.5075
margin_vs_heatmap,0.761619782489978,89,tighten,400,107,293,0.7325
margin_vs_heatmap,0.761619782489978,90,tighten,400,0,400,1.0
margin_vs_heatmap,0.761619782489978,91,tighten,400,0,400,1.0
margin_vs_heatmap,0.7429971445684742,92,tighten,400,0,400,1.0
margin_vs_heatmap,0.7429971445684742,93,tighten,400,191,209,0.5225
margin_vs_heatmap,0.7429971445684742,94,tighten,400,400,0,0.0
margin_vs_heatmap,0.7429971445684742,95,tighten,400,0,400,1.0
margin_vs_heatmap,0.7248298554327145,96,insert,400,135,265,0.6625
margin_vs_heatmap,0.7248298554327145,97,insert,400,299,101,0.2525
margin_vs_heatmap,0.7248298554327145,98,insert,400,101,299,0.7475
margin_vs_heatmap,0.7248298554327145,99,insert,400,0,400,1.0
margin_vs_heatmap,0.7248298554327145,100,tighten,400,107,293,0.7325
margin_vs_heatmap,0.7248298554327145,101,tighten,400,194,206,0.515
margin_vs_heatmap,0.7248298554327145,102,tighten,400,302,98,0.245
margin_vs_heatmap,0.7248298554327145,103,tighten,400,400,0,0.0
margin_vs_heatmap,0.7248298554327145,104,tighten,400,218,182,0.455
margin_vs_heatmap,0.7248298554327145,105,tighten,400,400,0,0.0
margin_vs_heatmap,0.7248298554327145,106,tighten,400,400,0,0.0
margin_vs_heatmap,0.7248298554327145,107,tighten,400,0,400,1.0
margin_vs_heatmap,0.7071067811865476,108,tighten,400,400,0,0.0
margin_vs_heatmap,0.7071067811865476,109,tighten,400,399,1,0.0025
margin_vs_heatmap,0.7071067811865476,110,tighten,400,227,173,0.4325
margin_vs_heatmap,0.7071067811865476,111,tighten,400,400,0,0.0
margin_vs_heatmap,0.7248298554327145,112,tighten,400,400,0,0.0
margin_vs_heatmap,0.7248298554327145,113,tighten,400,400,0,0.0
margin_vs_heatmap,0.7248298554327145,114,tighten,400,205,195,0.4875
margin_vs_heatmap,0.7248298554327145,115,tighten,400,400,0,0.0
margin_vs_heatmap,0.761619782489978,116,tighten,400,0,400,1.0
margin_vs_heatmap,0.761619782489978,117,tighten,400,0,400,1.0
margin_vs_heatmap,0.761619782489978,118,tighten,400,0,400,1.0
margin_vs_heatmap,0.761619782489978,119,tighten,400,0,400,1.0
margin_vs_heatmap,0.7429971445684742,120,tighten,400,26,374,0.935
margin_vs_heatmap,0.7429971445684742,121,tighten,400,0,400,1.0
margin_vs_heatmap,0.7429971445684742,122,tighten,400,0,400,1.0
margin_vs_heatmap,0.7429971445684742,123,tighten,400,112,288,0.72
margin_vs_heatmap,0.7248298554327145,124,tighten,400,400,0,0.0
margin_vs_heatmap,0.7248298554327145,125,tighten,400,350,50,0.125
margin_vs_heatmap,0.7248298554327145,126,tighten,400,97,303,0.7575
margin_vs_heatmap,0.7248298554327145,127,tighten,400,400,0,0.0
margin_vs_heatmap,0.6729500963161781,128,tighten,400,400,0,0.0
margin_vs_heatmap,0.6729500963161781,129,tighten,400,200,200,0.5
margin_vs_heatmap,0.6729500963161781,130,tighten,400,400,0,0.0
margin_vs_heatmap,0.6729500963161781,131,tighten,400,400,0,0.0
margin_vs_heatmap,0.7071067811865476,132,tighten,400,400,0,0.0
margin_vs_heatmap,0.7071067811865476,133,tighten,400,204,196,0.49
margin_vs_heatmap,0.7071067811865476,134,tighten,400,307,93,0.2325
margin_vs_heatmap,0.7071067811865476,135,tighten,400,87,313,0.7825
margin_vs_heatmap,0.7429971445684742,136,tighten,400,0,400,1.0
margin_vs_heatmap,0.7429971445684742,137,tighten,400,0,400,1.0
margin_vs_heatmap,0.7429971445684742,138,tighten,400,400,0,0.0
margin_vs_heatmap,0.7429971445684742,139,tighten,400,83,317,0.7925
margin_vs_heatmap,0.7248298554327145,140,tighten,400,95,305,0.7625
margin_vs_heatmap,0.7248298554327145,141,tighten,400,111,289,0.7225
margin_vs_heatmap,0.7248298554327145,142,tighten,400,96,304,0.76
margin_vs_heatmap,0.7248298554327145,143,tighten,400,400,0,0.0
margin_vs_heatmap,0.7071067811865476,144,tighten,400,198,202,0.505
margin_vs_heatmap,0.7071067811865476,145,tighten,400,213,187,0.4675
margin_vs_heatmap,0.7071067811865476,146,tighten,400,400,0,0.0
margin_vs_heatmap,0.7071067811865476,147,tighten,400,400,0,0.0
margin_vs_heatmap,0.6729500963161781,148,tighten,400,400,0,0.0
margin_vs_heatmap,0.6729500963161781,149,tighten,400,400,0,0.0
margin_vs_heatmap,0.6729500963161781,150,tighten,400,186,214,0.535
margin_vs_heatmap,0.6729500963161781,151,tighten,400,400,0,0.0
margin_vs_heatmap,0.761619782489978,152,tighten,400,0,400,1.0
margin_vs_heatmap,0.761619782489978,153,tighten,400,0,400,1.0
margin_vs_heatmap,0.761619782489978,154,tighten,400,202,198,0.495
margin_vs_heatmap,0.761619782489978,155,tighten,400,93,307,0.7675
margin_vs_heatmap,0.7711054127039704,156,insert,400,391,9,0.0225
margin_vs_heatmap,0.7711054127039704,157,insert,400,397,3,0.0075
margin_vs_heatmap,0.7711054127039704,158,insert,400,78,322,0.805
margin_vs_heatmap,0.7711054127039704,159,insert,400,0,400,1.0
margin_vs_heatmap,0.7711054127039704,160,tighten,400,195,205,0.5125
margin_vs_heatmap,0.7711054127039704,161,tighten,400,400,0,0.0
margin_vs_heatmap,0.7711054127039704,162,tighten,400,0,400,1.0
margin_vs_heatmap,0.7711054127039704,163,tighten,400,0,400,1.0
margin_vs_heatmap,0.7758924384912885,164,insert,400,0,400,1.0
margin_vs_heatmap,0.7758924384912885,165,insert,400,0,400,1.0
margin_vs_heatmap,0.7758924384912885,166,insert,400,0,400,1.0
margin_vs_heatmap,0.7758924384912885,167,insert,400,0,400,1.0
margin_vs_heatmap,0.773495222348991,168,insert,400,0,400,1.0
margin_vs_heatmap,0.773495222348991,169,insert,400,97,303,0.7575
margin_vs_heatmap,0.773495222348991,170,insert,400,107,293,0.7325
margin_vs_heatmap,0.773495222348991,171,insert,400,107,293,0.7325
margin_vs_heatmap,0.7711054127039704,172,tighten,400,0,400,1.0
margin_vs_heatmap,0.7711054127039704,173,tighten,400,265,135,0.3375
margin_vs_heatmap,0.7711054127039704,174,tighten,400,100,300,0.75
margin_vs_heatmap,0.7711054127039704,175,tighten,400,0,400,1.0
margin_vs_heatmap,0.773495222348991,176,tighten,400,400,0,0.0
margin_vs_heatmap,0.773495222348991,177,tighten,400,183,217,0.5425
margin_vs_heatmap,0.773495222348991,178,tighten,400,0,400,1.0
margin_vs_heatmap,0.773495222348991,179,tighten,400,0,400,1.0
margin_vs_heatmap,0.773495222348991,180,tighten,400,0,400,1.0
margin_vs_heatmap,0.773495222348991,181,tighten,400,0,400,1.0
margin_vs_heatmap,0.773495222348991,182,tighten,400,0,400,1.0
margin_vs_heatmap,0.773495222348991,183,tighten,400,186,214,0.535
margin_vs_heatmap,0.7711054127039704,184,tighten,400,237,163,0.4075
margin_vs_heatmap,0.7711054127039704,185,tighten,400,0,400,1.0
margin_vs_heatmap,0.7711054127039704,186,tighten,400,92,308,0.77
margin_vs_heatmap,0.7711054127039704,187,tighten,400,0,400,1.0
margin_vs_heatmap,0.7746929031750065,188,insert,400,0,400,1.0
margin_vs_heatmap,0.7746929031750065,189,insert,400,0,400,1.0
margin_vs_heatmap,0.7746929031750065,190,insert,400,0,400,1.0
margin_vs_heatmap,0.7746929031750065,191,insert,400,148,252,0.63
margin_vs_heatmap,0.7746929031750065,192,tighten,400,0,400,1.0
margin_vs_heatmap,0.7746929031750065,193,tighten,400,119,281,0.7025
margin_vs_heatmap,0.7746929031750065,194,tighten,400,106,294,0.735
margin_vs_heatmap,0.7746929031750065,195,tighten,400,184,216,0.54
margin_vs_heatmap,0.7746929031750065,196,tighten,400,88,312,0.78
margin_vs_heatmap,0.7746929031750065,197,tighten,400,0,400,1.0
margin_vs_heatmap,0.7746929031750065,198,tighten,400,0,400,1.0
margin_vs_heatmap,0.7746929031750065,199,tighten,400,101,299,0.7475
margin_vs_heatmap,0.7752924388424999,200,insert,400,97,303,0.7575
margin_vs_heatmap,0.7752924388424999,201,insert,400,0,400,1.0
margin_vs_heatmap,0.7752924388424999,202,insert,400,23,377,0.9425
margin_vs_heatmap,0.7752924388424999,203,insert,400,106,294,0.735
margin_vs_heatmap,0.7752924388424999,204,tighten,400,79,321,0.8025
margin_vs_heatmap,0.7752924388424999,205,tighten,400,0,400,1.0
margin_vs_heatmap,0.7752924388424999,206,tighten,400,0,400,1.0
margin_vs_heatmap,0.7752924388424999,207,tighten,400,89,311,0.7775
margin_vs_heatmap,0.773495222348991,208,tighten,400,98,302,0.755
margin_vs_heatmap,0.773495222348991,209,tighten,400,195,205,0.5125
margin_vs_heatmap,0.773495222348991,210,tighten,400,97,303,0.7575
margin_vs_heatmap,0.773495222348991,211,tighten,400,80,320,0.8
margin_vs_heatmap,0.7711054127039704,212,tighten,400,0,400,1.0
margin_vs_heatmap,0.7711054127039704,213,tighten,400,107,293,0.7325
margin_vs_heatmap,0.7711054127039704,214,tighten,400,0,400,1.0
margin_vs_heatmap,0.7711054127039704,215,tighten,400,0,400,1.0
margin_vs_heatmap,0.7755923806467966,216,insert,400,400,0,0.0
margin_vs_heatmap,0.7755923806467966,217,insert,400,0,400,1.0
margin_vs_heatmap,0.7755923806467966,218,insert,400,93,307,0.7675
margin_vs_heatmap,0.7755923806467966,219,insert,400,102,298,0.745
margin_vs_heatmap,0.7755923806467966,220,tighten,400,400,0,0.0
margin_vs_heatmap,0.7755923806467966,221,tighten,400,0,400,1.0
margin_vs_heatmap,0.7755923806467966,222,tighten,400,103,297,0.7425
margin_vs_heatmap,0.7755923806467966,223,tighten,400,0,400,1.0
margin_vs_heatmap,0.7755923806467966,224,tighten,400,102,298,0.745
margin_vs_heatmap,0.7755923806467966,225,tighten,400,0,400,1.0
margin_vs_heatmap,0.7755923806467966,226,tighten,400,22,378,0.945
margin_vs_heatmap,0.7755923806467966,227,tighten,400,0,400,1.0
margin_vs_heatmap,0.7755923806467966,228,tighten,400,0,400,1.0
margin_vs_heatmap,0.7755923806467966,229,tighten,400,73,327,0.8175
margin_vs_heatmap,0.7755923806467966,230,tighten,400,0,400,1.0
margin_vs_heatmap,0.7755923806467966,231,tighten,400,305,95,0.2375
margin_vs_heatmap,0.7757423950612128,232,insert,400,0,400,1.0
margin_vs_heatmap,0.7757423950612128,233,insert,400,221,179,0.4475
margin_vs_heatmap,0.7757423950612128,234,insert,400,0,400,1.0
margin_vs_heatmap,0.7757423950612128,235,insert,400,0,400,1.0
margin_vs_heatmap,0.7757423950612128,236,tighten,400,101,299,0.7475
margin_vs_heatmap,0.7757423950612128,237,tighten,400,0,400,1.0
margin_vs_heatmap,0.7757423950612128,238,tighten,400,85,315,0.7875
margin_vs_heatmap,0.7757423950612128,239,tighten,400,0,400,1.0
margin_vs_heatmap,0.7757423950612128,240,tighten,400,0,400,1.0
margin_vs_heatmap,0.7757423950612128,241,tighten,400,0,400,1.0
margin_vs_heatmap,0.7757423950612128,242,tighten,400,0,400,1.0
margin_vs_heatmap,0.7757423950612128,243,tighten,400,0,400,1.0
margin_vs_heatmap,0.7755923806467966,244,tighten,400,0,400,1.0
margin_vs_heatmap,0.7755923806467966,245,tighten,400,84,316,0.79
margin_vs_heatmap,0.7755923806467966,246,tighten,400,0,400,1.0
margin_vs_heatmap,0.7755923806467966,247,tighten,400,90,310,0.775
margin_vs_heatmap,0.7752924388424999,248,tighten,400,0,400,1.0
margin_vs_heatmap,0.7752924388424999,249,tighten,400,15,385,0.9625
margin_vs_heatmap,0.7752924388424999,250,tighten,400,0,400,1.0
margin_vs_heatmap,0.7752924388424999,251,tighten,400,0,400,1.0
margin_vs_heatmap,0.7711054127039704,252,tighten,400,0,400,1.0
margin_vs_heatmap,0.7711054127039704,253,tighten,400,173,227,0.5675
margin_vs_heatmap,0.7711054127039704,254,tighten,400,0,400,1.0
margin_vs_heatmap,0.7711054127039704,255,tighten,400,93,307,0.7675
margin_vs_heatmap,0.773495222348991,256,tighten,400,0,400,1.0
margin_vs_heatmap,0.773495222348991,257,tighten,400,0,400,1.0
margin_vs_heatmap,0.773495222348991,258,tighten,400,204,196,0.49
margin_vs_heatmap,0.773495222348991,259,tighten,400,0,400,1.0
margin_vs_heatmap,0.7746929031750065,260,tighten,400,109,291,0.7275
margin_vs_heatmap,0.7746929031750065,261,tighten,400,0,400,1.0
margin_vs_heatmap,0.7746929031750065,262,tighten,400,22,378,0.945
margin_vs_heatmap,0.7746929031750065,263,tighten,400,123,277,0.6925
margin_vs_heatmap,0.7755923806467966,264,tighten,400,201,199,0.4975
margin_vs_heatmap,0.7755923806467966,265,tighten,400,105,295,0.7375
margin_vs_heatmap,0.7755923806467966,266,tighten,400,99,301,0.7525
margin_vs_heatmap,0.7755923806467966,267,tighten,400,0,400,1.0
margin_vs_heatmap,0.7758924384912885,268,tighten,400,209,191,0.4775
margin_vs_heatmap,0.7758924384912885,269,tighten,400,126,274,0.685
margin_vs_heatmap,0.7758924384912885,270,tighten,400,97,303,0.7575
margin_vs_heatmap,0.7758924384912885,271,tighten,400,0,400,1.0
margin_vs_heatmap,0.7758924384912885,272,tighten,400,91,309,0.7725
margin_vs_heatmap,0.7758924384912885,273,tighten,400,0,400,1.0
margin_vs_heatmap,0.7758924384912885,274,tighten,400,0,400,1.0
margin_vs_heatmap,0.7758924384912885,275,tighten,400,0,400,1.0
margin_vs_heatmap,0.7807091821557101,276,tighten,400,0,400,1.0
margin_vs_heatmap,0.7807091821557101,277,tighten,400,0,400,1.0
margin_vs_heatmap,0.7807091821557101,278,tighten,400,0,400,1.0
margin_vs_heatmap,0.7807091821557101,279,tighten,400,0,400,1.0
margin_vs_heatmap,0.7757423950612128,280,tighten,400,119,281,0.7025
margin_vs_heatmap,0.7757423950612128,281,tighten,400,0,400,1.0
margin_vs_heatmap,0.7757423950612128,282,tighten,400,76,324,0.81
margin_vs_heatmap,0.7757423950612128,283,tighten,400,0,400,1.0
margin_vs_heatmap,0.7758924384912885,284,tighten,400,0,400,1.0
margin_vs_heatmap,0.7758924384912885,285,tighten,400,29,371,0.9275
margin_vs_heatmap,0.7758924384912885,286,tighten,400,59,341,0.8525
margin_vs_heatmap,0.7758924384912885,287,tighten,400,105,295,0.7375
margin_vs_heatmap,0.761619782489978,288,tighten,400,400,0,0.0
margin_vs_heatmap,0.761619782489978,289,tighten,400,248,152,0.38
margin_vs_heatmap,0.761619782489978,290,tighten,400,130,270,0.675
margin_vs_heatmap,0.761619782489978,291,tighten,400,190,210,0.525
margin_vs_heatmap,0.7429971445684742,292,tighten,400,49,351,0.8775
margin_vs_heatmap,0.7429971445684742,293,tighten,400,105,295,0.7375
margin_vs_heatmap,0.7429971445684742,294,tighten,400,0,400,1.0
margin_vs_heatmap,0.7429971445684742,295,tighten,400,211,189,0.4725
margin_vs_heatmap,0.7752924388424999,296,tighten,400,0,400,1.0
margin_vs_heatmap,0.7752924388424999,297,tighten,400,0,400,1.0
margin_vs_heatmap,0.7752924388424999,298,tighten,400,103,297,0.7425
margin_vs_heatmap,0.7752924388424999,299,tighten,400,0,400,1.0
margin_vs_heatmap,0.761619782489978,300,tighten,400,33,367,0.9175
margin_vs_heatmap,0.761619782489978,301,tighten,400,131,269,0.6725
margin_vs_heatmap,0.761619782489978,302,tighten,400,112,288,0.72
margin_vs_heatmap,0.761619782489978,303,tighten,400,113,287,0.7175
margin_vs_heatmap,0.7248298554327145,304,tighten,400,0,400,1.0
margin_vs_heatmap,0.7248298554327145,305,tighten,400,400,0,0.0
margin_vs_heatmap,0.7248298554327145,306,tighten,400,400,0,0.0
margin_vs_heatmap,0.7248298554327145,307,tighten,400,400,0,0.0
margin_vs_heatmap,0.7338572837306221,308,insert,400,327,73,0.1825
margin_vs_heatmap,0.7338572837306221,309,insert,400,207,193,0.4825
margin_vs_heatmap,0.7338572837306221,310,insert,400,106,294,0.735
margin_vs_heatmap,0.7338572837306221,311,insert,400,400,0,0.0
margin_vs_heatmap,0.7338572837306221,312,tighten,400,309,91,0.2275
margin_vs_heatmap,0.7338572837306221,313,tighten,400,37,363,0.9075
margin_vs_heatmap,0.7338572837306221,314,tighten,400,400,0,0.0
margin_vs_heatmap,0.7338572837306221,315,tighten,400,396,4,0.01
margin_vs_heatmap,0.7338572837306221,316,tighten,400,0,400,1.0
margin_vs_heatmap,0.7338572837306221,317,tighten,400,206,194,0.485
margin_vs_heatmap,0.7338572837306221,318,tighten,400,400,0,0.0
margin_vs_heatmap,0.7338572837306221,319,tighten,400,400,0,0.0
margin_vs_heatmap,0.7338572837306221,320,tighten,400,192,208,0.52
margin_vs_heatmap,0.7338572837306221,321,tighten,400,92,308,0.77
margin_vs_heatmap,0.7338572837306221,322,tighten,400,400,0,0.0
margin_vs_heatmap,0.7338572837306221,323,tighten,400,400,0,0.0
margin_vs_heatmap,0.7338572837306221,324,tighten,400,195,205,0.5125
margin_vs_heatmap,0.7338572837306221,325,tighten,400,400,0,0.0
margin_vs_heatmap,0.7338572837306221,326,tighten,400,400,0,0.0
margin_vs_heatmap,0.7338572837306221,327,tighten,400,399,1,0.0025
margin_vs_heatmap,0.7384130729697497,328,insert,400,113,287,0.7175
margin_vs_heatmap,0.7384130729697497,329,insert,400,210,190,0.475
margin_vs_heatmap,0.7384130729697497,330,insert,400,101,299,0.7475
margin_vs_heatmap,0.7384130729697497,331,insert,400,113,287,0.7175
margin_vs_heatmap,0.7384130729697497,332,insert,400,0,400,1.0
margin_vs_heatmap,0.7384130729697497,333,tighten,400,0,400,1.0
margin_vs_heatmap,0.7384130729697497,334,tighten,400,97,303,0.7575
margin_vs_heatmap,0.7384130729697497,335,tighten,400,400,0,0.0
margin_vs_heatmap,0.7384130729697497,336,tighten,400,222,178,0.445
margin_vs_heatmap,0.7384130729697497,337,tighten,400,400,0,0.0
margin_vs_heatmap,0.7384130729697497,338,tighten,400,0,400,1.0
margin_vs_heatmap,0.7384130729697497,339,tighten,400,109,291,0.7275
margin_vs_heatmap,0.7384130729697497,340,tighten,400,0,400,1.0
margin_vs_heatmap,0.7384130729697497,341,tighten,400,100,300,0.75
margin_vs_heatmap,0.7384130729697497,342,tighten,400,400,0,0.0
margin_vs_heatmap,0.7384130729697497,343,tighten,400,291,109,0.2725
margin_vs_heatmap,0.7384130729697497,344,tighten,400,218,182,0.455
margin_vs_heatmap,0.7384130729697497,345,tighten,400,101,299,0.7475
margin_vs_heatmap,0.7384130729697497,346,tighten,400,110,290,0.725
margin_vs_heatmap,0.7384130729697497,347,tighten,400,113,287,0.7175
margin_vs_heatmap,0.7384130729697497,348,tighten,400,125,275,0.6875
margin_vs_heatmap,0.7338572837306221,349,tighten,400,107,293,0.7325
margin_vs_heatmap,0.7338572837306221,350,tighten,400,400,0,0.0
margin_vs_heatmap,0.7338572837306221,351,tighten,400,211,189,0.4725
margin_vs_heatmap,0.7338572837306221,352,tighten,400,0,400,1.0
margin_vs_heatmap,0.7384130729697497,353,tighten,400,196,204,0.51
margin_vs_heatmap,0.7384130729697497,354,tighten,400,145,255,0.6375
margin_vs_heatmap,0.7384130729697497,355,tighten,400,114,286,0.715
margin_vs_heatmap,0.7384130729697497,356,tighten,400,400,0,0.0
margin_vs_heatmap,0.7338572837306221,357,tighten,400,400,0,0.0
margin_vs_heatmap,0.7338572837306221,358,tighten,400,83,317,0.7925
margin_vs_heatmap,0.7338572837306221,359,tighten,400,0,400,1.0
margin_vs_heatmap,0.7338572837306221,360,tighten,400,400,0,0.0
margin_vs_heatmap,0.6729500963161781,361,tighten,400,400,0,0.0
margin_vs_heatmap,0.6729500963161781,362,tighten,400,400,0,0.0
margin_vs_heatmap,0.6729500963161781,363,tighten,400,400,0,0.0
margin_vs_heatmap,0.6729500963161781,364,tighten,400,167,233,0.5825
margin_vs_heatmap,0.7071067811865476,365,tighten,400,400,0,0.0
margin_vs_heatmap,0.7071067811865476,366,tighten,400,196,204,0.51
margin_vs_heatmap,0.7071067811865476,367,tighten,400,0,400,1.0
margin_vs_heatmap,0.7071067811865476,368,tighten,400,252,148,0.37
margin_vs_heatmap,0.773495222348991,369,tighten,400,0,400,1.0
margin_vs_heatmap,0.773495222348991,370,tighten,400,114,286,0.715
margin_vs_heatmap,0.773495222348991,371,tighten,400,0,400,1.0
margin_vs_heatmap,0.773495222348991,372,tighten,400,61,339,0.8475
margin_vs_heatmap,0.7711054127039704,373,tighten,400,0,400,1.0
margin_vs_heatmap,0.7711054127039704,374,tighten,400,0,400,1.0
margin_vs_heatmap,0.7711054127039704,375,tighten,400,125,275,0.6875
margin_vs_heatmap,0.7711054127039704,376,tighten,400,0,400,1.0
margin_vs_heatmap,0.7384130729697497,377,tighten,400,0,400,1.0
margin_vs_heatmap,0.7384130729697497,378,tighten,400,203,197,0.4925
margin_vs_heatmap,0.7384130729697497,379,tighten,400,0,400,1.0
margin_vs_heatmap,0.7384130729697497,380,tighten,400,400,0,0.0
margin_vs_heatmap,0.7338572837306221,381,tighten,400,0,400,1.0
margin_vs_heatmap,0.7338572837306221,382,tighten,400,0,400,1.0
margin_vs_heatmap,0.7338572837306221,383,tighten,400,296,104,0.26
margin_vs_heatmap,0.7338572837306221,384,tighten,400,20,380,0.95
margin_vs_heatmap,0.7248298554327145,385,tighten,400,400,0,0.0
margin_vs_heatmap,0.7248298554327145,386,tighten,400,178,222,0.555
margin_vs_heatmap,0.7248298554327145,387,tighten,400,400,0,0.0
margin_vs_heatmap,0.7248298554327145,388,tighten,400,30,370,0.925
margin_vs_heatmap,0.7429971445684742,389,tighten,400,400,0,0.0
margin_vs_heatmap,0.7429971445684742,390,tighten,400,0,400,1.0
margin_vs_heatmap,0.7429971445684742,391,tighten,400,0,400,1.0
margin_vs_heatmap,0.7429971445684742,392,tighten,400,102,298,0.745
margin_vs_heatmap,0.7071067811865476,393,tighten,400,400,0,0.0
margin_vs_heatmap,0.7071067811865476,394,tighten,400,192,208,0.52
margin_vs_heatmap,0.7071067811865476,395,tighten,400,128,272,0.68
margin_vs_heatmap,0.7071067811865476,396,tighten,400,400,0,0.0
margin_vs_heatmap,0.6729500963161781,397,tighten,400,400,0,0.0
margin_vs_heatmap,0.6729500963161781,398,tighten,400,400,0,0.0
margin_vs_heatmap,0.6729500963161781,399,tighten,400,195,205,0.5125
margin_vs_heatmap,0.6729500963161781,400,tighten,400,400,0,0.0
margin_vs_heatmap,0.761619782489978,401,tighten,400,212,188,0.47
margin_vs_heatmap,0.761619782489978,402,tighten,400,0,400,1.0
margin_vs_heatmap,0.761619782489978,403,tighten,400,133,267,0.6675
margin_vs_heatmap,0.761619782489978,404,tighten,400,106,294,0.735
margin_vs_heatmap,0.7758924384912885,405,tighten,400,0,400,1.0
margin_vs_heatmap,0.7758924384912885,406,tighten,400,0,400,1.0
margin_vs_heatmap,0.7758924384912885,407,tighten,400,0,400,1.0
margin_vs_heatmap,0.7758924384912885,408,tighten,400,45,355,0.8875
margin_vs_heatmap,0.7338572837306221,409,tighten,400,0,400,1.0
margin_vs_heatmap,0.7338572837306221,410,tighten,400,279,121,0.3025
margin_vs_heatmap,0.7338572837306221,411,tighten,400,0,400,1.0
margin_vs_heatmap,0.7338572837306221,412,tighten,400,127,273,0.6825
margin_vs_heatmap,0.7384130729697497,413,tighten,400,130,270,0.675
margin_vs_heatmap,0.7384130729697497,414,tighten,400,229,171,0.4275
margin_vs_heatmap,0.7384130729697497,415,tighten,400,400,0,0.0
margin_vs_heatmap,0.7384130729697497,416,tighten,400,37,363,0.9075
margin_vs_heatmap,0.7711054127039704,417,tighten,400,0,400,1.0
margin_vs_heatmap,0.7711054127039704,418,tighten,400,325,75,0.1875
margin_vs_heatmap,0.7711054127039704,419,tighten,400,0,400,1.0
margin_vs_heatmap,0.7711054127039704,420,tighten,400,0,400,1.0
margin_vs_heatmap,0.7429971445684742,421,tighten,400,0,400,1.0
margin_vs_heatmap,0.7429971445684742,422,tighten,400,102,298,0.745
margin_vs_heatmap,0.7429971445684742,423,tighten,400,0,400,1.0
margin_vs_heatmap,0.7429971445684742,424,tighten,400,298,102,0.255
margin_vs_heatmap,0.773495222348991,425,tighten,400,89,311,0.7775
margin_vs_heatmap,0.773495222348991,426,tighten,400,0,400,1.0
margin_vs_heatmap,0.773495222348991,427,tighten,400,0,400,1.0
margin_vs_heatmap,0.773495222348991,428,tighten,400,400,0,0.0
margin_vs_heatmap,0.7248298554327145,429,tighten,400,86,314,0.785
margin_vs_heatmap,0.7248298554327145,430,tighten,400,0,400,1.0
margin_vs_heatmap,0.7248298554327145,431,tighten,400,297,103,0.2575
margin_vs_heatmap,0.7248298554327145,432,tighten,400,400,0,0.0
margin_vs_heatmap,0.7071067811865476,433,tighten,400,400,0,0.0
margin_vs_heatmap,0.7071067811865476,434,tighten,400,365,35,0.0875
margin_vs_heatmap,0.7071067811865476,435,tighten,400,270,130,0.325
margin_vs_heatmap,0.7071067811865476,436,tighten,400,194,206,0.515
margin_vs_heatmap,0.6095068271022377,437,tighten,400,400,0,0.0
margin_vs_heatmap,0.6095068271022377,438,tighten,400,400,0,0.0
margin_vs_heatmap,0.6095068271022377,439,tighten,400,400,0,0.0
margin_vs_heatmap,0.6095068271022377,440,tighten,400,400,0,0.0
margin_vs_heatmap,0.7338572837306221,441,tighten,400,114,286,0.715
margin_vs_heatmap,0.7338572837306221,442,tighten,400,296,104,0.26
margin_vs_heatmap,0.7338572837306221,443,tighten,400,89,311,0.7775
margin_vs_heatmap,0.7338572837306221,444,tighten,400,400,0,0.0
margin_vs_heatmap,0.773495222348991,445,tighten,400,0,400,1.0
margin_vs_heatmap,0.773495222348991,446,tighten,400,24,376,0.94
margin_vs_heatmap,0.773495222348991,447,tighten,400,0,400,1.0
margin_vs_heatmap,0.773495222348991,448,tighten,400,94,306,0.765
margin_vs_heatmap,0.6729500963161781,449,tighten,400,400,0,0.0
margin_vs_heatmap,0.6729500963161781,450,tighten,400,400,0,0.0
margin_vs_heatmap,0.6729500963161781,451,tighten,400,400,0,0.0
margin_vs_heatmap,0.6729500963161781,452,tighten,400,400,0,0.0
margin_vs_heatmap,0.7384130729697497,453,tighten,400,0,400,1.0
margin_vs_heatmap,0.7384130729697497,454,tighten,400,212,188,0.47
margin_vs_heatmap,0.7384130729697497,455,tighten,400,198,202,0.505
margin_vs_heatmap,0.7384130729697497,456,tighten,400,99,301,0.7525
margin_vs_heatmap,0.7711054127039704,457,tighten,400,113,287,0.7175
margin_vs_heatmap,0.7711054127039704,458,tighten,400,105,295,0.7375
margin_vs_heatmap,0.7711054127039704,459,tighten,400,0,400,1.0
margin_vs_heatmap,0.7711054127039704,460,tighten,400,0,400,1.0
margin_vs_heatmap,0.7248298554327145,461,tighten,400,212,188,0.47
margin_vs_heatmap,0.7248298554327145,462,tighten,400,400,0,0.0
margin_vs_heatmap,0.7248298554327145,463,tighten,400,400,0,0.0
margin_vs_heatmap,0.7248298554327145,464,tighten,400,118,282,0.705
margin_vs_heatmap,0.761619782489978,465,tighten,400,105,295,0.7375
margin_vs_heatmap,0.761619782489978,466,tighten,400,0,400,1.0
margin_vs_heatmap,0.761619782489978,467,tighten,400,92,308,0.77
margin_vs_heatmap,0.761619782489978,468,tighten,400,0,400,1.0
margin_vs_heatmap,0.7429971445684742,469,tighten,400,108,292,0.73
margin_vs_heatmap,0.7429971445684742,470,tighten,400,95,305,0.7625
margin_vs_heatmap,0.7429971445684742,471,tighten,400,400,0,0.0
margin_vs_heatmap,0.7429971445684742,472,tighten,400,88,312,0.78
margin_vs_heatmap,0.7071067811865476,473,tighten,400,183,217,0.5425
margin_vs_heatmap,0.7071067811865476,474,tighten,400,194,206,0.515
margin_vs_heatmap,0.7071067811865476,475,tighten,400,400,0,0.0
margin_vs_heatmap,0.7071067811865476,476,tighten,400,400,0,0.0
margin_vs_heatmap,0.7338572837306221,477,tighten,400,210,190,0.475
margin_vs_heatmap,0.7338572837306221,478,tighten,400,394,6,0.015
margin_vs_heatmap,0.7338572837306221,479,tighten,400,45,355,0.8875
margin_vs_heatmap,0.7338572837306221,480,tighten,400,109,291,0.7275
margin_vs_heatmap,0.7758924384912885,481,tighten,400,214,186,0.465
margin_vs_heatmap,0.7758924384912885,482,tighten,400,91,309,0.7725
margin_vs_heatmap,0.7758924384912885,483,tighten,400,212,188,0.47
margin_vs_heatmap,0.7758924384912885,484,tighten,400,0,400,1.0
margin_vs_heatmap,0.7807091821557101,485,tighten,400,0,400,1.0
margin_vs_heatmap,0.7807091821557101,486,tighten,400,0,400,1.0
margin_vs_heatmap,0.7807091821557101,487,tighten,400,54,346,0.865
margin_vs_heatmap,0.7807091821557101,488,tighten,400,0,400,1.0
margin_vs_heatmap,0.7248298554327145,489,tighten,400,84,316,0.79
margin_vs_heatmap,0.7248298554327145,490,tighten,400,111,289,0.7225
margin_vs_heatmap,0.7248298554327145,491,tighten,400,400,0,0.0
margin_vs_heatmap,0.7248298554327145,492,tighten,400,102,298,0.745
margin_vs_heatmap,0.7384130729697497,493,tighten,400,194,206,0.515
margin_vs_heatmap,0.7384130729697497,494,tighten,400,400,0,0.0
margin_vs_heatmap,0.7384130729697497,495,tighten,400,0,400,1.0
margin_vs_heatmap,0.7384130729697497,496,tighten,400,101,299,0.7475
margin_vs_heatmap,0.7429971445684742,497,tighten,400,400,0,0.0
margin_vs_heatmap,0.7429971445684742,498,tighten,400,122,278,0.695
margin_vs_heatmap,0.7429971445684742,499,tighten,400,102,298,0.745
margin_vs_heatmap,0.7429971445684742,500,tighten,400,400,0,0.0
margin_vs_heatmap,0.773495222348991,501,tighten,400,0,400,1.0
margin_vs_heatmap,0.773495222348991,502,tighten,400,92,308,0.77
margin_vs_heatmap,0.773495222348991,503,tighten,400,0,400,1.0
margin_vs_heatmap,0.773495222348991,504,tighten,400,0,400,1.0
margin_vs_heatmap,0.7758924384912885,505,tighten,400,0,400,1.0
margin_vs_heatmap,0.7758924384912885,506,tighten,400,0,400,1.0
margin_vs_heatmap,0.7758924384912885,507,tighten,400,0,400,1.0
margin_vs_heatmap,0.7758924384912885,508,tighten,400,0,400,1.0
margin_vs_heatmap,0.7711054127039704,509,tighten,400,0,400,1.0
margin_vs_heatmap,0.7711054127039704,510,tighten,400,153,247,0.6175
margin_vs_heatmap,0.7711054127039704,511,tighten,400,0,400,1.0
margin_vs_heatmap,0.7711054127039704,512,tighten,400,0,400,1.0
margin_vs_heatmap,0.6729500963161781,513,tighten,400,400,0,0.0
margin_vs_heatmap,0.6729500963161781,514,tighten,400,400,0,0.0
margin_vs_heatmap,0.6729500963161781,515,tighten,400,400,0,0.0
margin_vs_heatmap,0.6729500963161781,516,tighten,400,311,89,0.2225
margin_vs_heatmap,0.761619782489978,517,tighten,400,400,0,0.0
margin_vs_heatmap,0.761619782489978,518,tighten,400,0,400,1.0
margin_vs_heatmap,0.761619782489978,519,tighten,400,101,299,0.7475
margin_vs_heatmap,0.761619782489978,520,tighten,400,139,261,0.6525
margin_vs_heatmap,0.7338572837306221,521,tighten,400,125,275,0.6875
margin_vs_heatmap,0.7338572837306221,522,tighten,400,0,400,1.0
margin_vs_heatmap,0.7338572837306221,523,tighten,400,302,98,0.245
margin_vs_heatmap,0.7338572837306221,524,tighten,400,400,0,0.0
margin_vs_heatmap,0.7071067811865476,525,tighten,400,400,0,0.0
margin_vs_heatmap,0.7071067811865476,526,tighten,400,249,151,0.3775
margin_vs_heatmap,0.7071067811865476,527,tighten,400,0,400,1.0
margin_vs_heatmap,0.7071067811865476,528,tighten,400,110,290,0.725
margin_vs_heatmap,0.6898170601727025,529,insert,400,362,38,0.095
margin_vs_heatmap,0.6898170601727025,530,insert,400,216,184,0.46
margin_vs_heatmap,0.6898170601727025,531,insert,400,400,0,0.0
margin_vs_heatmap,0.6898170601727025,532,insert,400,400,0,0.0
margin_vs_heatmap,0.6898170601727025,533,tighten,400,400,0,0.0
margin_vs_heatmap,0.6898170601727025,534,tighten,400,199,201,0.5025
margin_vs_heatmap,0.6898170601727025,535,tighten,400,104,296,0.74
margin_vs_heatmap,0.6898170601727025,536,tighten,400,400,0,0.0
margin_vs_heatmap,0.6898170601727025,537,tighten,400,210,190,0.475
margin_vs_heatmap,0.6898170601727025,538,tighten,400,400,0,0.0
margin_vs_heatmap,0.6898170601727025,539,tighten,400,400,0,0.0
margin_vs_heatmap,0.6898170601727025,540,tighten,400,400,0,0.0
margin_vs_heatmap,0.6898170601727025,541,tighten,400,400,0,0.0
margin_vs_heatmap,0.6898170601727025,542,tighten,400,400,0,0.0
margin_vs_heatmap,0.6898170601727025,543,tighten,400,97,303,0.7575
margin_vs_heatmap,0.6898170601727025,544,tighten,400,400,0,0.0
margin_vs_heatmap,0.6898170601727025,545,tighten,400,400,0,0.0
margin_vs_heatmap,0.6898170601727025,546,tighten,400,400,0,0.0
margin_vs_heatmap,0.6898170601727025,547,tighten,400,400,0,0.0
margin_vs_heatmap,0.6898170601727025,548,tighten,400,400,0,0.0
margin_vs_heatmap,0.6898170601727025,549,tighten,400,400,0,0.0
margin_vs_heatmap,0.6898170601727025,550,tighten,400,30,370,0.925
margin_vs_heatmap,0.6898170601727025,551,tighten,400,308,92,0.23
margin_vs_heatmap,0.6898170601727025,552,tighten,400,309,91,0.2275
margin_vs_heatmap,0.6898170601727025,553,tighten,400,400,0,0.0
margin_vs_heatmap,0.6898170601727025,554,tighten,400,400,0,0.0
margin_vs_heatmap,0.6898170601727025,555,tighten,400,400,0,0.0
margin_vs_heatmap,0.6898170601727025,556,tighten,400,400,0,0.0
margin_vs_heatmap,0.6898170601727025,557,tighten,400,400,0,0.0
margin_vs_heatmap,0.6898170601727025,558,tighten,400,400,0,0.0
margin_vs_heatmap,0.6898170601727025,559,tighten,400,400,0,0.0
margin_vs_heatmap,0.6898170601727025,560,tighten,400,301,99,0.2475
margin_vs_heatmap,0.6898170601727025,561,tighten,400,400,0,0.0
margin_vs_heatmap,0.6898170601727025,562,tighten,400,400,0,0.0
margin_vs_heatmap,0.6898170601727025,563,tighten,400,207,193,0.4825
margin_vs_heatmap,0.6898170601727025,564,tighten,400,400,0,0.0
margin_vs_heatmap,0.7429971445684742,565,tighten,400,400,0,0.0
margin_vs_heatmap,0.7429971445684742,566,tighten,400,0,400,1.0
margin_vs_heatmap,0.7429971445684742,567,tighten,400,400,0,0.0
margin_vs_heatmap,0.7429971445684742,568,tighten,400,103,297,0.7425
margin_vs_heatmap,0.7248298554327145,569,tighten,400,107,293,0.7325
margin_vs_heatmap,0.7248298554327145,570,tighten,400,203,197,0.4925
margin_vs_heatmap,0.7248298554327145,571,tighten,400,99,301,0.7525
margin_vs_heatmap,0.7248298554327145,572,tighten,400,105,295,0.7375
margin_vs_heatmap,0.7384130729697497,573,tighten,400,101,299,0.7475
margin_vs_heatmap,0.7384130729697497,574,tighten,400,303,97,0.2425
margin_vs_heatmap,0.7384130729697497,575,tighten,400,400,0,0.0
margin_vs_heatmap,0.7384130729697497,576,tighten,400,400,0,0.0
margin_vs_heatmap,0.761619782489978,577,tighten,400,94,306,0.765
margin_vs_heatmap,0.761619782489978,578,tighten,400,0,400,1.0
margin_vs_heatmap,0.761619782489978,579,tighten,400,0,400,1.0
margin_vs_heatmap,0.761619782489978,580,tighten,400,205,195,0.4875
margin_vs_heatmap,0.7071067811865476,581,tighten,400,400,0,0.0
margin_vs_heatmap,0.7071067811865476,582,tighten,400,400,0,0.0
margin_vs_heatmap,0.7071067811865476,583,tighten,400,107,293,0.7325
margin_vs_heatmap,0.7071067811865476,584,tighten,400,380,20,0.05
margin_vs_heatmap,0.7711054127039704,585,tighten,400,116,284,0.71
margin_vs_heatmap,0.7711054127039704,586,tighten,400,0,400,1.0
margin_vs_heatmap,0.7711054127039704,587,tighten,400,94,306,0.765
margin_vs_heatmap,0.7711054127039704,588,tighten,400,105,295,0.7375
margin_vs_heatmap,0.6898170601727025,589,tighten,400,329,71,0.1775
margin_vs_heatmap,0.6898170601727025,590,tighten,400,296,104,0.26
margin_vs_heatmap,0.6898170601727025,591,tighten,400,400,0,0.0
margin_vs_heatmap,0.6898170601727025,592,tighten,400,400,0,0.0
margin_vs_heatmap,0.7429971445684742,593,tighten,400,196,204,0.51
margin_vs_heatmap,0.7429971445684742,594,tighten,400,100,300,0.75
margin_vs_heatmap,0.7429971445684742,595,tighten,400,261,139,0.3475
margin_vs_heatmap,0.7429971445684742,596,tighten,400,204,196,0.49
margin_vs_heatmap,0.773495222348991,597,tighten,400,87,313,0.7825
margin_vs_heatmap,0.773495222348991,598,tighten,400,0,400,1.0
margin_vs_heatmap,0.773495222348991,599,tighten,400,0,400,1.0
margin_vs_heatmap,0.773495222348991,600,tighten,400,0,400,1.0
margin_vs_heatmap,0.7338572837306221,601,tighten,400,100,300,0.75
margin_vs_heatmap,0.7338572837306221,602,tighten,400,107,293,0.7325
margin_vs_heatmap,0.7338572837306221,603,tighten,400,111,289,0.7225
margin_vs_heatmap,0.7338572837306221,604,tighten,400,140,260,0.65
margin_vs_heatmap,0.7384130729697497,605,tighten,400,99,301,0.7525
margin_vs_heatmap,0.7384130729697497,606,tighten,400,0,400,1.0
margin_vs_heatmap,0.7384130729697497,607,tighten,400,93,307,0.7675
margin_vs_heatmap,0.7384130729697497,608,tighten,400,0,400,1.0
margin_vs_heatmap,0.7248298554327145,609,tighten,400,193,207,0.5175
margin_vs_heatmap,0.7248298554327145,610,tighten,400,208,192,0.48
margin_vs_heatmap,0.7248298554327145,611,tighten,400,296,104,0.26
margin_vs_heatmap,0.7248298554327145,612,tighten,400,88,312,0.78
margin_vs_heatmap,0.7758924384912885,613,tighten,400,0,400,1.0
margin_vs_heatmap,0.7758924384912885,614,tighten,400,181,219,0.5475
margin_vs_heatmap,0.7758924384912885,615,tighten,400,203,197,0.4925
margin_vs_heatmap,0.7758924384912885,616,tighten,400,0,400,1.0
margin_vs_heatmap,0.7807091821557101,617,tighten,400,196,204,0.51
margin_vs_heatmap,0.7807091821557101,618,tighten,400,0,400,1.0
margin_vs_heatmap,0.7807091821557101,619,tighten,400,0,400,1.0
margin_vs_heatmap,0.7807091821557101,620,tighten,400,101,299,0.7475
margin_vs_heatmap,0.7807091821557101,621,tighten,400,99,301,0.7525
margin_vs_heatmap,0.7807091821557101,622,tighten,400,0,400,1.0
margin_vs_heatmap,0.7807091821557101,623,tighten,400,111,289,0.7225
margin_vs_heatmap,0.7807091821557101,624,tighten,400,0,400,1.0
margin_vs_heatmap,0.7807091821557101,625,tighten,400,0,400,1.0
margin_vs_heatmap,0.7807091821557101,626,tighten,400,0,400,1.0
margin_vs_heatmap,0.7807091821557101,627,tighten,400,0,400,1.0
margin_vs_heatmap,0.7807091821557101,628,tighten,400,0,400,1.0
margin_vs_heatmap,0.820335356007638,629,tighten,400,0,400,1.0
margin_vs_heatmap,0.820335356007638,630,tighten,400,0,400,1.0
margin_vs_heatmap,0.820335356007638,631,tighten,400,0,400,1.0
margin_vs_heatmap,0.820335356007638,632,tighten,400,0,400,1.0
margin_vs_heatmap,0.7807091821557101,633,tighten,400,26,374,0.935
margin_vs_heatmap,0.7807091821557101,634,tighten,400,0,400,1.0
margin_vs_heatmap,0.7807091821557101,635,tighten,400,0,400,1.0
margin_vs_heatmap,0.7807091821557101,636,tighten,400,0,400,1.0
margin_vs_heatmap,0.7071067811865476,637,tighten,400,400,0,0.0
margin_vs_heatmap,0.7071067811865476,638,tighten,400,400,0,0.0
margin_vs_heatmap,0.7071067811865476,639,tighten,400,400,0,0.0
margin_vs_heatmap,0.7071067811865476,640,tighten,400,400,0,0.0
margin_vs_heatmap,0.6729500963161781,641,tighten,400,400,0,0.0
margin_vs_heatmap,0.6729500963161781,642,tighten,400,302,98,0.245
margin_vs_heatmap,0.6729500963161781,643,tighten,400,400,0,0.0
margin_vs_heatmap,0.6729500963161781,644,tighten,400,400,0,0.0
margin_vs_heatmap,0.761619782489978,645,tighten,400,102,298,0.745
margin_vs_heatmap,0.761619782489978,646,tighten,400,176,224,0.56
margin_vs_heatmap,0.761619782489978,647,tighten,400,88,312,0.78
margin_vs_heatmap,0.761619782489978,648,tighten,400,0,400,1.0
margin_vs_heatmap,0.7338572837306221,649,tighten,400,105,295,0.7375
margin_vs_heatmap,0.7338572837306221,650,tighten,400,84,316,0.79
margin_vs_heatmap,0.7338572837306221,651,tighten,400,189,211,0.5275
margin_vs_heatmap,0.7338572837306221,652,tighten,400,396,4,0.01
margin_vs_heatmap,0.7429971445684742,653,tighten,400,139,261,0.6525
margin_vs_heatmap,0.7429971445684742,654,tighten,400,308,92,0.23
margin_vs_heatmap,0.7429971445684742,655,tighten,400,400,0,0.0
margin_vs_heatmap,0.7429971445684742,656,tighten,400,109,291,0.7275
margin_vs_heatmap,0.7384130729697497,657,tighten,400,219,181,0.4525
margin_vs_heatmap,0.7384130729697497,658,tighten,400,127,273,0.6825
margin_vs_heatmap,0.7384130729697497,659,tighten,400,400,0,0.0
margin_vs_heatmap,0.7384130729697497,660,tighten,400,400,0,0.0
margin_vs_heatmap,0.7711054127039704,661,tighten,400,103,297,0.7425
margin_vs_heatmap,0.7711054127039704,662,tighten,400,233,167,0.4175
margin_vs_heatmap,0.7711054127039704,663,tighten,400,104,296,0.74
margin_vs_heatmap,0.7711054127039704,664,tighten,400,365,35,0.0875
margin_vs_heatmap,0.7758924384912885,665,tighten,400,0,400,1.0
margin_vs_heatmap,0.7758924384912885,666,tighten,400,0,400,1.0
margin_vs_heatmap,0.7758924384912885,667,tighten,400,91,309,0.7725
margin_vs_heatmap,0.7758924384912885,668,tighten,400,0,400,1.0
margin_vs_heatmap,0.773495222348991,669,tighten,400,0,400,1.0
margin_vs_heatmap,0.773495222348991,670,tighten,400,0,400,1.0
margin_vs_heatmap,0.773495222348991,671,tighten,400,107,293,0.7325
margin_vs_heatmap,0.773495222348991,672,tighten,400,107,293,0.7325
margin_vs_heatmap,0.6898170601727025,673,tighten,400,400,0,0.0
margin_vs_heatmap,0.6898170601727025,674,tighten,400,400,0,0.0
margin_vs_heatmap,0.6898170601727025,675,tighten,400,318,82,0.205
margin_vs_heatmap,0.6898170601727025,676,tighten,400,400,0,0.0
margin_vs_heatmap,0.7248298554327145,677,tighten,400,212,188,0.47
margin_vs_heatmap,0.7248298554327145,678,tighten,400,400,0,0.0
margin_vs_heatmap,0.7248298554327145,679,tighten,400,221,179,0.4475
margin_vs_heatmap,0.7248298554327145,680,tighten,400,400,0,0.0
margin_vs_heatmap,0.7071067811865476,681,tighten,400,99,301,0.7525
margin_vs_heatmap,0.7071067811865476,682,tighten,400,400,0,0.0
margin_vs_heatmap,0.7071067811865476,683,tighten,400,400,0,0.0
margin_vs_heatmap,0.7071067811865476,684,tighten,400,400,0,0.0
margin_vs_heatmap,0.7429971445684742,685,tighten,400,219,181,0.4525
margin_vs_heatmap,0.7429971445684742,686,tighten,400,88,312,0.78
margin_vs_heatmap,0.7429971445684742,687,tighten,400,296,104,0.26
margin_vs_heatmap,0.7429971445684742,688,tighten,400,23,377,0.9425
margin_vs_heatmap,0.7384130729697497,689,tighten,400,103,297,0.7425
margin_vs_heatmap,0.7384130729697497,690,tighten,400,0,400,1.0
margin_vs_heatmap,0.7384130729697497,691,tighten,400,103,297,0.7425
margin_vs_heatmap,0.7384130729697497,692,tighten,400,301,99,0.2475
margin_vs_heatmap,0.7338572837306221,693,tighten,400,82,318,0.795
margin_vs_heatmap,0.7338572837306221,694,tighten,400,124,276,0.69
margin_vs_heatmap,0.7338572837306221,695,tighten,400,400,0,0.0
margin_vs_heatmap,0.7338572837306221,696,tighten,400,290,110,0.275
margin_vs_heatmap,0.7711054127039704,697,tighten,400,0,400,1.0
margin_vs_heatmap,0.7711054127039704,698,tighten,400,92,308,0.77
margin_vs_heatmap,0.7711054127039704,699,tighten,400,0,400,1.0
margin_vs_heatmap,0.7711054127039704,700,tighten,400,0,400,1.0
margin_vs_heatmap,0.761619782489978,701,tighten,400,19,381,0.9525
margin_vs_heatmap,0.761619782489978,702,tighten,400,0,400,1.0
margin_vs_heatmap,0.761619782489978,703,tighten,400,0,400,1.0
margin_vs_heatmap,0.761619782489978,704,tighten,400,0,400,1.0
margin_vs_heatmap,0.6095068271022377,705,tighten,400,400,0,0.0
margin_vs_heatmap,0.6095068271022377,706,tighten,400,400,0,0.0
margin_vs_heatmap,0.6095068271022377,707,tighten,400,400,0,0.0
margin_vs_heatmap,0.6095068271022377,708,tighten,400,400,0,0.0
margin_vs_heatmap,0.7248298554327145,709,tighten,400,299,101,0.2525
margin_vs_heatmap,0.7248298554327145,710,tighten,400,400,0,0.0
margin_vs_heatmap,0.7248298554327145,711,tighten,400,400,0,0.0
margin_vs_heatmap,0.7248298554327145,712,tighten,400,308,92,0.23
margin_vs_heatmap,0.6729500963161781,713,tighten,400,400,0,0.0
margin_vs_heatmap,0.6729500963161781,714,tighten,400,400,0,0.0
margin_vs_heatmap,0.6729500963161781,715,tighten,400,400,0,0.0
margin_vs_heatmap,0.6729500963161781,716,tighten,400,400,0,0.0
margin_vs_heatmap,0.773495222348991,717,tighten,400,209,191,0.4775
margin_vs_heatmap,0.773495222348991,718,tighten,400,105,295,0.7375
margin_vs_heatmap,0.773495222348991,719,tighten,400,400,0,0.0
margin_vs_heatmap,0.773495222348991,720,tighten,400,101,299,0.7475
margin_vs_heatmap,0.7071067811865476,721,tighten,400,316,84,0.21
margin_vs_heatmap,0.7071067811865476,722,tighten,400,400,0,0.0
margin_vs_heatmap,0.7071067811865476,723,tighten,400,400,0,0.0
margin_vs_heatmap,0.7071067811865476,724,tighten,400,400,0,0.0
margin_vs_heatmap,0.6898170601727025,725,tighten,400,400,0,0.0
margin_vs_heatmap,0.6898170601727025,726,tighten,400,400,0,0.0
margin_vs_heatmap,0.6898170601727025,727,tighten,400,400,0,0.0
margin_vs_heatmap,0.6898170601727025,728,tighten,400,400,0,0.0
margin_vs_heatmap,0.7807091821557101,729,tighten,400,0,400,1.0
margin_vs_heatmap,0.7807091821557101,730,tighten,400,0,400,1.0
margin_vs_heatmap,0.7807091821557101,731,tighten,400,16,384,0.96
margin_vs_heatmap,0.7807091821557101,732,tighten,400,0,400,1.0
margin_vs_heatmap,0.7338572837306221,733,tighten,400,400,0,0.0
margin_vs_heatmap,0.7338572837306221,734,tighten,400,258,142,0.355
margin_vs_heatmap,0.7338572837306221,735,tighten,400,45,355,0.8875
margin_vs_heatmap,0.7338572837306221,736,tighten,400,400,0,0.0
margin_vs_heatmap,0.7758924384912885,737,tighten,400,0,400,1.0
margin_vs_heatmap,0.7758924384912885,738,tighten,400,204,196,0.49
margin_vs_heatmap,0.7758924384912885,739,tighten,400,0,400,1.0
margin_vs_heatmap,0.7758924384912885,740,tighten,400,0,400,1.0
margin_vs_heatmap,0.7429971445684742,741,tighten,400,0,400,1.0
margin_vs_heatmap,0.7429971445684742,742,tighten,400,94,306,0.765
margin_vs_heatmap,0.7429971445684742,743,tighten,400,193,207,0.5175
margin_vs_heatmap,0.7429971445684742,744,tighten,400,400,0,0.0
margin_vs_heatmap,0.7522508382427473,745,insert,400,201,199,0.4975
margin_vs_heatmap,0.7522508382427473,746,insert,400,117,283,0.7075
margin_vs_heatmap,0.7522508382427473,747,insert,400,88,312,0.78
margin_vs_heatmap,0.7522508382427473,748,insert,400,0,400,1.0
margin_vs_heatmap,0.7522508382427473,749,tighten,400,108,292,0.73
margin_vs_heatmap,0.7522508382427473,750,tighten,400,400,0,0.0
margin_vs_heatmap,0.7522508382427473,751,tighten,400,91,309,0.7725
margin_vs_heatmap,0.7522508382427473,752,tighten,400,393,7,0.0175
margin_vs_heatmap,0.7522508382427473,753,tighten,400,193,207,0.5175
margin_vs_heatmap,0.7522508382427473,754,tighten,400,23,377,0.9425
margin_vs_heatmap,0.7522508382427473,755,tighten,400,107,293,0.7325
margin_vs_heatmap,0.7522508382427473,756,tighten,400,68,332,0.83
margin_vs_heatmap,0.7522508382427473,757,tighten,400,203,197,0.4925
margin_vs_heatmap,0.7522508382427473,758,tighten,400,107,293,0.7325
margin_vs_heatmap,0.7522508382427473,759,tighten,400,400,0,0.0
margin_vs_heatmap,0.7522508382427473,760,tighten,400,130,270,0.675
margin_vs_heatmap,0.7522508382427473,761,tighten,400,132,268,0.67
margin_vs_heatmap,0.7522508382427473,762,tighten,400,114,286,0.715
margin_vs_heatmap,0.7522508382427473,763,tighten,400,181,219,0.5475
margin_vs_heatmap,0.7522508382427473,764,tighten,400,400,0,0.0
margin_vs_heatmap,0.7522508382427473,765,tighten,400,106,294,0.735
margin_vs_heatmap,0.7522508382427473,766,tighten,400,0,400,1.0
margin_vs_heatmap,0.7522508382427473,767,tighten,400,0,400,1.0
margin_vs_heatmap,0.7522508382427473,768,tighten,400,0,400,1.0
margin_vs_heatmap,0.7522508382427473,769,tighten,400,185,215,0.5375
margin_vs_heatmap,0.7522508382427473,770,tighten,400,92,308,0.77
margin_vs_heatmap,0.7522508382427473,771,tighten,400,0,400,1.0
margin_vs_heatmap,0.7522508382427473,772,tighten,400,400,0,0.0
margin_vs_heatmap,0.7522508382427473,773,tighten,400,92,308,0.77
margin_vs_heatmap,0.7522508382427473,774,tighten,400,90,310,0.775
margin_vs_heatmap,0.7522508382427473,775,tighten,400,195,205,0.5125
margin_vs_heatmap,0.7522508382427473,776,tighten,400,400,0,0.0
margin_vs_heatmap,0.7522508382427473,777,tighten,400,0,400,1.0
margin_vs_heatmap,0.7522508382427473,778,tighten,400,189,211,0.5275
margin_vs_heatmap,0.7522508382427473,779,tighten,400,213,187,0.4675
margin_vs_heatmap,0.7522508382427473,780,tighten,400,300,100,0.25
margin_vs_heatmap,0.7522508382427473,781,tighten,400,28,372,0.93
margin_vs_heatmap,0.7522508382427473,782,tighten,400,30,370,0.925
margin_vs_heatmap,0.7522508382427473,783,tighten,400,106,294,0.735
margin_vs_heatmap,0.7522508382427473,784,tighten,400,107,293,0.7325
margin_vs_heatmap,0.7522508382427473,785,tighten,400,20,380,0.95
margin_vs_heatmap,0.7522508382427473,786,tighten,400,101,299,0.7475
margin_vs_heatmap,0.7522508382427473,787,tighten,400,0,400,1.0
margin_vs_heatmap,0.7522508382427473,788,tighten,400,93,307,0.7675
margin_vs_heatmap,0.7522508382427473,789,tighten,400,0,400,1.0
margin_vs_heatmap,0.7522508382427473,790,tighten,400,193,207,0.5175
margin_vs_heatmap,0.7522508382427473,791,tighten,400,92,308,0.77
margin_vs_heatmap,0.7522508382427473,792,tighten,400,96,304,0.76
margin_vs_heatmap,0.7522508382427473,793,tighten,400,400,0,0.0
margin_vs_heatmap,0.7522508382427473,794,tighten,400,107,293,0.7325
margin_vs_heatmap,0.7522508382427473,795,tighten,400,0,400,1.0
margin_vs_heatmap,0.7522508382427473,796,tighten,400,107,293,0.7325
margin_vs_heatmap,0.7522508382427473,797,tighten,400,290,110,0.275
margin_vs_heatmap,0.7522508382427473,798,tighten,400,72,328,0.82
margin_vs_heatmap,0.7522508382427473,799,tighten,400,400,0,0.0
margin_vs_heatmap,0.7522508382427473,800,tighten,400,101,299,0.7475
margin_vs_heatmap,0.7384130729697497,801,tighten,400,0,400,1.0
margin_vs_heatmap,0.7384130729697497,802,tighten,400,400,0,0.0
margin_vs_heatmap,0.7384130729697497,803,tighten,400,99,301,0.7525
margin_vs_heatmap,0.7384130729697497,804,tighten,400,98,302,0.755
margin_vs_heatmap,0.773495222348991,805,tighten,400,0,400,1.0
margin_vs_heatmap,0.773495222348991,806,tighten,400,0,400,1.0
margin_vs_heatmap,0.773495222348991,807,tighten,400,3,397,0.9925
margin_vs_heatmap,0.773495222348991,808,tighten,400,0,400,1.0
margin_vs_heatmap,0.7711054127039704,809,tighten,400,0,400,1.0
margin_vs_heatmap,0.7711054127039704,810,tighten,400,188,212,0.53
margin_vs_heatmap,0.7711054127039704,811,tighten,400,0,400,1.0
margin_vs_heatmap,0.7711054127039704,812,tighten,400,92,308,0.77
margin_vs_heatmap,0.7248298554327145,813,tighten,400,103,297,0.7425
margin_vs_heatmap,0.7248298554327145,814,tighten,400,89,311,0.7775
margin_vs_heatmap,0.7248298554327145,815,tighten,400,400,0,0.0
margin_vs_heatmap,0.7248298554327145,816,tighten,400,121,279,0.6975
margin_vs_heatmap,0.7522508382427473,817,tighten,400,100,300,0.75
margin_vs_heatmap,0.7522508382427473,818,tighten,400,192,208,0.52
margin_vs_heatmap,0.7522508382427473,819,tighten,400,0,400,1.0
margin_vs_heatmap,0.7522508382427473,820,tighten,400,400,0,0.0
margin_vs_heatmap,0.761619782489978,821,tighten,400,111,289,0.7225
margin_vs_heatmap,0.761619782489978,822,tighten,400,0,400,1.0
margin_vs_heatmap,0.761619782489978,823,tighten,400,400,0,0.0
margin_vs_heatmap,0.761619782489978,824,tighten,400,92,308,0.77
margin_vs_heatmap,0.7338572837306221,825,tighten,400,0,400,1.0
margin_vs_heatmap,0.7338572837306221,826,tighten,400,400,0,0.0
margin_vs_heatmap,0.7338572837306221,827,tighten,400,101,299,0.7475
margin_vs_heatmap,0.7338572837306221,828,tighten,400,211,189,0.4725
margin_vs_heatmap,0.7429971445684742,829,tighten,400,400,0,0.0
margin_vs_heatmap,0.7429971445684742,830,tighten,400,210,190,0.475
margin_vs_heatmap,0.7429971445684742,831,tighten,400,0,400,1.0
margin_vs_heatmap,0.7429971445684742,832,tighten,400,385,15,0.0375
margin_vs_heatmap,0.7384130729697497,833,tighten,400,202,198,0.495
margin_vs_heatmap,0.7384130729697497,834,tighten,400,400,0,0.0
margin_vs_heatmap,0.7384130729697497,835,tighten,400,400,0,0.0
margin_vs_heatmap,0.7384130729697497,836,tighten,400,198,202,0.505
margin_vs_heatmap,0.7071067811865476,837,tighten,400,98,302,0.755
margin_vs_heatmap,0.7071067811865476,838,tighten,400,232,168,0.42
margin_vs_heatmap,0.7071067811865476,839,tighten,400,0,400,1.0
margin_vs_heatmap,0.7071067811865476,840,tighten,400,400,0,0.0
margin_vs_heatmap,0.761619782489978,841,tighten,400,54,346,0.865
margin_vs_heatmap,0.761619782489978,842,tighten,400,0,400,1.0
margin_vs_heatmap,0.761619782489978,843,tighten,400,0,400,1.0
margin_vs_heatmap,0.761619782489978,844,tighten,400,0,400,1.0
margin_vs_heatmap,0.7758924384912885,845,tighten,400,400,0,0.0
margin_vs_heatmap,0.7758924384912885,846,tighten,400,100,300,0.75
margin_vs_heatmap,0.7758924384912885,847,tighten,400,288,112,0.28
margin_vs_heatmap,0.7758924384912885,848,tighten,400,0,400,1.0
margin_vs_heatmap,0.7758924384912885,849,tighten,400,0,400,1.0
margin_vs_heatmap,0.7758924384912885,850,tighten,400,89,311,0.7775
margin_vs_heatmap,0.7758924384912885,851,tighten,400,114,286,0.715
margin_vs_heatmap,0.7758924384912885,852,tighten,400,102,298,0.745
margin_vs_heatmap,0.6898170601727025,853,tighten,400,400,0,0.0
margin_vs_heatmap,0.6898170601727025,854,tighten,400,400,0,0.0
margin_vs_heatmap,0.6898170601727025,855,tighten,400,400,0,0.0
margin_vs_heatmap,0.6898170601727025,856,tighten,400,400,0,0.0
margin_vs_heatmap,0.6729500963161781,857,tighten,400,400,0,0.0
margin_vs_heatmap,0.6729500963161781,858,tighten,400,111,289,0.7225
margin_vs_heatmap,0.6729500963161781,859,tighten,400,400,0,0.0
margin_vs_heatmap,0.6729500963161781,860,tighten,400,295,105,0.2625
margin_vs_heatmap,0.7248298554327145,861,tighten,400,400,0,0.0
margin_vs_heatmap,0.7248298554327145,862,tighten,400,400,0,0.0
margin_vs_heatmap,0.7248298554327145,863,tighten,400,400,0,0.0
margin_vs_heatmap,0.7248298554327145,864,tighten,400,100,300,0.75
margin_vs_heatmap,0.7522508382427473,865,tighten,400,0,400,1.0
margin_vs_heatmap,0.7522508382427473,866,tighten,400,96,304,0.76
margin_vs_heatmap,0.7522508382427473,867,tighten,400,0,400,1.0
margin_vs_heatmap,0.7522508382427473,868,tighten,400,101,299,0.7475
margin_vs_heatmap,0.773495222348991,869,tighten,400,0,400,1.0
margin_vs_heatmap,0.773495222348991,870,tighten,400,0,400,1.0
margin_vs_heatmap,0.773495222348991,871,tighten,400,28,372,0.93
margin_vs_heatmap,0.773495222348991,872,tighten,400,0,400,1.0
margin_vs_heatmap,0.7711054127039704,873,tighten,400,0,400,1.0
margin_vs_heatmap,0.7711054127039704,874,tighten,400,0,400,1.0
margin_vs_heatmap,0.7711054127039704,875,tighten,400,91,309,0.7725
margin_vs_heatmap,0.7711054127039704,876,tighten,400,0,400,1.0
margin_vs_heatmap,0.7807091821557101,877,tighten,400,0,400,1.0
margin_vs_heatmap,0.7807091821557101,878,tighten,400,212,188,0.47
margin_vs_heatmap,0.7807091821557101,879,tighten,400,0,400,1.0
margin_vs_heatmap,0.7807091821557101,880,tighten,400,0,400,1.0
margin_vs_heatmap,0.820335356007638,881,tighten,400,0,400,1.0
margin_vs_heatmap,0.820335356007638,882,tighten,400,0,400,1.0
margin_vs_heatmap,0.820335356007638,883,tighten,400,0,400,1.0
margin_vs_heatmap,0.820335356007638,884,tighten,400,0,400,1.0
margin_vs_heatmap,0.7071067811865476,885,tighten,400,400,0,0.0
margin_vs_heatmap,0.7071067811865476,886,tighten,400,268,132,0.33
margin_vs_heatmap,0.7071067811865476,887,tighten,400,400,0,0.0
margin_vs_heatmap,0.7071067811865476,888,tighten,400,400,0,0.0
margin_vs_heatmap,0.7429971445684742,889,tighten,400,109,291,0.7275
margin_vs_heatmap,0.7429971445684742,890,tighten,400,397,3,0.0075
margin_vs_heatmap,0.7429971445684742,891,tighten,400,0,400,1.0
margin_vs_heatmap,0.7429971445684742,892,tighten,400,105,295,0.7375
margin_vs_heatmap,0.7338572837306221,893,tighten,400,400,0,0.0
margin_vs_heatmap,0.7338572837306221,894,tighten,400,114,286,0.715
margin_vs_heatmap,0.7338572837306221,895,tighten,400,400,0,0.0
margin_vs_heatmap,0.7338572837306221,896,tighten,400,400,0,0.0
margin_vs_heatmap,0.7384130729697497,897,tighten,400,214,186,0.465
margin_vs_heatmap,0.7384130729697497,898,tighten,400,242,158,0.395
margin_vs_heatmap,0.7384130729697497,899,tighten,400,92,308,0.77
margin_vs_heatmap,0.7384130729697497,900,tighten,400,0,400,1.0
margin_vs_heatmap,0.7758924384912885,901,tighten,400,0,400,1.0
margin_vs_heatmap,0.7758924384912885,902,tighten,400,0,400,1.0
margin_vs_heatmap,0.7758924384912885,903,tighten,400,107,293,0.7325
margin_vs_heatmap,0.7758924384912885,904,tighten,400,29,371,0.9275
margin_vs_heatmap,0.6729500963161781,905,tighten,400,207,193,0.4825
margin_vs_heatmap,0.6729500963161781,906,tighten,400,88,312,0.78
margin_vs_heatmap,0.6729500963161781,907,tighten,400,400,0,0.0
margin_vs_heatmap,0.6729500963161781,908,tighten,400,400,0,0.0
margin_vs_heatmap,0.6404433448821363,909,insert,400,400,0,0.0
margin_vs_heatmap,0.6404433448821363,910,insert,400,400,0,0.0
margin_vs_heatmap,0.6404433448821363,911,insert,400,400,0,0.0
margin_vs_heatmap,0.6404433448821363,912,insert,400,400,0,0.0
margin_vs_heatmap,0.6404433448821363,913,tighten,400,400,0,0.0
margin_vs_heatmap,0.6404433448821363,914,tighten,400,400,0,0.0
margin_vs_heatmap,0.6404433448821363,915,tighten,400,400,0,0.0
margin_vs_heatmap,0.6404433448821363,916,tighten,400,400,0,0.0
margin_vs_heatmap,0.6404433448821363,917,tighten,400,400,0,0.0
margin_vs_heatmap,0.6404433448821363,918,tighten,400,400,0,0.0
margin_vs_heatmap,0.6404433448821363,919,tighten,400,400,0,0.0
margin_vs_heatmap,0.6404433448821363,920,tighten,400,400,0,0.0
margin_vs_heatmap,0.6404433448821363,921,tighten,400,400,0,0.0
margin_vs_heatmap,0.6404433448821363,922,tighten,400,400,0,0.0
margin_vs_heatmap,0.6404433448821363,923,tighten,400,400,0,0.0
margin_vs_heatmap,0.6404433448821363,924,tighten,400,400,0,0.0
margin_vs_heatmap,0.6564955526303958,925,insert,400,400,0,0.0
margin_vs_heatmap,0.6564955526303958,926,insert,400,400,0,0.0
margin_vs_heatmap,0.6564955526303958,927,insert,400,400,0,0.0
margin_vs_heatmap,0.6564955526303958,928,insert,400,400,0,0.0
margin_vs_heatmap,0.6564955526303958,929,tighten,400,400,0,0.0
margin_vs_heatmap,0.6564955526303958,930,tighten,400,400,0,0.0
margin_vs_heatmap,0.6564955526303958,931,tighten,400,400,0,0.0
margin_vs_heatmap,0.6564955526303958,932,tighten,400,400,0,0.0
margin_vs_heatmap,0.6564955526303958,933,tighten,400,197,203,0.5075
margin_vs_heatmap,0.6564955526303958,934,tighten,400,321,79,0.1975
margin_vs_heatmap,0.6564955526303958,935,tighten,400,400,0,0.0
margin_vs_heatmap,0.6564955526303958,936,tighten,400,400,0,0.0
margin_vs_heatmap,0.6564955526303958,937,tighten,400,400,0,0.0
margin_vs_heatmap,0.6564955526303958,938,tighten,400,400,0,0.0
margin_vs_heatmap,0.6564955526303958,939,tighten,400,400,0,0.0
margin_vs_heatmap,0.6564955526303958,940,tighten,400,400,0,0.0
margin_vs_heatmap,0.6564955526303958,941,tighten,400,400,0,0.0
margin_vs_heatmap,0.6564955526303958,942,tighten,400,400,0,0.0
margin_vs_heatmap,0.6564955526303958,943,tighten,400,400,0,0.0
margin_vs_heatmap,0.6564955526303958,944,tighten,400,400,0,0.0
margin_vs_heatmap,0.6564955526303958,945,tighten,400,400,0,0.0
margin_vs_heatmap,0.6564955526303958,946,tighten,400,400,0,0.0
margin_vs_heatmap,0.6564955526303958,947,tighten,400,400,0,0.0
margin_vs_heatmap,0.6564955526303958,948,tighten,400,400,0,0.0
margin_vs_heatmap,0.6564955526303958,949,tighten,400,400,0,0.0
margin_vs_heatmap,0.6564955526303958,950,tighten,400,400,0,0.0
margin_vs_heatmap,0.6564955526303958,951,tighten,400,99,301,0.7525
margin_vs_heatmap,0.6564955526303958,952,tighten,400,400,0,0.0
margin_vs_heatmap,0.6564955526303958,953,tighten,400,400,0,0.0
margin_vs_heatmap,0.6564955526303958,954,tighten,400,400,0,0.0
margin_vs_heatmap,0.6564955526303958,955,tighten,400,400,0,0.0
margin_vs_heatmap,0.6564955526303958,956,tighten,400,400,0,0.0
margin_vs_heatmap,0.6564955526303958,957,tighten,400,400,0,0.0
margin_vs_heatmap,0.6564955526303958,958,tighten,400,400,0,0.0
margin_vs_heatmap,0.6564955526303958,959,tighten,400,400,0,0.0
margin_vs_heatmap,0.6564955526303958,960,tighten,400,400,0,0.0
margin_vs_heatmap,0.6729500963161781,961,tighten,400,225,175,0.4375
margin_vs_heatmap,0.6729500963161781,962,tighten,400,400,0,0.0
margin_vs_heatmap,0.6729500963161781,963,tighten,400,158,242,0.605
margin_vs_heatmap,0.6729500963161781,964,tighten,400,248,152,0.38
margin_vs_heatmap,0.7807091821557101,965,tighten,400,97,303,0.7575
margin_vs_heatmap,0.7807091821557101,966,tighten,400,0,400,1.0
margin_vs_heatmap,0.7807091821557101,967,tighten,400,0,400,1.0
margin_vs_heatmap,0.7807091821557101,968,tighten,400,214,186,0.465
margin_vs_heatmap,0.7248298554327145,969,tighten,400,400,0,0.0
margin_vs_heatmap,0.7248298554327145,970,tighten,400,400,0,0.0
margin_vs_heatmap,0.7248298554327145,971,tighten,400,108,292,0.73
margin_vs_heatmap,0.7248298554327145,972,tighten,400,400,0,0.0
margin_vs_heatmap,0.6564955526303958,973,tighten,400,400,0,0.0
margin_vs_heatmap,0.6564955526303958,974,tighten,400,400,0,0.0
margin_vs_heatmap,0.6564955526303958,975,tighten,400,400,0,0.0
margin_vs_heatmap,0.6564955526303958,976,tighten,400,400,0,0.0
margin_vs_heatmap,0.761619782489978,977,tighten,400,0,400,1.0
margin_vs_heatmap,0.761619782489978,978,tighten,400,0,400,1.0
margin_vs_heatmap,0.761619782489978,979,tighten,400,0,400,1.0
margin_vs_heatmap,0.761619782489978,980,tighten,400,0,400,1.0
margin_vs_heatmap,0.7569208147490363,981,insert,400,101,299,0.7475
margin_vs_heatmap,0.7569208147490363,982,insert,400,309,91,0.2275
margin_vs_heatmap,0.7569208147490363,983,insert,400,0,400,1.0
margin_vs_heatmap,0.7569208147490363,984,insert,400,0,400,1.0
margin_vs_heatmap,0.7569208147490363,985,tighten,400,91,309,0.7725
margin_vs_heatmap,0.7569208147490363,986,tighten,400,300,100,0.25
margin_vs_heatmap,0.7569208147490363,987,tighten,400,269,131,0.3275
margin_vs_heatmap,0.7569208147490363,988,tighten,400,0,400,1.0
margin_vs_heatmap,0.7569208147490363,989,tighten,400,0,400,1.0
margin_vs_heatmap,0.7569208147490363,990,tighten,400,0,400,1.0
margin_vs_heatmap,0.7569208147490363,991,tighten,400,117,283,0.7075
margin_vs_heatmap,0.7569208147490363,992,tighten,400,400,0,0.0
margin_vs_heatmap,0.7569208147490363,993,tighten,400,96,304,0.76
margin_vs_heatmap,0.7569208147490363,994,tighten,400,93,307,0.7675
margin_vs_heatmap,0.7569208147490363,995,tighten,400,96,304,0.76
margin_vs_heatmap,0.7569208147490363,996,tighten,400,45,355,0.8875
margin_vs_heatmap,0.7569208147490363,997,tighten,400,400,0,0.0
margin_vs_heatmap,0.7569208147490363,998,tighten,400,400,0,0.0
margin_vs_heatmap,0.7569208147490363,999,tighten,400,199,201,0.5025
margin_vs_heatmap,0.7569208147490363,1000,tighten,400,0,400,1.0
margin_vs_heatmap,0.7569208147490363,1001,tighten,400,0,400,1.0
margin_vs_heatmap,0.7569208147490363,1002,tighten,400,113,287,0.7175
margin_vs_heatmap,0.7569208147490363,1003,tighten,400,400,0,0.0
margin_vs_heatmap,0.7569208147490363,1004,tighten,400,0,400,1.0
margin_vs_heatmap,0.7569208147490363,1005,tighten,400,112,288,0.72
margin_vs_heatmap,0.7569208147490363,1006,tighten,400,191,209,0.5225
margin_vs_heatmap,0.7569208147490363,1007,tighten,400,105,295,0.7375
margin_vs_heatmap,0.7569208147490363,1008,tighten,400,297,103,0.2575
margin_vs_heatmap,0.7569208147490363,1009,tighten,400,111,289,0.7225
margin_vs_heatmap,0.7569208147490363,1010,tighten,400,89,311,0.7775
margin_vs_heatmap,0.7569208147490363,1011,tighten,400,107,293,0.7325
margin_vs_heatmap,0.7569208147490363,1012,tighten,400,400,0,0.0
margin_vs_heatmap,0.7569208147490363,1013,tighten,400,95,305,0.7625
margin_vs_heatmap,0.7569208147490363,1014,tighten,400,400,0,0.0
margin_vs_heatmap,0.7569208147490363,1015,tighten,400,0,400,1.0
margin_vs_heatmap,0.7569208147490363,1016,tighten,400,362,38,0.095
margin_vs_heatmap,0.7569208147490363,1017,tighten,400,314,86,0.215
margin_vs_heatmap,0.7569208147490363,1018,tighten,400,208,192,0.48
margin_vs_heatmap,0.7569208147490363,1019,tighten,400,116,284,0.71
margin_vs_heatmap,0.7569208147490363,1020,tighten,400,0,400,1.0
margin_vs_heatmap,0.7592666634926744,1021,insert,400,54,346,0.865
margin_vs_heatmap,0.7592666634926744,1022,insert,400,219,181,0.4525
margin_vs_heatmap,0.7592666634926744,1023,insert,400,119,281,0.7025
margin_vs_heatmap,0.7592666634926744,1024,insert,400,87,313,0.7825
margin_vs_heatmap,0.7592666634926744,1025,tighten,400,95,305,0.7625
margin_vs_heatmap,0.7592666634926744,1026,tighten,400,0,400,1.0
margin_vs_heatmap,0.7592666634926744,1027,tighten,400,0,400,1.0
margin_vs_heatmap,0.7592666634926744,1028,tighten,400,0,400,1.0
margin_vs_heatmap,0.7592666634926744,1029,tighten,400,0,400,1.0
margin_vs_heatmap,0.7592666634926744,1030,tighten,400,92,308,0.77
margin_vs_heatmap,0.7592666634926744,1031,tighten,400,315,85,0.2125
margin_vs_heatmap,0.7592666634926744,1032,tighten,400,400,0,0.0
margin_vs_heatmap,0.7592666634926744,1033,tighten,400,114,286,0.715
margin_vs_heatmap,0.7592666634926744,1034,tighten,400,69,331,0.8275
margin_vs_heatmap,0.7592666634926744,1035,tighten,400,210,190,0.475
margin_vs_heatmap,0.7592666634926744,1036,tighten,400,250,150,0.375
margin_vs_heatmap,0.7592666634926744,1037,tighten,400,111,289,0.7225
margin_vs_heatmap,0.7592666634926744,1038,tighten,400,0,400,1.0
margin_vs_heatmap,0.7592666634926744,1039,tighten,400,112,288,0.72
margin_vs_heatmap,0.7592666634926744,1040,tighten,400,95,305,0.7625
margin_vs_heatmap,0.7592666634926744,1041,tighten,400,0,400,1.0
margin_vs_heatmap,0.7592666634926744,1042,tighten,400,109,291,0.7275
margin_vs_heatmap,0.7592666634926744,1043,tighten,400,0,400,1.0
margin_vs_heatmap,0.7592666634926744,1044,tighten,400,35,365,0.9125
margin_vs_heatmap,0.7592666634926744,1045,tighten,400,116,284,0.71
margin_vs_heatmap,0.7592666634926744,1046,tighten,400,0,400,1.0
margin_vs_heatmap,0.7592666634926744,1047,tighten,400,0,400,1.0
margin_vs_heatmap,0.7592666634926744,1048,tighten,400,0,400,1.0
margin_vs_heatmap,0.7592666634926744,1049,tighten,400,103,297,0.7425
margin_vs_heatmap,0.7592666634926744,1050,tighten,400,82,318,0.795
margin_vs_heatmap,0.7592666634926744,1051,tighten,400,106,294,0.735
margin_vs_heatmap,0.7592666634926744,1052,tighten,400,0,400,1.0
margin_vs_heatmap,0.7569208147490363,1053,tighten,400,0,400,1.0
margin_vs_heatmap,0.7569208147490363,1054,tighten,400,110,290,0.725
margin_vs_heatmap,0.7569208147490363,1055,tighten,400,97,303,0.7575
margin_vs_heatmap,0.7569208147490363,1056,tighten,400,0,400,1.0
margin_vs_heatmap,0.7592666634926744,1057,tighten,400,96,304,0.76
margin_vs_heatmap,0.7592666634926744,1058,tighten,400,104,296,0.74
margin_vs_heatmap,0.7592666634926744,1059,tighten,400,96,304,0.76
margin_vs_heatmap,0.7592666634926744,1060,tighten,400,102,298,0.745
margin_vs_heatmap,0.7569208147490363,1061,tighten,400,200,200,0.5
margin_vs_heatmap,0.7569208147490363,1062,tighten,400,0,400,1.0
margin_vs_heatmap,0.7569208147490363,1063,tighten,400,78,322,0.805
margin_vs_heatmap,0.7569208147490363,1064,tighten,400,306,94,0.235
margin_vs_heatmap,0.7592666634926744,1065,tighten,400,199,201,0.5025
margin_vs_heatmap,0.7592666634926744,1066,tighten,400,0,400,1.0
margin_vs_heatmap,0.7592666634926744,1067,tighten,400,0,400,1.0
margin_vs_heatmap,0.7592666634926744,1068,tighten,400,37,363,0.9075
margin_vs_heatmap,0.7569208147490363,1069,tighten,400,0,400,1.0
margin_vs_heatmap,0.7569208147490363,1070,tighten,400,0,400,1.0
margin_vs_heatmap,0.7569208147490363,1071,tighten,400,0,400,1.0
margin_vs_heatmap,0.7569208147490363,1072,tighten,400,25,375,0.9375
margin_vs_heatmap,0.7592666634926744,1073,tighten,400,0,400,1.0
margin_vs_heatmap,0.7592666634926744,1074,tighten,400,225,175,0.4375
margin_vs_heatmap,0.7592666634926744,1075,tighten,400,400,0,0.0
margin_vs_heatmap,0.7592666634926744,1076,tighten,400,0,400,1.0
margin_vs_heatmap,0.7569208147490363,1077,tighten,400,0,400,1.0
margin_vs_heatmap,0.7569208147490363,1078,tighten,400,188,212,0.53
margin_vs_heatmap,0.7569208147490363,1079,tighten,400,0,400,1.0
margin_vs_heatmap,0.7569208147490363,1080,tighten,400,208,192,0.48
margin_vs_heatmap,0.7592666634926744,1081,tighten,400,0,400,1.0
margin_vs_heatmap,0.7592666634926744,1082,tighten,400,0,400,1.0
margin_vs_heatmap,0.7592666634926744,1083,tighten,400,123,277,0.6925
margin_vs_heatmap,0.7592666634926744,1084,tighten,400,400,0,0.0
margin_vs_heatmap,0.7592666634926744,1085,tighten,400,0,400,1.0
margin_vs_heatmap,0.7592666634926744,1086,tighten,400,400,0,0.0
margin_vs_heatmap,0.7592666634926744,1087,tighten,400,0,400,1.0
margin_vs_heatmap,0.7592666634926744,1088,tighten,400,0,400,1.0
margin_vs_heatmap,0.7569208147490363,1089,tighten,400,115,285,0.7125
margin_vs_heatmap,0.7569208147490363,1090,tighten,400,186,214,0.535
margin_vs_heatmap,0.7569208147490363,1091,tighten,400,98,302,0.755
margin_vs_heatmap,0.7569208147490363,1092,tighten,400,400,0,0.0
margin_vs_heatmap,0.7592666634926744,1093,tighten,400,321,79,0.1975
margin_vs_heatmap,0.7592666634926744,1094,tighten,400,106,294,0.735
margin_vs_heatmap,0.7592666634926744,1095,tighten,400,400,0,0.0
margin_vs_heatmap,0.7592666634926744,1096,tighten,400,90,310,0.775
margin_vs_heatmap,0.7569208147490363,1097,tighten,400,400,0,0.0
margin_vs_heatmap,0.7569208147490363,1098,tighten,400,102,298,0.745
margin_vs_heatmap,0.7569208147490363,1099,tighten,400,0,400,1.0
margin_vs_heatmap,0.7569208147490363,1100,tighten,400,248,152,0.38
margin_vs_heatmap,0.7592666634926744,1101,tighten,400,0,400,1.0
margin_vs_heatmap,0.7592666634926744,1102,tighten,400,400,0,0.0
margin_vs_heatmap,0.7592666634926744,1103,tighten,400,0,400,1.0
margin_vs_heatmap,0.7592666634926744,1104,tighten,400,107,293,0.7325
margin_vs_heatmap,0.7592666634926744,1105,tighten,400,98,302,0.755
margin_vs_heatmap,0.7592666634926744,1106,tighten,400,0,400,1.0
margin_vs_heatmap,0.7592666634926744,1107,tighten,400,400,0,0.0
margin_vs_heatmap,0.7592666634926744,1108,tighten,400,0,400,1.0
margin_vs_heatmap,0.7569208147490363,1109,tighten,400,0,400,1.0
margin_vs_heatmap,0.7569208147490363,1110,tighten,400,200,200,0.5
margin_vs_heatmap,0.7569208147490363,1111,tighten,400,197,203,0.5075
margin_vs_heatmap,0.7569208147490363,1112,tighten,400,99,301,0.7525
margin_vs_heatmap,0.7592666634926744,1113,tighten,400,92,308,0.77
margin_vs_heatmap,0.7592666634926744,1114,tighten,400,184,216,0.54
margin_vs_heatmap,0.7592666634926744,1115,tighten,400,107,293,0.7325
margin_vs_heatmap,0.7592666634926744,1116,tighten,400,96,304,0.76
margin_vs_heatmap,0.7522508382427473,1117,tighten,400,185,215,0.5375
margin_vs_heatmap,0.7522508382427473,1118,tighten,400,222,178,0.445
margin_vs_heatmap,0.7522508382427473,1119,tighten,400,400,0,0.0
margin_vs_heatmap,0.7522508382427473,1120,tighten,400,123,277,0.6925
margin_vs_heatmap,0.7429971445684742,1121,tighten,400,400,0,0.0
margin_vs_heatmap,0.7429971445684742,1122,tighten,400,102,298,0.745
margin_vs_heatmap,0.7429971445684742,1123,tighten,400,220,180,0.45
margin_vs_heatmap,0.7429971445684742,1124,tighten,400,178,222,0.555
margin_vs_heatmap,0.7338572837306221,1125,tighten,400,213,187,0.4675
margin_vs_heatmap,0.7338572837306221,1126,tighten,400,102,298,0.745
margin_vs_heatmap,0.7338572837306221,1127,tighten,400,175,225,0.5625
margin_vs_heatmap,0.7338572837306221,1128,tighten,400,230,170,0.425
margin_vs_heatmap,0.7711054127039704,1129,tighten,400,100,300,0.75
margin_vs_heatmap,0.7711054127039704,1130,tighten,400,191,209,0.5225
margin_vs_heatmap,0.7711054127039704,1131,tighten,400,0,400,1.0
margin_vs_heatmap,0.7711054127039704,1132,tighten,400,0,400,1.0
margin_vs_heatmap,0.7071067811865476,1133,tighten,400,400,0,0.0
margin_vs_heatmap,0.7071067811865476,1134,tighten,400,400,0,0.0
margin_vs_heatmap,0.7071067811865476,1135,tighten,400,400,0,0.0
margin_vs_heatmap,0.7071067811865476,1136,tighten,400,265,135,0.3375
margin_vs_heatmap,0.7384130729697497,1137,tighten,400,76,324,0.81
margin_vs_heatmap,0.7384130729697497,1138,tighten,400,0,400,1.0
margin_vs_heatmap,0.7384130729697497,1139,tighten,400,400,0,0.0
margin_vs_heatmap,0.7384130729697497,1140,tighten,400,105,295,0.7375
margin_vs_heatmap,0.7807091821557101,1141,tighten,400,0,400,1.0
margin_vs_heatmap,0.7807091821557101,1142,tighten,400,0,400,1.0
margin_vs_heatmap,0.7807091821557101,1143,tighten,400,0,400,1.0
margin_vs_heatmap,0.7807091821557101,1144,tighten,400,0,400,1.0
margin_vs_heatmap,0.773495222348991,1145,tighten,400,35,365,0.9125
margin_vs_heatmap,0.773495222348991,1146,tighten,400,0,400,1.0
margin_vs_heatmap,0.773495222348991,1147,tighten,400,27,373,0.9325
margin_vs_heatmap,0.773495222348991,1148,tighten,400,102,298,0.745
margin_vs_heatmap,0.6898170601727025,1149,tighten,400,400,0,0.0
margin_vs_heatmap,0.6898170601727025,1150,tighten,400,400,0,0.0
margin_vs_heatmap,0.6898170601727025,1151,tighten,400,400,0,0.0
margin_vs_heatmap,0.6898170601727025,1152,tighten,400,193,207,0.5175
margin_vs_heatmap,0.7569208147490363,1153,tighten,400,54,346,0.865
margin_vs_heatmap,0.7569208147490363,1154,tighten,400,197,203,0.5075
margin_vs_heatmap,0.7569208147490363,1155,tighten,400,400,0,0.0
margin_vs_heatmap,0.7569208147490363,1156,tighten,400,0,400,1.0
margin_vs_heatmap,0.6729500963161781,1157,tighten,400,400,0,0.0
margin_vs_heatmap,0.6729500963161781,1158,tighten,400,400,0,0.0
margin_vs_heatmap,0.6729500963161781,1159,tighten,400,400,0,0.0
margin_vs_heatmap,0.6729500963161781,1160,tighten,400,400,0,0.0
margin_vs_heatmap,0.7248298554327145,1161,tighten,400,400,0,0.0
margin_vs_heatmap,0.7248298554327145,1162,tighten,400,317,83,0.2075
margin_vs_heatmap,0.7248298554327145,1163,tighten,400,92,308,0.77
margin_vs_heatmap,0.7248298554327145,1164,tighten,400,400,0,0.0
margin_vs_heatmap,0.7758924384912885,1165,tighten,400,0,400,1.0
margin_vs_heatmap,0.7758924384912885,1166,tighten,400,400,0,0.0
margin_vs_heatmap,0.7758924384912885,1167,tighten,400,90,310,0.775
margin_vs_heatmap,0.7758924384912885,1168,tighten,400,23,377,0.9425
margin_vs_heatmap,0.7522508382427473,1169,tighten,400,0,400,1.0
margin_vs_heatmap,0.7522508382427473,1170,tighten,400,99,301,0.7525
margin_vs_heatmap,0.7522508382427473,1171,tighten,400,83,317,0.7925
margin_vs_heatmap,0.7522508382427473,1172,tighten,400,87,313,0.7825
margin_vs_heatmap,0.7758924384912885,1173,tighten,400,0,400,1.0
margin_vs_heatmap,0.7758924384912885,1174,tighten,400,0,400,1.0
margin_vs_heatmap,0.7758924384912885,1175,tighten,400,0,400,1.0
margin_vs_heatmap,0.7758924384912885,1176,tighten,400,400,0,0.0
margin_vs_heatmap,0.7429971445684742,1177,tighten,400,0,400,1.0
margin_vs_heatmap,0.7429971445684742,1178,tighten,400,0,400,1.0
margin_vs_heatmap,0.7429971445684742,1179,tighten,400,315,85,0.2125
margin_vs_heatmap,0.7429971445684742,1180,tighten,400,116,284,0.71
margin_vs_heatmap,0.7384130729697497,1181,tighten,400,218,182,0.455
margin_vs_heatmap,0.7384130729697497,1182,tighten,400,0,400,1.0
margin_vs_heatmap,0.7384130729697497,1183,tighten,400,48,352,0.88
margin_vs_heatmap,0.7384130729697497,1184,tighten,400,72,328,0.82
margin_vs_heatmap,0.7338572837306221,1185,tighten,400,400,0,0.0
margin_vs_heatmap,0.7338572837306221,1186,tighten,400,388,12,0.03
margin_vs_heatmap,0.7338572837306221,1187,tighten,400,91,309,0.7725
margin_vs_heatmap,0.7338572837306221,1188,tighten,400,116,284,0.71
margin_vs_heatmap,0.7592666634926744,1189,tighten,400,0,400,1.0
margin_vs_heatmap,0.7592666634926744,1190,tighten,400,400,0,0.0
margin_vs_heatmap,0.7592666634926744,1191,tighten,400,132,268,0.67
margin_vs_heatmap,0.7592666634926744,1192,tighten,400,0,400,1.0
margin_vs_heatmap,0.7569208147490363,1193,tighten,400,104,296,0.74
margin_vs_heatmap,0.7569208147490363,1194,tighten,400,133,267,0.6675
margin_vs_heatmap,0.7569208147490363,1195,tighten,400,306,94,0.235
margin_vs_heatmap,0.7569208147490363,1196,tighten,400,400,0,0.0
margin_vs_heatmap,0.761619782489978,1197,tighten,400,55,345,0.8625
margin_vs_heatmap,0.761619782489978,1198,tighten,400,104,296,0.74
margin_vs_heatmap,0.761619782489978,1199,tighten,400,0,400,1.0
margin_vs_heatmap,0.761619782489978,1200,tighten,400,68,332,0.83
margin_vs_heatmap,0.7758924384912885,1201,tighten,400,195,205,0.5125
margin_vs_heatmap,0.7758924384912885,1202,tighten,400,189,211,0.5275
margin_vs_heatmap,0.7758924384912885,1203,tighten,400,0,400,1.0
margin_vs_heatmap,0.7758924384912885,1204,tighten,400,98,302,0.755
margin_vs_heatmap,0.778297084085077,1205,insert,400,0,400,1.0
margin_vs_heatmap,0.778297084085077,1206,insert,400,19,381,0.9525
margin_vs_heatmap,0.778297084085077,1207,insert,400,0,400,1.0
margin_vs_heatmap,0.778297084085077,1208,insert,400,0,400,1.0
margin_vs_heatmap,0.778297084085077,1209,tighten,400,0,400,1.0
margin_vs_heatmap,0.778297084085077,1210,tighten,400,94,306,0.765
margin_vs_heatmap,0.778297084085077,1211,tighten,400,103,297,0.7425
margin_vs_heatmap,0.778297084085077,1212,tighten,400,112,288,0.72
margin_vs_heatmap,0.778297084085077,1213,tighten,400,0,400,1.0
margin_vs_heatmap,0.778297084085077,1214,tighten,400,0,400,1.0
margin_vs_heatmap,0.778297084085077,1215,tighten,400,89,311,0.7775
margin_vs_heatmap,0.778297084085077,1216,tighten,400,0,400,1.0
margin_vs_heatmap,0.778297084085077,1217,tighten,400,0,400,1.0
margin_vs_heatmap,0.778297084085077,1218,tighten,400,0,400,1.0
margin_vs_heatmap,0.778297084085077,1219,tighten,400,0,400,1.0
margin_vs_heatmap,0.778297084085077,1220,tighten,400,0,400,1.0
margin_vs_heatmap,0.778297084085077,1221,tighten,400,0,400,1.0
margin_vs_heatmap,0.778297084085077,1222,tighten,400,372,28,0.07
margin_vs_heatmap,0.778297084085077,1223,tighten,400,0,400,1.0
margin_vs_heatmap,0.778297084085077,1224,tighten,400,0,400,1.0
margin_vs_heatmap,0.778297084085077,1225,tighten,400,0,400,1.0
margin_vs_heatmap,0.778297084085077,1226,tighten,400,0,400,1.0
margin_vs_heatmap,0.778297084085077,1227,tighten,400,0,400,1.0
margin_vs_heatmap,0.778297084085077,1228,tighten,400,98,302,0.755
margin_vs_heatmap,0.778297084085077,1229,tighten,400,97,303,0.7575
margin_vs_heatmap,0.778297084085077,1230,tighten,400,400,0,0.0
margin_vs_heatmap,0.778297084085077,1231,tighten,400,0,400,1.0
margin_vs_heatmap,0.778297084085077,1232,tighten,400,0,400,1.0
margin_vs_heatmap,0.778297084085077,1233,tighten,400,0,400,1.0
margin_vs_heatmap,0.778297084085077,1234,tighten,400,0,400,1.0
margin_vs_heatmap,0.778297084085077,1235,tighten,400,104,296,0.74
margin_vs_heatmap,0.778297084085077,1236,tighten,400,0,400,1.0
margin_vs_heatmap,0.778297084085077,1237,tighten,400,97,303,0.7575
margin_vs_heatmap,0.778297084085077,1238,tighten,400,0,400,1.0
margin_vs_heatmap,0.778297084085077,1239,tighten,400,0,400,1.0
margin_vs_heatmap,0.778297084085077,1240,tighten,400,0,400,1.0
margin_vs_heatmap,0.778297084085077,1241,tighten,400,91,309,0.7725
margin_vs_heatmap,0.778297084085077,1242,tighten,400,97,303,0.7575
margin_vs_heatmap,0.778297084085077,1243,tighten,400,0,400,1.0
margin_vs_heatmap,0.778297084085077,1244,tighten,400,400,0,0.0
margin_vs_heatmap,0.778297084085077,1245,tighten,400,112,288,0.72
margin_vs_heatmap,0.778297084085077,1246,tighten,400,115,285,0.7125
margin_vs_heatmap,0.778297084085077,1247,tighten,400,0,400,1.0
margin_vs_heatmap,0.778297084085077,1248,tighten,400,0,400,1.0
margin_vs_heatmap,0.778297084085077,1249,tighten,400,96,304,0.76
margin_vs_heatmap,0.778297084085077,1250,tighten,400,0,400,1.0
margin_vs_heatmap,0.778297084085077,1251,tighten,400,114,286,0.715
margin_vs_heatmap,0.778297084085077,1252,tighten,400,106,294,0.735
margin_vs_heatmap,0.778297084085077,1253,tighten,400,0,400,1.0
margin_vs_heatmap,0.778297084085077,1254,tighten,400,89,311,0.7775
margin_vs_heatmap,0.778297084085077,1255,tighten,400,400,0,0.0
margin_vs_heatmap,0.778297084085077,1256,tighten,400,0,400,1.0
margin_vs_heatmap,0.778297084085077,1257,tighten,400,101,299,0.7475
margin_vs_heatmap,0.778297084085077,1258,tighten,400,0,400,1.0
margin_vs_heatmap,0.778297084085077,1259,tighten,400,101,299,0.7475
margin_vs_heatmap,0.778297084085077,1260,tighten,400,131,269,0.6725
margin_vs_heatmap,0.778297084085077,1261,tighten,400,102,298,0.745
margin_vs_heatmap,0.778297084085077,1262,tighten,400,33,367,0.9175
margin_vs_heatmap,0.778297084085077,1263,tighten,400,0,400,1.0
margin_vs_heatmap,0.778297084085077,1264,tighten,400,0,400,1.0
margin_vs_heatmap,0.7071067811865476,1265,tighten,400,400,0,0.0
margin_vs_heatmap,0.7071067811865476,1266,tighten,400,206,194,0.485
margin_vs_heatmap,0.7071067811865476,1267,tighten,400,400,0,0.0
margin_vs_heatmap,0.7071067811865476,1268,tighten,400,121,279,0.6975
margin_vs_heatmap,0.7711054127039704,1269,tighten,400,0,400,1.0
margin_vs_heatmap,0.7711054127039704,1270,tighten,400,0,400,1.0
margin_vs_heatmap,0.7711054127039704,1271,tighten,400,97,303,0.7575
margin_vs_heatmap,0.7711054127039704,1272,tighten,400,197,203,0.5075
margin_vs_heatmap,0.7248298554327145,1273,tighten,400,219,181,0.4525
margin_vs_heatmap,0.7248298554327145,1274,tighten,400,400,0,0.0
margin_vs_heatmap,0.7248298554327145,1275,tighten,400,123,277,0.6925
margin_vs_heatmap,0.7248298554327145,1276,tighten,400,280,120,0.3
margin_vs_heatmap,0.6898170601727025,1277,tighten,400,400,0,0.0
margin_vs_heatmap,0.6898170601727025,1278,tighten,400,110,290,0.725
margin_vs_heatmap,0.6898170601727025,1279,tighten,400,400,0,0.0
margin_vs_heatmap,0.6898170601727025,1280,tighten,400,400,0,0.0
margin_vs_heatmap,0.778297084085077,1281,tighten,400,0,400,1.0
margin_vs_heatmap,0.778297084085077,1282,tighten,400,0,400,1.0
margin_vs_heatmap,0.778297084085077,1283,tighten,400,89,311,0.7775
margin_vs_heatmap,0.778297084085077,1284,tighten,400,113,287,0.7175
margin_vs_heatmap,0.773495222348991,1285,tighten,400,100,300,0.75
margin_vs_heatmap,0.773495222348991,1286,tighten,400,196,204,0.51
margin_vs_heatmap,0.773495222348991,1287,tighten,400,26,374,0.935
margin_vs_heatmap,0.773495222348991,1288,tighten,400,0,400,1.0
margin_vs_heatmap,0.6729500963161781,1289,tighten,400,400,0,0.0
margin_vs_heatmap,0.6729500963161781,1290,tighten,400,400,0,0.0
margin_vs_heatmap,0.6729500963161781,1291,tighten,400,400,0,0.0
margin_vs_heatmap,0.6729500963161781,1292,tighten,400,400,0,0.0
margin_vs_heatmap,0.7429971445684742,1293,tighten,400,264,136,0.34
margin_vs_heatmap,0.7429971445684742,1294,tighten,400,84,316,0.79
margin_vs_heatmap,0.7429971445684742,1295,tighten,400,306,94,0.235
margin_vs_heatmap,0.7429971445684742,1296,tighten,400,400,0,0.0
margin_vs_heatmap,0.7592666634926744,1297,tighten,400,400,0,0.0
margin_vs_heatmap,0.7592666634926744,1298,tighten,400,103,297,0.7425
margin_vs_heatmap,0.7592666634926744,1299,tighten,400,387,13,0.0325
margin_vs_heatmap,0.7592666634926744,1300,tighten,400,0,400,1.0
margin_vs_heatmap,0.7338572837306221,1301,tighten,400,0,400,1.0
margin_vs_heatmap,0.7338572837306221,1302,tighten,400,105,295,0.7375
margin_vs_heatmap,0.7338572837306221,1303,tighten,400,98,302,0.755
margin_vs_heatmap,0.7338572837306221,1304,tighten,400,103,297,0.7425
margin_vs_heatmap,0.7569208147490363,1305,tighten,400,0,400,1.0
margin_vs_heatmap,0.7569208147490363,1306,tighten,400,21,379,0.9475
margin_vs_heatmap,0.7569208147490363,1307,tighten,400,147,253,0.6325
margin_vs_heatmap,0.7569208147490363,1308,tighten,400,0,400,1.0
margin_vs_heatmap,0.7522508382427473,1309,tighten,400,0,400,1.0
margin_vs_heatmap,0.7522508382427473,1310,tighten,400,100,300,0.75
margin_vs_heatmap,0.7522508382427473,1311,tighten,400,102,298,0.745
margin_vs_heatmap,0.7522508382427473,1312,tighten,400,160,240,0.6
margin_vs_heatmap,0.7384130729697497,1313,tighten,400,0,400,1.0
margin_vs_heatmap,0.7384130729697497,1314,tighten,400,117,283,0.7075
margin_vs_heatmap,0.7384130729697497,1315,tighten,400,192,208,0.52
margin_vs_heatmap,0.7384130729697497,1316,tighten,400,176,224,0.56
margin_vs_heatmap,0.7807091821557101,1317,tighten,400,0,400,1.0
margin_vs_heatmap,0.7807091821557101,1318,tighten,400,0,400,1.0
margin_vs_heatmap,0.7807091821557101,1319,tighten,400,210,190,0.475
margin_vs_heatmap,0.7807091821557101,1320,tighten,400,0,400,1.0
margin_vs_heatmap,0.820335356007638,1321,tighten,400,107,293,0.7325
margin_vs_heatmap,0.820335356007638,1322,tighten,400,0,400,1.0
margin_vs_heatmap,0.820335356007638,1323,tighten,400,0,400,1.0
margin_vs_heatmap,0.820335356007638,1324,tighten,400,0,400,1.0
margin_vs_heatmap,0.820335356007638,1325,tighten,400,0,400,1.0
margin_vs_heatmap,0.820335356007638,1326,tighten,400,0,400,1.0
margin_vs_heatmap,0.820335356007638,1327,tighten,400,0,400,1.0
margin_vs_heatmap,0.820335356007638,1328,tighten,400,0,400,1.0
margin_vs_heatmap,0.6564955526303958,1329,tighten,400,400,0,0.0
margin_vs_heatmap,0.6564955526303958,1330,tighten,400,400,0,0.0
margin_vs_heatmap,0.6564955526303958,1331,tighten,400,400,0,0.0
margin_vs_heatmap,0.6564955526303958,1332,tighten,400,400,0,0.0
margin_vs_heatmap,0.7758924384912885,1333,tighten,400,348,52,0.13
margin_vs_heatmap,0.7758924384912885,1334,tighten,400,0,400,1.0
margin_vs_heatmap,0.7758924384912885,1335,tighten,400,135,265,0.6625
margin_vs_heatmap,0.7758924384912885,1336,tighten,400,0,400,1.0
margin_vs_heatmap,0.7071067811865476,1337,tighten,400,400,0,0.0
margin_vs_heatmap,0.7071067811865476,1338,tighten,400,400,0,0.0
margin_vs_heatmap,0.7071067811865476,1339,tighten,400,94,306,0.765
margin_vs_heatmap,0.7071067811865476,1340,tighten,400,400,0,0.0
margin_vs_heatmap,0.6898170601727025,1341,tighten,400,400,0,0.0
margin_vs_heatmap,0.6898170601727025,1342,tighten,400,400,0,0.0
margin_vs_heatmap,0.6898170601727025,1343,tighten,400,400,0,0.0
margin_vs_heatmap,0.6898170601727025,1344,tighten,400,108,292,0.73
margin_vs_heatmap,0.7592666634926744,1345,tighten,400,0,400,1.0
margin_vs_heatmap,0.7592666634926744,1346,tighten,400,203,197,0.4925
margin_vs_heatmap,0.7592666634926744,1347,tighten,400,32,368,0.92
margin_vs_heatmap,0.7592666634926744,1348,tighten,400,182,218,0.545
margin_vs_heatmap,0.7248298554327145,1349,tighten,400,103,297,0.7425
margin_vs_heatmap,0.7248298554327145,1350,tighten,400,206,194,0.485
margin_vs_heatmap,0.7248298554327145,1351,tighten,400,125,275,0.6875
margin_vs_heatmap,0.7248298554327145,1352,tighten,400,149,251,0.6275
margin_vs_heatmap,0.761619782489978,1353,tighten,400,89,311,0.7775
margin_vs_heatmap,0.761619782489978,1354,tighten,400,0,400,1.0
margin_vs_heatmap,0.761619782489978,1355,tighten,400,109,291,0.7275
margin_vs_heatmap,0.761619782489978,1356,tighten,400,69,331,0.8275
margin_vs_heatmap,0.7711054127039704,1357,tighten,400,97,303,0.7575
margin_vs_heatmap,0.7711054127039704,1358,tighten,400,29,371,0.9275
margin_vs_heatmap,0.7711054127039704,1359,tighten,400,101,299,0.7475
margin_vs_heatmap,0.7711054127039704,1360,tighten,400,93,307,0.7675
margin_vs_heatmap,0.7429971445684742,1361,tighten,400,168,232,0.58
margin_vs_heatmap,0.7429971445684742,1362,tighten,400,289,111,0.2775
margin_vs_heatmap,0.7429971445684742,1363,tighten,400,109,291,0.7275
margin_vs_heatmap,0.7429971445684742,1364,tighten,400,204,196,0.49
margin_vs_heatmap,0.7338572837306221,1365,tighten,400,400,0,0.0
margin_vs_heatmap,0.7338572837306221,1366,tighten,400,94,306,0.765
margin_vs_heatmap,0.7338572837306221,1367,tighten,400,0,400,1.0
margin_vs_heatmap,0.7338572837306221,1368,tighten,400,0,400,1.0
margin_vs_heatmap,0.778297084085077,1369,tighten,400,0,400,1.0
margin_vs_heatmap,0.778297084085077,1370,tighten,400,187,213,0.5325
margin_vs_heatmap,0.778297084085077,1371,tighten,400,0,400,1.0
margin_vs_heatmap,0.778297084085077,1372,tighten,400,29,371,0.9275
margin_vs_heatmap,0.7758924384912885,1373,tighten,400,95,305,0.7625
margin_vs_heatmap,0.7758924384912885,1374,tighten,400,102,298,0.745
margin_vs_heatmap,0.7758924384912885,1375,tighten,400,0,400,1.0
margin_vs_heatmap,0.7758924384912885,1376,tighten,400,0,400,1.0
margin_vs_heatmap,0.7569208147490363,1377,tighten,400,203,197,0.4925
margin_vs_heatmap,0.7569208147490363,1378,tighten,400,18,382,0.955
margin_vs_heatmap,0.7569208147490363,1379,tighten,400,400,0,0.0
margin_vs_heatmap,0.7569208147490363,1380,tighten,400,400,0,0.0
margin_vs_heatmap,0.773495222348991,1381,tighten,400,0,400,1.0
margin_vs_heatmap,0.773495222348991,1382,tighten,400,96,304,0.76
margin_vs_heatmap,0.773495222348991,1383,tighten,400,51,349,0.8725
margin_vs_heatmap,0.773495222348991,1384,tighten,400,0,400,1.0
margin_vs_heatmap,0.7807091821557101,1385,tighten,400,0,400,1.0
margin_vs_heatmap,0.7807091821557101,1386,tighten,400,0,400,1.0
margin_vs_heatmap,0.7807091821557101,1387,tighten,400,91,309,0.7725
margin_vs_heatmap,0.7807091821557101,1388,tighten,400,95,305,0.7625
margin_vs_heatmap,0.7384130729697497,1389,tighten,400,117,283,0.7075
margin_vs_heatmap,0.7384130729697497,1390,tighten,400,117,283,0.7075
margin_vs_heatmap,0.7384130729697497,1391,tighten,400,106,294,0.735
margin_vs_heatmap,0.7384130729697497,1392,tighten,400,280,120,0.3
margin_vs_heatmap,0.7522508382427473,1393,tighten,400,99,301,0.7525
margin_vs_heatmap,0.7522508382427473,1394,tighten,400,192,208,0.52
margin_vs_heatmap,0.7522508382427473,1395,tighten,400,101,299,0.7475
margin_vs_heatmap,0.7522508382427473,1396,tighten,400,0,400,1.0
margin_vs_heatmap,0.6898170601727025,1397,tighten,400,185,215,0.5375
margin_vs_heatmap,0.6898170601727025,1398,tighten,400,400,0,0.0
margin_vs_heatmap,0.6898170601727025,1399,tighten,400,400,0,0.0
margin_vs_heatmap,0.6898170601727025,1400,tighten,400,400,0,0.0
margin_vs_heatmap,0.7071067811865476,1401,tighten,400,400,0,0.0
margin_vs_heatmap,0.7071067811865476,1402,tighten,400,400,0,0.0
margin_vs_heatmap,0.7071067811865476,1403,tighten,400,400,0,0.0
margin_vs_heatmap,0.7071067811865476,1404,tighten,400,400,0,0.0
margin_vs_heatmap,0.7159134766037984,1405,insert,400,400,0,0.0
margin_vs_heatmap,0.7159134766037984,1406,insert,400,93,307,0.7675
margin_vs_heatmap,0.7159134766037984,1407,insert,400,21,379,0.9475
margin_vs_heatmap,0.7159134766037984,1408,insert,400,302,98,0.245
margin_vs_heatmap,0.7159134766037984,1409,tighten,400,400,0,0.0
margin_vs_heatmap,0.7159134766037984,1410,tighten,400,400,0,0.0
margin_vs_heatmap,0.7159134766037984,1411,tighten,400,87,313,0.7825
margin_vs_heatmap,0.7159134766037984,1412,tighten,400,25,375,0.9375
margin_vs_heatmap,0.7159134766037984,1413,tighten,400,400,0,0.0
margin_vs_heatmap,0.7159134766037984,1414,tighten,400,298,102,0.255
margin_vs_heatmap,0.7159134766037984,1415,tighten,400,400,0,0.0
margin_vs_heatmap,0.7159134766037984,1416,tighten,400,400,0,0.0
margin_vs_heatmap,0.7159134766037984,1417,tighten,400,235,165,0.4125
margin_vs_heatmap,0.7159134766037984,1418,tighten,400,400,0,0.0
margin_vs_heatmap,0.7159134766037984,1419,tighten,400,400,0,0.0
margin_vs_heatmap,0.7159134766037984,1420,tighten,400,400,0,0.0
margin_vs_heatmap,0.7159134766037984,1421,tighten,400,400,0,0.0
margin_vs_heatmap,0.7159134766037984,1422,tighten,400,400,0,0.0
margin_vs_heatmap,0.7159134766037984,1423,tighten,400,400,0,0.0
margin_vs_heatmap,0.7159134766037984,1424,tighten,400,0,400,1.0
margin_vs_heatmap,0.7159134766037984,1425,tighten,400,104,296,0.74
margin_vs_heatmap,0.7159134766037984,1426,tighten,400,400,0,0.0
margin_vs_heatmap,0.7159134766037984,1427,tighten,400,114,286,0.715
margin_vs_heatmap,0.7159134766037984,1428,tighten,400,400,0,0.0
margin_vs_heatmap,0.7159134766037984,1429,tighten,400,68,332,0.83
margin_vs_heatmap,0.7159134766037984,1430,tighten,400,400,0,0.0
margin_vs_heatmap,0.7159134766037984,1431,tighten,400,400,0,0.0
margin_vs_heatmap,0.7159134766037984,1432,tighten,400,212,188,0.47
margin_vs_heatmap,0.7159134766037984,1433,tighten,400,400,0,0.0
margin_vs_heatmap,0.7159134766037984,1434,tighten,400,78,322,0.805
margin_vs_heatmap,0.7159134766037984,1435,tighten,400,400,0,0.0
margin_vs_heatmap,0.7159134766037984,1436,tighten,400,168,232,0.58
margin_vs_heatmap,0.7159134766037984,1437,tighten,400,400,0,0.0
margin_vs_heatmap,0.7159134766037984,1438,tighten,400,108,292,0.73
margin_vs_heatmap,0.7159134766037984,1439,tighten,400,98,302,0.755
margin_vs_heatmap,0.7159134766037984,1440,tighten,400,400,0,0.0
margin_vs_heatmap,0.7159134766037984,1441,tighten,400,0,400,1.0
margin_vs_heatmap,0.7159134766037984,1442,tighten,400,400,0,0.0
margin_vs_heatmap,0.7159134766037984,1443,tighten,400,202,198,0.495
margin_vs_heatmap,0.7159134766037984,1444,tighten,400,311,89,0.2225
margin_vs_heatmap,0.7159134766037984,1445,tighten,400,291,109,0.2725
margin_vs_heatmap,0.7159134766037984,1446,tighten,400,400,0,0.0
margin_vs_heatmap,0.7159134766037984,1447,tighten,400,400,0,0.0
margin_vs_heatmap,0.7159134766037984,1448,tighten,400,400,0,0.0
margin_vs_heatmap,0.7159134766037984,1449,tighten,400,400,0,0.0
margin_vs_heatmap,0.7159134766037984,1450,tighten,400,400,0,0.0
margin_vs_heatmap,0.7159134766037984,1451,tighten,400,200,200,0.5
margin_vs_heatmap,0.7159134766037984,1452,tighten,400,220,180,0.45
margin_vs_heatmap,0.7159134766037984,1453,tighten,400,299,101,0.2525
margin_vs_heatmap,0.7159134766037984,1454,tighten,400,400,0,0.0
margin_vs_heatmap,0.7159134766037984,1455,tighten,400,209,191,0.4775
margin_vs_heatmap,0.7159134766037984,1456,tighten,400,400,0,0.0
margin_vs_heatmap,0.7159134766037984,1457,tighten,400,400,0,0.0
margin_vs_heatmap,0.7159134766037984,1458,tighten,400,400,0,0.0
margin_vs_heatmap,0.7159134766037984,1459,tighten,400,108,292,0.73
margin_vs_heatmap,0.7159134766037984,1460,tighten,400,102,298,0.745
margin_vs_heatmap,0.7159134766037984,1461,tighten,400,205,195,0.4875
margin_vs_heatmap,0.7159134766037984,1462,tighten,400,214,186,0.465
margin_vs_heatmap,0.7159134766037984,1463,tighten,400,399,1,0.0025
margin_vs_heatmap,0.7159134766037984,1464,tighten,400,400,0,0.0
margin_vs_heatmap,0.7159134766037984,1465,tighten,400,400,0,0.0
margin_vs_heatmap,0.7159134766037984,1466,tighten,400,193,207,0.5175
margin_vs_heatmap,0.7159134766037984,1467,tighten,400,400,0,0.0
margin_vs_heatmap,0.7159134766037984,1468,tighten,400,98,302,0.755
margin_vs_heatmap,0.7159134766037984,1469,tighten,400,400,0,0.0
margin_vs_heatmap,0.7159134766037984,1470,tighten,400,400,0,0.0
margin_vs_heatmap,0.7159134766037984,1471,tighten,400,101,299,0.7475
margin_vs_heatmap,0.7159134766037984,1472,tighten,400,171,229,0.5725
margin_vs_heatmap,0.7159134766037984,1473,tighten,400,110,290,0.725
margin_vs_heatmap,0.7159134766037984,1474,tighten,400,400,0,0.0
margin_vs_heatmap,0.7159134766037984,1475,tighten,400,400,0,0.0
margin_vs_heatmap,0.7159134766037984,1476,tighten,400,92,308,0.77
margin_vs_heatmap,0.7159134766037984,1477,tighten,400,0,400,1.0
margin_vs_heatmap,0.7159134766037984,1478,tighten,400,400,0,0.0
margin_vs_heatmap,0.7159134766037984,1479,tighten,400,209,191,0.4775
margin_vs_heatmap,0.7159134766037984,1480,tighten,400,325,75,0.1875
margin_vs_heatmap,0.7159134766037984,1481,tighten,400,400,0,0.0
margin_vs_heatmap,0.7159134766037984,1482,tighten,400,397,3,0.0075
margin_vs_heatmap,0.7159134766037984,1483,tighten,400,400,0,0.0
margin_vs_heatmap,0.7159134766037984,1484,tighten,400,400,0,0.0
margin_vs_heatmap,0.7159134766037984,1485,tighten,400,400,0,0.0
margin_vs_heatmap,0.7159134766037984,1486,tighten,400,186,214,0.535
margin_vs_heatmap,0.7159134766037984,1487,tighten,400,400,0,0.0
margin_vs_heatmap,0.7159134766037984,1488,tighten,400,88,312,0.78
margin_vs_heatmap,0.6729500963161781,1489,tighten,400,400,0,0.0
margin_vs_heatmap,0.6729500963161781,1490,tighten,400,400,0,0.0
margin_vs_heatmap,0.6729500963161781,1491,tighten,400,400,0,0.0
margin_vs_heatmap,0.6729500963161781,1492,tighten,400,400,0,0.0
margin_vs_heatmap,0.7592666634926744,1493,tighten,400,52,348,0.87
margin_vs_heatmap,0.7592666634926744,1494,tighten,400,200,200,0.5
margin_vs_heatmap,0.7592666634926744,1495,tighten,400,0,400,1.0
margin_vs_heatmap,0.7592666634926744,1496,tighten,400,0,400,1.0
margin_vs_heatmap,0.7338572837306221,1497,tighten,400,215,185,0.4625
margin_vs_heatmap,0.7338572837306221,1498,tighten,400,394,6,0.015
margin_vs_heatmap,0.7338572837306221,1499,tighten,400,49,351,0.8775
margin_vs_heatmap,0.7338572837306221,1500,tighten,400,110,290,0.725
margin_vs_heatmap,0.7248298554327145,1501,tighten,400,296,104,0.26
margin_vs_heatmap,0.7248298554327145,1502,tighten,400,400,0,0.0
margin_vs_heatmap,0.7248298554327145,1503,tighten,400,400,0,0.0
margin_vs_heatmap,0.7248298554327145,1504,tighten,400,89,311,0.7775
margin_vs_heatmap,0.9057236642639066,1505,tighten,400,0,400,1.0
margin_vs_heatmap,0.9057236642639066,1506,tighten,400,0,400,1.0
margin_vs_heatmap,0.9057236642639066,1507,tighten,400,0,400,1.0
margin_vs_heatmap,0.9057236642639066,1508,tighten,400,0,400,1.0
margin_vs_heatmap,0.7569208147490363,1509,tighten,400,0,400,1.0
margin_vs_heatmap,0.7569208147490363,1510,tighten,400,0,400,1.0
margin_vs_heatmap,0.7569208147490363,1511,tighten,400,0,400,1.0
margin_vs_heatmap,0.7569208147490363,1512,tighten,400,183,217,0.5425
margin_vs_heatmap,0.7159134766037984,1513,tighten,400,5,395,0.9875
margin_vs_heatmap,0.7159134766037984,1514,tighten,400,184,216,0.54
margin_vs_heatmap,0.7159134766037984,1515,tighten,400,379,21,0.0525
margin_vs_heatmap,0.7159134766037984,1516,tighten,400,400,0,0.0
margin_vs_heatmap,0.7429971445684742,1517,tighten,400,204,196,0.49
margin_vs_heatmap,0.7429971445684742,1518,tighten,400,201,199,0.4975
margin_vs_heatmap,0.7429971445684742,1519,tighten,400,96,304,0.76
margin_vs_heatmap,0.7429971445684742,1520,tighten,400,400,0,0.0
margin_vs_heatmap,0.761619782489978,1521,tighten,400,0,400,1.0
margin_vs_heatmap,0.761619782489978,1522,tighten,400,1,399,0.9975
margin_vs_heatmap,0.761619782489978,1523,tighten,400,0,400,1.0
margin_vs_heatmap,0.761619782489978,1524,tighten,400,210,190,0.475
margin_vs_heatmap,0.7711054127039704,1525,tighten,400,94,306,0.765
margin_vs_heatmap,0.7711054127039704,1526,tighten,400,0,400,1.0
margin_vs_heatmap,0.7711054127039704,1527,tighten,400,0,400,1.0
margin_vs_heatmap,0.7711054127039704,1528,tighten,400,0,400,1.0
margin_vs_heatmap,0.778297084085077,1529,tighten,400,102,298,0.745
margin_vs_heatmap,0.778297084085077,1530,tighten,400,114,286,0.715
margin_vs_heatmap,0.778297084085077,1531,tighten,400,93,307,0.7675
margin_vs_heatmap,0.778297084085077,1532,tighten,400,100,300,0.75
margin_vs_heatmap,0.7384130729697497,1533,tighten,400,135,265,0.6625
margin_vs_heatmap,0.7384130729697497,1534,tighten,400,92,308,0.77
margin_vs_heatmap,0.7384130729697497,1535,tighten,400,228,172,0.43
margin_vs_heatmap,0.7384130729697497,1536,tighten,400,400,0,0.0
margin_vs_heatmap,0.7758924384912885,1537,tighten,400,0,400,1.0
margin_vs_heatmap,0.7758924384912885,1538,tighten,400,97,303,0.7575
margin_vs_heatmap,0.7758924384912885,1539,tighten,400,0,400,1.0
margin_vs_heatmap,0.7758924384912885,1540,tighten,400,0,400,1.0
margin_vs_heatmap,0.7522508382427473,1541,tighten,400,0,400,1.0
margin_vs_heatmap,0.7522508382427473,1542,tighten,400,0,400,1.0
margin_vs_heatmap,0.7522508382427473,1543,tighten,400,96,304,0.76
margin_vs_heatmap,0.7522508382427473,1544,tighten,400,113,287,0.7175
margin_vs_heatmap,0.820335356007638,1545,tighten,400,0,400,1.0
margin_vs_heatmap,0.820335356007638,1546,tighten,400,0,400,1.0
margin_vs_heatmap,0.820335356007638,1547,tighten,400,0,400,1.0
margin_vs_heatmap,0.820335356007638,1548,tighten,400,0,400,1.0
margin_vs_heatmap,0.6898170601727025,1549,tighten,400,400,0,0.0
margin_vs_heatmap,0.6898170601727025,1550,tighten,400,400,0,0.0
margin_vs_heatmap,0.6898170601727025,1551,tighten,400,400,0,0.0
margin_vs_heatmap,0.6898170601727025,1552,tighten,400,400,0,0.0
margin_vs_heatmap,0.7071067811865476,1553,tighten,400,102,298,0.745
margin_vs_heatmap,0.7071067811865476,1554,tighten,400,400,0,0.0
margin_vs_heatmap,0.7071067811865476,1555,tighten,400,400,0,0.0
margin_vs_heatmap,0.7071067811865476,1556,tighten,400,400,0,0.0
margin_vs_heatmap,0.7159134766037984,1557,tighten,400,204,196,0.49
margin_vs_heatmap,0.7159134766037984,1558,tighten,400,101,299,0.7475
margin_vs_heatmap,0.7159134766037984,1559,tighten,400,400,0,0.0
margin_vs_heatmap,0.7159134766037984,1560,tighten,400,89,311,0.7775
margin_vs_heatmap,0.6564955526303958,1561,tighten,400,400,0,0.0
margin_vs_heatmap,0.6564955526303958,1562,tighten,400,290,110,0.275
margin_vs_heatmap,0.6564955526303958,1563,tighten,400,400,0,0.0
margin_vs_heatmap,0.6564955526303958,1564,tighten,400,400,0,0.0
margin_vs_heatmap,0.7248298554327145,1565,tighten,400,15,385,0.9625
margin_vs_heatmap,0.7248298554327145,1566,tighten,400,96,304,0.76
margin_vs_heatmap,0.7248298554327145,1567,tighten,400,0,400,1.0
margin_vs_heatmap,0.7248298554327145,1568,tighten,400,209,191,0.4775
margin_vs_heatmap,0.7338572837306221,1569,tighten,400,113,287,0.7175
margin_vs_heatmap,0.7338572837306221,1570,tighten,400,400,0,0.0
margin_vs_heatmap,0.7338572837306221,1571,tighten,400,155,245,0.6125
margin_vs_heatmap,0.7338572837306221,1572,tighten,400,400,0,0.0
margin_vs_heatmap,0.773495222348991,1573,tighten,400,0,400,1.0
margin_vs_heatmap,0.773495222348991,1574,tighten,400,87,313,0.7825
margin_vs_heatmap,0.773495222348991,1575,tighten,400,0,400,1.0
margin_vs_heatmap,0.773495222348991,1576,tighten,400,0,400,1.0
margin_vs_heatmap,0.7592666634926744,1577,tighten,400,86,314,0.785
margin_vs_heatmap,0.7592666634926744,1578,tighten,400,400,0,0.0
margin_vs_heatmap,0.7592666634926744,1579,tighten,400,326,74,0.185
margin_vs_heatmap,0.7592666634926744,1580,tighten,400,0,400,1.0
margin_vs_heatmap,0.7569208147490363,1581,tighten,400,102,298,0.745
margin_vs_heatmap,0.7569208147490363,1582,tighten,400,37,363,0.9075
margin_vs_heatmap,0.7569208147490363,1583,tighten,400,0,400,1.0
margin_vs_heatmap,0.7569208147490363,1584,tighten,400,400,0,0.0
margin_vs_heatmap,0.7429971445684742,1585,tighten,400,0,400,1.0
margin_vs_heatmap,0.7429971445684742,1586,tighten,400,93,307,0.7675
margin_vs_heatmap,0.7429971445684742,1587,tighten,400,215,185,0.4625
margin_vs_heatmap,0.7429971445684742,1588,tighten,400,400,0,0.0
margin_vs_heatmap,0.7807091821557101,1589,tighten,400,192,208,0.52
margin_vs_heatmap,0.7807091821557101,1590,tighten,400,118,282,0.705
margin_vs_heatmap,0.7807091821557101,1591,tighten,400,90,310,0.775
margin_vs_heatmap,0.7807091821557101,1592,tighten,400,98,302,0.755
margin_vs_heatmap,0.8002770425809654,1593,insert,400,0,400,1.0
margin_vs_heatmap,0.8002770425809654,1594,insert,400,0,400,1.0
margin_vs_heatmap,0.8002770425809654,1595,insert,400,91,309,0.7725
margin_vs_heatmap,0.8002770425809654,1596,insert,400,0,400,1.0
margin_vs_heatmap,0.8002770425809654,1597,tighten,400,0,400,1.0
margin_vs_heatmap,0.8002770425809654,1598,tighten,400,0,400,1.0
margin_vs_heatmap,0.8002770425809654,1599,tighten,400,0,400,1.0
margin_vs_heatmap,0.8002770425809654,1600,tighten,400,0,400,1.0
margin_vs_heatmap,0.8002770425809654,1601,tighten,400,0,400,1.0
margin_vs_heatmap,0.8002770425809654,1602,tighten,400,0,400,1.0
margin_vs_heatmap,0.8002770425809654,1603,tighten,400,400,0,0.0
margin_vs_heatmap,0.8002770425809654,1604,tighten,400,60,340,0.85
margin_vs_heatmap,0.8002770425809654,1605,tighten,400,0,400,1.0
margin_vs_heatmap,0.8002770425809654,1606,tighten,400,0,400,1.0
margin_vs_heatmap,0.8002770425809654,1607,tighten,400,0,400,1.0
margin_vs_heatmap,0.8002770425809654,1608,tighten,400,200,200,0.5
margin_vs_heatmap,0.8002770425809654,1609,tighten,400,119,281,0.7025
margin_vs_heatmap,0.8002770425809654,1610,tighten,400,105,295,0.7375
margin_vs_heatmap,0.8002770425809654,1611,tighten,400,92,308,0.77
margin_vs_heatmap,0.8002770425809654,1612,tighten,400,0,400,1.0
margin_vs_heatmap,0.8002770425809654,1613,tighten,400,0,400,1.0
margin_vs_heatmap,0.8002770425809654,1614,tighten,400,0,400,1.0
margin_vs_heatmap,0.8002770425809654,1615,tighten,400,0,400,1.0
margin_vs_heatmap,0.8002770425809654,1616,tighten,400,0,400,1.0
margin_vs_heatmap,0.8002770425809654,1617,tighten,400,0,400,1.0
margin_vs_heatmap,0.8002770425809654,1618,tighten,400,39,361,0.9025
margin_vs_heatmap,0.8002770425809654,1619,tighten,400,0,400,1.0
margin_vs_heatmap,0.8002770425809654,1620,tighten,400,113,287,0.7175
margin_vs_heatmap,0.8002770425809654,1621,tighten,400,104,296,0.74
margin_vs_heatmap,0.8002770425809654,1622,tighten,400,0,400,1.0
margin_vs_heatmap,0.8002770425809654,1623,tighten,400,0,400,1.0
margin_vs_heatmap,0.8002770425809654,1624,tighten,400,0,400,1.0
margin_vs_heatmap,0.8002770425809654,1625,tighten,400,0,400,1.0
margin_vs_heatmap,0.8002770425809654,1626,tighten,400,93,307,0.7675
margin_vs_heatmap,0.8002770425809654,1627,tighten,400,0,400,1.0
margin_vs_heatmap,0.8002770425809654,1628,tighten,400,0,400,1.0
margin_vs_heatmap,0.8002770425809654,1629,tighten,400,0,400,1.0
margin_vs_heatmap,0.8002770425809654,1630,tighten,400,0,400,1.0
margin_vs_heatmap,0.8002770425809654,1631,tighten,400,0,400,1.0
margin_vs_heatmap,0.8002770425809654,1632,tighten,400,0,400,1.0
margin_vs_heatmap,0.8002770425809654,1633,tighten,400,0,400,1.0
margin_vs_heatmap,0.8002770425809654,1634,tighten,400,0,400,1.0
margin_vs_heatmap,0.8002770425809654,1635,tighten,400,0,400,1.0
margin_vs_heatmap,0.8002770425809654,1636,tighten,400,0,400,1.0
margin_vs_heatmap,0.8002770425809654,1637,tighten,400,0,400,1.0
margin_vs_heatmap,0.8002770425809654,1638,tighten,400,0,400,1.0
margin_vs_heatmap,0.8002770425809654,1639,tighten,400,97,303,0.7575
margin_vs_heatmap,0.8002770425809654,1640,tighten,400,0,400,1.0
margin_vs_heatmap,0.8002770425809654,1641,tighten,400,0,400,1.0
margin_vs_heatmap,0.8002770425809654,1642,tighten,400,0,400,1.0
margin_vs_heatmap,0.8002770425809654,1643,tighten,400,106,294,0.735
margin_vs_heatmap,0.8002770425809654,1644,tighten,400,0,400,1.0
margin_vs_heatmap,0.8002770425809654,1645,tighten,400,0,400,1.0
margin_vs_heatmap,0.8002770425809654,1646,tighten,400,34,366,0.915
margin_vs_heatmap,0.8002770425809654,1647,tighten,400,0,400,1.0
margin_vs_heatmap,0.8002770425809654,1648,tighten,400,0,400,1.0
margin_vs_heatmap,0.6729500963161781,1649,tighten,400,299,101,0.2525
margin_vs_heatmap,0.6729500963161781,1650,tighten,400,400,0,0.0
margin_vs_heatmap,0.6729500963161781,1651,tighten,400,205,195,0.4875
margin_vs_heatmap,0.6729500963161781,1652,tighten,400,400,0,0.0
margin_vs_heatmap,0.7248298554327145,1653,tighten,400,111,289,0.7225
margin_vs_heatmap,0.7248298554327145,1654,tighten,400,189,211,0.5275
margin_vs_heatmap,0.7248298554327145,1655,tighten,400,400,0,0.0
margin_vs_heatmap,0.7248298554327145,1656,tighten,400,400,0,0.0
margin_vs_heatmap,0.7592666634926744,1657,tighten,400,0,400,1.0
margin_vs_heatmap,0.7592666634926744,1658,tighten,400,0,400,1.0
margin_vs_heatmap,0.7592666634926744,1659,tighten,400,0,400,1.0
margin_vs_heatmap,0.7592666634926744,1660,tighten,400,0,400,1.0
margin_vs_heatmap,0.761619782489978,1661,tighten,400,118,282,0.705
margin_vs_heatmap,0.761619782489978,1662,tighten,400,36,364,0.91
margin_vs_heatmap,0.761619782489978,1663,tighten,400,0,400,1.0
margin_vs_heatmap,0.761619782489978,1664,tighten,400,0,400,1.0
margin_vs_heatmap,0.7384130729697497,1665,tighten,400,21,379,0.9475
margin_vs_heatmap,0.7384130729697497,1666,tighten,400,99,301,0.7525
margin_vs_heatmap,0.7384130729697497,1667,tighten,400,0,400,1.0
margin_vs_heatmap,0.7384130729697497,1668,tighten,400,400,0,0.0
margin_vs_heatmap,0.7159134766037984,1669,tighten,400,94,306,0.765
margin_vs_heatmap,0.7159134766037984,1670,tighten,400,0,400,1.0
margin_vs_heatmap,0.7159134766037984,1671,tighten,400,400,0,0.0
margin_vs_heatmap,0.7159134766037984,1672,tighten,400,400,0,0.0
margin_vs_heatmap,0.7338572837306221,1673,tighten,400,199,201,0.5025
margin_vs_heatmap,0.7338572837306221,1674,tighten,400,400,0,0.0
margin_vs_heatmap,0.7338572837306221,1675,tighten,400,400,0,0.0
margin_vs_heatmap,0.7338572837306221,1676,tighten,400,0,400,1.0
margin_vs_heatmap,0.7711054127039704,1677,tighten,400,97,303,0.7575
margin_vs_heatmap,0.7711054127039704,1678,tighten,400,0,400,1.0
margin_vs_heatmap,0.7711054127039704,1679,tighten,400,103,297,0.7425
margin_vs_heatmap,0.7711054127039704,1680,tighten,400,105,295,0.7375
margin_vs_heatmap,0.7071067811865476,1681,tighten,400,400,0,0.0
margin_vs_heatmap,0.7071067811865476,1682,tighten,400,400,0,0.0
margin_vs_heatmap,0.7071067811865476,1683,tighten,400,400,0,0.0
margin_vs_heatmap,0.7071067811865476,1684,tighten,400,400,0,0.0
margin_vs_heatmap,0.7569208147490363,1685,tighten,400,0,400,1.0
margin_vs_heatmap,0.7569208147490363,1686,tighten,400,102,298,0.745
margin_vs_heatmap,0.7569208147490363,1687,tighten,400,109,291,0.7275
margin_vs_heatmap,0.7569208147490363,1688,tighten,400,104,296,0.74
margin_vs_heatmap,0.6564955526303958,1689,tighten,400,400,0,0.0
margin_vs_heatmap,0.6564955526303958,1690,tighten,400,400,0,0.0
margin_vs_heatmap,0.6564955526303958,1691,tighten,400,400,0,0.0
margin_vs_heatmap,0.6564955526303958,1692,tighten,400,400,0,0.0
margin_vs_heatmap,0.7522508382427473,1693,tighten,400,0,400,1.0
margin_vs_heatmap,0.7522508382427473,1694,tighten,400,88,312,0.78
margin_vs_heatmap,0.7522508382427473,1695,tighten,400,0,400,1.0
margin_vs_heatmap,0.7522508382427473,1696,tighten,400,0,400,1.0
margin_vs_heatmap,0.8002770425809654,1697,tighten,400,0,400,1.0
margin_vs_heatmap,0.8002770425809654,1698,tighten,400,32,368,0.92
margin_vs_heatmap,0.8002770425809654,1699,tighten,400,0,400,1.0
margin_vs_heatmap,0.8002770425809654,1700,tighten,400,0,400,1.0
margin_vs_heatmap,0.7429971445684742,1701,tighten,400,117,283,0.7075
margin_vs_heatmap,0.7429971445684742,1702,tighten,400,101,299,0.7475
margin_vs_heatmap,0.7429971445684742,1703,tighten,400,0,400,1.0
margin_vs_heatmap,0.7429971445684742,1704,tighten,400,149,251,0.6275
margin_vs_heatmap,0.7758924384912885,1705,tighten,400,0,400,1.0
margin_vs_heatmap,0.7758924384912885,1706,tighten,400,0,400,1.0
margin_vs_heatmap,0.7758924384912885,1707,tighten,400,0,400,1.0
margin_vs_heatmap,0.7758924384912885,1708,tighten,400,0,400,1.0
margin_vs_heatmap,0.7807091821557101,1709,tighten,400,0,400,1.0
margin_vs_heatmap,0.7807091821557101,1710,tighten,400,0,400,1.0
margin_vs_heatmap,0.7807091821557101,1711,tighten,400,0,400,1.0
margin_vs_heatmap,0.7807091821557101,1712,tighten,400,0,400,1.0
margin_vs_heatmap,0.778297084085077,1713,tighten,400,0,400,1.0
margin_vs_heatmap,0.778297084085077,1714,tighten,400,199,201,0.5025
margin_vs_heatmap,0.778297084085077,1715,tighten,400,0,400,1.0
margin_vs_heatmap,0.778297084085077,1716,tighten,400,0,400,1.0
margin_vs_heatmap,0.6898170601727025,1717,tighten,400,400,0,0.0
margin_vs_heatmap,0.6898170601727025,1718,tighten,400,400,0,0.0
margin_vs_heatmap,0.6898170601727025,1719,tighten,400,400,0,0.0
margin_vs_heatmap,0.6898170601727025,1720,tighten,400,400,0,0.0
margin_vs_heatmap,0.773495222348991,1721,tighten,400,200,200,0.5
margin_vs_heatmap,0.773495222348991,1722,tighten,400,124,276,0.69
margin_vs_heatmap,0.773495222348991,1723,tighten,400,0,400,1.0
margin_vs_heatmap,0.773495222348991,1724,tighten,400,105,295,0.7375
margin_vs_heatmap,0.7159134766037984,1725,tighten,400,400,0,0.0
margin_vs_heatmap,0.7159134766037984,1726,tighten,400,400,0,0.0
margin_vs_heatmap,0.7159134766037984,1727,tighten,400,329,71,0.1775
margin_vs_heatmap,0.7159134766037984,1728,tighten,400,400,0,0.0
margin_vs_heatmap,0.7384130729697497,1729,tighten,400,114,286,0.715
margin_vs_heatmap,0.7384130729697497,1730,tighten,400,160,240,0.6
margin_vs_heatmap,0.7384130729697497,1731,tighten,400,211,189,0.4725
margin_vs_heatmap,0.7384130729697497,1732,tighten,400,0,400,1.0
margin_vs_heatmap,0.7248298554327145,1733,tighten,400,400,0,0.0
margin_vs_heatmap,0.7248298554327145,1734,tighten,400,400,0,0.0
margin_vs_heatmap,0.7248298554327145,1735,tighten,400,103,297,0.7425
margin_vs_heatmap,0.7248298554327145,1736,tighten,400,91,309,0.7725
margin_vs_heatmap,0.6729500963161781,1737,tighten,400,400,0,0.0
margin_vs_heatmap,0.6729500963161781,1738,tighten,400,400,0,0.0
margin_vs_heatmap,0.6729500963161781,1739,tighten,400,400,0,0.0
margin_vs_heatmap,0.6729500963161781,1740,tighten,400,400,0,0.0
margin_vs_heatmap,0.7338572837306221,1741,tighten,400,400,0,0.0
margin_vs_heatmap,0.7338572837306221,1742,tighten,400,388,12,0.03
margin_vs_heatmap,0.7338572837306221,1743,tighten,400,298,102,0.255
margin_vs_heatmap,0.7338572837306221,1744,tighten,400,199,201,0.5025
margin_vs_heatmap,0.7592666634926744,1745,tighten,400,0,400,1.0
margin_vs_heatmap,0.7592666634926744,1746,tighten,400,0,400,1.0
margin_vs_heatmap,0.7592666634926744,1747,tighten,400,0,400,1.0
margin_vs_heatmap,0.7592666634926744,1748,tighten,400,139,261,0.6525
margin_vs_heatmap,0.7522508382427473,1749,tighten,400,0,400,1.0
margin_vs_heatmap,0.7522508382427473,1750,tighten,400,131,269,0.6725
margin_vs_heatmap,0.7522508382427473,1751,tighten,400,0,400,1.0
margin_vs_heatmap,0.7522508382427473,1752,tighten,400,0,400,1.0
margin_vs_heatmap,0.7569208147490363,1753,tighten,400,0,400,1.0
margin_vs_heatmap,0.7569208147490363,1754,tighten,400,0,400,1.0
margin_vs_heatmap,0.7569208147490363,1755,tighten,400,204,196,0.49
margin_vs_heatmap,0.7569208147490363,1756,tighten,400,0,400,1.0
margin_vs_heatmap,0.7071067811865476,1757,tighten,400,188,212,0.53
margin_vs_heatmap,0.7071067811865476,1758,tighten,400,400,0,0.0
margin_vs_heatmap,0.7071067811865476,1759,tighten,400,400,0,0.0
margin_vs_heatmap,0.7071067811865476,1760,tighten,400,98,302,0.755
margin_vs_heatmap,0.761619782489978,1761,tighten,400,0,400,1.0
margin_vs_heatmap,0.761619782489978,1762,tighten,400,203,197,0.4925
margin_vs_heatmap,0.761619782489978,1763,tighten,400,96,304,0.76
margin_vs_heatmap,0.761619782489978,1764,tighten,400,0,400,1.0
margin_vs_heatmap,0.7429971445684742,1765,tighten,400,100,300,0.75
margin_vs_heatmap,0.7429971445684742,1766,tighten,400,95,305,0.7625
margin_vs_heatmap,0.7429971445684742,1767,tighten,400,0,400,1.0
margin_vs_heatmap,0.7429971445684742,1768,tighten,400,196,204,0.51
margin_vs_heatmap,0.7711054127039704,1769,tighten,400,0,400,1.0
margin_vs_heatmap,0.7711054127039704,1770,tighten,400,0,400,1.0
margin_vs_heatmap,0.7711054127039704,1771,tighten,400,96,304,0.76
margin_vs_heatmap,0.7711054127039704,1772,tighten,400,0,400,1.0
margin_vs_heatmap,0.7248298554327145,1773,tighten,400,400,0,0.0
margin_vs_heatmap,0.7248298554327145,1774,tighten,400,113,287,0.7175
margin_vs_heatmap,0.7248298554327145,1775,tighten,400,224,176,0.44
margin_vs_heatmap,0.7248298554327145,1776,tighten,400,312,88,0.22
margin_vs_heatmap,0.7758924384912885,1777,tighten,400,198,202,0.505
margin_vs_heatmap,0.7758924384912885,1778,tighten,400,0,400,1.0
margin_vs_heatmap,0.7758924384912885,1779,tighten,400,109,291,0.7275
margin_vs_heatmap,0.7758924384912885,1780,tighten,400,0,400,1.0
margin_vs_heatmap,0.778297084085077,1781,tighten,400,0,400,1.0
margin_vs_heatmap,0.778297084085077,1782,tighten,400,191,209,0.5225
margin_vs_heatmap,0.778297084085077,1783,tighten,400,204,196,0.49
margin_vs_heatmap,0.778297084085077,1784,tighten,400,99,301,0.7525
margin_vs_heatmap,0.7159134766037984,1785,tighten,400,107,293,0.7325
margin_vs_heatmap,0.7159134766037984,1786,tighten,400,400,0,0.0
margin_vs_heatmap,0.7159134766037984,1787,tighten,400,400,0,0.0
margin_vs_heatmap,0.7159134766037984,1788,tighten,400,155,245,0.6125
margin_vs_heatmap,0.7338572837306221,1789,tighten,400,215,185,0.4625
margin_vs_heatmap,0.7338572837306221,1790,tighten,400,0,400,1.0
margin_vs_heatmap,0.7338572837306221,1791,tighten,400,101,299,0.7475
margin_vs_heatmap,0.7338572837306221,1792,tighten,400,0,400,1.0
margin_vs_heatmap,0.6404433448821363,1793,tighten,400,400,0,0.0
margin_vs_heatmap,0.6404433448821363,1794,tighten,400,400,0,0.0
margin_vs_heatmap,0.6404433448821363,1795,tighten,400,400,0,0.0
margin_vs_heatmap,0.6404433448821363,1796,tighten,400,400,0,0.0
margin_vs_heatmap,0.7384130729697497,1797,tighten,400,208,192,0.48
margin_vs_heatmap,0.7384130729697497,1798,tighten,400,400,0,0.0
margin_vs_heatmap,0.7384130729697497,1799,tighten,400,400,0,0.0
margin_vs_heatmap,0.7384130729697497,1800,tighten,400,110,290,0.725
margin_vs_heatmap,0.773495222348991,1801,tighten,400,0,400,1.0
margin_vs_heatmap,0.773495222348991,1802,tighten,400,0,400,1.0
margin_vs_heatmap,0.773495222348991,1803,tighten,400,250,150,0.375
margin_vs_heatmap,0.773495222348991,1804,tighten,400,0,400,1.0
margin_vs_heatmap,0.7592666634926744,1805,tighten,400,194,206,0.515
margin_vs_heatmap,0.7592666634926744,1806,tighten,400,0,400,1.0
margin_vs_heatmap,0.7592666634926744,1807,tighten,400,199,201,0.5025
margin_vs_heatmap,0.7592666634926744,1808,tighten,400,113,287,0.7175
margin_vs_heatmap,0.6898170601727025,1809,tighten,400,400,0,0.0
margin_vs_heatmap,0.6898170601727025,1810,tighten,400,400,0,0.0
margin_vs_heatmap,0.6898170601727025,1811,tighten,400,400,0,0.0
margin_vs_heatmap,0.6898170601727025,1812,tighten,400,400,0,0.0
margin_vs_heatmap,0.7071067811865476,1813,tighten,400,304,96,0.24
margin_vs_heatmap,0.7071067811865476,1814,tighten,400,215,185,0.4625
margin_vs_heatmap,0.7071067811865476,1815,tighten,400,400,0,0.0
margin_vs_heatmap,0.7071067811865476,1816,tighten,400,245,155,0.3875
margin_vs_heatmap,0.6984084199279721,1817,insert,400,400,0,0.0
margin_vs_heatmap,0.6984084199279721,1818,insert,400,400,0,0.0
margin_vs_heatmap,0.6984084199279721,1819,insert,400,400,0,0.0
margin_vs_heatmap,0.6984084199279721,1820,insert,400,0,400,1.0
margin_vs_heatmap,0.6984084199279721,1821,tighten,400,400,0,0.0
margin_vs_heatmap,0.6984084199279721,1822,tighten,400,109,291,0.7275
margin_vs_heatmap,0.6984084199279721,1823,tighten,400,127,273,0.6825
margin_vs_heatmap,0.6984084199279721,1824,tighten,400,400,0,0.0
margin_vs_heatmap,0.6984084199279721,1825,tighten,400,400,0,0.0
margin_vs_heatmap,0.6984084199279721,1826,tighten,400,400,0,0.0
margin_vs_heatmap,0.6984084199279721,1827,tighten,400,400,0,0.0
margin_vs_heatmap,0.6984084199279721,1828,tighten,400,400,0,0.0
margin_vs_heatmap,0.6984084199279721,1829,tighten,400,400,0,0.0
margin_vs_heatmap,0.6984084199279721,1830,tighten,400,191,209,0.5225
margin_vs_heatmap,0.6984084199279721,1831,tighten,400,400,0,0.0
margin_vs_heatmap,0.6984084199279721,1832,tighten,400,400,0,0.0
margin_vs_heatmap,0.6984084199279721,1833,tighten,400,335,65,0.1625
margin_vs_heatmap,0.6984084199279721,1834,tighten,400,233,167,0.4175
margin_vs_heatmap,0.6984084199279721,1835,tighten,400,199,201,0.5025
margin_vs_heatmap,0.6984084199279721,1836,tighten,400,400,0,0.0
margin_vs_heatmap,0.6984084199279721,1837,tighten,400,400,0,0.0
margin_vs_heatmap,0.6984084199279721,1838,tighten,400,400,0,0.0
margin_vs_heatmap,0.6984084199279721,1839,tighten,400,190,210,0.525
margin_vs_heatmap,0.6984084199279721,1840,tighten,400,400,0,0.0
margin_vs_heatmap,0.6984084199279721,1841,tighten,400,400,0,0.0
margin_vs_heatmap,0.6984084199279721,1842,tighten,400,400,0,0.0
margin_vs_heatmap,0.6984084199279721,1843,tighten,400,72,328,0.82
margin_vs_heatmap,0.6984084199279721,1844,tighten,400,304,96,0.24
margin_vs_heatmap,0.6984084199279721,1845,tighten,400,400,0,0.0
margin_vs_heatmap,0.6984084199279721,1846,tighten,400,400,0,0.0
margin_vs_heatmap,0.6984084199279721,1847,tighten,400,400,0,0.0
margin_vs_heatmap,0.6984084199279721,1848,tighten,400,400,0,0.0
margin_vs_heatmap,0.6984084199279721,1849,tighten,400,179,221,0.5525
margin_vs_heatmap,0.6984084199279721,1850,tighten,400,400,0,0.0
margin_vs_heatmap,0.6984084199279721,1851,tighten,400,200,200,0.5
margin_vs_heatmap,0.6984084199279721,1852,tighten,400,183,217,0.5425
margin_vs_heatmap,0.6984084199279721,1853,tighten,400,400,0,0.0
margin_vs_heatmap,0.6984084199279721,1854,tighten,400,400,0,0.0
margin_vs_heatmap,0.6984084199279721,1855,tighten,400,400,0,0.0
margin_vs_heatmap,0.6984084199279721,1856,tighten,400,400,0,0.0
margin_vs_heatmap,0.6984084199279721,1857,tighten,400,106,294,0.735
margin_vs_heatmap,0.6984084199279721,1858,tighten,400,400,0,0.0
margin_vs_heatmap,0.6984084199279721,1859,tighten,400,400,0,0.0
margin_vs_heatmap,0.6984084199279721,1860,tighten,400,400,0,0.0
