spec_fixed,spec_variable,label,M,beta,certified,status,source_file,order,replicate,seed,fixed_group_phase,group1_type,group1_noise_scale,group1_n,group1_g,group1_value,group2_type,group2_noise_scale,group2_n,group2_g,group2_value,incorrect_reward,inactive_group_reward,phase_timesteps,switch_timestep,end_timestep,diff_whole_model,diff_actor,diff_critic,diff_policy_net_0,diff_policy_net_2,diff_action_net,diff_value_net_0,diff_value_net_2,diff_value_net_out
"('margin', 1, 1.0, 0.0)","('margin', 2, 1.0, 0.0)",k_fixed1_k_variable2,1.0299717639322616,79.66244462367285,True,ok,batch_summary_2.csv,fixed_first,0,0,phase1,margin,,,4,1.0,margin,,,4,1.0,0.0,0.0,200000,200704,401408,1.982580270496671,1.6824083790233377,1.0488691887717543,0.783594880146037,1.4494155829806796,0.3401051093847749,0.66964922992762,0.8001467144626448,0.10705941970092298
"('margin', 1, 1.0, 0.0)","('margin', 2, 1.0, 0.0)",k_fixed1_k_variable2,1.0299717639322616,79.66244462367285,True,ok,batch_summary_2.csv,fixed_first,1,1,phase1,margin,,,4,1.0,margin,,,4,1.0,0.0,0.0,200000,200704,401408,3.8295795964378185,3.5921533572601607,1.3274464747692853,1.167986321077893,3.218092314183176,1.087775506823694,0.7339851277881962,1.0986606102711582,0.12776869335543156
"('margin', 1, 1.0, 0.0)","('margin', 2, 1.0, 0.0)",k_fixed1_k_variable2,1.0299717639322616,79.66244462367285,True,ok,batch_summary_2.csv,fixed_first,2,2,phase1,margin,,,4,1.0,margin,,,4,1.0,0.0,0.0,200000,200704,401408,6.360442412087191,6.034157373424438,2.0110127971310927,2.671355124419044,4.934217264095524,2.2200038281936116,1.1254612784963192,1.6585614544010256,0.16335018459006015
"('margin', 1, 1.0, 0.0)","('margin', 2, 1.0, 0.0)",k_fixed1_k_variable2,1.0299717639322616,79.66244462367285,True,ok,batch_summary_2.csv,fixed_first,3,3,phase1,margin,,,4,1.0,margin,,,4,1.0,0.0,0.0,200000,200704,401408,5.94227052827056,5.711926546831554,1.6384364970159335,2.589520533488951,4.638798084349038,2.098104052633671,1.0191753394698035,1.275585828508645,0.1365158462537152
"('margin', 1, 1.0, 0.0)","('margin', 2, 1.0, 0.0)",k_fixed1_k_variable2,1.0299717639322616,79.66244462367285,True,ok,batch_summary_2.csv,fixed_first,4,4,phase1,margin,,,4,1.0,margin,,,4,1.0,0.0,0.0,200000,200704,401408,4.592612727974555,4.222272213208905,1.806795236521798,2.0003594135157994,3.3994227198025064,1.5066751578509834,0.8973839013842745,1.5610667820012771,0.14927043373145404
"('margin', 1, 1.0, 0.0)","('margin', 2, 1.0, 0.0)",k_fixed1_k_variable2,1.0299717639322616,79.66244462367285,True,ok,batch_summary_2.csv,variable_first,0,0,phase2,margin,,,4,1.0,margin,,,4,1.0,0.0,0.0,200000,200704,401408,2.5067643699279376,2.26252304959971,1.0792854378570285,0.7065459714666226,2.071328291820519,0.5739359264570817,0.625408170455144,0.8732752554614889,0.10541349485174423
"('margin', 1, 1.0, 0.0)","('margin', 2, 1.0, 0.0)",k_fixed1_k_variable2,1.0299717639322616,79.66244462367285,True,ok,batch_summary_2.csv,variable_first,1,1,phase2,margin,,,4,1.0,margin,,,4,1.0,0.0,0.0,200000,200704,401408,3.534589270903823,3.35732136709642,1.1053119704527958,0.7670376187423602,2.9641063336040525,1.3774373657210572,0.7182130051514924,0.8296006355234843,0.13284358018562753
"('margin', 1, 1.0, 0.0)","('margin', 2, 1.0, 0.0)",k_fixed1_k_variable2,1.0299717639322616,79.66244462367285,True,ok,batch_summary_2.csv,variable_first,2,2,phase2,margin,,,4,1.0,margin,,,4,1.0,0.0,0.0,200000,200704,401408,2.6138677939899946,2.417306867979801,0.9944507783072055,0.8024574043282677,2.205433375121839,0.5792220956763884,0.6035806194973677,0.780802026105425,0.12235596541502827
"('margin', 1, 1.0, 0.0)","('margin', 2, 1.0, 0.0)",k_fixed1_k_variable2,1.0299717639322616,79.66244462367285,True,ok,batch_summary_2.csv,variable_first,3,3,phase2,margin,,,4,1.0,margin,,,4,1.0,0.0,0.0,200000,200704,401408,6.161008409323783,5.751225667395022,2.2093953793866428,2.341579971258479,4.935228090667673,1.7992008249745697,1.1999432211347656,1.8497221498438963,0.14174687610189368
"('margin', 1, 1.0, 0.0)","('margin', 2, 1.0, 0.0)",k_fixed1_k_variable2,1.0299717639322616,79.66244462367285,True,ok,batch_summary_2.csv,variable_first,4,4,phase2,margin,,,4,1.0,margin,,,4,1.0,0.0,0.0,200000,200704,401408,4.911319293145878,4.675043412761768,1.5050004279134694,1.4678300553478671,4.150226422820303,1.573888966588452,0.8939240822949582,1.2021926434815664,0.14373194172363354
"('margin', 2, 1.0, 0.0)","('margin', 3, 1.0, 0.0)",k_fixed2_k_variable3,1.0498731572965168,30.108603296111838,True,ok,batch_summary_2.csv,fixed_first,0,0,phase1,margin,,,4,1.0,margin,,,4,1.0,0.0,0.0,200000,200704,401408,2.521110159411223,2.273557350925668,1.089464734600593,0.6670089820099052,2.0934457557881014,0.5845057000911414,0.7019020624539842,0.8270323130263663,0.10141230631162242
"('margin', 2, 1.0, 0.0)","('margin', 3, 1.0, 0.0)",k_fixed2_k_variable3,1.0498731572965168,30.108603296111838,True,ok,batch_summary_2.csv,fixed_first,1,1,phase1,margin,,,4,1.0,margin,,,4,1.0,0.0,0.0,200000,200704,401408,4.172949856487707,3.8504999379967417,1.608465334487463,0.8721496656994123,3.3230633997234453,1.7386645376701548,0.9013187482223279,1.3248894267458804,0.13947491978049364
"('margin', 2, 1.0, 0.0)","('margin', 3, 1.0, 0.0)",k_fixed2_k_variable3,1.0498731572965168,30.108603296111838,True,ok,batch_summary_2.csv,fixed_first,2,2,phase1,margin,,,4,1.0,margin,,,4,1.0,0.0,0.0,200000,200704,401408,3.8752179169859557,3.595379870304506,1.445876029380846,1.10516145566612,3.231595937077997,1.1234599539644365,0.7326740797057307,1.2384128515667325,0.1417031910008933
"('margin', 2, 1.0, 0.0)","('margin', 3, 1.0, 0.0)",k_fixed2_k_variable3,1.0498731572965168,30.108603296111838,True,ok,batch_summary_2.csv,fixed_first,3,3,phase1,margin,,,4,1.0,margin,,,4,1.0,0.0,0.0,200000,200704,401408,6.014674748951895,5.700049992706008,1.9198287466156394,2.148074240752122,4.979449436373052,1.755400320772744,1.128485584750493,1.5465411057055187,0.1430849737228432
"('margin', 2, 1.0, 0.0)","('margin', 3, 1.0, 0.0)",k_fixed2_k_variable3,1.0498731572965168,30.108603296111838,True,ok,batch_summary_2.csv,fixed_first,4,4,phase1,margin,,,4,1.0,margin,,,4,1.0,0.0,0.0,200000,200704,401408,4.668182724087191,4.485906589036831,1.291732178085712,0.8348998309523806,4.1121993711560965,1.5862271368574994,0.7068733861046402,1.0679893515385055,0.16822835943853368
"('margin', 2, 1.0, 0.0)","('margin', 3, 1.0, 0.0)",k_fixed2_k_variable3,1.0498731572965168,30.108603296111838,True,ok,batch_summary_2.csv,variable_first,0,0,phase2,margin,,,4,1.0,margin,,,4,1.0,0.0,0.0,200000,200704,401408,2.228507137257607,1.9403593787830573,1.0960153018898604,0.5078989652234353,1.799683970947833,0.5178520683262509,0.684714308979493,0.8498618003049085,0.1007510666839662
"('margin', 2, 1.0, 0.0)","('margin', 3, 1.0, 0.0)",k_fixed2_k_variable3,1.0498731572965168,30.108603296111838,True,ok,batch_summary_2.csv,variable_first,1,1,phase2,margin,,,4,1.0,margin,,,4,1.0,0.0,0.0,200000,200704,401408,2.786068528284795,2.5582223804696906,1.1034836185295154,0.6684514610442982,2.278804309057078,0.9511704963815086,0.6543270388809928,0.8774169256141893,0.14025605583349804
"('margin', 2, 1.0, 0.0)","('margin', 3, 1.0, 0.0)",k_fixed2_k_variable3,1.0498731572965168,30.108603296111838,True,ok,batch_summary_2.csv,variable_first,2,2,phase2,margin,,,4,1.0,margin,,,4,1.0,0.0,0.0,200000,200704,401408,3.391034960013958,3.21037928806045,1.0920544523188143,0.7017507633966793,3.015832172452252,0.8478427607060333,0.6962309354298499,0.8317929517643239,0.12635622966444787
"('margin', 2, 1.0, 0.0)","('margin', 3, 1.0, 0.0)",k_fixed2_k_variable3,1.0498731572965168,30.108603296111838,True,ok,batch_summary_2.csv,variable_first,3,3,phase2,margin,,,4,1.0,margin,,,4,1.0,0.0,0.0,200000,200704,401408,3.3428080217800296,3.1547891403950077,1.1052922464772126,0.9076581160542092,2.879053422641719,0.9164620310139419,0.5381443594286865,0.9543061246981905,0.1461896675598296
"('margin', 2, 1.0, 0.0)","('margin', 3, 1.0, 0.0)",k_fixed2_k_variable3,1.0498731572965168,30.108603296111838,True,ok,batch_summary_2.csv,variable_first,4,4,phase2,margin,,,4,1.0,margin,,,4,1.0,0.0,0.0,200000,200704,401408,2.338082604437854,2.0847870863677733,1.0584389777824081,0.680995225731041,1.9004796018089132,0.5203460205724583,0.5913282370671163,0.8607776920170979,0.17229553291331584
"('margin', 3, 1.0, 0.0)","('margin', 5, 1.0, 0.0)",k_fixed3_k_variable5,1.135010131430796,35.24437152765032,True,ok,batch_summary_2.csv,fixed_first,0,0,phase1,margin,,,4,1.0,margin,,,4,1.0,0.0,0.0,200000,200704,401408,2.8857997123274304,2.6644635978781483,1.1083653347390976,0.5166365948717013,2.5150218145702294,0.712122296725086,0.7203813987433186,0.8361645751102711,0.10175047383964006
"('margin', 3, 1.0, 0.0)","('margin', 5, 1.0, 0.0)",k_fixed3_k_variable5,1.135010131430796,35.24437152765032,True,ok,batch_summary_2.csv,fixed_first,1,1,phase1,margin,,,4,1.0,margin,,,4,1.0,0.0,0.0,200000,200704,401408,3.9827299676982992,3.7761860516227688,1.2659213637235693,0.7530927419679078,3.241338623327039,1.7849807694745592,0.7071503070047356,1.040651914532026,0.13978174135300384
"('margin', 3, 1.0, 0.0)","('margin', 5, 1.0, 0.0)",k_fixed3_k_variable5,1.135010131430796,35.24437152765032,True,ok,batch_summary_2.csv,fixed_first,2,2,phase1,margin,,,4,1.0,margin,,,4,1.0,0.0,0.0,200000,200704,401408,2.7377766180000926,2.4955501158413536,1.125899830976199,0.6495838559976762,2.32338546432993,0.6385069920082153,0.6688645585595542,0.8964510103221078,0.1290202223980346
"('margin', 3, 1.0, 0.0)","('margin', 5, 1.0, 0.0)",k_fixed3_k_variable5,1.135010131430796,35.24437152765032,True,ok,batch_summary_2.csv,fixed_first,3,3,phase1,margin,,,4,1.0,margin,,,4,1.0,0.0,0.0,200000,200704,401408,4.132007788824524,3.933296083440456,1.2659661476115787,1.0735034572543871,3.583811975641113,1.214372319563589,0.6962090295109366,1.0465619416233964,0.15057017125383007
"('margin', 3, 1.0, 0.0)","('margin', 5, 1.0, 0.0)",k_fixed3_k_variable5,1.135010131430796,35.24437152765032,True,ok,batch_summary_2.csv,fixed_first,4,4,phase1,margin,,,4,1.0,margin,,,4,1.0,0.0,0.0,200000,200704,401408,3.5701684131022366,3.4047815272800017,1.0740415491990063,0.5431886080340047,3.2215198108310257,0.9587979417126715,0.5949718802483098,0.8762121787391297,0.17839823135003227
"('margin', 3, 1.0, 0.0)","('margin', 5, 1.0, 0.0)",k_fixed3_k_variable5,1.135010131430796,35.24437152765032,True,ok,batch_summary_2.csv,variable_first,0,0,phase2,margin,,,4,1.0,margin,,,4,1.0,0.0,0.0,200000,200704,401408,2.379159645455975,2.104077646623634,1.1105214430820103,0.5993760366301577,1.9542487840608422,0.4988013630008372,0.7198806452833678,0.8384798463498971,0.10945903049271512
"('margin', 3, 1.0, 0.0)","('margin', 5, 1.0, 0.0)",k_fixed3_k_variable5,1.135010131430796,35.24437152765032,True,ok,batch_summary_2.csv,variable_first,1,1,phase2,margin,,,4,1.0,margin,,,4,1.0,0.0,0.0,200000,200704,401408,2.1743115912923177,1.8235584504735636,1.1841729070260758,0.8249174835380099,1.5332018250866863,0.542373239750741,0.6391665325036171,0.9867469521552287,0.1416406363804429
"('margin', 3, 1.0, 0.0)","('margin', 5, 1.0, 0.0)",k_fixed3_k_variable5,1.135010131430796,35.24437152765032,True,ok,batch_summary_2.csv,variable_first,2,2,phase2,margin,,,4,1.0,margin,,,4,1.0,0.0,0.0,200000,200704,401408,1.8124016200725814,1.4244952275534448,1.1205413776916844,0.4953351500368499,1.2963641304806872,0.3213561632574727,0.6470910421056798,0.9049767313516045,0.13380313171943745
"('margin', 3, 1.0, 0.0)","('margin', 5, 1.0, 0.0)",k_fixed3_k_variable5,1.135010131430796,35.24437152765032,True,ok,batch_summary_2.csv,variable_first,3,3,phase2,margin,,,4,1.0,margin,,,4,1.0,0.0,0.0,200000,200704,401408,1.926557452911479,1.574244826742159,1.1105750064017808,0.6025891491863132,1.3990706709946295,0.3971578393661678,0.5030724554286535,0.9772635270697797,0.1589054690450727
"('margin', 3, 1.0, 0.0)","('margin', 5, 1.0, 0.0)",k_fixed3_k_variable5,1.135010131430796,35.24437152765032,True,ok,batch_summary_2.csv,variable_first,4,4,phase2,margin,,,4,1.0,margin,,,4,1.0,0.0,0.0,200000,200704,401408,2.0662274854449523,1.7570174502752698,1.0872836341251348,0.5067676873091471,1.6077715121495217,0.49534593608062283,0.6665222165453634,0.8388106623513572,0.18528493898181064
"('margin', 5, 1.0, 0.0)","('margin', 7, 1.0, 0.0)",k_fixed5_k_variable7,1.102983878245002,38.796926445390575,True,ok,batch_summary_2.csv,fixed_first,0,0,phase1,margin,,,4,1.0,margin,,,4,1.0,0.0,0.0,200000,200704,401408,1.922635645295933,1.5685416637649943,1.1118475046497394,0.5957838285216791,1.3699746727320816,0.47805227403635764,0.727013888681597,0.8342698790019691,0.1079326097616227
"('margin', 5, 1.0, 0.0)","('margin', 7, 1.0, 0.0)",k_fixed5_k_variable7,1.102983878245002,38.796926445390575,True,ok,batch_summary_2.csv,fixed_first,1,1,phase1,margin,,,4,1.0,margin,,,4,1.0,0.0,0.0,200000,200704,401408,2.0909538391355524,1.7060497964320522,1.208917718246308,0.6335938539516679,1.5080324961214882,0.48477079819448005,0.6599789782087859,1.0013616872375632,0.1522647994287818
"('margin', 5, 1.0, 0.0)","('margin', 7, 1.0, 0.0)",k_fixed5_k_variable7,1.102983878245002,38.796926445390575,True,ok,batch_summary_2.csv,fixed_first,2,2,phase1,margin,,,4,1.0,margin,,,4,1.0,0.0,0.0,200000,200704,401408,1.6772963407193207,1.2233685881207592,1.147472140049528,0.4615953648488399,1.0938553401764661,0.2950269755769358,0.630694766462346,0.9483075045749031,0.14010460561227253
"('margin', 5, 1.0, 0.0)","('margin', 7, 1.0, 0.0)",k_fixed5_k_variable7,1.102983878245002,38.796926445390575,True,ok,batch_summary_2.csv,fixed_first,3,3,phase1,margin,,,4,1.0,margin,,,4,1.0,0.0,0.0,200000,200704,401408,1.8513905490255878,1.4818627162995996,1.1098332555219454,0.45010673619731423,1.3489263368430195,0.41679584182175033,0.5340393691078859,0.9602176520918327,0.15656905159238627
"('margin', 5, 1.0, 0.0)","('margin', 7, 1.0, 0.0)",k_fixed5_k_variable7,1.102983878245002,38.796926445390575,True,ok,batch_summary_2.csv,fixed_first,4,4,phase1,margin,,,4,1.0,margin,,,4,1.0,0.0,0.0,200000,200704,401408,2.7163150446085056,2.4874669019495528,1.0912725751488501,0.4664819025859947,2.349376384697151,0.6710564997685369,0.6395349532932825,0.8622932930147076,0.19575789539636307
"('margin', 5, 1.0, 0.0)","('margin', 7, 1.0, 0.0)",k_fixed5_k_variable7,1.102983878245002,38.796926445390575,True,ok,batch_summary_2.csv,variable_first,0,0,phase2,margin,,,4,1.0,margin,,,4,1.0,0.0,0.0,200000,200704,401408,2.0924035499809293,1.7634642824454565,1.126208835213046,0.5854409848000847,1.5900483749542413,0.4886832246788836,0.7069602846391607,0.8689981450940673,0.1157398819677682
"('margin', 5, 1.0, 0.0)","('margin', 7, 1.0, 0.0)",k_fixed5_k_variable7,1.102983878245002,38.796926445390575,True,ok,batch_summary_2.csv,variable_first,1,1,phase2,margin,,,4,1.0,margin,,,4,1.0,0.0,0.0,200000,200704,401408,2.3704914842500395,2.013657034718453,1.2507658547589322,0.8497808349179659,1.7300968427112802,0.5826251804699973,0.669161050354495,1.0459158189827011,0.1506612482394086
"('margin', 5, 1.0, 0.0)","('margin', 7, 1.0, 0.0)",k_fixed5_k_variable7,1.102983878245002,38.796926445390575,True,ok,batch_summary_2.csv,variable_first,2,2,phase2,margin,,,4,1.0,margin,,,4,1.0,0.0,0.0,200000,200704,401408,1.8354786687897477,1.428270256194796,1.1528339077470946,0.4854396379408275,1.3138704304990387,0.2793721076036345,0.6283255792977503,0.9559719685042084,0.14265546146492955
"('margin', 5, 1.0, 0.0)","('margin', 7, 1.0, 0.0)",k_fixed5_k_variable7,1.102983878245002,38.796926445390575,True,ok,batch_summary_2.csv,variable_first,3,3,phase2,margin,,,4,1.0,margin,,,4,1.0,0.0,0.0,200000,200704,401408,1.8771634539287698,1.4975779936049767,1.1318139360495085,0.5989795990292401,1.336848110358348,0.3111276533964677,0.5420884674060291,0.9781772043538062,0.17410409594215612
"('margin', 5, 1.0, 0.0)","('margin', 7, 1.0, 0.0)",k_fixed5_k_variable7,1.102983878245002,38.796926445390575,True,ok,batch_summary_2.csv,variable_first,4,4,phase2,margin,,,4,1.0,margin,,,4,1.0,0.0,0.0,200000,200704,401408,2.2009929303913545,1.8831807978059603,1.1392980129920485,0.7409448359595673,1.6704301395241252,0.45500968809395076,0.725515811452763,0.8593113875687444,0.18223805566990686
"('margin', 7, 1.0, 0.0)","('margin', 10, 1.0, 0.0)",k_fixed7_k_variable10,1.1012492551671105,112.07447201528076,True,ok,batch_summary_2.csv,fixed_first,0,0,phase1,margin,,,4,1.0,margin,,,4,1.0,0.0,0.0,200000,200704,401408,1.8498820962601068,1.4728347422877819,1.1192951317564865,0.5093472324010991,1.3301134938034194,0.37497422383054374,0.7066485175202831,0.8600456546950614,0.117434818091994
"('margin', 7, 1.0, 0.0)","('margin', 10, 1.0, 0.0)",k_fixed7_k_variable10,1.1012492551671105,112.07447201528076,True,ok,batch_summary_2.csv,fixed_first,1,1,phase1,margin,,,4,1.0,margin,,,4,1.0,0.0,0.0,200000,200704,401408,2.2556142434241764,1.862152518720268,1.272864333761372,0.788737012753215,1.5935619865107253,0.5532324311149561,0.6813419419987109,1.0638704682606492,0.1553589295730178
"('margin', 7, 1.0, 0.0)","('margin', 10, 1.0, 0.0)",k_fixed7_k_variable10,1.1012492551671105,112.07447201528076,True,ok,batch_summary_2.csv,fixed_first,2,2,phase1,margin,,,4,1.0,margin,,,4,1.0,0.0,0.0,200000,200704,401408,1.7744053190642592,1.3336976152928985,1.1703695601328543,0.5265287189479126,1.1915496349040384,0.28587812914087574,0.6038562591114633,0.9922314957003152,0.14352416018843492
"('margin', 7, 1.0, 0.0)","('margin', 10, 1.0, 0.0)",k_fixed7_k_variable10,1.1012492551671105,112.07447201528076,True,ok,batch_summary_2.csv,fixed_first,3,3,phase1,margin,,,4,1.0,margin,,,4,1.0,0.0,0.0,200000,200704,401408,1.9341030864423014,1.5792223411461008,1.1166071584091986,0.6888431682244156,1.3907049322194236,0.29219528378481674,0.5569776819588762,0.9516007085310674,0.17619165568650713
"('margin', 7, 1.0, 0.0)","('margin', 10, 1.0, 0.0)",k_fixed7_k_variable10,1.1012492551671105,112.07447201528076,True,ok,batch_summary_2.csv,fixed_first,4,4,phase1,margin,,,4,1.0,margin,,,4,1.0,0.0,0.0,200000,200704,401408,2.3574241859134144,2.0582461638230405,1.1493787545614635,0.7333758994549335,1.826630615305494,0.6016291683583848,0.7274501771842368,0.8693286006689026,0.19014611542424803
"('margin', 7, 1.0, 0.0)","('margin', 10, 1.0, 0.0)",k_fixed7_k_variable10,1.1012492551671105,112.07447201528076,True,ok,batch_summary_2.csv,variable_first,0,0,phase2,margin,,,4,1.0,margin,,,4,1.0,0.0,0.0,200000,200704,401408,1.9020248896943799,1.4949872032349147,1.1758877255847031,0.49471005887750424,1.359979021910067,0.37510765847434546,0.7421311608062486,0.9036255150781773,0.12415398439371356
"('margin', 7, 1.0, 0.0)","('margin', 10, 1.0, 0.0)",k_fixed7_k_variable10,1.1012492551671105,112.07447201528076,True,ok,batch_summary_2.csv,variable_first,1,1,phase2,margin,,,4,1.0,margin,,,4,1.0,0.0,0.0,200000,200704,401408,2.3286650263055817,1.889218184555284,1.361446089966258,0.6447600160995197,1.6925899535134923,0.5371862989307378,0.7402526933723467,1.1319293953701945,0.155875750956537
"('margin', 7, 1.0, 0.0)","('margin', 10, 1.0, 0.0)",k_fixed7_k_variable10,1.1012492551671105,112.07447201528076,True,ok,batch_summary_2.csv,variable_first,2,2,phase2,margin,,,4,1.0,margin,,,4,1.0,0.0,0.0,200000,200704,401408,1.9057202329770049,1.518489685576268,1.1515027925178543,0.5877568387362236,1.3684220897776447,0.29626644752468584,0.6546212488306975,0.9365371329188243,0.14257594614780936
"('margin', 7, 1.0, 0.0)","('margin', 10, 1.0, 0.0)",k_fixed7_k_variable10,1.1012492551671105,112.07447201528076,True,ok,batch_summary_2.csv,variable_first,3,3,phase2,margin,,,4,1.0,margin,,,4,1.0,0.0,0.0,200000,200704,401408,2.169160494117336,1.8293700016764614,1.165616852231311,0.7019031504746073,1.647754325362481,0.3726020043381306,0.5474508591485344,1.0156345843816563,0.16567013620765203
"('margin', 7, 1.0, 0.0)","('margin', 10, 1.0, 0.0)",k_fixed7_k_variable10,1.1012492551671105,112.07447201528076,True,ok,batch_summary_2.csv,variable_first,4,4,phase2,margin,,,4,1.0,margin,,,4,1.0,0.0,0.0,200000,200704,401408,2.2347758448519532,1.8605203967439814,1.2380173383411794,0.6727389004623456,1.6757902976549877,0.44797923700826187,0.8049696270324699,0.9253555719540844,0.1686057384613998
"('margin', 10, 1.0, 0.0)","('margin', 13, 1.0, 0.0)",k_fixed10_k_variable13,1.070423747601157,38.9029663210021,True,ok,batch_summary_2.csv,fixed_first,0,0,phase1,margin,,,4,1.0,margin,,,4,1.0,0.0,0.0,200000,200704,401408,2.0401499794915527,1.6715119758207286,1.1697263156427944,0.48365724744507194,1.5546670533757434,0.37820405266728185,0.7482240033908691,0.8904182587308728,0.12480312005589991
"('margin', 10, 1.0, 0.0)","('margin', 13, 1.0, 0.0)",k_fixed10_k_variable13,1.070423747601157,38.9029663210021,True,ok,batch_summary_2.csv,fixed_first,1,1,phase1,margin,,,4,1.0,margin,,,4,1.0,0.0,0.0,200000,200704,401408,2.326967460781437,1.8771425815475455,1.3751775492919542,0.6387307901069317,1.6721968307637576,0.5651946641750996,0.7233878273110894,1.1589002200058878,0.15739638955538746
"('margin', 10, 1.0, 0.0)","('margin', 13, 1.0, 0.0)",k_fixed10_k_variable13,1.070423747601157,38.9029663210021,True,ok,batch_summary_2.csv,fixed_first,2,2,phase1,margin,,,4,1.0,margin,,,4,1.0,0.0,0.0,200000,200704,401408,1.902655922622892,1.504863547892483,1.1642530919505507,0.6044918084952255,1.3477888014470247,0.28752269115969936,0.6542833924683646,0.9523442541407439,0.1429647721000364
"('margin', 10, 1.0, 0.0)","('margin', 13, 1.0, 0.0)",k_fixed10_k_variable13,1.070423747601157,38.9029663210021,True,ok,batch_summary_2.csv,fixed_first,3,3,phase1,margin,,,4,1.0,margin,,,4,1.0,0.0,0.0,200000,200704,401408,1.9297686466845283,1.5446653089751596,1.1567264641976989,0.6059617373570384,1.3839627993433763,0.32163373523965166,0.5541607612340622,1.001094719960883,0.16950317209490845
"('margin', 10, 1.0, 0.0)","('margin', 13, 1.0, 0.0)",k_fixed10_k_variable13,1.070423747601157,38.9029663210021,True,ok,batch_summary_2.csv,fixed_first,4,4,phase1,margin,,,4,1.0,margin,,,4,1.0,0.0,0.0,200000,200704,401408,2.4164007924707698,2.07559997001586,1.2372863671452636,0.8243830548717898,1.8378041517648298,0.5009827483317669,0.8055522864282709,0.9228882575434622,0.17389747623844756
"('margin', 10, 1.0, 0.0)","('margin', 13, 1.0, 0.0)",k_fixed10_k_variable13,1.070423747601157,38.9029663210021,True,ok,batch_summary_2.csv,variable_first,0,0,phase2,margin,,,4,1.0,margin,,,4,1.0,0.0,0.0,200000,200704,401408,5.2554198040481825,5.089891083644367,1.3086046283807093,0.708042038715088,4.816285087750694,1.4862925917479684,0.732879119561524,1.0770891334068857,0.1233420780875039
"('margin', 10, 1.0, 0.0)","('margin', 13, 1.0, 0.0)",k_fixed10_k_variable13,1.070423747601157,38.9029663210021,True,ok,batch_summary_2.csv,variable_first,1,1,phase2,margin,,,4,1.0,margin,,,4,1.0,0.0,0.0,200000,200704,401408,2.463283952909418,2.0149345331470445,1.4169709452887698,0.7176507858011869,1.8437279027083422,0.38158346830298456,0.7383876501846374,1.2009033926528505,0.1429033917100395
"('margin', 10, 1.0, 0.0)","('margin', 13, 1.0, 0.0)",k_fixed10_k_variable13,1.070423747601157,38.9029663210021,True,ok,batch_summary_2.csv,variable_first,2,2,phase2,margin,,,4,1.0,margin,,,4,1.0,0.0,0.0,200000,200704,401408,1.92170790097248,1.5086936575623213,1.1902960574123063,0.5545332250831323,1.359433783981178,0.34725961702779456,0.6915773298601526,0.9593522129707601,0.13479181200238857
"('margin', 10, 1.0, 0.0)","('margin', 13, 1.0, 0.0)",k_fixed10_k_variable13,1.070423747601157,38.9029663210021,True,ok,batch_summary_2.csv,variable_first,3,3,phase2,margin,,,4,1.0,margin,,,4,1.0,0.0,0.0,200000,200704,401408,1.7421015966136195,1.409702109678895,1.0235516278579182,0.5563540607798216,1.222828999097784,0.42710588388880993,0.5831164797112388,0.8307938239168611,0.13196487457413186
"('margin', 10, 1.0, 0.0)","('margin', 13, 1.0, 0.0)",k_fixed10_k_variable13,1.070423747601157,38.9029663210021,True,ok,batch_summary_2.csv,variable_first,4,4,phase2,margin,,,4,1.0,margin,,,4,1.0,0.0,0.0,200000,200704,401408,2.125227191036894,1.7370206509295776,1.2244794288867222,0.5424517942416056,1.5816973380927197,0.4703406460750341,0.768771983041699,0.9395042968581192,0.16022230194956705
"('margin', 13, 1.0, 0.0)","('margin', 16, 1.0, 0.0)",k_fixed13_k_variable16,1.0436842810439206,26.10811101897247,True,ok,batch_summary_2.csv,fixed_first,0,0,phase1,margin,,,4,1.0,margin,,,4,1.0,0.0,0.0,200000,200704,401408,4.416743392247621,4.263038694833269,1.1550425443754364,0.7691157715260982,3.988971982915877,1.2923089271330348,0.6556303982107883,0.9431003230666702,0.12179425639490371
"('margin', 13, 1.0, 0.0)","('margin', 16, 1.0, 0.0)",k_fixed13_k_variable16,1.0436842810439206,26.10811101897247,True,ok,batch_summary_2.csv,fixed_first,1,1,phase1,margin,,,4,1.0,margin,,,4,1.0,0.0,0.0,200000,200704,401408,2.31367607165226,1.8053949306633463,1.4469437130971357,0.7218188202039819,1.5957066712170793,0.43834765414856297,0.7351176889260648,1.2372243188229406,0.15008023591545286
"('margin', 13, 1.0, 0.0)","('margin', 16, 1.0, 0.0)",k_fixed13_k_variable16,1.0436842810439206,26.10811101897247,True,ok,batch_summary_2.csv,fixed_first,2,2,phase1,margin,,,4,1.0,margin,,,4,1.0,0.0,0.0,200000,200704,401408,1.9766688045579006,1.5648308222437133,1.2076936948864243,0.49247447230894004,1.4487331404499018,0.3276227771845727,0.6922562864237883,0.9800141371040607,0.1373957264668483
"('margin', 13, 1.0, 0.0)","('margin', 16, 1.0, 0.0)",k_fixed13_k_variable16,1.0436842810439206,26.10811101897247,True,ok,batch_summary_2.csv,fixed_first,3,3,phase1,margin,,,4,1.0,margin,,,4,1.0,0.0,0.0,200000,200704,401408,2.006690254472211,1.636212329485054,1.1617293102245638,0.5583844960017751,1.4780416560417369,0.42519454934082795,0.5682265660698177,1.0036201718828692,0.13957116620972826
"('margin', 13, 1.0, 0.0)","('margin', 16, 1.0, 0.0)",k_fixed13_k_variable16,1.0436842810439206,26.10811101897247,True,ok,batch_summary_2.csv,fixed_first,4,4,phase1,margin,,,4,1.0,margin,,,4,1.0,0.0,0.0,200000,200704,401408,2.039064361944915,1.6081064869955115,1.2537053077325542,0.5031825420693067,1.4741191415435813,0.39973311022297187,0.7645305089520126,0.9797113616446725,0.1656373972951058
"('margin', 13, 1.0, 0.0)","('margin', 16, 1.0, 0.0)",k_fixed13_k_variable16,1.0436842810439206,26.10811101897247,True,ok,batch_summary_2.csv,variable_first,0,0,phase2,margin,,,4,1.0,margin,,,4,1.0,0.0,0.0,200000,200704,401408,4.26934786056537,3.811824715328467,1.9228425557297086,0.44992028066700734,3.680274681654304,0.8849619590738227,1.0212111390282932,1.6203422470544147,0.1701243840851275
"('margin', 13, 1.0, 0.0)","('margin', 16, 1.0, 0.0)",k_fixed13_k_variable16,1.0436842810439206,26.10811101897247,True,ok,batch_summary_2.csv,variable_first,1,1,phase2,margin,,,4,1.0,margin,,,4,1.0,0.0,0.0,200000,200704,401408,2.2880451567732254,1.7837671496957206,1.432942914110614,0.7269333180266344,1.5541044093057166,0.488008893825628,0.7962781597080629,1.1832675200980125,0.1383635188655558
"('margin', 13, 1.0, 0.0)","('margin', 16, 1.0, 0.0)",k_fixed13_k_variable16,1.0436842810439206,26.10811101897247,True,ok,batch_summary_2.csv,variable_first,2,2,phase2,margin,,,4,1.0,margin,,,4,1.0,0.0,0.0,200000,200704,401408,2.2428929117835685,1.8387584755437671,1.2843425876085146,0.46563955514675553,1.6908974796367977,0.5523388900165332,0.7640880124097951,1.023033879675665,0.13822833527298597
"('margin', 13, 1.0, 0.0)","('margin', 16, 1.0, 0.0)",k_fixed13_k_variable16,1.0436842810439206,26.10811101897247,True,ok,batch_summary_2.csv,variable_first,3,3,phase2,margin,,,4,1.0,margin,,,4,1.0,0.0,0.0,200000,200704,401408,2.58201458140105,1.836753224445239,1.8147002207135086,0.4209609903466121,1.7225099077583412,0.47897167952889746,1.0030550780838507,1.494608736260401,0.23056913688077063
"('margin', 13, 1.0, 0.0)","('margin', 16, 1.0, 0.0)",k_fixed13_k_variable16,1.0436842810439206,26.10811101897247,True,ok,batch_summary_2.csv,variable_first,4,4,phase2,margin,,,4,1.0,margin,,,4,1.0,0.0,0.0,200000,200704,401408,2.249496007948389,1.8616521711866703,1.2627285865504498,0.5724753753809309,1.6636215143895607,0.6085919880566047,0.7299656486920575,1.0210991036231705,0.1378051363383762
"('margin', 16, 1.0, 0.0)","('margin', 20, 1.0, 0.0)",k_fixed16_k_variable20,1.0433168187241038,25.70551840993829,True,ok,batch_summary_2.csv,fixed_first,0,0,phase1,margin,,,4,1.0,margin,,,4,1.0,0.0,0.0,200000,200704,401408,4.7900843695716535,4.365459976511064,1.9717168815767336,0.5502411040241681,4.254465204792613,0.8087035026331985,1.0418713900933203,1.6650177643831707,0.17287947214218402
"('margin', 16, 1.0, 0.0)","('margin', 20, 1.0, 0.0)",k_fixed16_k_variable20,1.0433168187241038,25.70551840993829,True,ok,batch_summary_2.csv,fixed_first,1,1,phase1,margin,,,4,1.0,margin,,,4,1.0,0.0,0.0,200000,200704,401408,2.3315894196037386,1.7830764776716799,1.50231404718922,0.664804560114786,1.5809033211249977,0.4879972452100354,0.8247502859368917,1.2474183826824103,0.14381182418378835
"('margin', 16, 1.0, 0.0)","('margin', 20, 1.0, 0.0)",k_fixed16_k_variable20,1.0433168187241038,25.70551840993829,True,ok,batch_summary_2.csv,fixed_first,2,2,phase1,margin,,,4,1.0,margin,,,4,1.0,0.0,0.0,200000,200704,401408,2.2483447126781453,1.8381186145240604,1.294748587938184,0.47521250082617994,1.6839678928344675,0.5631209958978823,0.7805912673906441,1.023393517197025,0.14041683731124152
"('margin', 16, 1.0, 0.0)","('margin', 20, 1.0, 0.0)",k_fixed16_k_variable20,1.0433168187241038,25.70551840993829,True,ok,batch_summary_2.csv,fixed_first,3,3,phase1,margin,,,4,1.0,margin,,,4,1.0,0.0,0.0,200000,200704,401408,2.6476511219654704,1.9440028515064052,1.7974730531999583,0.4396323368440811,1.827153850651383,0.4973723968173852,0.9946768238358771,1.4792239635299496,0.23113601801211772
"('margin', 16, 1.0, 0.0)","('margin', 20, 1.0, 0.0)",k_fixed16_k_variable20,1.0433168187241038,25.70551840993829,True,ok,batch_summary_2.csv,fixed_first,4,4,phase1,margin,,,4,1.0,margin,,,4,1.0,0.0,0.0,200000,200704,401408,2.126359266015362,1.7217627871490162,1.2477726687815536,0.5198328605476745,1.5263650348670117,0.6036975009401617,0.7486007472574946,0.9863247200935438,0.15393862639426772
"('margin', 16, 1.0, 0.0)","('margin', 20, 1.0, 0.0)",k_fixed16_k_variable20,1.0433168187241038,25.70551840993829,True,ok,batch_summary_2.csv,variable_first,0,0,phase2,margin,,,4,1.0,margin,,,4,1.0,0.0,0.0,200000,200704,401408,4.594862892100706,4.3494417186503425,1.4815943214213614,0.3893126951000676,4.279951720143682,0.6693968648037577,0.8065594870190691,1.2354823499360166,0.13478460655482416
"('margin', 16, 1.0, 0.0)","('margin', 20, 1.0, 0.0)",k_fixed16_k_variable20,1.0433168187241038,25.70551840993829,True,ok,batch_summary_2.csv,variable_first,1,1,phase2,margin,,,4,1.0,margin,,,4,1.0,0.0,0.0,200000,200704,401408,7.242784374177603,7.009445314909272,1.8236232802110488,1.8387704622230967,6.284624294152664,2.5009486782630193,0.8455092139528767,1.6090626902574592,0.1470826164776855
"('margin', 16, 1.0, 0.0)","('margin', 20, 1.0, 0.0)",k_fixed16_k_variable20,1.0433168187241038,25.70551840993829,True,ok,batch_summary_2.csv,variable_first,2,2,phase2,margin,,,4,1.0,margin,,,4,1.0,0.0,0.0,200000,200704,401408,7.598588345085319,7.403500147050433,1.7107689530414831,1.946479225343265,6.709903881689297,2.4495352520781943,0.8701894710841477,1.460658406306944,0.18967792488795718
"('margin', 16, 1.0, 0.0)","('margin', 20, 1.0, 0.0)",k_fixed16_k_variable20,1.0433168187241038,25.70551840993829,True,ok,batch_summary_2.csv,variable_first,3,3,phase2,margin,,,4,1.0,margin,,,4,1.0,0.0,0.0,200000,200704,401408,4.757882690848455,4.524960445987268,1.4704355348419895,0.8287747461269388,4.348881407493298,0.9357510146885394,0.7171520112176814,1.271663666315037,0.17534302012535516
"('margin', 16, 1.0, 0.0)","('margin', 20, 1.0, 0.0)",k_fixed16_k_variable20,1.0433168187241038,25.70551840993829,True,ok,batch_summary_2.csv,variable_first,4,4,phase2,margin,,,4,1.0,margin,,,4,1.0,0.0,0.0,200000,200704,401408,2.7054996501067716,2.3241623529035147,1.3849179448883833,0.49934427656211233,2.201001466181482,0.5549580902965814,0.653833606745763,1.2097355784354573,0.16443588121550357
"('margin', 20, 1.0, 0.0)","('margin', 25, 1.0, 0.0)",k_fixed20_k_variable25,1.0392263288258772,18.446930161686826,True,ok,batch_summary_2.csv,fixed_first,0,0,phase1,margin,,,4,1.0,margin,,,4,1.0,0.0,0.0,200000,200704,401408,5.2333557969069435,5.013183069122278,1.5020014688692032,0.5127873655967312,4.922413860069135,0.7993093221137282,0.8139465824268692,1.2549361889244939,0.13650837032405896
"('margin', 20, 1.0, 0.0)","('margin', 25, 1.0, 0.0)",k_fixed20_k_variable25,1.0392263288258772,18.446930161686826,True,ok,batch_summary_2.csv,fixed_first,1,1,phase1,margin,,,4,1.0,margin,,,4,1.0,0.0,0.0,200000,200704,401408,5.969782219786376,5.73018329328031,1.6743055805583325,0.9642343720323607,5.306704804752275,1.9349772002789207,0.816168572539751,1.4527019825868168,0.1637833571384224
"('margin', 20, 1.0, 0.0)","('margin', 25, 1.0, 0.0)",k_fixed20_k_variable25,1.0392263288258772,18.446930161686826,True,ok,batch_summary_2.csv,fixed_first,2,2,phase1,margin,,,4,1.0,margin,,,4,1.0,0.0,0.0,200000,200704,401408,6.114428009928177,5.851775783018361,1.7728367307437225,1.2914619136105714,5.520192354408076,1.4501318253000657,0.924573198649449,1.5012429186557095,0.1854296993453398
"('margin', 20, 1.0, 0.0)","('margin', 25, 1.0, 0.0)",k_fixed20_k_variable25,1.0392263288258772,18.446930161686826,True,ok,batch_summary_2.csv,fixed_first,3,3,phase1,margin,,,4,1.0,margin,,,4,1.0,0.0,0.0,200000,200704,401408,4.915072548326883,4.687888224737574,1.477038302713679,0.7329855009078748,4.517339684460579,1.016203935383859,0.71976979616249,1.2777001418901472,0.1762269435398874
"('margin', 20, 1.0, 0.0)","('margin', 25, 1.0, 0.0)",k_fixed20_k_variable25,1.0392263288258772,18.446930161686826,True,ok,batch_summary_2.csv,fixed_first,4,4,phase1,margin,,,4,1.0,margin,,,4,1.0,0.0,0.0,200000,200704,401408,3.5098129199387356,3.2245124646948495,1.386111863449852,0.4554773409214822,3.1288800399196837,0.6325588689377039,0.6497250665534957,1.2130523027170983,0.1663356448907515
"('margin', 20, 1.0, 0.0)","('margin', 25, 1.0, 0.0)",k_fixed20_k_variable25,1.0392263288258772,18.446930161686826,True,ok,batch_summary_2.csv,variable_first,0,0,phase2,margin,,,4,1.0,margin,,,4,1.0,0.0,0.0,200000,200704,401408,6.510087107019334,6.275716779076873,1.7310728031461757,0.9349099222819993,6.023008101182835,1.4946363910635938,0.7180923895075745,1.5684765425178,0.1443527121153905
"('margin', 20, 1.0, 0.0)","('margin', 25, 1.0, 0.0)",k_fixed20_k_variable25,1.0392263288258772,18.446930161686826,True,ok,batch_summary_2.csv,variable_first,1,1,phase2,margin,,,4,1.0,margin,,,4,1.0,0.0,0.0,200000,200704,401408,5.732830337292524,5.449889251175399,1.7787779024106292,1.0271371263779594,5.199552529595804,1.2692264044161141,0.70011353380948,1.626220853170134,0.17116542465042822
"('margin', 20, 1.0, 0.0)","('margin', 25, 1.0, 0.0)",k_fixed20_k_variable25,1.0392263288258772,18.446930161686826,True,ok,batch_summary_2.csv,variable_first,2,2,phase2,margin,,,4,1.0,margin,,,4,1.0,0.0,0.0,200000,200704,401408,9.318845886606354,8.981874105428096,2.4833095281419126,2.266658152769966,8.272612792670158,2.6646202068571174,1.569074655275684,1.9197763298570467,0.13888765982804382
"('margin', 20, 1.0, 0.0)","('margin', 25, 1.0, 0.0)",k_fixed20_k_variable25,1.0392263288258772,18.446930161686826,True,ok,batch_summary_2.csv,variable_first,3,3,phase2,margin,,,4,1.0,margin,,,4,1.0,0.0,0.0,200000,200704,401408,8.136751874780662,7.923582476126657,1.850289657260498,1.9343402384899282,7.220242969316015,2.6286077230699214,0.8670382328271289,1.6249416792472597,0.1771469944037345
"('margin', 20, 1.0, 0.0)","('margin', 25, 1.0, 0.0)",k_fixed20_k_variable25,1.0392263288258772,18.446930161686826,True,ok,batch_summary_2.csv,variable_first,4,4,phase2,margin,,,4,1.0,margin,,,4,1.0,0.0,0.0,200000,200704,401408,5.3999655576387235,5.266266779106056,1.1941784770160668,0.6127756215106025,5.176615878773264,0.7488123062763324,0.5719131321518749,1.0376630282284767,0.14910749172443508
"('margin', 1, 1.0, 0.0)","('margin', 5, 1.0, 0.0)",k_fixed1_k_variable5,1.3261344000227575,7.534859359771521,True,ok,batch_summary_2.csv,fixed_first,0,0,phase1,margin,,,4,1.0,margin,,,4,1.0,0.0,0.0,200000,200704,401408,3.4789309030117934,3.2862597561445117,1.141690432243114,1.416196787853838,2.834285399357123,0.8721904137964894,0.7251986654806667,0.8753728604333461,0.10614279946030288
"('margin', 1, 1.0, 0.0)","('margin', 5, 1.0, 0.0)",k_fixed1_k_variable5,1.3261344000227575,7.534859359771521,True,ok,batch_summary_2.csv,fixed_first,1,1,phase1,margin,,,4,1.0,margin,,,4,1.0,0.0,0.0,200000,200704,401408,2.9492481149899423,2.731950361321395,1.1110858054388182,1.045634082257672,2.437841272305361,0.6535534207620942,0.6270463345365079,0.906278377532616,0.1413650020648896
"('margin', 1, 1.0, 0.0)","('margin', 5, 1.0, 0.0)",k_fixed1_k_variable5,1.3261344000227575,7.534859359771521,True,ok,batch_summary_2.csv,fixed_first,2,2,phase1,margin,,,4,1.0,margin,,,4,1.0,0.0,0.0,200000,200704,401408,5.1173570460669735,4.836215890935182,1.6728296366328896,1.9358755577467404,4.046485985281387,1.8075732736390109,0.9355405835157139,1.3800756477659804,0.1360662200390417
"('margin', 1, 1.0, 0.0)","('margin', 5, 1.0, 0.0)",k_fixed1_k_variable5,1.3261344000227575,7.534859359771521,True,ok,batch_summary_2.csv,fixed_first,3,3,phase1,margin,,,4,1.0,margin,,,4,1.0,0.0,0.0,200000,200704,401408,5.2012289400546745,4.875571419165109,1.8115147869897725,2.232699419525692,3.9677581448815404,1.7444613120260084,1.1093261063237936,1.427523337760495,0.11471065103218521
"('margin', 1, 1.0, 0.0)","('margin', 5, 1.0, 0.0)",k_fixed1_k_variable5,1.3261344000227575,7.534859359771521,True,ok,batch_summary_2.csv,fixed_first,4,4,phase1,margin,,,4,1.0,margin,,,4,1.0,0.0,0.0,200000,200704,401408,4.706384110903713,4.480877249037495,1.4393715567653476,2.0958856963510764,3.638130454849167,1.5650977165250053,0.6680510174691214,1.2600885642664237,0.1941008157853925
"('margin', 1, 1.0, 0.0)","('margin', 5, 1.0, 0.0)",k_fixed1_k_variable5,1.3261344000227575,7.534859359771521,True,ok,batch_summary_2.csv,variable_first,0,0,phase2,margin,,,4,1.0,margin,,,4,1.0,0.0,0.0,200000,200704,401408,1.8772988978551512,1.5307561195916042,1.0867551951663355,0.562127887641008,1.3397561884369837,0.48195424175766893,0.6690335013739118,0.8476965231052046,0.1218262409160319
"('margin', 1, 1.0, 0.0)","('margin', 5, 1.0, 0.0)",k_fixed1_k_variable5,1.3261344000227575,7.534859359771521,True,ok,batch_summary_2.csv,variable_first,1,1,phase2,margin,,,4,1.0,margin,,,4,1.0,0.0,0.0,200000,200704,401408,2.1966889283436632,1.902528670848181,1.0981015000938144,0.8588742617971895,1.6168228166687468,0.5175271252031324,0.6990686607174637,0.8340780509315118,0.14643673400232357
"('margin', 1, 1.0, 0.0)","('margin', 5, 1.0, 0.0)",k_fixed1_k_variable5,1.3261344000227575,7.534859359771521,True,ok,batch_summary_2.csv,variable_first,2,2,phase2,margin,,,4,1.0,margin,,,4,1.0,0.0,0.0,200000,200704,401408,1.7389337455065073,1.3912817662854222,1.0431805299481995,0.5354974765658026,1.2466556711855357,0.3078263200099746,0.6521889737107535,0.803067586011781,0.1340060182616116
"('margin', 1, 1.0, 0.0)","('margin', 5, 1.0, 0.0)",k_fixed1_k_variable5,1.3261344000227575,7.534859359771521,True,ok,batch_summary_2.csv,variable_first,3,3,phase2,margin,,,4,1.0,margin,,,4,1.0,0.0,0.0,200000,200704,401408,1.98095444747438,1.6597813662637457,1.0813446902686399,0.5141106950348578,1.52094648289482,0.42105364648343635,0.5211894169141013,0.9355609391017423,0.14964511383932982
"('margin', 1, 1.0, 0.0)","('margin', 5, 1.0, 0.0)",k_fixed1_k_variable5,1.3261344000227575,7.534859359771521,True,ok,batch_summary_2.csv,variable_first,4,4,phase2,margin,,,4,1.0,margin,,,4,1.0,0.0,0.0,200000,200704,401408,2.521175478184623,2.305897097260451,1.0193941184082278,0.5865944136319667,2.1659612382229985,0.5307356513043379,0.6422694430082908,0.7771215073223391,0.15078625295484843
"('margin', 10, 1.0, 0.0)","('margin', 25, 1.0, 0.0)",k_fixed10_k_variable25,1.1817479017667911,24.46105264173158,True,ok,batch_summary_2.csv,fixed_first,0,0,phase1,margin,,,4,1.0,margin,,,4,1.0,0.0,0.0,200000,200704,401408,1.9470741597437353,1.5537176932278538,1.1734816203471143,0.5666254014237415,1.3953188100150984,0.38217763295189966,0.7566751813899613,0.8877396630181121,0.12814083605723506
"('margin', 10, 1.0, 0.0)","('margin', 25, 1.0, 0.0)",k_fixed10_k_variable25,1.1817479017667911,24.46105264173158,True,ok,batch_summary_2.csv,fixed_first,1,1,phase1,margin,,,4,1.0,margin,,,4,1.0,0.0,0.0,200000,200704,401408,2.2667094885338437,1.7987759518642084,1.379266827123878,0.6034527965050996,1.6103561920645417,0.5274396478030001,0.6763065920153011,1.1916690755394062,0.15783278621400498
"('margin', 10, 1.0, 0.0)","('margin', 25, 1.0, 0.0)",k_fixed10_k_variable25,1.1817479017667911,24.46105264173158,True,ok,batch_summary_2.csv,fixed_first,2,2,phase1,margin,,,4,1.0,margin,,,4,1.0,0.0,0.0,200000,200704,401408,2.006741521144594,1.628497066285398,1.172607708394232,0.5549047625536199,1.4983056111065403,0.31490267563505286,0.6625694319491329,0.9567056530198201,0.14396138062721767
"('margin', 10, 1.0, 0.0)","('margin', 25, 1.0, 0.0)",k_fixed10_k_variable25,1.1817479017667911,24.46105264173158,True,ok,batch_summary_2.csv,fixed_first,3,3,phase1,margin,,,4,1.0,margin,,,4,1.0,0.0,0.0,200000,200704,401408,2.1212942572302356,1.778507962111913,1.1562001359896592,0.7041198262505907,1.5731499619449116,0.4387539615878485,0.5633887977941813,0.9938686688362678,0.17781137783662476
"('margin', 10, 1.0, 0.0)","('margin', 25, 1.0, 0.0)",k_fixed10_k_variable25,1.1817479017667911,24.46105264173158,True,ok,batch_summary_2.csv,fixed_first,4,4,phase1,margin,,,4,1.0,margin,,,4,1.0,0.0,0.0,200000,200704,401408,2.4065149609084107,2.065735477780479,1.2345246829914205,0.7436701120619582,1.857982080699053,0.5119769686108112,0.7994807405901564,0.923546020147032,0.17873020732674183
"('margin', 10, 1.0, 0.0)","('margin', 25, 1.0, 0.0)",k_fixed10_k_variable25,1.1817479017667911,24.46105264173158,True,ok,batch_summary_2.csv,variable_first,0,0,phase2,margin,,,4,1.0,margin,,,4,1.0,0.0,0.0,200000,200704,401408,7.05265616629021,6.728937764206375,2.112192123209591,1.0742979714051866,6.420403648429448,1.703791153407955,0.9031185069065248,1.9036967476303912,0.14721148356375022
"('margin', 10, 1.0, 0.0)","('margin', 25, 1.0, 0.0)",k_fixed10_k_variable25,1.1817479017667911,24.46105264173158,True,ok,batch_summary_2.csv,variable_first,1,1,phase2,margin,,,4,1.0,margin,,,4,1.0,0.0,0.0,200000,200704,401408,8.774175843384826,8.29724435738447,2.8534010942188655,2.2704326691037013,7.448066782383316,2.866304349920519,1.4006597933262794,2.4784565938107797,0.1931394844263333
"('margin', 10, 1.0, 0.0)","('margin', 25, 1.0, 0.0)",k_fixed10_k_variable25,1.1817479017667911,24.46105264173158,True,ok,batch_summary_2.csv,variable_first,2,2,phase2,margin,,,4,1.0,margin,,,4,1.0,0.0,0.0,200000,200704,401408,9.513764241768591,9.170685670708256,2.531844066490069,2.4105386786104397,8.333473091543004,2.9738872174958897,1.419121103233848,2.089366242411509,0.17572244150513894
"('margin', 10, 1.0, 0.0)","('margin', 25, 1.0, 0.0)",k_fixed10_k_variable25,1.1817479017667911,24.46105264173158,True,ok,batch_summary_2.csv,variable_first,3,3,phase2,margin,,,4,1.0,margin,,,4,1.0,0.0,0.0,200000,200704,401408,8.94467042640668,8.705815529440104,2.0532669101687167,2.0228236161964794,7.980813854073332,2.8294909218849633,0.9644190397917888,1.8047592548249518,0.1692481970496544
"('margin', 10, 1.0, 0.0)","('margin', 25, 1.0, 0.0)",k_fixed10_k_variable25,1.1817479017667911,24.46105264173158,True,ok,batch_summary_2.csv,variable_first,4,4,phase2,margin,,,4,1.0,margin,,,4,1.0,0.0,0.0,200000,200704,401408,5.212821914561524,5.078769567736763,1.174568853138804,0.7030494622874837,4.971500846839701,0.7640687833032291,0.5701687122048278,1.0172416621319065,0.1404956626007024
"('margin', 3, 1.0, 0.0)","('margin', 13, 1.0, 0.0)", n/a,1.4183872763465817,11.594807831994297,True, ok,batch_summary_2.csv,fixed_first,0,0,phase1,margin,,,4,1.0,margin,,,4,1.0,0.0,0.0,200000,200704,401408,2.3102274774068947,2.030422348811049,1.1020599270522669,0.5965185579986274,1.8599664554836561,0.5543512505534559,0.733875865944865,0.8156343214737403,0.10345506189739366
"('margin', 3, 1.0, 0.0)","('margin', 13, 1.0, 0.0)", n/a,1.4183872763465817,11.594807831994297,True, ok,batch_summary_2.csv,fixed_first,1,1,phase1,margin,,,4,1.0,margin,,,4,1.0,0.0,0.0,200000,200704,401408,3.4193651388367794,3.177623337703102,1.2628411920652824,0.6467333023395284,2.8127880478749585,1.3293793701168197,0.7428143815244245,1.011175184520772,0.14324600234119392
"('margin', 3, 1.0, 0.0)","('margin', 13, 1.0, 0.0)", n/a,1.4183872763465817,11.594807831994297,True, ok,batch_summary_2.csv,fixed_first,2,2,phase1,margin,,,4,1.0,margin,,,4,1.0,0.0,0.0,200000,200704,401408,3.4662242502119804,3.2686813684400997,1.1534438280081802,0.8313754143075078,3.0398406623583476,0.8674454198076236,0.6470325485433865,0.9456011512734211,0.13274037895830704
"('margin', 3, 1.0, 0.0)","('margin', 13, 1.0, 0.0)", n/a,1.4183872763465817,11.594807831994297,True, ok,batch_summary_2.csv,fixed_first,3,3,phase1,margin,,,4,1.0,margin,,,4,1.0,0.0,0.0,200000,200704,401408,3.7803573749977497,3.60755432848194,1.1298909902070629,1.1247599398599197,3.284980116033543,0.9789121247074947,0.5967838677143502,0.9482612647230529,0.14595629076142633
"('margin', 3, 1.0, 0.0)","('margin', 13, 1.0, 0.0)", n/a,1.4183872763465817,11.594807831994297,True, ok,batch_summary_2.csv,fixed_first,4,4,phase1,margin,,,4,1.0,margin,,,4,1.0,0.0,0.0,200000,200704,401408,4.425246207327331,4.237622430461857,1.2748961260869338,0.9391346746627004,3.8758433408709823,1.4329369571009407,0.6295010733265775,1.0921116547451926,0.19073716093586787
"('margin', 3, 1.0, 0.0)","('margin', 13, 1.0, 0.0)", n/a,1.4183872763465817,11.594807831994297,True, ok,batch_summary_2.csv,variable_first,0,0,phase2,margin,,,4,1.0,margin,,,4,1.0,0.0,0.0,200000,200704,401408,4.454922210357316,4.273620717481453,1.2579737133375344,0.6560524120785365,4.047503437308206,1.204634880148704,0.6770098658586616,1.054243036501789,0.11281456007869588
"('margin', 3, 1.0, 0.0)","('margin', 13, 1.0, 0.0)", n/a,1.4183872763465817,11.594807831994297,True, ok,batch_summary_2.csv,variable_first,1,1,phase2,margin,,,4,1.0,margin,,,4,1.0,0.0,0.0,200000,200704,401408,2.3610416159828618,1.974618238798032,1.2943725597404796,0.7281309088684143,1.75917036592562,0.5237004794664778,0.7328824540607765,1.0589218757222882,0.13026163309188962
"('margin', 3, 1.0, 0.0)","('margin', 13, 1.0, 0.0)", n/a,1.4183872763465817,11.594807831994297,True, ok,batch_summary_2.csv,variable_first,2,2,phase2,margin,,,4,1.0,margin,,,4,1.0,0.0,0.0,200000,200704,401408,2.0591798734621864,1.7031648739469225,1.157346604706261,0.7131553471934257,1.5018629362016298,0.3695778124832176,0.7058729198952748,0.9078259248774979,0.13056291396849573
"('margin', 3, 1.0, 0.0)","('margin', 13, 1.0, 0.0)", n/a,1.4183872763465817,11.594807831994297,True, ok,batch_summary_2.csv,variable_first,3,3,phase2,margin,,,4,1.0,margin,,,4,1.0,0.0,0.0,200000,200704,401408,1.7651730229639744,1.3996410240730666,1.075565341916275,0.38574443768195055,1.2851993298484456,0.3980689734491298,0.614964937823324,0.8715923137752805,0.13778885494582507
"('margin', 3, 1.0, 0.0)","('margin', 13, 1.0, 0.0)", n/a,1.4183872763465817,11.594807831994297,True, ok,batch_summary_2.csv,variable_first,4,4,phase2,margin,,,4,1.0,margin,,,4,1.0,0.0,0.0,200000,200704,401408,1.9540004918705005,1.5691995052539507,1.164358550851461,0.5809437685972512,1.4041706381285544,0.39140291776494995,0.7612404421972083,0.8676255618939808,0.15319826517446886
"('margin', 9, 1.0, 0.0)","('margin', 14, 1.0, 0.0)",k_fixed9_k_variable14,1.1078778470484143,109.7671283034336,True,ok,batch_summary_3.csv,fixed_first,0,0,phase1,margin,,,4,1.0,margin,,,4,1.0,0.0,0.0,200000,200704,401408,2.0170214324734577,1.632753017758911,1.1842689905829877,0.5663563147270194,1.471201389252286,0.4250757744588647,0.7436996515045745,0.9132484678971685,0.1240205881775183
"('margin', 9, 1.0, 0.0)","('margin', 14, 1.0, 0.0)",k_fixed9_k_variable14,1.1078778470484143,109.7671283034336,True,ok,batch_summary_3.csv,fixed_first,1,1,phase1,margin,,,4,1.0,margin,,,4,1.0,0.0,0.0,200000,200704,401408,2.176481070731648,1.7130572804507134,1.342573873255393,0.6978175385853157,1.4605234752820042,0.5607915005580083,0.714767180964496,1.1252386730720905,0.1595318488171442
"('margin', 9, 1.0, 0.0)","('margin', 14, 1.0, 0.0)",k_fixed9_k_variable14,1.1078778470484143,109.7671283034336,True,ok,batch_summary_3.csv,fixed_first,2,2,phase1,margin,,,4,1.0,margin,,,4,1.0,0.0,0.0,200000,200704,401408,2.0448162526709197,1.6788969940970615,1.1672953312675391,0.6698323570921659,1.5011223199195691,0.34154283892330806,0.6566909148992544,0.9545156230512192,0.1422510387973219
"('margin', 9, 1.0, 0.0)","('margin', 14, 1.0, 0.0)",k_fixed9_k_variable14,1.1078778470484143,109.7671283034336,True,ok,batch_summary_3.csv,fixed_first,3,3,phase1,margin,,,4,1.0,margin,,,4,1.0,0.0,0.0,200000,200704,401408,1.9236468224096857,1.5517565056235378,1.136867997888017,0.6982102553528647,1.3541889951466777,0.29431761328315337,0.5588136120243185,0.9734518558306988,0.18052056951497472
"('margin', 9, 1.0, 0.0)","('margin', 14, 1.0, 0.0)",k_fixed9_k_variable14,1.1078778470484143,109.7671283034336,True,ok,batch_summary_3.csv,fixed_first,4,4,phase1,margin,,,4,1.0,margin,,,4,1.0,0.0,0.0,200000,200704,401408,2.5101226571474617,2.2197059554030036,1.1720158810670915,0.8084337794966994,1.980828630603359,0.5914788997100963,0.7419600790838063,0.8892824004100455,0.17970330781699728
"('margin', 9, 1.0, 0.0)","('margin', 14, 1.0, 0.0)",k_fixed9_k_variable14,1.1078778470484143,109.7671283034336,True,ok,batch_summary_3.csv,variable_first,0,0,phase2,margin,,,4,1.0,margin,,,4,1.0,0.0,0.0,200000,200704,401408,12.305774391289718,11.685551825242904,3.85745536706312,4.375827452203366,10.203258697545127,3.6466104151596546,1.9767620943337991,3.3063615781474787,0.2008647451377067
"('margin', 9, 1.0, 0.0)","('margin', 14, 1.0, 0.0)",k_fixed9_k_variable14,1.1078778470484143,109.7671283034336,True,ok,batch_summary_3.csv,variable_first,1,1,phase2,margin,,,4,1.0,margin,,,4,1.0,0.0,0.0,200000,200704,401408,2.3880749068196923,1.9134931954174623,1.4287916403986098,0.6625684761250682,1.7410415667594745,0.4373025110492154,0.7653267337819682,1.1980119808950032,0.14313572532252436
"('margin', 9, 1.0, 0.0)","('margin', 14, 1.0, 0.0)",k_fixed9_k_variable14,1.1078778470484143,109.7671283034336,True,ok,batch_summary_3.csv,variable_first,2,2,phase2,margin,,,4,1.0,margin,,,4,1.0,0.0,0.0,200000,200704,401408,1.893796926353983,1.4459547130315764,1.2229806891891484,0.4826997967998179,1.3125004328431824,0.36759835703400784,0.7295444781292281,0.972805930880416,0.130748772095971
"('margin', 9, 1.0, 0.0)","('margin', 14, 1.0, 0.0)",k_fixed9_k_variable14,1.1078778470484143,109.7671283034336,True,ok,batch_summary_3.csv,variable_first,3,3,phase2,margin,,,4,1.0,margin,,,4,1.0,0.0,0.0,200000,200704,401408,7.688183099301507,7.28357300723186,2.4612443228393173,2.486743511732225,6.305713631510585,2.6654301821499344,1.4026900743092798,2.0087722059923303,0.23456000634316218
"('margin', 9, 1.0, 0.0)","('margin', 14, 1.0, 0.0)",k_fixed9_k_variable14,1.1078778470484143,109.7671283034336,True,ok,batch_summary_3.csv,variable_first,4,4,phase2,margin,,,4,1.0,margin,,,4,1.0,0.0,0.0,200000,200704,401408,2.021282436960311,1.600828224298574,1.2340711836248697,0.5037958408611654,1.4385138090533756,0.489406554517474,0.7689219352302157,0.9520819362011737,0.15884184125894277
"('margin', 13, 1.0, 0.0)","('margin', 18, 1.0, 0.0)",k_fixed13_k_variable18,1.070423747601157,38.9029663210021,True,ok,batch_summary_3.csv,fixed_first,0,0,phase1,margin,,,4,1.0,margin,,,4,1.0,0.0,0.0,200000,200704,401408,3.324957646861439,3.1672773106407592,1.0117795169514934,0.39826166255939865,3.035695328823573,0.810917431798037,0.5840985304596167,0.8172885380092783,0.12069027830015927
"('margin', 13, 1.0, 0.0)","('margin', 18, 1.0, 0.0)",k_fixed13_k_variable18,1.070423747601157,38.9029663210021,True,ok,batch_summary_3.csv,fixed_first,1,1,phase1,margin,,,4,1.0,margin,,,4,1.0,0.0,0.0,200000,200704,401408,2.3524923204394024,1.8360935537996173,1.47070750981351,0.7573934507422146,1.6108816533995092,0.45017218685539867,0.7615732494185737,1.2484139214629733,0.15636318585054285
"('margin', 13, 1.0, 0.0)","('margin', 18, 1.0, 0.0)",k_fixed13_k_variable18,1.070423747601157,38.9029663210021,True,ok,batch_summary_3.csv,fixed_first,2,2,phase1,margin,,,4,1.0,margin,,,4,1.0,0.0,0.0,200000,200704,401408,2.0694485980413817,1.6755559853640127,1.2145491508565114,0.4352743029335482,1.5682133301400165,0.3984107082723072,0.7102290805446851,0.975855685984402,0.1356833561157599
"('margin', 13, 1.0, 0.0)","('margin', 18, 1.0, 0.0)",k_fixed13_k_variable18,1.070423747601157,38.9029663210021,True,ok,batch_summary_3.csv,fixed_first,3,3,phase1,margin,,,4,1.0,margin,,,4,1.0,0.0,0.0,200000,200704,401408,2.005615833076903,1.6293468359761758,1.1694972244444128,0.5626572746706093,1.4629076758079858,0.4450719438786215,0.5784037278969651,1.0066785865171666,0.14060977557011647
"('margin', 13, 1.0, 0.0)","('margin', 18, 1.0, 0.0)",k_fixed13_k_variable18,1.070423747601157,38.9029663210021,True,ok,batch_summary_3.csv,fixed_first,4,4,phase1,margin,,,4,1.0,margin,,,4,1.0,0.0,0.0,200000,200704,401408,2.094358833295429,1.682398782460466,1.2473464872993916,0.5507491724669966,1.5269887638495232,0.4420931206529705,0.757041745659317,0.9775410803622552,0.16484687109987994
"('margin', 13, 1.0, 0.0)","('margin', 18, 1.0, 0.0)",k_fixed13_k_variable18,1.070423747601157,38.9029663210021,True,ok,batch_summary_3.csv,variable_first,0,0,phase2,margin,,,4,1.0,margin,,,4,1.0,0.0,0.0,200000,200704,401408,3.4139299182311955,2.975715102637066,1.6733311431189384,0.30156865101307634,2.871027492874539,0.7218987851125791,0.9008392407955542,1.4016785006697106,0.1543475219591639
"('margin', 13, 1.0, 0.0)","('margin', 18, 1.0, 0.0)",k_fixed13_k_variable18,1.070423747601157,38.9029663210021,True,ok,batch_summary_3.csv,variable_first,1,1,phase2,margin,,,4,1.0,margin,,,4,1.0,0.0,0.0,200000,200704,401408,2.4152986593859533,1.8812195078087168,1.5148203779562488,0.5991530530344183,1.6853680012938235,0.5826981687069807,0.8257343495456819,1.2614098102751345,0.14727135496603197
"('margin', 13, 1.0, 0.0)","('margin', 18, 1.0, 0.0)",k_fixed13_k_variable18,1.070423747601157,38.9029663210021,True,ok,batch_summary_3.csv,variable_first,2,2,phase2,margin,,,4,1.0,margin,,,4,1.0,0.0,0.0,200000,200704,401408,6.59039835996032,6.318866589099773,1.8722381184363985,1.423369266997621,5.858657548849286,1.8916201061310758,0.9635106386739084,1.593237356174426,0.19625888050936263
"('margin', 13, 1.0, 0.0)","('margin', 18, 1.0, 0.0)",k_fixed13_k_variable18,1.070423747601157,38.9029663210021,True,ok,batch_summary_3.csv,variable_first,3,3,phase2,margin,,,4,1.0,margin,,,4,1.0,0.0,0.0,200000,200704,401408,5.392216335668657,5.152694871664428,1.5892553508404568,0.8961956539928393,4.922795315636644,1.230115470428349,0.8676717969537813,1.3187532648898113,0.18376084808381482
"('margin', 13, 1.0, 0.0)","('margin', 18, 1.0, 0.0)",k_fixed13_k_variable18,1.070423747601157,38.9029663210021,True,ok,batch_summary_3.csv,variable_first,4,4,phase2,margin,,,4,1.0,margin,,,4,1.0,0.0,0.0,200000,200704,401408,3.936893091167454,3.641937360577431,1.495131924919111,0.5766023514835709,3.498128475768854,0.8332674442508813,0.7172592241495863,1.3001111312049847,0.17512773852692576
"('margin', 4, 1.0, 0.0)","('margin', 22, 1.0, 0.0)",k_fixed4_k_variable22,1.3896682297951528,23.634569639338025,True,ok,batch_summary_3.csv,fixed_first,0,0,phase1,margin,,,4,1.0,margin,,,4,1.0,0.0,0.0,200000,200704,401408,2.2483052023400587,1.9572671426392538,1.1063370260522527,0.5056505453396072,1.8223196136147235,0.5043445444218391,0.7353119655855234,0.819763674383334,0.10623298283693422
"('margin', 4, 1.0, 0.0)","('margin', 22, 1.0, 0.0)",k_fixed4_k_variable22,1.3896682297951528,23.634569639338025,True,ok,batch_summary_3.csv,fixed_first,1,1,phase1,margin,,,4,1.0,margin,,,4,1.0,0.0,0.0,200000,200704,401408,2.2253957165648033,1.8436573286124003,1.2463200832686445,0.5800965270902905,1.6114093609763847,0.6825835010910208,0.7274308194534523,1.0007303874918092,0.15065471920432214
"('margin', 4, 1.0, 0.0)","('margin', 22, 1.0, 0.0)",k_fixed4_k_variable22,1.3896682297951528,23.634569639338025,True,ok,batch_summary_3.csv,fixed_first,2,2,phase1,margin,,,4,1.0,margin,,,4,1.0,0.0,0.0,200000,200704,401408,2.532362263652703,2.244470880359122,1.1726930977848342,0.6161933826902238,2.0773219711780335,0.5853961701017859,0.6354634953007934,0.9757381354856065,0.13903358835677532
"('margin', 4, 1.0, 0.0)","('margin', 22, 1.0, 0.0)",k_fixed4_k_variable22,1.3896682297951528,23.634569639338025,True,ok,batch_summary_3.csv,fixed_first,3,3,phase1,margin,,,4,1.0,margin,,,4,1.0,0.0,0.0,200000,200704,401408,3.0253596885882112,2.8171088133384288,1.1030408782749204,0.6166628496888528,2.6180099134587165,0.837766727099231,0.5491025788253754,0.944816471038516,0.1500245750774019
"('margin', 4, 1.0, 0.0)","('margin', 22, 1.0, 0.0)",k_fixed4_k_variable22,1.3896682297951528,23.634569639338025,True,ok,batch_summary_3.csv,fixed_first,4,4,phase1,margin,,,4,1.0,margin,,,4,1.0,0.0,0.0,200000,200704,401408,2.7170639527280147,2.487774223129731,1.0924357820692467,0.4734011998124706,2.342246969204775,0.691947270054514,0.5658230771941013,0.9138328027258988,0.1953709085866502
"('margin', 4, 1.0, 0.0)","('margin', 22, 1.0, 0.0)",k_fixed4_k_variable22,1.3896682297951528,23.634569639338025,True,ok,batch_summary_3.csv,variable_first,0,0,phase2,margin,,,4,1.0,margin,,,4,1.0,0.0,0.0,200000,200704,401408,5.574415024963417,5.37283530350874,1.485511249337427,0.6702953721016728,5.179317432376864,1.262035755216967,0.7364714252858591,1.2835719247774653,0.1296017961624431
"('margin', 4, 1.0, 0.0)","('margin', 22, 1.0, 0.0)",k_fixed4_k_variable22,1.3896682297951528,23.634569639338025,True,ok,batch_summary_3.csv,variable_first,1,1,phase2,margin,,,4,1.0,margin,,,4,1.0,0.0,0.0,200000,200704,401408,2.5312292725148926,2.024454697680949,1.5194422684241113,0.46926368541403696,1.8841236740838538,0.5729628236376757,0.7866560716861818,1.2912313133966675,0.15032873064384922
"('margin', 4, 1.0, 0.0)","('margin', 22, 1.0, 0.0)",k_fixed4_k_variable22,1.3896682297951528,23.634569639338025,True,ok,batch_summary_3.csv,variable_first,2,2,phase2,margin,,,4,1.0,margin,,,4,1.0,0.0,0.0,200000,200704,401408,9.563093582763496,9.112750097199587,2.9000938844598254,2.4352692520019725,8.201764537076432,3.137313577349296,1.5053693317869492,2.472157861627528,0.18122698692468625
"('margin', 4, 1.0, 0.0)","('margin', 22, 1.0, 0.0)",k_fixed4_k_variable22,1.3896682297951528,23.634569639338025,True,ok,batch_summary_3.csv,variable_first,3,3,phase2,margin,,,4,1.0,margin,,,4,1.0,0.0,0.0,200000,200704,401408,9.025339506837541,8.55529847772039,2.874651486841093,2.067211470173028,7.761310261390906,2.9464948340185693,1.4161259456936601,2.4934264353914095,0.20256625588244412
"('margin', 4, 1.0, 0.0)","('margin', 22, 1.0, 0.0)",k_fixed4_k_variable22,1.3896682297951528,23.634569639338025,True,ok,batch_summary_3.csv,variable_first,4,4,phase2,margin,,,4,1.0,margin,,,4,1.0,0.0,0.0,200000,200704,401408,13.606130858016192,13.209218608759771,3.262413320144308,4.5198813181672906,11.467080678207072,4.749756819372735,1.5928451082253348,2.8383870260049338,0.22303413026821056
"('margin', 2, 1.0, 0.0)","('margin', 9, 1.0, 0.0)",k_fixed2_k_variable9,1.4039815625635883,49.76122107228664,True,ok,batch_summary_3.csv,fixed_first,0,0,phase1,margin,,,4,1.0,margin,,,4,1.0,0.0,0.0,200000,200704,401408,2.584932125643088,2.3449447193523163,1.0877078455924554,0.6521555377794179,2.1548186610124076,0.6559080953263547,0.7222840149489469,0.8068392534448712,0.10210082376324355
"('margin', 2, 1.0, 0.0)","('margin', 9, 1.0, 0.0)",k_fixed2_k_variable9,1.4039815625635883,49.76122107228664,True,ok,batch_summary_3.csv,fixed_first,1,1,phase1,margin,,,4,1.0,margin,,,4,1.0,0.0,0.0,200000,200704,401408,4.074765006314905,3.8379329494637133,1.3689340861083383,1.1675380180466783,3.359602920429867,1.4421000374571735,0.7334869575160042,1.1478730585754187,0.13551699767889044
"('margin', 2, 1.0, 0.0)","('margin', 9, 1.0, 0.0)",k_fixed2_k_variable9,1.4039815625635883,49.76122107228664,True,ok,batch_summary_3.csv,fixed_first,2,2,phase1,margin,,,4,1.0,margin,,,4,1.0,0.0,0.0,200000,200704,401408,4.869643755953922,4.597503246331637,1.6051150145304443,1.4435807756438985,4.131437617383005,1.4086638555361402,0.7983024751742627,1.3864904041065693,0.1294284641109385
"('margin', 2, 1.0, 0.0)","('margin', 9, 1.0, 0.0)",k_fixed2_k_variable9,1.4039815625635883,49.76122107228664,True,ok,batch_summary_3.csv,fixed_first,3,3,phase1,margin,,,4,1.0,margin,,,4,1.0,0.0,0.0,200000,200704,401408,6.216946538394655,5.959903087332081,1.7691747937574775,2.3919493055202556,5.137086282207851,1.846447361655229,1.0290432713481896,1.4328614412204674,0.1340055477337935
"('margin', 2, 1.0, 0.0)","('margin', 9, 1.0, 0.0)",k_fixed2_k_variable9,1.4039815625635883,49.76122107228664,True,ok,batch_summary_3.csv,fixed_first,4,4,phase1,margin,,,4,1.0,margin,,,4,1.0,0.0,0.0,200000,200704,401408,5.360853033504952,5.036225010899128,1.8371670817955894,1.5553108384252083,4.450639295331391,1.7709828963417726,0.8319165594007327,1.625969558563269,0.1982945265349941
"('margin', 2, 1.0, 0.0)","('margin', 9, 1.0, 0.0)",k_fixed2_k_variable9,1.4039815625635883,49.76122107228664,True,ok,batch_summary_3.csv,variable_first,0,0,phase2,margin,,,4,1.0,margin,,,4,1.0,0.0,0.0,200000,200704,401408,1.845495762305882,1.4392039569899586,1.1552257696543193,0.4892990795404386,1.3157837185294625,0.317187084587652,0.7466330152209419,0.8734835017174176,0.11879516691758646
"('margin', 2, 1.0, 0.0)","('margin', 9, 1.0, 0.0)",k_fixed2_k_variable9,1.4039815625635883,49.76122107228664,True,ok,batch_summary_3.csv,variable_first,1,1,phase2,margin,,,4,1.0,margin,,,4,1.0,0.0,0.0,200000,200704,401408,2.285921158932018,1.9356210811798265,1.2160619124638918,0.6804300505257579,1.7617667925388776,0.4240538703473305,0.6823690288063722,0.9954545120361085,0.14916232077217
"('margin', 2, 1.0, 0.0)","('margin', 9, 1.0, 0.0)",k_fixed2_k_variable9,1.4039815625635883,49.76122107228664,True,ok,batch_summary_3.csv,variable_first,2,2,phase2,margin,,,4,1.0,margin,,,4,1.0,0.0,0.0,200000,200704,401408,1.7756849405863093,1.3885622172377257,1.1067754863046328,0.4737405624918517,1.2670095436656275,0.3136267317214386,0.644022631089106,0.8896735069519746,0.13663044593975604
"('margin', 2, 1.0, 0.0)","('margin', 9, 1.0, 0.0)",k_fixed2_k_variable9,1.4039815625635883,49.76122107228664,True,ok,batch_summary_3.csv,variable_first,3,3,phase2,margin,,,4,1.0,margin,,,4,1.0,0.0,0.0,200000,200704,401408,1.832436248915648,1.421415381927201,1.1564605131005552,0.5484680610140771,1.2571086869176582,0.373205336648434,0.523139612638684,1.0178941905777332,0.16618447832799677
"('margin', 2, 1.0, 0.0)","('margin', 9, 1.0, 0.0)",k_fixed2_k_variable9,1.4039815625635883,49.76122107228664,True,ok,batch_summary_3.csv,variable_first,4,4,phase2,margin,,,4,1.0,margin,,,4,1.0,0.0,0.0,200000,200704,401408,2.1993496262864793,1.887882366350802,1.1282902771309222,0.6528542685305713,1.7106811405408062,0.4598381983238482,0.7299592694422546,0.8451770970176042,0.16085424800233944
"('margin', 2, 1.0, 0.0)","('margin', 10, 1.0, 0.0)",k_fixed2_k_variable10,1.4484306751157634,9.091751744991225,True,ok,batch_summary_3.csv,fixed_first,0,0,phase1,margin,,,4,1.0,margin,,,4,1.0,0.0,0.0,200000,200704,401408,3.447747581533804,3.276210316400312,1.0739689700751893,0.6518085862920191,3.1015467559261114,0.8301248851396067,0.719350035687477,0.7908949489142577,0.1021276388775453
"('margin', 2, 1.0, 0.0)","('margin', 10, 1.0, 0.0)",k_fixed2_k_variable10,1.4484306751157634,9.091751744991225,True,ok,batch_summary_3.csv,fixed_first,1,1,phase1,margin,,,4,1.0,margin,,,4,1.0,0.0,0.0,200000,200704,401408,3.4563259525653423,3.2254061104531058,1.2421531761536044,0.8543506221669963,2.8720389568403313,1.1936171170616652,0.6729935494860566,1.034115019335239,0.14363259436466563
"('margin', 2, 1.0, 0.0)","('margin', 10, 1.0, 0.0)",k_fixed2_k_variable10,1.4484306751157634,9.091751744991225,True,ok,batch_summary_3.csv,fixed_first,2,2,phase1,margin,,,4,1.0,margin,,,4,1.0,0.0,0.0,200000,200704,401408,3.8783762111754734,3.6431897373488065,1.330026530971527,0.9974311601576067,3.368557166842189,0.9647720750448998,0.6935972316179334,1.1279611591390706,0.12488825746937635
"('margin', 2, 1.0, 0.0)","('margin', 10, 1.0, 0.0)",k_fixed2_k_variable10,1.4484306751157634,9.091751744991225,True,ok,batch_summary_3.csv,fixed_first,3,3,phase1,margin,,,4,1.0,margin,,,4,1.0,0.0,0.0,200000,200704,401408,4.487164779402852,4.238568265487237,1.4728159478760272,1.5068759579143225,3.774437461869324,1.20349808271253,0.823881631762287,1.2129909117636133,0.13805405152167735
"('margin', 2, 1.0, 0.0)","('margin', 10, 1.0, 0.0)",k_fixed2_k_variable10,1.4484306751157634,9.091751744991225,True,ok,batch_summary_3.csv,fixed_first,4,4,phase1,margin,,,4,1.0,margin,,,4,1.0,0.0,0.0,200000,200704,401408,5.371332809465475,5.092287921529844,1.7087480429488513,1.6516587481066711,4.427411579604024,1.8977477072439464,0.7801169380537906,1.5071642920273136,0.19923160914100554
"('margin', 2, 1.0, 0.0)","('margin', 10, 1.0, 0.0)",k_fixed2_k_variable10,1.4484306751157634,9.091751744991225,True,ok,batch_summary_3.csv,variable_first,0,0,phase2,margin,,,4,1.0,margin,,,4,1.0,0.0,0.0,200000,200704,401408,2.2543315066742835,1.9633397801913812,1.107839090076896,0.472717166947411,1.8514641763840962,0.450912381867603,0.7412131790710248,0.8145554979053095,0.12004088264446856
"('margin', 2, 1.0, 0.0)","('margin', 10, 1.0, 0.0)",k_fixed2_k_variable10,1.4484306751157634,9.091751744991225,True,ok,batch_summary_3.csv,variable_first,1,1,phase2,margin,,,4,1.0,margin,,,4,1.0,0.0,0.0,200000,200704,401408,2.2092719177214577,1.837895514664647,1.2259781741973304,0.6534546170941321,1.6691980823418215,0.40575207717173073,0.6813093872608101,1.0082874306448402,0.14898476312074932
"('margin', 2, 1.0, 0.0)","('margin', 10, 1.0, 0.0)",k_fixed2_k_variable10,1.4484306751157634,9.091751744991225,True,ok,batch_summary_3.csv,variable_first,2,2,phase2,margin,,,4,1.0,margin,,,4,1.0,0.0,0.0,200000,200704,401408,1.803331623466828,1.415361427838719,1.117477951810168,0.5316599183011804,1.2775718721493237,0.29731433564245013,0.6437600926654334,0.9028053589218566,0.1388250689724958
"('margin', 2, 1.0, 0.0)","('margin', 10, 1.0, 0.0)",k_fixed2_k_variable10,1.4484306751157634,9.091751744991225,True,ok,batch_summary_3.csv,variable_first,3,3,phase2,margin,,,4,1.0,margin,,,4,1.0,0.0,0.0,200000,200704,401408,2.017184862901921,1.6368037312143584,1.178943729192957,0.6263452476700911,1.471363214588759,0.34915379991254714,0.5409824967139777,1.0363598358214468,0.1523303828809321
"('margin', 2, 1.0, 0.0)","('margin', 10, 1.0, 0.0)",k_fixed2_k_variable10,1.4484306751157634,9.091751744991225,True,ok,batch_summary_3.csv,variable_first,4,4,phase2,margin,,,4,1.0,margin,,,4,1.0,0.0,0.0,200000,200704,401408,2.135485492261409,1.7998331401974874,1.1493036827165413,0.6381173657680795,1.6087176383149204,0.4941994741324808,0.7463735285552647,0.860024017482727,0.15551270150903235
"('margin', 5, 1.0, 0.0)","('margin', 25, 1.0, 0.0)",k_fixed5_k_variable25,1.3385742768597724,31.84770528216009,True,ok,batch_summary_3.csv,fixed_first,0,0,phase1,margin,,,4,1.0,margin,,,4,1.0,0.0,0.0,200000,200704,401408,1.785303143907426,1.3982947006254292,1.1099906512437756,0.49035186803427305,1.227060671264405,0.45728024705710246,0.7311413875842682,0.8278800111640853,0.11011904614954764
"('margin', 5, 1.0, 0.0)","('margin', 25, 1.0, 0.0)",k_fixed5_k_variable25,1.3385742768597724,31.84770528216009,True,ok,batch_summary_3.csv,fixed_first,1,1,phase1,margin,,,4,1.0,margin,,,4,1.0,0.0,0.0,200000,200704,401408,2.107194150332135,1.7075598248098327,1.2347091284547063,0.7269382069413476,1.494631063465355,0.39166233252370264,0.6829241061275757,1.0167140586971086,0.15624922402010397
"('margin', 5, 1.0, 0.0)","('margin', 25, 1.0, 0.0)",k_fixed5_k_variable25,1.3385742768597724,31.84770528216009,True,ok,batch_summary_3.csv,fixed_first,2,2,phase1,margin,,,4,1.0,margin,,,4,1.0,0.0,0.0,200000,200704,401408,1.919515127381682,1.521298347401467,1.1705510080473553,0.53416106698954,1.3947053424640306,0.2895127355079937,0.6225787948622028,0.9812360018442401,0.14057458985655175
"('margin', 5, 1.0, 0.0)","('margin', 25, 1.0, 0.0)",k_fixed5_k_variable25,1.3385742768597724,31.84770528216009,True,ok,batch_summary_3.csv,fixed_first,3,3,phase1,margin,,,4,1.0,margin,,,4,1.0,0.0,0.0,200000,200704,401408,1.7257952197557704,1.323789248046191,1.1072267912623717,0.4193948177137166,1.1690604305389225,0.45806513714288216,0.5391651207920398,0.9547409016147453,0.15401931889972698
"('margin', 5, 1.0, 0.0)","('margin', 25, 1.0, 0.0)",k_fixed5_k_variable25,1.3385742768597724,31.84770528216009,True,ok,batch_summary_3.csv,fixed_first,4,4,phase1,margin,,,4,1.0,margin,,,4,1.0,0.0,0.0,200000,200704,401408,2.546884392662241,2.297361536055742,1.0994317087650836,0.5158950864131784,2.1575251899720658,0.5973335264315406,0.6076922290339043,0.8934561503125908,0.20296882637124722
"('margin', 5, 1.0, 0.0)","('margin', 25, 1.0, 0.0)",k_fixed5_k_variable25,1.3385742768597724,31.84770528216009,True,ok,batch_summary_3.csv,variable_first,0,0,phase2,margin,,,4,1.0,margin,,,4,1.0,0.0,0.0,200000,200704,401408,4.997925497879149,4.727229075285249,1.6225179666580938,0.5672840813830006,4.6036101417727435,0.9119523911909048,0.6651743892609525,1.4744252525730654,0.1271918180327877
"('margin', 5, 1.0, 0.0)","('margin', 25, 1.0, 0.0)",k_fixed5_k_variable25,1.3385742768597724,31.84770528216009,True,ok,batch_summary_3.csv,variable_first,1,1,phase2,margin,,,4,1.0,margin,,,4,1.0,0.0,0.0,200000,200704,401408,11.606288251164592,11.354447792959233,2.4046709309351373,3.1756186637222092,9.985651731572899,4.373292841943145,1.0564384443299961,2.156303888188307,0.12935857609786336
"('margin', 5, 1.0, 0.0)","('margin', 25, 1.0, 0.0)",k_fixed5_k_variable25,1.3385742768597724,31.84770528216009,True,ok,batch_summary_3.csv,variable_first,2,2,phase2,margin,,,4,1.0,margin,,,4,1.0,0.0,0.0,200000,200704,401408,11.050815076379582,10.386196886590911,3.7745765438400567,2.6076024368002644,9.367321754747003,3.6505860408525583,1.9252749448740893,3.2390602518488825,0.221885458830166
"('margin', 5, 1.0, 0.0)","('margin', 25, 1.0, 0.0)",k_fixed5_k_variable25,1.3385742768597724,31.84770528216009,True,ok,batch_summary_3.csv,variable_first,3,3,phase2,margin,,,4,1.0,margin,,,4,1.0,0.0,0.0,200000,200704,401408,8.455048694515607,8.07285846607189,2.5133254093733015,2.04214723601339,7.331708320737244,2.6919754046617403,1.1773477903573941,2.214015956956817,0.16967656374002651
"('margin', 5, 1.0, 0.0)","('margin', 25, 1.0, 0.0)",k_fixed5_k_variable25,1.3385742768597724,31.84770528216009,True,ok,batch_summary_3.csv,variable_first,4,4,phase2,margin,,,4,1.0,margin,,,4,1.0,0.0,0.0,200000,200704,401408,5.751779878057804,5.639244396714443,1.1322077546790614,0.8892173350686047,5.447766231431633,1.1542153111798164,0.5626312473613877,0.9736189635582236,0.13193404809896844
"('margin', 16, 1.0, 0.0)","('margin', 18, 1.0, 0.0)",k_fixed16_k_variable18,1.0188634202534417,38.13316642041019,True,ok,batch_summary_3.csv,fixed_first,0,0,phase1,margin,,,4,1.0,margin,,,4,1.0,0.0,0.0,200000,200704,401408,3.1807779666477245,2.52689129089911,1.931882210977124,0.414900523232331,2.4013420714887324,0.6682764454486732,1.0221703744081714,1.6302817372446374,0.17180820695975862
"('margin', 16, 1.0, 0.0)","('margin', 18, 1.0, 0.0)",k_fixed16_k_variable18,1.0188634202534417,38.13316642041019,True,ok,batch_summary_3.csv,fixed_first,1,1,phase1,margin,,,4,1.0,margin,,,4,1.0,0.0,0.0,200000,200704,401408,2.3429118751479283,1.8039058905625305,1.4950450136042677,0.65454808437311,1.6396643715652794,0.3703296043649842,0.8224030694689505,1.2402736071891989,0.14329746453069633
"('margin', 16, 1.0, 0.0)","('margin', 18, 1.0, 0.0)",k_fixed16_k_variable18,1.0188634202534417,38.13316642041019,True,ok,batch_summary_3.csv,fixed_first,2,2,phase1,margin,,,4,1.0,margin,,,4,1.0,0.0,0.0,200000,200704,401408,2.31857372592715,1.9249675479582584,1.2923947004948906,0.48405492112966436,1.7677878229088868,0.5883171824769716,0.7804960618381008,1.0205965760974856,0.13961585934478565
"('margin', 16, 1.0, 0.0)","('margin', 18, 1.0, 0.0)",k_fixed16_k_variable18,1.0188634202534417,38.13316642041019,True,ok,batch_summary_3.csv,fixed_first,3,3,phase1,margin,,,4,1.0,margin,,,4,1.0,0.0,0.0,200000,200704,401408,2.5035151840245784,1.7332332905823875,1.806513392438198,0.4315622461367944,1.6204196079723134,0.43828296954281737,0.9984941656004773,1.4875852673348446,0.23149537949750054
"('margin', 16, 1.0, 0.0)","('margin', 18, 1.0, 0.0)",k_fixed16_k_variable18,1.0188634202534417,38.13316642041019,True,ok,batch_summary_3.csv,fixed_first,4,4,phase1,margin,,,4,1.0,margin,,,4,1.0,0.0,0.0,200000,200704,401408,1.9827264301662522,1.542098282231754,1.2462491664260738,0.5420411646253159,1.3648291758734672,0.4706376616871091,0.7624646960355955,0.973507682771569,0.15513659691304554
"('margin', 16, 1.0, 0.0)","('margin', 18, 1.0, 0.0)",k_fixed16_k_variable18,1.0188634202534417,38.13316642041019,True,ok,batch_summary_3.csv,variable_first,0,0,phase2,margin,,,4,1.0,margin,,,4,1.0,0.0,0.0,200000,200704,401408,5.1215589065277,4.838533471395336,1.678975723237299,0.48689457448496803,4.7387342684582014,0.8477837932456702,0.9019005045982237,1.407566858664594,0.15585409014449297
"('margin', 16, 1.0, 0.0)","('margin', 18, 1.0, 0.0)",k_fixed16_k_variable18,1.0188634202534417,38.13316642041019,True,ok,batch_summary_3.csv,variable_first,1,1,phase2,margin,,,4,1.0,margin,,,4,1.0,0.0,0.0,200000,200704,401408,6.713604428507469,6.520282388960865,1.5995005441330385,1.3299987141882625,5.923036848851094,2.379668115347785,0.777546266792151,1.389396194892873,0.15297714632153853
"('margin', 16, 1.0, 0.0)","('margin', 18, 1.0, 0.0)",k_fixed16_k_variable18,1.0188634202534417,38.13316642041019,True,ok,batch_summary_3.csv,variable_first,2,2,phase2,margin,,,4,1.0,margin,,,4,1.0,0.0,0.0,200000,200704,401408,5.719418522308622,5.400009863400723,1.8845799819858662,0.9297566989181411,5.15912470588797,1.2957975438849665,0.9241490038676466,1.630127245069006,0.2006875482834365
"('margin', 16, 1.0, 0.0)","('margin', 18, 1.0, 0.0)",k_fixed16_k_variable18,1.0188634202534417,38.13316642041019,True,ok,batch_summary_3.csv,variable_first,3,3,phase2,margin,,,4,1.0,margin,,,4,1.0,0.0,0.0,200000,200704,401408,3.434875912525176,3.0622567912278775,1.5559421194325977,0.37248585242088794,2.963386423752295,0.6760265147818727,0.87163691414678,1.2755989098871263,0.18453289683917795
"('margin', 16, 1.0, 0.0)","('margin', 18, 1.0, 0.0)",k_fixed16_k_variable18,1.0188634202534417,38.13316642041019,True,ok,batch_summary_3.csv,variable_first,4,4,phase2,margin,,,4,1.0,margin,,,4,1.0,0.0,0.0,200000,200704,401408,7.409162707593124,7.210653989680195,1.7035730300453078,2.1139199143260705,6.267586265551546,2.870929459003861,0.8427620817371964,1.4714308299217995,0.1637206616141727
"('margin', 2, 1.0, 0.0)","('margin', 5, 1.0, 0.0)",k_fixed2_k_variable5,1.189854012502157,20.891665576340337,True,ok,batch_summary_3.csv,fixed_first,0,0,phase1,margin,,,4,1.0,margin,,,4,1.0,0.0,0.0,200000,200704,401408,3.177387996466636,2.9860932012632033,1.0858369460742885,0.6949791082194087,2.778525783670948,0.8447195482789699,0.7140064129828578,0.811763367606121,0.1013752962612661
"('margin', 2, 1.0, 0.0)","('margin', 5, 1.0, 0.0)",k_fixed2_k_variable5,1.189854012502157,20.891665576340337,True,ok,batch_summary_3.csv,fixed_first,1,1,phase1,margin,,,4,1.0,margin,,,4,1.0,0.0,0.0,200000,200704,401408,4.655754986258291,4.412279167977873,1.4858825780987641,1.0285056147394303,3.7962692703772882,1.9996807953796207,0.8145275310678064,1.2356534370421604,0.13248592587859936
"('margin', 2, 1.0, 0.0)","('margin', 5, 1.0, 0.0)",k_fixed2_k_variable5,1.189854012502157,20.891665576340337,True,ok,batch_summary_3.csv,fixed_first,2,2,phase1,margin,,,4,1.0,margin,,,4,1.0,0.0,0.0,200000,200704,401408,4.111521353882653,3.8227293009105603,1.5137200981003387,1.0880842259177375,3.487265572479437,1.1261930795155883,0.7554699587097282,1.304292523393115,0.13940835807382887
"('margin', 2, 1.0, 0.0)","('margin', 5, 1.0, 0.0)",k_fixed2_k_variable5,1.189854012502157,20.891665576340337,True,ok,batch_summary_3.csv,fixed_first,3,3,phase1,margin,,,4,1.0,margin,,,4,1.0,0.0,0.0,200000,200704,401408,8.11683646798832,7.835893353217106,2.1170284847098935,3.420614245450277,6.637413706999799,2.3759970767965704,1.2215800744054066,1.723950207154252,0.13246663784349721
"('margin', 2, 1.0, 0.0)","('margin', 5, 1.0, 0.0)",k_fixed2_k_variable5,1.189854012502157,20.891665576340337,True,ok,batch_summary_3.csv,fixed_first,4,4,phase1,margin,,,4,1.0,margin,,,4,1.0,0.0,0.0,200000,200704,401408,5.3774502913776505,5.077098895354195,1.7720153619624153,1.588215952974404,4.446766070963908,1.8656834645910862,0.8339986777586712,1.5512590873253824,0.1951406992864349
"('margin', 2, 1.0, 0.0)","('margin', 5, 1.0, 0.0)",k_fixed2_k_variable5,1.189854012502157,20.891665576340337,True,ok,batch_summary_3.csv,variable_first,0,0,phase2,margin,,,4,1.0,margin,,,4,1.0,0.0,0.0,200000,200704,401408,1.902035570400875,1.5413445736861389,1.1144488396685046,0.584975215374615,1.3417697179120032,0.4829090145394586,0.7126682509482605,0.8495818451553757,0.11095435417869272
"('margin', 2, 1.0, 0.0)","('margin', 5, 1.0, 0.0)",k_fixed2_k_variable5,1.189854012502157,20.891665576340337,True,ok,batch_summary_3.csv,variable_first,1,1,phase2,margin,,,4,1.0,margin,,,4,1.0,0.0,0.0,200000,200704,401408,2.2190726002897954,1.9035128069910976,1.140579764408341,0.8383465395741061,1.6085789665443255,0.5770700081917607,0.644495691416731,0.9307004675294479,0.13908322135873866
"('margin', 2, 1.0, 0.0)","('margin', 5, 1.0, 0.0)",k_fixed2_k_variable5,1.189854012502157,20.891665576340337,True,ok,batch_summary_3.csv,variable_first,2,2,phase2,margin,,,4,1.0,margin,,,4,1.0,0.0,0.0,200000,200704,401408,1.8611834770914093,1.5112341082687801,1.086358783000871,0.5716119261457571,1.3586036176142198,0.3335933843595033,0.6582056266216428,0.8540611095256632,0.13236457110018968
"('margin', 2, 1.0, 0.0)","('margin', 5, 1.0, 0.0)",k_fixed2_k_variable5,1.189854012502157,20.891665576340337,True,ok,batch_summary_3.csv,variable_first,3,3,phase2,margin,,,4,1.0,margin,,,4,1.0,0.0,0.0,200000,200704,401408,1.7340122771538546,1.3334532887654071,1.1084678182071936,0.44045265966758435,1.1911071886652884,0.40664824236790215,0.49760683104762893,0.9783236835015743,0.15482608305987772
"('margin', 2, 1.0, 0.0)","('margin', 5, 1.0, 0.0)",k_fixed2_k_variable5,1.189854012502157,20.891665576340337,True,ok,batch_summary_3.csv,variable_first,4,4,phase2,margin,,,4,1.0,margin,,,4,1.0,0.0,0.0,200000,200704,401408,2.041024345383313,1.7319988571025584,1.0797964333349188,0.6174467182241645,1.5392661480338496,0.49923873715469236,0.6789645921684576,0.8214203324796966,0.17388518457095845
"('margin', 9, 1.0, 0.0)","('margin', 2, 1.0, 0.0)",k_fixedmargin-9_k_variablemargin-2,0.7117259918374386,22.61228024947988,True,ok,batch_summary_6.csv,fixed_first,0,0,phase1,margin,,,4,1.0,margin,,,4,1.0,0.0,0.0,200000,200704,401408,1.845495762305882,1.4392039569899586,1.1552257696543193,0.4892990795404386,1.3157837185294625,0.317187084587652,0.7466330152209419,0.8734835017174176,0.11879516691758646
"('margin', 9, 1.0, 0.0)","('margin', 2, 1.0, 0.0)",k_fixedmargin-9_k_variablemargin-2,0.7117259918374386,22.61228024947988,True,ok,batch_summary_6.csv,fixed_first,1,1,phase1,margin,,,4,1.0,margin,,,4,1.0,0.0,0.0,200000,200704,401408,2.285921158932018,1.9356210811798265,1.2160619124638918,0.6804300505257579,1.7617667925388776,0.4240538703473305,0.6823690288063722,0.9954545120361085,0.14916232077217
"('margin', 9, 1.0, 0.0)","('margin', 2, 1.0, 0.0)",k_fixedmargin-9_k_variablemargin-2,0.7117259918374386,22.61228024947988,True,ok,batch_summary_6.csv,fixed_first,2,2,phase1,margin,,,4,1.0,margin,,,4,1.0,0.0,0.0,200000,200704,401408,1.7756849405863093,1.3885622172377257,1.1067754863046328,0.4737405624918517,1.2670095436656275,0.3136267317214386,0.644022631089106,0.8896735069519746,0.13663044593975604
"('margin', 9, 1.0, 0.0)","('margin', 2, 1.0, 0.0)",k_fixedmargin-9_k_variablemargin-2,0.7117259918374386,22.61228024947988,True,ok,batch_summary_6.csv,fixed_first,3,3,phase1,margin,,,4,1.0,margin,,,4,1.0,0.0,0.0,200000,200704,401408,1.832436248915648,1.421415381927201,1.1564605131005552,0.5484680610140771,1.2571086869176582,0.373205336648434,0.523139612638684,1.0178941905777332,0.16618447832799677
"('margin', 9, 1.0, 0.0)","('margin', 2, 1.0, 0.0)",k_fixedmargin-9_k_variablemargin-2,0.7117259918374386,22.61228024947988,True,ok,batch_summary_6.csv,fixed_first,4,4,phase1,margin,,,4,1.0,margin,,,4,1.0,0.0,0.0,200000,200704,401408,2.1993496262864793,1.887882366350802,1.1282902771309222,0.6528542685305713,1.7106811405408062,0.4598381983238482,0.7299592694422546,0.8451770970176042,0.16085424800233944
"('margin', 9, 1.0, 0.0)","('margin', 2, 1.0, 0.0)",k_fixedmargin-9_k_variablemargin-2,0.7117259918374386,22.61228024947988,True,ok,batch_summary_6.csv,variable_first,0,0,phase2,margin,,,4,1.0,margin,,,4,1.0,0.0,0.0,200000,200704,401408,2.584932125643088,2.3449447193523163,1.0877078455924554,0.6521555377794179,2.1548186610124076,0.6559080953263547,0.7222840149489469,0.8068392534448712,0.10210082376324355
"('margin', 9, 1.0, 0.0)","('margin', 2, 1.0, 0.0)",k_fixedmargin-9_k_variablemargin-2,0.7117259918374386,22.61228024947988,True,ok,batch_summary_6.csv,variable_first,1,1,phase2,margin,,,4,1.0,margin,,,4,1.0,0.0,0.0,200000,200704,401408,4.074765006314905,3.8379329494637133,1.3689340861083383,1.1675380180466783,3.359602920429867,1.4421000374571735,0.7334869575160042,1.1478730585754187,0.13551699767889044
"('margin', 9, 1.0, 0.0)","('margin', 2, 1.0, 0.0)",k_fixedmargin-9_k_variablemargin-2,0.7117259918374386,22.61228024947988,True,ok,batch_summary_6.csv,variable_first,2,2,phase2,margin,,,4,1.0,margin,,,4,1.0,0.0,0.0,200000,200704,401408,4.869643755953922,4.597503246331637,1.6051150145304443,1.4435807756438985,4.131437617383005,1.4086638555361402,0.7983024751742627,1.3864904041065693,0.1294284641109385
"('margin', 9, 1.0, 0.0)","('margin', 2, 1.0, 0.0)",k_fixedmargin-9_k_variablemargin-2,0.7117259918374386,22.61228024947988,True,ok,batch_summary_6.csv,variable_first,3,3,phase2,margin,,,4,1.0,margin,,,4,1.0,0.0,0.0,200000,200704,401408,6.216946538394655,5.959903087332081,1.7691747937574775,2.3919493055202556,5.137086282207851,1.846447361655229,1.0290432713481896,1.4328614412204674,0.1340055477337935
"('margin', 9, 1.0, 0.0)","('margin', 2, 1.0, 0.0)",k_fixedmargin-9_k_variablemargin-2,0.7117259918374386,22.61228024947988,True,ok,batch_summary_6.csv,variable_first,4,4,phase2,margin,,,4,1.0,margin,,,4,1.0,0.0,0.0,200000,200704,401408,5.360853033504952,5.036225010899128,1.8371670817955894,1.5553108384252083,4.450639295331391,1.7709828963417726,0.8319165594007327,1.625969558563269,0.1982945265349941
"('margin', 25, 1.0, 0.0)","('margin', 5, 1.0, 0.0)",k_fixedmargin-25_k_variablemargin-5,0.7488304600067317,86.67174407688196,True,ok,batch_summary_6.csv,fixed_first,0,0,phase1,margin,,,4,1.0,margin,,,4,1.0,0.0,0.0,200000,200704,401408,4.997925497879149,4.727229075285249,1.6225179666580938,0.5672840813830006,4.6036101417727435,0.9119523911909048,0.6651743892609525,1.4744252525730654,0.1271918180327877
"('margin', 25, 1.0, 0.0)","('margin', 5, 1.0, 0.0)",k_fixedmargin-25_k_variablemargin-5,0.7488304600067317,86.67174407688196,True,ok,batch_summary_6.csv,fixed_first,1,1,phase1,margin,,,4,1.0,margin,,,4,1.0,0.0,0.0,200000,200704,401408,11.606288251164592,11.354447792959233,2.4046709309351373,3.1756186637222092,9.985651731572899,4.373292841943145,1.0564384443299961,2.156303888188307,0.12935857609786336
"('margin', 25, 1.0, 0.0)","('margin', 5, 1.0, 0.0)",k_fixedmargin-25_k_variablemargin-5,0.7488304600067317,86.67174407688196,True,ok,batch_summary_6.csv,fixed_first,2,2,phase1,margin,,,4,1.0,margin,,,4,1.0,0.0,0.0,200000,200704,401408,11.050815076379582,10.386196886590911,3.7745765438400567,2.6076024368002644,9.367321754747003,3.6505860408525583,1.9252749448740893,3.2390602518488825,0.221885458830166
"('margin', 25, 1.0, 0.0)","('margin', 5, 1.0, 0.0)",k_fixedmargin-25_k_variablemargin-5,0.7488304600067317,86.67174407688196,True,ok,batch_summary_6.csv,fixed_first,3,3,phase1,margin,,,4,1.0,margin,,,4,1.0,0.0,0.0,200000,200704,401408,8.455048694515607,8.07285846607189,2.5133254093733015,2.04214723601339,7.331708320737244,2.6919754046617403,1.1773477903573941,2.214015956956817,0.16967656374002651
"('margin', 25, 1.0, 0.0)","('margin', 5, 1.0, 0.0)",k_fixedmargin-25_k_variablemargin-5,0.7488304600067317,86.67174407688196,True,ok,batch_summary_6.csv,fixed_first,4,4,phase1,margin,,,4,1.0,margin,,,4,1.0,0.0,0.0,200000,200704,401408,5.751779878057804,5.639244396714443,1.1322077546790614,0.8892173350686047,5.447766231431633,1.1542153111798164,0.5626312473613877,0.9736189635582236,0.13193404809896844
"('margin', 25, 1.0, 0.0)","('margin', 5, 1.0, 0.0)",k_fixedmargin-25_k_variablemargin-5,0.7488304600067317,86.67174407688196,True,ok,batch_summary_6.csv,variable_first,0,0,phase2,margin,,,4,1.0,margin,,,4,1.0,0.0,0.0,200000,200704,401408,1.785303143907426,1.3982947006254292,1.1099906512437756,0.49035186803427305,1.227060671264405,0.45728024705710246,0.7311413875842682,0.8278800111640853,0.11011904614954764
"('margin', 25, 1.0, 0.0)","('margin', 5, 1.0, 0.0)",k_fixedmargin-25_k_variablemargin-5,0.7488304600067317,86.67174407688196,True,ok,batch_summary_6.csv,variable_first,1,1,phase2,margin,,,4,1.0,margin,,,4,1.0,0.0,0.0,200000,200704,401408,2.107194150332135,1.7075598248098327,1.2347091284547063,0.7269382069413476,1.494631063465355,0.39166233252370264,0.6829241061275757,1.0167140586971086,0.15624922402010397
"('margin', 25, 1.0, 0.0)","('margin', 5, 1.0, 0.0)",k_fixedmargin-25_k_variablemargin-5,0.7488304600067317,86.67174407688196,True,ok,batch_summary_6.csv,variable_first,2,2,phase2,margin,,,4,1.0,margin,,,4,1.0,0.0,0.0,200000,200704,401408,1.919515127381682,1.521298347401467,1.1705510080473553,0.53416106698954,1.3947053424640306,0.2895127355079937,0.6225787948622028,0.9812360018442401,0.14057458985655175
"('margin', 25, 1.0, 0.0)","('margin', 5, 1.0, 0.0)",k_fixedmargin-25_k_variablemargin-5,0.7488304600067317,86.67174407688196,True,ok,batch_summary_6.csv,variable_first,3,3,phase2,margin,,,4,1.0,margin,,,4,1.0,0.0,0.0,200000,200704,401408,1.7257952197557704,1.323789248046191,1.1072267912623717,0.4193948177137166,1.1690604305389225,0.45806513714288216,0.5391651207920398,0.9547409016147453,0.15401931889972698
"('margin', 25, 1.0, 0.0)","('margin', 5, 1.0, 0.0)",k_fixedmargin-25_k_variablemargin-5,0.7488304600067317,86.67174407688196,True,ok,batch_summary_6.csv,variable_first,4,4,phase2,margin,,,4,1.0,margin,,,4,1.0,0.0,0.0,200000,200704,401408,2.546884392662241,2.297361536055742,1.0994317087650836,0.5158950864131784,2.1575251899720658,0.5973335264315406,0.6076922290339043,0.8934561503125908,0.20296882637124722
"('margin', 18, 1.0, 0.0)","('margin', 16, 1.0, 0.0)",k_fixedmargin-18_k_variablemargin-16,0.9762918630164742,34.13625161665352,True,ok,batch_summary_6.csv,fixed_first,0,0,phase1,margin,,,4,1.0,margin,,,4,1.0,0.0,0.0,200000,200704,401408,5.1215589065277,4.838533471395336,1.678975723237299,0.48689457448496803,4.7387342684582014,0.8477837932456702,0.9019005045982237,1.407566858664594,0.15585409014449297
"('margin', 18, 1.0, 0.0)","('margin', 16, 1.0, 0.0)",k_fixedmargin-18_k_variablemargin-16,0.9762918630164742,34.13625161665352,True,ok,batch_summary_6.csv,fixed_first,1,1,phase1,margin,,,4,1.0,margin,,,4,1.0,0.0,0.0,200000,200704,401408,6.713604428507469,6.520282388960865,1.5995005441330385,1.3299987141882625,5.923036848851094,2.379668115347785,0.777546266792151,1.389396194892873,0.15297714632153853
"('margin', 18, 1.0, 0.0)","('margin', 16, 1.0, 0.0)",k_fixedmargin-18_k_variablemargin-16,0.9762918630164742,34.13625161665352,True,ok,batch_summary_6.csv,fixed_first,2,2,phase1,margin,,,4,1.0,margin,,,4,1.0,0.0,0.0,200000,200704,401408,5.719418522308622,5.400009863400723,1.8845799819858662,0.9297566989181411,5.15912470588797,1.2957975438849665,0.9241490038676466,1.630127245069006,0.2006875482834365
"('margin', 18, 1.0, 0.0)","('margin', 16, 1.0, 0.0)",k_fixedmargin-18_k_variablemargin-16,0.9762918630164742,34.13625161665352,True,ok,batch_summary_6.csv,fixed_first,3,3,phase1,margin,,,4,1.0,margin,,,4,1.0,0.0,0.0,200000,200704,401408,3.434875912525176,3.0622567912278775,1.5559421194325977,0.37248585242088794,2.963386423752295,0.6760265147818727,0.87163691414678,1.2755989098871263,0.18453289683917795
"('margin', 18, 1.0, 0.0)","('margin', 16, 1.0, 0.0)",k_fixedmargin-18_k_variablemargin-16,0.9762918630164742,34.13625161665352,True,ok,batch_summary_6.csv,fixed_first,4,4,phase1,margin,,,4,1.0,margin,,,4,1.0,0.0,0.0,200000,200704,401408,7.409162707593124,7.210653989680195,1.7035730300453078,2.1139199143260705,6.267586265551546,2.870929459003861,0.8427620817371964,1.4714308299217995,0.1637206616141727
"('margin', 18, 1.0, 0.0)","('margin', 16, 1.0, 0.0)",k_fixedmargin-18_k_variablemargin-16,0.9762918630164742,34.13625161665352,True,ok,batch_summary_6.csv,variable_first,0,0,phase2,margin,,,4,1.0,margin,,,4,1.0,0.0,0.0,200000,200704,401408,3.1807779666477245,2.52689129089911,1.931882210977124,0.414900523232331,2.4013420714887324,0.6682764454486732,1.0221703744081714,1.6302817372446374,0.17180820695975862
"('margin', 18, 1.0, 0.0)","('margin', 16, 1.0, 0.0)",k_fixedmargin-18_k_variablemargin-16,0.9762918630164742,34.13625161665352,True,ok,batch_summary_6.csv,variable_first,1,1,phase2,margin,,,4,1.0,margin,,,4,1.0,0.0,0.0,200000,200704,401408,2.3429118751479283,1.8039058905625305,1.4950450136042677,0.65454808437311,1.6396643715652794,0.3703296043649842,0.8224030694689505,1.2402736071891989,0.14329746453069633
"('margin', 18, 1.0, 0.0)","('margin', 16, 1.0, 0.0)",k_fixedmargin-18_k_variablemargin-16,0.9762918630164742,34.13625161665352,True,ok,batch_summary_6.csv,variable_first,2,2,phase2,margin,,,4,1.0,margin,,,4,1.0,0.0,0.0,200000,200704,401408,2.31857372592715,1.9249675479582584,1.2923947004948906,0.48405492112966436,1.7677878229088868,0.5883171824769716,0.7804960618381008,1.0205965760974856,0.13961585934478565
"('margin', 18, 1.0, 0.0)","('margin', 16, 1.0, 0.0)",k_fixedmargin-18_k_variablemargin-16,0.9762918630164742,34.13625161665352,True,ok,batch_summary_6.csv,variable_first,3,3,phase2,margin,,,4,1.0,margin,,,4,1.0,0.0,0.0,200000,200704,401408,2.5035151840245784,1.7332332905823875,1.806513392438198,0.4315622461367944,1.6204196079723134,0.43828296954281737,0.9984941656004773,1.4875852673348446,0.23149537949750054
"('margin', 18, 1.0, 0.0)","('margin', 16, 1.0, 0.0)",k_fixedmargin-18_k_variablemargin-16,0.9762918630164742,34.13625161665352,True,ok,batch_summary_6.csv,variable_first,4,4,phase2,margin,,,4,1.0,margin,,,4,1.0,0.0,0.0,200000,200704,401408,1.9827264301662522,1.542098282231754,1.2462491664260738,0.5420411646253159,1.3648291758734672,0.4706376616871091,0.7624646960355955,0.973507682771569,0.15513659691304554
"('margin', 1, 1.0, 0.0)","('heatmap', 0.0, 3)",k_fixedmargin-1_k_variableheatmap-0.0-3,0.9876493654625398,105.92668099699742,True,ok,batch_summary_6.csv,fixed_first,0,0,phase1,margin,,,4,1.0,heatmap,0.0,3,4,1.0,0.0,0.0,200000,200704,401408,8.531203646669631,8.212935602017328,2.308489648680606,4.857567312949242,5.839158156348697,3.1241931803582967,1.7550524256556916,1.4934196945678753,0.13642967837818354
"('margin', 1, 1.0, 0.0)","('heatmap', 0.0, 3)",k_fixedmargin-1_k_variableheatmap-0.0-3,0.9876493654625398,105.92668099699742,True,ok,batch_summary_6.csv,fixed_first,1,1,phase1,margin,,,4,1.0,heatmap,0.0,3,4,1.0,0.0,0.0,200000,200704,401408,6.072925783705052,5.731753680457574,2.0068451163332623,3.1680505838419726,4.235667035098451,2.208071674434005,1.5338148658220927,1.284676546353072,0.15635040640869383
"('margin', 1, 1.0, 0.0)","('heatmap', 0.0, 3)",k_fixedmargin-1_k_variableheatmap-0.0-3,0.9876493654625398,105.92668099699742,True,ok,batch_summary_6.csv,fixed_first,2,2,phase1,margin,,,4,1.0,heatmap,0.0,3,4,1.0,0.0,0.0,200000,200704,401408,6.048680299139193,5.753708477985099,1.86584353887377,3.04768243508041,4.313828553927339,2.282033354677603,1.4060099595558724,1.2208724778002495,0.11823069879082372
"('margin', 1, 1.0, 0.0)","('heatmap', 0.0, 3)",k_fixedmargin-1_k_variableheatmap-0.0-3,0.9876493654625398,105.92668099699742,True,ok,batch_summary_6.csv,fixed_first,3,3,phase1,margin,,,4,1.0,heatmap,0.0,3,4,1.0,0.0,0.0,200000,200704,401408,4.16548907804207,3.7647549753909826,1.782671936884802,1.830259739547012,3.0765334337681627,1.165534787739577,1.1766588889681975,1.3302917119922928,0.154003423901397
"('margin', 1, 1.0, 0.0)","('heatmap', 0.0, 3)",k_fixedmargin-1_k_variableheatmap-0.0-3,0.9876493654625398,105.92668099699742,True,ok,batch_summary_6.csv,fixed_first,4,4,phase1,margin,,,4,1.0,heatmap,0.0,3,4,1.0,0.0,0.0,200000,200704,401408,6.142579969480381,5.856948062549702,1.8513368343056547,3.060561715037111,4.4393140080443265,2.286764905676843,1.4767571313435437,1.1068824584619184,0.14645023807481702
"('margin', 1, 1.0, 0.0)","('heatmap', 0.0, 3)",k_fixedmargin-1_k_variableheatmap-0.0-3,0.9876493654625398,105.92668099699742,True,ok,batch_summary_6.csv,variable_first,0,0,phase2,heatmap,0.0,3,4,1.0,margin,,,4,1.0,0.0,0.0,200000,200704,401408,2.4242301868322573,2.1179910633550363,1.1794091123511654,0.9760965189215924,1.854908210007733,0.30403496944735475,0.8043306124087926,0.8529100735983675,0.128850791978504
"('margin', 1, 1.0, 0.0)","('heatmap', 0.0, 3)",k_fixedmargin-1_k_variableheatmap-0.0-3,0.9876493654625398,105.92668099699742,True,ok,batch_summary_6.csv,variable_first,1,1,phase2,heatmap,0.0,3,4,1.0,margin,,,4,1.0,0.0,0.0,200000,200704,401408,1.4304466688404989,0.7736017082660154,1.2032115646738035,0.4669725733857502,0.5803423714755672,0.20880361732427466,0.8946300914245624,0.7917756103178217,0.14299108989130235
"('margin', 1, 1.0, 0.0)","('heatmap', 0.0, 3)",k_fixedmargin-1_k_variableheatmap-0.0-3,0.9876493654625398,105.92668099699742,True,ok,batch_summary_6.csv,variable_first,2,2,phase2,heatmap,0.0,3,4,1.0,margin,,,4,1.0,0.0,0.0,200000,200704,401408,1.6212748027860755,1.0572846229695212,1.2290977227955577,0.49424982183701155,0.8942274864705847,0.2718916880347487,0.8536744570088677,0.8698101229717757,0.15922149229191612
"('margin', 1, 1.0, 0.0)","('heatmap', 0.0, 3)",k_fixedmargin-1_k_variableheatmap-0.0-3,0.9876493654625398,105.92668099699742,True,ok,batch_summary_6.csv,variable_first,3,3,phase2,heatmap,0.0,3,4,1.0,margin,,,4,1.0,0.0,0.0,200000,200704,401408,2.166676581574258,1.7622893410795242,1.260485496727276,1.0306686149700481,1.4081314058069236,0.24607289931734347,0.8646520631350945,0.9054861158395807,0.14592940484282807
"('margin', 1, 1.0, 0.0)","('heatmap', 0.0, 3)",k_fixedmargin-1_k_variableheatmap-0.0-3,0.9876493654625398,105.92668099699742,True,ok,batch_summary_6.csv,variable_first,4,4,phase2,heatmap,0.0,3,4,1.0,margin,,,4,1.0,0.0,0.0,200000,200704,401408,2.7081346457097535,2.4176965380786597,1.2201379877112082,0.9945941070626476,2.1312868526913835,0.5600495192200848,0.9329275124220275,0.7677564911196069,0.17009684290342697
"('heatmap', 0.0, 3)","('margin', 1, 1.0, 0.0)",k_fixedheatmap-0.0-3_k_variablemargin-1,1.0127289616903976,117.63172441553807,True,ok,batch_summary_6.csv,fixed_first,0,0,phase1,heatmap,0.0,3,4,1.0,margin,,,4,1.0,0.0,0.0,200000,200704,401408,2.4242301868322573,2.1179910633550363,1.1794091123511654,0.9760965189215924,1.854908210007733,0.30403496944735475,0.8043306124087926,0.8529100735983675,0.128850791978504
"('heatmap', 0.0, 3)","('margin', 1, 1.0, 0.0)",k_fixedheatmap-0.0-3_k_variablemargin-1,1.0127289616903976,117.63172441553807,True,ok,batch_summary_6.csv,fixed_first,1,1,phase1,heatmap,0.0,3,4,1.0,margin,,,4,1.0,0.0,0.0,200000,200704,401408,1.4304466688404989,0.7736017082660154,1.2032115646738035,0.4669725733857502,0.5803423714755672,0.20880361732427466,0.8946300914245624,0.7917756103178217,0.14299108989130235
"('heatmap', 0.0, 3)","('margin', 1, 1.0, 0.0)",k_fixedheatmap-0.0-3_k_variablemargin-1,1.0127289616903976,117.63172441553807,True,ok,batch_summary_6.csv,fixed_first,2,2,phase1,heatmap,0.0,3,4,1.0,margin,,,4,1.0,0.0,0.0,200000,200704,401408,1.6212748027860755,1.0572846229695212,1.2290977227955577,0.49424982183701155,0.8942274864705847,0.2718916880347487,0.8536744570088677,0.8698101229717757,0.15922149229191612
"('heatmap', 0.0, 3)","('margin', 1, 1.0, 0.0)",k_fixedheatmap-0.0-3_k_variablemargin-1,1.0127289616903976,117.63172441553807,True,ok,batch_summary_6.csv,fixed_first,3,3,phase1,heatmap,0.0,3,4,1.0,margin,,,4,1.0,0.0,0.0,200000,200704,401408,2.166676581574258,1.7622893410795242,1.260485496727276,1.0306686149700481,1.4081314058069236,0.24607289931734347,0.8646520631350945,0.9054861158395807,0.14592940484282807
"('heatmap', 0.0, 3)","('margin', 1, 1.0, 0.0)",k_fixedheatmap-0.0-3_k_variablemargin-1,1.0127289616903976,117.63172441553807,True,ok,batch_summary_6.csv,fixed_first,4,4,phase1,heatmap,0.0,3,4,1.0,margin,,,4,1.0,0.0,0.0,200000,200704,401408,2.7081346457097535,2.4176965380786597,1.2201379877112082,0.9945941070626476,2.1312868526913835,0.5600495192200848,0.9329275124220275,0.7677564911196069,0.17009684290342697
"('heatmap', 0.0, 3)","('margin', 1, 1.0, 0.0)",k_fixedheatmap-0.0-3_k_variablemargin-1,1.0127289616903976,117.63172441553807,True,ok,batch_summary_6.csv,variable_first,0,0,phase2,margin,,,4,1.0,heatmap,0.0,3,4,1.0,0.0,0.0,200000,200704,401408,8.531203646669631,8.212935602017328,2.308489648680606,4.857567312949242,5.839158156348697,3.1241931803582967,1.7550524256556916,1.4934196945678753,0.13642967837818354
"('heatmap', 0.0, 3)","('margin', 1, 1.0, 0.0)",k_fixedheatmap-0.0-3_k_variablemargin-1,1.0127289616903976,117.63172441553807,True,ok,batch_summary_6.csv,variable_first,1,1,phase2,margin,,,4,1.0,heatmap,0.0,3,4,1.0,0.0,0.0,200000,200704,401408,6.072925783705052,5.731753680457574,2.0068451163332623,3.1680505838419726,4.235667035098451,2.208071674434005,1.5338148658220927,1.284676546353072,0.15635040640869383
"('heatmap', 0.0, 3)","('margin', 1, 1.0, 0.0)",k_fixedheatmap-0.0-3_k_variablemargin-1,1.0127289616903976,117.63172441553807,True,ok,batch_summary_6.csv,variable_first,2,2,phase2,margin,,,4,1.0,heatmap,0.0,3,4,1.0,0.0,0.0,200000,200704,401408,6.048680299139193,5.753708477985099,1.86584353887377,3.04768243508041,4.313828553927339,2.282033354677603,1.4060099595558724,1.2208724778002495,0.11823069879082372
"('heatmap', 0.0, 3)","('margin', 1, 1.0, 0.0)",k_fixedheatmap-0.0-3_k_variablemargin-1,1.0127289616903976,117.63172441553807,True,ok,batch_summary_6.csv,variable_first,3,3,phase2,margin,,,4,1.0,heatmap,0.0,3,4,1.0,0.0,0.0,200000,200704,401408,4.16548907804207,3.7647549753909826,1.782671936884802,1.830259739547012,3.0765334337681627,1.165534787739577,1.1766588889681975,1.3302917119922928,0.154003423901397
"('heatmap', 0.0, 3)","('margin', 1, 1.0, 0.0)",k_fixedheatmap-0.0-3_k_variablemargin-1,1.0127289616903976,117.63172441553807,True,ok,batch_summary_6.csv,variable_first,4,4,phase2,margin,,,4,1.0,heatmap,0.0,3,4,1.0,0.0,0.0,200000,200704,401408,6.142579969480381,5.856948062549702,1.8513368343056547,3.060561715037111,4.4393140080443265,2.286764905676843,1.4767571313435437,1.1068824584619184,0.14645023807481702
"('margin', 13, 1.0, 0.0)","('heatmap', 1.0, 3)",k_fixedmargin-13_k_variableheatmap-1.0-3,0.3343015875686875,40.10220116937917,True,ok,batch_summary_6.csv,fixed_first,0,0,phase1,margin,,,4,1.0,heatmap,1.0,3,4,1.0,0.0,0.0,200000,200704,401408,6.745238886940583,6.560158259518793,1.569258185246392,2.07918950831519,5.173281085196872,3.456849749698263,1.152302859275886,1.047134556726885,0.1956491568492109
"('margin', 13, 1.0, 0.0)","('heatmap', 1.0, 3)",k_fixedmargin-13_k_variableheatmap-1.0-3,0.3343015875686875,40.10220116937917,True,ok,batch_summary_6.csv,fixed_first,1,1,phase1,margin,,,4,1.0,heatmap,1.0,3,4,1.0,0.0,0.0,200000,200704,401408,7.0817683167342125,6.837911448355738,1.8423923350758,1.9257605863008065,5.483362821767335,3.6029448101052854,1.1349059623831128,1.4228712393421856,0.28606888881203335
"('margin', 13, 1.0, 0.0)","('heatmap', 1.0, 3)",k_fixedmargin-13_k_variableheatmap-1.0-3,0.3343015875686875,40.10220116937917,True,ok,batch_summary_6.csv,fixed_first,2,2,phase1,margin,,,4,1.0,heatmap,1.0,3,4,1.0,0.0,0.0,200000,200704,401408,6.867197186640064,6.583909234880207,1.952059524465467,1.907167643756689,5.186773596886034,3.578819923717083,1.2942368995764477,1.4391121369860727,0.2538572276112473
"('margin', 13, 1.0, 0.0)","('heatmap', 1.0, 3)",k_fixedmargin-13_k_variableheatmap-1.0-3,0.3343015875686875,40.10220116937917,True,ok,batch_summary_6.csv,fixed_first,3,3,phase1,margin,,,4,1.0,heatmap,1.0,3,4,1.0,0.0,0.0,200000,200704,401408,7.370190662517613,7.158738825842434,1.7527603444960453,2.0486638573323566,5.801865519390848,3.659081096557931,1.2953869357078678,1.1560062271488172,0.24039782617243632
"('margin', 13, 1.0, 0.0)","('heatmap', 1.0, 3)",k_fixedmargin-13_k_variableheatmap-1.0-3,0.3343015875686875,40.10220116937917,True,ok,batch_summary_6.csv,fixed_first,4,4,phase1,margin,,,4,1.0,heatmap,1.0,3,4,1.0,0.0,0.0,200000,200704,401408,6.989507127880129,6.803507885477062,1.601714813235669,2.3295835048355023,5.228470570908445,3.6774795350744274,1.0545164764342754,1.1826682201812395,0.23405389302584453
"('margin', 13, 1.0, 0.0)","('heatmap', 1.0, 3)",k_fixedmargin-13_k_variableheatmap-1.0-3,0.3343015875686875,40.10220116937917,True,ok,batch_summary_6.csv,variable_first,0,0,phase2,heatmap,1.0,3,4,1.0,margin,,,4,1.0,0.0,0.0,200000,200704,401408,2.3494207401684766,1.9728775744752762,1.275747581015282,1.1090665475755892,1.605309306183865,0.2918892742046037,0.7804871750996525,0.9890764113437713,0.20024862669849908
"('margin', 13, 1.0, 0.0)","('heatmap', 1.0, 3)",k_fixedmargin-13_k_variableheatmap-1.0-3,0.3343015875686875,40.10220116937917,True,ok,batch_summary_6.csv,variable_first,1,1,phase2,heatmap,1.0,3,4,1.0,margin,,,4,1.0,0.0,0.0,200000,200704,401408,2.916242687529421,2.6559473205365323,1.2043318658507856,1.4182792486504687,2.125145333944102,0.7254636117189186,0.8199079770668193,0.8608999393624335,0.19239918568327966
"('margin', 13, 1.0, 0.0)","('heatmap', 1.0, 3)",k_fixedmargin-13_k_variableheatmap-1.0-3,0.3343015875686875,40.10220116937917,True,ok,batch_summary_6.csv,variable_first,2,2,phase2,heatmap,1.0,3,4,1.0,margin,,,4,1.0,0.0,0.0,200000,200704,401408,5.979233946445219,5.704660548593408,1.7911132325022978,3.3944420511973403,4.261511600959963,1.6912817655922638,1.430541100279166,1.0661829576666126,0.15777411967169244
"('margin', 13, 1.0, 0.0)","('heatmap', 1.0, 3)",k_fixedmargin-13_k_variableheatmap-1.0-3,0.3343015875686875,40.10220116937917,True,ok,batch_summary_6.csv,variable_first,3,3,phase2,heatmap,1.0,3,4,1.0,margin,,,4,1.0,0.0,0.0,200000,200704,401408,3.1608987970890507,2.881071107486702,1.3002732324570692,1.6648886760913528,2.280785087836499,0.571608087521591,0.8413496466841873,0.978226700879426,0.1609775535759644
"('margin', 13, 1.0, 0.0)","('heatmap', 1.0, 3)",k_fixedmargin-13_k_variableheatmap-1.0-3,0.3343015875686875,40.10220116937917,True,ok,batch_summary_6.csv,variable_first,4,4,phase2,heatmap,1.0,3,4,1.0,margin,,,4,1.0,0.0,0.0,200000,200704,401408,4.541818689308124,4.302391138122323,1.4551795425840273,2.2162991843115227,3.4429889810797416,1.3207627747544473,1.1831272349951119,0.8320680893322593,0.15943695206207273
"('heatmap', 2.0, 3)","('margin', 9, 1.0, 0.0)",k_fixedheatmap-2.0-3_k_variablemargin-9,2.9487496625649525,4.3092175652854525,True,ok,batch_summary_6.csv,fixed_first,0,0,phase1,heatmap,2.0,3,4,1.0,margin,,,4,1.0,0.0,0.0,200000,200704,401408,4.574331416171375,4.237767260451827,1.7221604313231198,2.129795532677051,3.418078210440345,1.318856963457063,1.2612738577851812,1.1645112036931375,0.13761708962145738
"('heatmap', 2.0, 3)","('margin', 9, 1.0, 0.0)",k_fixedheatmap-2.0-3_k_variablemargin-9,2.9487496625649525,4.3092175652854525,True,ok,batch_summary_6.csv,fixed_first,1,1,phase1,heatmap,2.0,3,4,1.0,margin,,,4,1.0,0.0,0.0,200000,200704,401408,3.850075774041427,3.5002133291660043,1.6036178211124144,1.727934572651243,2.892248898662826,0.9490162119224308,1.1597967409615406,1.0972733491576145,0.14984269442568107
"('heatmap', 2.0, 3)","('margin', 9, 1.0, 0.0)",k_fixedheatmap-2.0-3_k_variablemargin-9,2.9487496625649525,4.3092175652854525,True,ok,batch_summary_6.csv,fixed_first,2,2,phase1,heatmap,2.0,3,4,1.0,margin,,,4,1.0,0.0,0.0,200000,200704,401408,4.514293935925796,4.182278503842224,1.6992340204444063,1.9422149048618778,3.337367003894881,1.6066226154099863,1.2527347065110657,1.1365240395651384,0.16237339322941727
"('heatmap', 2.0, 3)","('margin', 9, 1.0, 0.0)",k_fixedheatmap-2.0-3_k_variablemargin-9,2.9487496625649525,4.3092175652854525,True,ok,batch_summary_6.csv,fixed_first,3,3,phase1,heatmap,2.0,3,4,1.0,margin,,,4,1.0,0.0,0.0,200000,200704,401408,6.098236976536028,5.850474046284449,1.7205951457979118,3.8294129559998784,4.060817502147039,1.753112715407797,1.3633249352350179,1.0369624309464232,0.16279340746927157
"('heatmap', 2.0, 3)","('margin', 9, 1.0, 0.0)",k_fixedheatmap-2.0-3_k_variablemargin-9,2.9487496625649525,4.3092175652854525,True,ok,batch_summary_6.csv,fixed_first,4,4,phase1,heatmap,2.0,3,4,1.0,margin,,,4,1.0,0.0,0.0,200000,200704,401408,4.802725755115913,4.452729518796373,1.7998262447506248,2.758969445196958,3.292705575148769,1.1717413381008552,1.366258428155847,1.161560809866974,0.15326090097421877
"('heatmap', 2.0, 3)","('margin', 9, 1.0, 0.0)",k_fixedheatmap-2.0-3_k_variablemargin-9,2.9487496625649525,4.3092175652854525,True,ok,batch_summary_6.csv,variable_first,0,0,phase2,margin,,,4,1.0,heatmap,2.0,3,4,1.0,0.0,0.0,200000,200704,401408,7.302285390386731,7.034121142271785,1.960742634437413,2.1263603946860754,5.588202892113018,3.705325917196099,1.5013327687798057,1.2490929687867183,0.17400675623696724
"('heatmap', 2.0, 3)","('margin', 9, 1.0, 0.0)",k_fixedheatmap-2.0-3_k_variablemargin-9,2.9487496625649525,4.3092175652854525,True,ok,batch_summary_6.csv,variable_first,1,1,phase2,margin,,,4,1.0,heatmap,2.0,3,4,1.0,0.0,0.0,200000,200704,401408,7.209371601269915,7.001533106252906,1.7185962432292414,2.318102828038319,5.539636146422295,3.60004117779891,1.3161053327747958,1.0833266187155621,0.21873097052249638
"('heatmap', 2.0, 3)","('margin', 9, 1.0, 0.0)",k_fixedheatmap-2.0-3_k_variablemargin-9,2.9487496625649525,4.3092175652854525,True,ok,batch_summary_6.csv,variable_first,2,2,phase2,margin,,,4,1.0,heatmap,2.0,3,4,1.0,0.0,0.0,200000,200704,401408,7.358325565764147,7.1994864423869105,1.5206413441917626,2.440746715724548,5.851611612111301,3.4108652926782295,1.1171974235040585,1.0248309999308365,0.11807385892730711
"('heatmap', 2.0, 3)","('margin', 9, 1.0, 0.0)",k_fixedheatmap-2.0-3_k_variablemargin-9,2.9487496625649525,4.3092175652854525,True,ok,batch_summary_6.csv,variable_first,3,3,phase2,margin,,,4,1.0,heatmap,2.0,3,4,1.0,0.0,0.0,200000,200704,401408,7.380064428131981,7.191064578864723,1.6595002820054432,2.403735612051559,5.808835402325322,3.4915463842615657,1.1478076427262431,1.1860090671400974,0.17280420694198037
"('heatmap', 2.0, 3)","('margin', 9, 1.0, 0.0)",k_fixedheatmap-2.0-3_k_variablemargin-9,2.9487496625649525,4.3092175652854525,True,ok,batch_summary_6.csv,variable_first,4,4,phase2,margin,,,4,1.0,heatmap,2.0,3,4,1.0,0.0,0.0,200000,200704,401408,7.3799832126103215,7.19411835406818,1.6458472973120875,2.4438960662223783,5.727964450815109,3.6018237269530293,1.3007720597546777,0.9994001312283852,0.13418178837592892
"('margin', 3, 1.0, 0.0)","('heatmap', 1.5, 3)",k_fixedmargin-3_k_variableheatmap-1.5-3,0.3740501347150509,171.71346112055116,True,ok,batch_summary_6.csv,fixed_first,0,0,phase1,margin,,,4,1.0,heatmap,1.5,3,4,1.0,0.0,0.0,200000,200704,401408,6.886611397933577,6.627707036287373,1.8705389563693946,2.22018085266631,5.109617357309765,3.590140387531638,1.3711338961122514,1.257385029479596,0.1946553720505474
"('margin', 3, 1.0, 0.0)","('heatmap', 1.5, 3)",k_fixedmargin-3_k_variableheatmap-1.5-3,0.3740501347150509,171.71346112055116,True,ok,batch_summary_6.csv,fixed_first,1,1,phase1,margin,,,4,1.0,heatmap,1.5,3,4,1.0,0.0,0.0,200000,200704,401408,6.739262735682661,6.535750219027064,1.643663984836508,2.196538104520042,5.0732178805873165,3.486217379480653,1.182550672555348,1.122158139645307,0.2096814524828204
"('margin', 3, 1.0, 0.0)","('heatmap', 1.5, 3)",k_fixedmargin-3_k_variableheatmap-1.5-3,0.3740501347150509,171.71346112055116,True,ok,batch_summary_6.csv,fixed_first,2,2,phase1,margin,,,4,1.0,heatmap,1.5,3,4,1.0,0.0,0.0,200000,200704,401408,6.881110173331699,6.6672783926111405,1.7020799196716982,2.2004544663813843,5.318899549607391,3.3645072279827106,1.274073149585355,1.1085666091989248,0.21188141830860555
"('margin', 3, 1.0, 0.0)","('heatmap', 1.5, 3)",k_fixedmargin-3_k_variableheatmap-1.5-3,0.3740501347150509,171.71346112055116,True,ok,batch_summary_6.csv,fixed_first,3,3,phase1,margin,,,4,1.0,heatmap,1.5,3,4,1.0,0.0,0.0,200000,200704,401408,6.984235863603891,6.703403814448205,1.9605937618211602,1.979865396074375,5.283403679783526,3.619585786997717,1.402775851969399,1.3616592464260406,0.14843148131727907
"('margin', 3, 1.0, 0.0)","('heatmap', 1.5, 3)",k_fixedmargin-3_k_variableheatmap-1.5-3,0.3740501347150509,171.71346112055116,True,ok,batch_summary_6.csv,fixed_first,4,4,phase1,margin,,,4,1.0,heatmap,1.5,3,4,1.0,0.0,0.0,200000,200704,401408,6.356236190288493,6.182789526745599,1.4747380020526075,2.434137727488568,4.992182670435711,2.7166103954474643,1.1783866594283434,0.8757761212419103,0.13882809889176326
"('margin', 3, 1.0, 0.0)","('heatmap', 1.5, 3)",k_fixedmargin-3_k_variableheatmap-1.5-3,0.3740501347150509,171.71346112055116,True,ok,batch_summary_6.csv,variable_first,0,0,phase2,heatmap,1.5,3,4,1.0,margin,,,4,1.0,0.0,0.0,200000,200704,401408,6.572247720794253,6.130238313501685,2.3695185846836626,4.0637327524627045,4.181634959074954,1.8920430666155772,2.0496391240427947,1.180172758844283,0.14418752940606605
"('margin', 3, 1.0, 0.0)","('heatmap', 1.5, 3)",k_fixedmargin-3_k_variableheatmap-1.5-3,0.3740501347150509,171.71346112055116,True,ok,batch_summary_6.csv,variable_first,1,1,phase2,heatmap,1.5,3,4,1.0,margin,,,4,1.0,0.0,0.0,200000,200704,401408,6.251919069715016,5.853316277898411,2.1966293736440305,3.7922158657910217,4.0979712904273065,1.756997888213562,1.8975137103443611,1.1017111748101005,0.10418642670467723
"('margin', 3, 1.0, 0.0)","('heatmap', 1.5, 3)",k_fixedmargin-3_k_variableheatmap-1.5-3,0.3740501347150509,171.71346112055116,True,ok,batch_summary_6.csv,variable_first,2,2,phase2,heatmap,1.5,3,4,1.0,margin,,,4,1.0,0.0,0.0,200000,200704,401408,6.455654417371037,5.95743709620044,2.486848849716656,3.8996278783968137,3.9981274319477804,2.0733876152620714,2.113122507503995,1.2990587689394546,0.17769857753677565
"('margin', 3, 1.0, 0.0)","('heatmap', 1.5, 3)",k_fixedmargin-3_k_variableheatmap-1.5-3,0.3740501347150509,171.71346112055116,True,ok,batch_summary_6.csv,variable_first,3,3,phase2,heatmap,1.5,3,4,1.0,margin,,,4,1.0,0.0,0.0,200000,200704,401408,6.910282523513182,6.4106319891383965,2.579884116507405,4.573670825994947,4.05844058646401,1.9253045685680141,2.176949747145582,1.3757572134605394,0.154867500209925
"('margin', 3, 1.0, 0.0)","('heatmap', 1.5, 3)",k_fixedmargin-3_k_variableheatmap-1.5-3,0.3740501347150509,171.71346112055116,True,ok,batch_summary_6.csv,variable_first,4,4,phase2,heatmap,1.5,3,4,1.0,margin,,,4,1.0,0.0,0.0,200000,200704,401408,5.125042125659433,4.6241701370702755,2.209775403341079,2.7467625347588203,3.4890641789447248,1.2902233099051525,1.8493452447497047,1.1980572256953943,0.16639826589222043
"('heatmap', 0.0, 3)","('heatmap', 0.5, 3)",k_fixedheatmap-0.0-3_k_variableheatmap-0.5-3,0.9966765365542852,186.31151697595877,True,ok,batch_summary_6.csv,fixed_first,0,0,phase1,heatmap,0.0,3,4,1.0,heatmap,0.5,3,4,1.0,0.0,0.0,200000,200704,401408,5.270983916161911,4.5660441485925585,2.6333462130037546,2.825829422560963,3.280182864729389,1.4504646205339924,2.2473464176157107,1.3619648854860564,0.17028801330099982
"('heatmap', 0.0, 3)","('heatmap', 0.5, 3)",k_fixedheatmap-0.0-3_k_variableheatmap-0.5-3,0.9966765365542852,186.31151697595877,True,ok,batch_summary_6.csv,fixed_first,1,1,phase1,heatmap,0.0,3,4,1.0,heatmap,0.5,3,4,1.0,0.0,0.0,200000,200704,401408,4.915336845455342,4.208542710340513,2.539429967439661,2.847797965878424,2.851873898160054,1.2118967609876528,2.025364355102685,1.5242092592490395,0.15293764294501264
"('heatmap', 0.0, 3)","('heatmap', 0.5, 3)",k_fixedheatmap-0.0-3_k_variableheatmap-0.5-3,0.9966765365542852,186.31151697595877,True,ok,batch_summary_6.csv,fixed_first,2,2,phase1,heatmap,0.0,3,4,1.0,heatmap,0.5,3,4,1.0,0.0,0.0,200000,200704,401408,5.284492286630058,4.812439740100945,2.1831817320941758,3.3929455458804787,3.1635056276417566,1.280519003635482,1.845021956760252,1.1582472754196207,0.14366524773000083
"('heatmap', 0.0, 3)","('heatmap', 0.5, 3)",k_fixedheatmap-0.0-3_k_variableheatmap-0.5-3,0.9966765365542852,186.31151697595877,True,ok,batch_summary_6.csv,fixed_first,3,3,phase1,heatmap,0.0,3,4,1.0,heatmap,0.5,3,4,1.0,0.0,0.0,200000,200704,401408,8.611706197496126,8.075539991574821,2.9911766040253998,5.315077952784916,5.351493111042221,2.8854486642135235,2.4686831875705497,1.679339364479939,0.18044415973798728
"('heatmap', 0.0, 3)","('heatmap', 0.5, 3)",k_fixedheatmap-0.0-3_k_variableheatmap-0.5-3,0.9966765365542852,186.31151697595877,True,ok,batch_summary_6.csv,fixed_first,4,4,phase1,heatmap,0.0,3,4,1.0,heatmap,0.5,3,4,1.0,0.0,0.0,200000,200704,401408,4.768250685588988,4.127965004659102,2.3866544619885053,2.8621959138503543,2.6928724467048464,1.2634744224583287,1.9245564936036639,1.4046929799568122,0.13798353495132626
"('heatmap', 0.0, 3)","('heatmap', 0.5, 3)",k_fixedheatmap-0.0-3_k_variableheatmap-0.5-3,0.9966765365542852,186.31151697595877,True,ok,batch_summary_6.csv,variable_first,0,0,phase2,heatmap,0.5,3,4,1.0,heatmap,0.0,3,4,1.0,0.0,0.0,200000,200704,401408,8.345525312490729,7.382332611634299,3.8921662288016665,5.0932363063883015,4.209014361422964,3.2927157213191935,3.295274562988118,2.060153930494227,0.21421785597106857
"('heatmap', 0.0, 3)","('heatmap', 0.5, 3)",k_fixedheatmap-0.0-3_k_variableheatmap-0.5-3,0.9966765365542852,186.31151697595877,True,ok,batch_summary_6.csv,variable_first,1,1,phase2,heatmap,0.5,3,4,1.0,heatmap,0.0,3,4,1.0,0.0,0.0,200000,200704,401408,3.099010733414277,2.566494102295282,1.7369443136440585,1.9668972023885702,1.6146014979068777,0.3335706451553375,1.369370887374535,1.0527744117512352,0.18293430370859687
"('heatmap', 0.0, 3)","('heatmap', 0.5, 3)",k_fixedheatmap-0.0-3_k_variableheatmap-0.5-3,0.9966765365542852,186.31151697595877,True,ok,batch_summary_6.csv,variable_first,2,2,phase2,heatmap,0.5,3,4,1.0,heatmap,0.0,3,4,1.0,0.0,0.0,200000,200704,401408,2.9881390781159687,2.509734686334256,1.6217912795345903,1.7360179010376915,1.762846581474979,0.42116739338174686,1.2299877975203124,1.0431475736068028,0.17082187214702463
"('heatmap', 0.0, 3)","('heatmap', 0.5, 3)",k_fixedheatmap-0.0-3_k_variableheatmap-0.5-3,0.9966765365542852,186.31151697595877,True,ok,batch_summary_6.csv,variable_first,3,3,phase2,heatmap,0.5,3,4,1.0,heatmap,0.0,3,4,1.0,0.0,0.0,200000,200704,401408,2.6864961045905176,2.016467827006271,1.7751390995154808,1.6026382601556635,1.1833952605120959,0.3118794027090114,1.3031417232693632,1.193794353051859,0.16671986781628628
"('heatmap', 0.0, 3)","('heatmap', 0.5, 3)",k_fixedheatmap-0.0-3_k_variableheatmap-0.5-3,0.9966765365542852,186.31151697595877,True,ok,batch_summary_6.csv,variable_first,4,4,phase2,heatmap,0.5,3,4,1.0,heatmap,0.0,3,4,1.0,0.0,0.0,200000,200704,401408,3.162860310782629,2.694370604150682,1.656518153541542,1.7157465181238951,1.9095382061116728,0.818236321276962,1.2895230409815497,1.025575766424896,0.17139739529048822
"('heatmap', 0.0, 3)","('heatmap', 1.0, 3)",k_fixedheatmap-0.0-3_k_variableheatmap-1.0-3,0.9890828626697648,89.91385727428298,True,ok,batch_summary_6.csv,fixed_first,0,0,phase1,heatmap,0.0,3,4,1.0,heatmap,1.0,3,4,1.0,0.0,0.0,200000,200704,401408,7.606853328362847,6.878540932671981,3.248059758806941,4.232517806419595,4.657160154778276,2.776864720063003,2.8103850041710956,1.6191868694912097,0.17280684818168826
"('heatmap', 0.0, 3)","('heatmap', 1.0, 3)",k_fixedheatmap-0.0-3_k_variableheatmap-1.0-3,0.9890828626697648,89.91385727428298,True,ok,batch_summary_6.csv,fixed_first,1,1,phase1,heatmap,0.0,3,4,1.0,heatmap,1.0,3,4,1.0,0.0,0.0,200000,200704,401408,8.534228642317617,8.004160554456751,2.9608229156491217,5.03168626043016,5.317994808852179,3.235374904263964,2.4330165417317016,1.6770619159396152,0.18538116300699115
"('heatmap', 0.0, 3)","('heatmap', 1.0, 3)",k_fixedheatmap-0.0-3_k_variableheatmap-1.0-3,0.9890828626697648,89.91385727428298,True,ok,batch_summary_6.csv,fixed_first,2,2,phase1,heatmap,0.0,3,4,1.0,heatmap,1.0,3,4,1.0,0.0,0.0,200000,200704,401408,8.059127820960445,7.617301040194462,2.631780024552017,4.65343407474848,5.185239988969637,3.079303932012485,2.2917345858753917,1.2828695866791524,0.16871368974455273
"('heatmap', 0.0, 3)","('heatmap', 1.0, 3)",k_fixedheatmap-0.0-3_k_variableheatmap-1.0-3,0.9890828626697648,89.91385727428298,True,ok,batch_summary_6.csv,fixed_first,3,3,phase1,heatmap,0.0,3,4,1.0,heatmap,1.0,3,4,1.0,0.0,0.0,200000,200704,401408,8.79744361629148,8.204875094510856,3.174120171843406,5.227012352621759,5.331530092602716,3.4019265209195413,2.6598213996143127,1.7226953610156204,0.18085817811819785
"('heatmap', 0.0, 3)","('heatmap', 1.0, 3)",k_fixedheatmap-0.0-3_k_variableheatmap-1.0-3,0.9890828626697648,89.91385727428298,True,ok,batch_summary_6.csv,fixed_first,4,4,phase1,heatmap,0.0,3,4,1.0,heatmap,1.0,3,4,1.0,0.0,0.0,200000,200704,401408,8.116739558593219,7.494536006897747,3.1166313711032947,4.723691304688355,4.981777928638607,3.0061102917936475,2.6638630123904226,1.6085274971147685,0.17281274718354558
"('heatmap', 0.0, 3)","('heatmap', 1.0, 3)",k_fixedheatmap-0.0-3_k_variableheatmap-1.0-3,0.9890828626697648,89.91385727428298,True,ok,batch_summary_6.csv,variable_first,0,0,phase2,heatmap,1.0,3,4,1.0,heatmap,0.0,3,4,1.0,0.0,0.0,200000,200704,401408,3.1250398721796238,2.5994709040349897,1.7345389075451585,1.5155140723111882,2.0486066533074307,0.5134947493166548,1.2889278630546248,1.1422548072998797,0.20626231073491033
"('heatmap', 0.0, 3)","('heatmap', 1.0, 3)",k_fixedheatmap-0.0-3_k_variableheatmap-1.0-3,0.9890828626697648,89.91385727428298,True,ok,batch_summary_6.csv,variable_first,1,1,phase2,heatmap,1.0,3,4,1.0,heatmap,0.0,3,4,1.0,0.0,0.0,200000,200704,401408,3.7840692407810437,3.3512932217957774,1.757274526239683,2.2986936862109,2.327092530623122,0.7292557503006352,1.3059448933078317,1.1620415499472947,0.1793910042621627
"('heatmap', 0.0, 3)","('heatmap', 1.0, 3)",k_fixedheatmap-0.0-3_k_variableheatmap-1.0-3,0.9890828626697648,89.91385727428298,True,ok,batch_summary_6.csv,variable_first,2,2,phase2,heatmap,1.0,3,4,1.0,heatmap,0.0,3,4,1.0,0.0,0.0,200000,200704,401408,5.939405657048634,4.980977618830555,3.2351818371909804,3.1906657159357596,3.4002307282375606,1.7516339010170245,2.655675553868395,1.8306914282002533,0.24971537195438537
"('heatmap', 0.0, 3)","('heatmap', 1.0, 3)",k_fixedheatmap-0.0-3_k_variableheatmap-1.0-3,0.9890828626697648,89.91385727428298,True,ok,batch_summary_6.csv,variable_first,3,3,phase2,heatmap,1.0,3,4,1.0,heatmap,0.0,3,4,1.0,0.0,0.0,200000,200704,401408,8.187972598676764,7.228825002593199,3.845384812806769,4.972231101345443,4.728272864733059,2.2751405472099253,3.3041277584997704,1.957141407228648,0.19829681335639807
"('heatmap', 0.0, 3)","('heatmap', 1.0, 3)",k_fixedheatmap-0.0-3_k_variableheatmap-1.0-3,0.9890828626697648,89.91385727428298,True,ok,batch_summary_6.csv,variable_first,4,4,phase2,heatmap,1.0,3,4,1.0,heatmap,0.0,3,4,1.0,0.0,0.0,200000,200704,401408,5.587260398170777,4.560857573142462,3.22739166425095,3.0145908395932555,3.150984855276332,1.336023320960593,2.7289299264662126,1.7085186165597626,0.22352303635720164
"('heatmap', 0.0, 3)","('heatmap', 2.0, 3)",k_fixedheatmap-0.0-3_k_variableheatmap-2.0-3,0.821273692982765,7.650559705721641,True,ok,batch_summary_6.csv,fixed_first,0,0,phase1,heatmap,0.0,3,4,1.0,heatmap,2.0,3,4,1.0,0.0,0.0,200000,200704,401408,8.145257433592569,7.5318424572533225,3.1010591510984167,4.2989511277289605,5.149331430560377,3.4252088725397014,2.501513685992753,1.8299417831702094,0.1015391924826003
"('heatmap', 0.0, 3)","('heatmap', 2.0, 3)",k_fixedheatmap-0.0-3_k_variableheatmap-2.0-3,0.821273692982765,7.650559705721641,True,ok,batch_summary_6.csv,fixed_first,1,1,phase1,heatmap,0.0,3,4,1.0,heatmap,2.0,3,4,1.0,0.0,0.0,200000,200704,401408,8.239042655529678,7.803478485261936,2.643396945161966,4.300392810697275,5.563014403142666,3.3843417224146184,2.2022157646087837,1.4546996104354,0.14711281113234698
"('heatmap', 0.0, 3)","('heatmap', 2.0, 3)",k_fixedheatmap-0.0-3_k_variableheatmap-2.0-3,0.821273692982765,7.650559705721641,True,ok,batch_summary_6.csv,fixed_first,2,2,phase1,heatmap,0.0,3,4,1.0,heatmap,2.0,3,4,1.0,0.0,0.0,200000,200704,401408,7.730327236612108,7.065190077213767,3.137044525974584,4.103897828609614,4.7831150123141,3.193234131483106,2.5882797956246697,1.7643840921125822,0.1697198662746356
"('heatmap', 0.0, 3)","('heatmap', 2.0, 3)",k_fixedheatmap-0.0-3_k_variableheatmap-2.0-3,0.821273692982765,7.650559705721641,True,ok,batch_summary_6.csv,fixed_first,3,3,phase1,heatmap,0.0,3,4,1.0,heatmap,2.0,3,4,1.0,0.0,0.0,200000,200704,401408,8.062592934593704,7.443767585461373,3.097697364591137,4.0345278801824,5.2079717040084335,3.4654424509207833,2.5302375148989635,1.782529074195526,0.12734669387320263
"('heatmap', 0.0, 3)","('heatmap', 2.0, 3)",k_fixedheatmap-0.0-3_k_variableheatmap-2.0-3,0.821273692982765,7.650559705721641,True,ok,batch_summary_6.csv,fixed_first,4,4,phase1,heatmap,0.0,3,4,1.0,heatmap,2.0,3,4,1.0,0.0,0.0,200000,200704,401408,7.792438861494132,6.883144680779783,3.6530018770289363,3.819999756132737,4.887637822654335,2.982663084267422,2.988944539775056,2.093818313147858,0.16296663232843397
"('heatmap', 0.0, 3)","('heatmap', 2.0, 3)",k_fixedheatmap-0.0-3_k_variableheatmap-2.0-3,0.821273692982765,7.650559705721641,True,ok,batch_summary_6.csv,variable_first,0,0,phase2,heatmap,2.0,3,4,1.0,heatmap,0.0,3,4,1.0,0.0,0.0,200000,200704,401408,6.103551871523518,5.273955521748252,3.072253017412362,3.6506295970420193,3.359114337389499,1.78993331130632,2.672062375096121,1.501290873551571,0.21200702720853898
"('heatmap', 0.0, 3)","('heatmap', 2.0, 3)",k_fixedheatmap-0.0-3_k_variableheatmap-2.0-3,0.821273692982765,7.650559705721641,True,ok,batch_summary_6.csv,variable_first,1,1,phase2,heatmap,2.0,3,4,1.0,heatmap,0.0,3,4,1.0,0.0,0.0,200000,200704,401408,5.771961214073638,4.862536311259179,3.109867662531062,3.2940590706212003,3.2370052561650984,1.5215883770362262,2.783632254729011,1.3797033831761085,0.13815543181899215
"('heatmap', 0.0, 3)","('heatmap', 2.0, 3)",k_fixedheatmap-0.0-3_k_variableheatmap-2.0-3,0.821273692982765,7.650559705721641,True,ok,batch_summary_6.csv,variable_first,2,2,phase2,heatmap,2.0,3,4,1.0,heatmap,0.0,3,4,1.0,0.0,0.0,200000,200704,401408,8.813582950735894,8.020973563619817,3.652838282926638,5.848384188827679,4.7732935070539915,2.7107357642667096,3.292454102371143,1.5766509272310287,0.13094028660193932
"('heatmap', 0.0, 3)","('heatmap', 2.0, 3)",k_fixedheatmap-0.0-3_k_variableheatmap-2.0-3,0.821273692982765,7.650559705721641,True,ok,batch_summary_6.csv,variable_first,3,3,phase2,heatmap,2.0,3,4,1.0,heatmap,0.0,3,4,1.0,0.0,0.0,200000,200704,401408,8.98940273317236,8.18749229962227,3.711378631020112,5.955291311339742,4.792800228821754,2.932337211178396,3.3146331493197523,1.661351843202017,0.16567583201120098
"('heatmap', 0.0, 3)","('heatmap', 2.0, 3)",k_fixedheatmap-0.0-3_k_variableheatmap-2.0-3,0.821273692982765,7.650559705721641,True,ok,batch_summary_6.csv,variable_first,4,4,phase2,heatmap,2.0,3,4,1.0,heatmap,0.0,3,4,1.0,0.0,0.0,200000,200704,401408,8.454819236558208,7.845396555332715,3.151780641549835,5.645441612828167,4.866338343505537,2.449078853998442,2.7925607196491162,1.4593487760691346,0.07501326087179579
"('heatmap', 0.5, 3)","('heatmap', 1.5, 3)",k_fixedheatmap-0.5-3_k_variableheatmap-1.5-3,0.996522290399978,107.52309548413857,True,ok,batch_summary_6.csv,fixed_first,0,0,phase1,heatmap,0.5,3,4,1.0,heatmap,1.5,3,4,1.0,0.0,0.0,200000,200704,401408,7.974108795065619,7.431797255520925,2.890467198979173,4.081131196154938,5.356618976125044,3.1436621560779074,2.2723196860340726,1.781847441599659,0.12799831132194078
"('heatmap', 0.5, 3)","('heatmap', 1.5, 3)",k_fixedheatmap-0.5-3_k_variableheatmap-1.5-3,0.996522290399978,107.52309548413857,True,ok,batch_summary_6.csv,fixed_first,1,1,phase1,heatmap,0.5,3,4,1.0,heatmap,1.5,3,4,1.0,0.0,0.0,200000,200704,401408,8.036845501316392,7.386981767786066,3.1659731480898197,4.049273674791301,5.299210992599629,3.176357221749022,2.5628433666224075,1.8502906145968838,0.177888993813483
"('heatmap', 0.5, 3)","('heatmap', 1.5, 3)",k_fixedheatmap-0.5-3_k_variableheatmap-1.5-3,0.996522290399978,107.52309548413857,True,ok,batch_summary_6.csv,fixed_first,2,2,phase1,heatmap,0.5,3,4,1.0,heatmap,1.5,3,4,1.0,0.0,0.0,200000,200704,401408,8.432482818108369,7.817636194834508,3.1609066425483534,4.433170046285036,5.511593531342624,3.3293806872705085,2.6577289222794342,1.7026992268926346,0.16918369107253398
"('heatmap', 0.5, 3)","('heatmap', 1.5, 3)",k_fixedheatmap-0.5-3_k_variableheatmap-1.5-3,0.996522290399978,107.52309548413857,True,ok,batch_summary_6.csv,fixed_first,3,3,phase1,heatmap,0.5,3,4,1.0,heatmap,1.5,3,4,1.0,0.0,0.0,200000,200704,401408,8.22558217718302,7.575378451162748,3.2052836809321623,4.22006230606619,5.293480975713835,3.399484074240668,2.4341059799317093,2.0788488256844575,0.1654059057623928
"('heatmap', 0.5, 3)","('heatmap', 1.5, 3)",k_fixedheatmap-0.5-3_k_variableheatmap-1.5-3,0.996522290399978,107.52309548413857,True,ok,batch_summary_6.csv,fixed_first,4,4,phase1,heatmap,0.5,3,4,1.0,heatmap,1.5,3,4,1.0,0.0,0.0,200000,200704,401408,8.17679392898021,7.604623229329525,3.0049400155326578,4.603177905895495,5.144283676852372,3.19020267049039,2.4374337309607657,1.7491958667353844,0.1699856579830715
"('heatmap', 0.5, 3)","('heatmap', 1.5, 3)",k_fixedheatmap-0.5-3_k_variableheatmap-1.5-3,0.996522290399978,107.52309548413857,True,ok,batch_summary_6.csv,variable_first,0,0,phase2,heatmap,1.5,3,4,1.0,heatmap,0.5,3,4,1.0,0.0,0.0,200000,200704,401408,8.056060650233771,7.322015765188749,3.35979141236065,4.691238571842218,4.730604584032845,3.0373632968842905,2.8181493922819434,1.819978564661468,0.1841476622878181
"('heatmap', 0.5, 3)","('heatmap', 1.5, 3)",k_fixedheatmap-0.5-3_k_variableheatmap-1.5-3,0.996522290399978,107.52309548413857,True,ok,batch_summary_6.csv,variable_first,1,1,phase2,heatmap,1.5,3,4,1.0,heatmap,0.5,3,4,1.0,0.0,0.0,200000,200704,401408,7.615328226490452,6.91890636102,3.1815025954129275,4.38867388505809,4.6483840009672095,2.6463811030772244,2.5724814664035907,1.8621364231437834,0.19169196965575533
"('heatmap', 0.5, 3)","('heatmap', 1.5, 3)",k_fixedheatmap-0.5-3_k_variableheatmap-1.5-3,0.996522290399978,107.52309548413857,True,ok,batch_summary_6.csv,variable_first,2,2,phase2,heatmap,1.5,3,4,1.0,heatmap,0.5,3,4,1.0,0.0,0.0,200000,200704,401408,8.368490933931707,7.844302089608544,2.9152298774299426,4.758668158623789,5.285364592365449,3.3095428317075237,2.3192842465713928,1.7561426294924969,0.18827874746009884
"('heatmap', 0.5, 3)","('heatmap', 1.5, 3)",k_fixedheatmap-0.5-3_k_variableheatmap-1.5-3,0.996522290399978,107.52309548413857,True,ok,batch_summary_6.csv,variable_first,3,3,phase2,heatmap,1.5,3,4,1.0,heatmap,0.5,3,4,1.0,0.0,0.0,200000,200704,401408,8.31511632388327,7.646605194228592,3.266586671635447,4.5795611644903955,5.129804923241274,3.344142937522956,2.6212837900777095,1.9370487335568736,0.2174901814057313
"('heatmap', 0.5, 3)","('heatmap', 1.5, 3)",k_fixedheatmap-0.5-3_k_variableheatmap-1.5-3,0.996522290399978,107.52309548413857,True,ok,batch_summary_6.csv,variable_first,4,4,phase2,heatmap,1.5,3,4,1.0,heatmap,0.5,3,4,1.0,0.0,0.0,200000,200704,401408,4.780844289865352,4.092617310459002,2.471225540914764,2.1581711538026704,3.2374836062417622,1.2690601325699913,1.9364170530013713,1.5238764038935673,0.1872041040451864
"('heatmap', 1.0, 3)","('heatmap', 2.0, 3)",k_fixedheatmap-1.0-3_k_variableheatmap-2.0-3,0.999524956657424,84.549492744576,True,ok,batch_summary_6.csv,fixed_first,0,0,phase1,heatmap,1.0,3,4,1.0,heatmap,2.0,3,4,1.0,0.0,0.0,200000,200704,401408,8.358727672434798,7.661426952348794,3.342284451651403,3.5920609029171273,5.807262216729956,3.474228973751067,2.4126270418243956,2.3095306514052463,0.12713883367424395
"('heatmap', 1.0, 3)","('heatmap', 2.0, 3)",k_fixedheatmap-1.0-3_k_variableheatmap-2.0-3,0.999524956657424,84.549492744576,True,ok,batch_summary_6.csv,fixed_first,1,1,phase1,heatmap,1.0,3,4,1.0,heatmap,2.0,3,4,1.0,0.0,0.0,200000,200704,401408,8.110761102598609,7.438062230866146,3.234142222164809,3.635862880755835,5.451111096460523,3.5200367436469038,2.5284659740441575,2.012040128314293,0.13501945542425706
"('heatmap', 1.0, 3)","('heatmap', 2.0, 3)",k_fixedheatmap-1.0-3_k_variableheatmap-2.0-3,0.999524956657424,84.549492744576,True,ok,batch_summary_6.csv,fixed_first,2,2,phase1,heatmap,1.0,3,4,1.0,heatmap,2.0,3,4,1.0,0.0,0.0,200000,200704,401408,7.944467167407171,7.223940082227666,3.305941357978851,3.5614342433847006,5.496386340608115,3.0481524956010397,2.6181947463733626,2.009100919002529,0.19446858286408542
"('heatmap', 1.0, 3)","('heatmap', 2.0, 3)",k_fixedheatmap-1.0-3_k_variableheatmap-2.0-3,0.999524956657424,84.549492744576,True,ok,batch_summary_6.csv,fixed_first,3,3,phase1,heatmap,1.0,3,4,1.0,heatmap,2.0,3,4,1.0,0.0,0.0,200000,200704,401408,8.246735936515021,7.628007434453152,3.134031937701931,3.878343977421076,5.547083826566724,3.517784307474819,2.3976358276099035,2.014703806709371,0.12027965716555705
"('heatmap', 1.0, 3)","('heatmap', 2.0, 3)",k_fixedheatmap-1.0-3_k_variableheatmap-2.0-3,0.999524956657424,84.549492744576,True,ok,batch_summary_6.csv,fixed_first,4,4,phase1,heatmap,1.0,3,4,1.0,heatmap,2.0,3,4,1.0,0.0,0.0,200000,200704,401408,7.449285987289246,6.825931270872283,2.9830393905799877,3.5981668302580383,4.9511528631744435,3.0220222536874903,2.3528689117194794,1.8244423841510577,0.1842332134253227
"('heatmap', 1.0, 3)","('heatmap', 2.0, 3)",k_fixedheatmap-1.0-3_k_variableheatmap-2.0-3,0.999524956657424,84.549492744576,True,ok,batch_summary_6.csv,variable_first,0,0,phase2,heatmap,2.0,3,4,1.0,heatmap,1.0,3,4,1.0,0.0,0.0,200000,200704,401408,7.413947645992864,6.957632341928707,2.560853742811327,3.552433556922584,5.093477429077161,3.1377302797697912,1.900227460296174,1.7105501446253855,0.1453468057069265
"('heatmap', 1.0, 3)","('heatmap', 2.0, 3)",k_fixedheatmap-1.0-3_k_variableheatmap-2.0-3,0.999524956657424,84.549492744576,True,ok,batch_summary_6.csv,variable_first,1,1,phase2,heatmap,2.0,3,4,1.0,heatmap,1.0,3,4,1.0,0.0,0.0,200000,200704,401408,7.230415946447654,6.509632690656399,3.1469980920525,3.603972863442339,4.478403741343174,3.0546026413196783,2.521542399984994,1.8779432164348098,0.1369313415784353
"('heatmap', 1.0, 3)","('heatmap', 2.0, 3)",k_fixedheatmap-1.0-3_k_variableheatmap-2.0-3,0.999524956657424,84.549492744576,True,ok,batch_summary_6.csv,variable_first,2,2,phase2,heatmap,2.0,3,4,1.0,heatmap,1.0,3,4,1.0,0.0,0.0,200000,200704,401408,7.512543858079365,7.01906009466321,2.677892941674943,3.719547104155723,4.887708946308095,3.397421847318949,2.0567868462411996,1.7043931706092565,0.18916235403003695
"('heatmap', 1.0, 3)","('heatmap', 2.0, 3)",k_fixedheatmap-1.0-3_k_variableheatmap-2.0-3,0.999524956657424,84.549492744576,True,ok,batch_summary_6.csv,variable_first,3,3,phase2,heatmap,2.0,3,4,1.0,heatmap,1.0,3,4,1.0,0.0,0.0,200000,200704,401408,7.3963222689943,6.9624739855309405,2.4959044668468175,3.671623720539691,4.9699192530732965,3.20860185624467,1.9201590545780332,1.590682047132905,0.11072008705271627
"('heatmap', 1.0, 3)","('heatmap', 2.0, 3)",k_fixedheatmap-1.0-3_k_variableheatmap-2.0-3,0.999524956657424,84.549492744576,True,ok,batch_summary_6.csv,variable_first,4,4,phase2,heatmap,2.0,3,4,1.0,heatmap,1.0,3,4,1.0,0.0,0.0,200000,200704,401408,5.4187005624332505,4.812893258474809,2.4896534433214104,2.562084061023129,3.6459949023912914,1.8183475887355025,1.8725145198006965,1.6273598540365883,0.20919738633103255
"('heatmap', 0.25, 3)","('heatmap', 1.75, 3)",k_fixedheatmap-0.25-3_k_variableheatmap-1.75-3,0.9787054858248452,25.48955595499896,True,ok,batch_summary_6.csv,fixed_first,0,0,phase1,heatmap,0.25,3,4,1.0,heatmap,1.75,3,4,1.0,0.0,0.0,200000,200704,401408,7.995301053753217,7.239411942536678,3.393486948023321,4.038852811642314,5.183363563698849,3.03800846051337,2.733701137887481,2.0031924375312413,0.17277677313508222
"('heatmap', 0.25, 3)","('heatmap', 1.75, 3)",k_fixedheatmap-0.25-3_k_variableheatmap-1.75-3,0.9787054858248452,25.48955595499896,True,ok,batch_summary_6.csv,fixed_first,1,1,phase1,heatmap,0.25,3,4,1.0,heatmap,1.75,3,4,1.0,0.0,0.0,200000,200704,401408,7.953685510488037,7.230153576181384,3.314512402236396,4.01027793231466,5.139633601981034,3.126812766723646,2.798538219613827,1.7670648709567212,0.1779270630631094
"('heatmap', 0.25, 3)","('heatmap', 1.75, 3)",k_fixedheatmap-0.25-3_k_variableheatmap-1.75-3,0.9787054858248452,25.48955595499896,True,ok,batch_summary_6.csv,fixed_first,2,2,phase1,heatmap,0.25,3,4,1.0,heatmap,1.75,3,4,1.0,0.0,0.0,200000,200704,401408,8.406066004888656,7.822959056697916,3.076240770123947,4.262524242835589,5.538972574103956,3.514165378199359,2.444008263065539,1.8606759597013234,0.16722995793129436
"('heatmap', 0.25, 3)","('heatmap', 1.75, 3)",k_fixedheatmap-0.25-3_k_variableheatmap-1.75-3,0.9787054858248452,25.48955595499896,True,ok,batch_summary_6.csv,fixed_first,3,3,phase1,heatmap,0.25,3,4,1.0,heatmap,1.75,3,4,1.0,0.0,0.0,200000,200704,401408,7.8208985906593975,7.225709245157815,2.9925876210762867,4.150586999174397,4.982989803352388,3.186426568670572,2.498527084018474,1.6430109000501782,0.11600975201021335
"('heatmap', 0.25, 3)","('heatmap', 1.75, 3)",k_fixedheatmap-0.25-3_k_variableheatmap-1.75-3,0.9787054858248452,25.48955595499896,True,ok,batch_summary_6.csv,fixed_first,4,4,phase1,heatmap,0.25,3,4,1.0,heatmap,1.75,3,4,1.0,0.0,0.0,200000,200704,401408,4.963503965419149,4.334785705379642,2.4178512160941446,2.564151377186542,3.1494558594761615,1.5153952011430272,1.9176743702952017,1.4615555720586157,0.17995783524272163
"('heatmap', 0.25, 3)","('heatmap', 1.75, 3)",k_fixedheatmap-0.25-3_k_variableheatmap-1.75-3,0.9787054858248452,25.48955595499896,True,ok,batch_summary_6.csv,variable_first,0,0,phase2,heatmap,1.75,3,4,1.0,heatmap,0.25,3,4,1.0,0.0,0.0,200000,200704,401408,8.113830098000182,7.393704037108291,3.341762928584584,4.873913839579682,4.809745085198458,2.7889380574179765,2.814186067637617,1.7876784018041059,0.22790826948502366
"('heatmap', 0.25, 3)","('heatmap', 1.75, 3)",k_fixedheatmap-0.25-3_k_variableheatmap-1.75-3,0.9787054858248452,25.48955595499896,True,ok,batch_summary_6.csv,variable_first,1,1,phase2,heatmap,1.75,3,4,1.0,heatmap,0.25,3,4,1.0,0.0,0.0,200000,200704,401408,7.706676852531558,7.055946724585453,3.0994328399172564,4.865193993558954,4.398233105736375,2.602271533262934,2.7220341041391882,1.473534042911133,0.16034864964410273
"('heatmap', 0.25, 3)","('heatmap', 1.75, 3)",k_fixedheatmap-0.25-3_k_variableheatmap-1.75-3,0.9787054858248452,25.48955595499896,True,ok,batch_summary_6.csv,variable_first,2,2,phase2,heatmap,1.75,3,4,1.0,heatmap,0.25,3,4,1.0,0.0,0.0,200000,200704,401408,8.374169619465293,7.754653157694842,3.161023761288249,5.181442170668999,4.876544814610948,3.0832796336450903,2.6920007539076054,1.6546618487987728,0.08542439065992612
"('heatmap', 0.25, 3)","('heatmap', 1.75, 3)",k_fixedheatmap-0.25-3_k_variableheatmap-1.75-3,0.9787054858248452,25.48955595499896,True,ok,batch_summary_6.csv,variable_first,3,3,phase2,heatmap,1.75,3,4,1.0,heatmap,0.25,3,4,1.0,0.0,0.0,200000,200704,401408,8.502996128542057,8.024735833214143,2.811504573912358,5.477014629077719,4.899351554899183,3.224135587602777,2.391507151162727,1.4603880637018931,0.22916853724864533
"('heatmap', 0.25, 3)","('heatmap', 1.75, 3)",k_fixedheatmap-0.25-3_k_variableheatmap-1.75-3,0.9787054858248452,25.48955595499896,True,ok,batch_summary_6.csv,variable_first,4,4,phase2,heatmap,1.75,3,4,1.0,heatmap,0.25,3,4,1.0,0.0,0.0,200000,200704,401408,7.869967382568407,7.068370904989502,3.46042184598764,4.706276599649284,4.678117087363239,2.434758373025088,2.866657730449473,1.9299803141971374,0.17879819757006557
"('heatmap', 0.75, 3)","('heatmap', 1.25, 3)",k_fixedheatmap-0.75-3_k_variableheatmap-1.25-3,0.9987080353287072,109.75691574042918,True,ok,batch_summary_6.csv,fixed_first,0,0,phase1,heatmap,0.75,3,4,1.0,heatmap,1.25,3,4,1.0,0.0,0.0,200000,200704,401408,8.31365952626468,7.580117727567902,3.4144911707108405,4.43062766591779,5.11746007178812,3.4116455946430575,2.617353872448482,2.1894967315578215,0.11963579622688124
"('heatmap', 0.75, 3)","('heatmap', 1.25, 3)",k_fixedheatmap-0.75-3_k_variableheatmap-1.25-3,0.9987080353287072,109.75691574042918,True,ok,batch_summary_6.csv,fixed_first,1,1,phase1,heatmap,0.75,3,4,1.0,heatmap,1.25,3,4,1.0,0.0,0.0,200000,200704,401408,8.390454475881285,7.72414295510065,3.276788354624888,4.2471690987654345,5.395060685216854,3.537973889127851,2.5390916499885448,2.063672174713298,0.17779951990323203
"('heatmap', 0.75, 3)","('heatmap', 1.25, 3)",k_fixedheatmap-0.75-3_k_variableheatmap-1.25-3,0.9987080353287072,109.75691574042918,True,ok,batch_summary_6.csv,fixed_first,2,2,phase1,heatmap,0.75,3,4,1.0,heatmap,1.25,3,4,1.0,0.0,0.0,200000,200704,401408,3.159241969299454,2.5701222998857185,1.8371938341430487,1.7674288944876766,1.8385682949473832,0.3184185360719365,1.0867002376252075,1.4570524550370134,0.26713652133163185
"('heatmap', 0.75, 3)","('heatmap', 1.25, 3)",k_fixedheatmap-0.75-3_k_variableheatmap-1.25-3,0.9987080353287072,109.75691574042918,True,ok,batch_summary_6.csv,fixed_first,3,3,phase1,heatmap,0.75,3,4,1.0,heatmap,1.25,3,4,1.0,0.0,0.0,200000,200704,401408,7.771647774903197,6.86492004977276,3.642990783324298,3.8682441115673813,4.909324530033089,2.8394273087916333,2.7497376295120652,2.382129596345259,0.18916501380308962
"('heatmap', 0.75, 3)","('heatmap', 1.25, 3)",k_fixedheatmap-0.75-3_k_variableheatmap-1.25-3,0.9987080353287072,109.75691574042918,True,ok,batch_summary_6.csv,fixed_first,4,4,phase1,heatmap,0.75,3,4,1.0,heatmap,1.25,3,4,1.0,0.0,0.0,200000,200704,401408,7.933760021793348,7.235476452211303,3.2546011419069654,4.2744458733138195,4.963652794332134,3.0730087705591607,2.507240212285881,2.0706472418634303,0.13636389024278311
"('heatmap', 0.75, 3)","('heatmap', 1.25, 3)",k_fixedheatmap-0.75-3_k_variableheatmap-1.25-3,0.9987080353287072,109.75691574042918,True,ok,batch_summary_6.csv,variable_first,0,0,phase2,heatmap,1.25,3,4,1.0,heatmap,0.75,3,4,1.0,0.0,0.0,200000,200704,401408,8.445539176365042,7.745115302035985,3.3675393000950615,4.278727118737136,5.497099341801937,3.3854400174240395,2.564747763658131,2.1745094917756393,0.18411495504983602
"('heatmap', 0.75, 3)","('heatmap', 1.25, 3)",k_fixedheatmap-0.75-3_k_variableheatmap-1.25-3,0.9987080353287072,109.75691574042918,True,ok,batch_summary_6.csv,variable_first,1,1,phase2,heatmap,1.25,3,4,1.0,heatmap,0.75,3,4,1.0,0.0,0.0,200000,200704,401408,7.747988223923998,7.027476504027729,3.26280485217905,4.175024743777749,4.834075556964368,2.930240248352506,2.4937278477681555,2.0984047605597893,0.15464276746349745
"('heatmap', 0.75, 3)","('heatmap', 1.25, 3)",k_fixedheatmap-0.75-3_k_variableheatmap-1.25-3,0.9987080353287072,109.75691574042918,True,ok,batch_summary_6.csv,variable_first,2,2,phase2,heatmap,1.25,3,4,1.0,heatmap,0.75,3,4,1.0,0.0,0.0,200000,200704,401408,7.859772182922544,7.2501651851975275,3.034983287399244,4.389974722441889,5.005018192600223,2.87102943919291,2.3527964715998144,1.9080814080673945,0.18627307429613435
"('heatmap', 0.75, 3)","('heatmap', 1.25, 3)",k_fixedheatmap-0.75-3_k_variableheatmap-1.25-3,0.9987080353287072,109.75691574042918,True,ok,batch_summary_6.csv,variable_first,3,3,phase2,heatmap,1.25,3,4,1.0,heatmap,0.75,3,4,1.0,0.0,0.0,200000,200704,401408,8.215585621790915,7.375109582830415,3.619890295329486,4.274821362471832,5.167227244217077,3.068860746976356,2.899551187923521,2.1579729639285232,0.19839693995986216
"('heatmap', 0.75, 3)","('heatmap', 1.25, 3)",k_fixedheatmap-0.75-3_k_variableheatmap-1.25-3,0.9987080353287072,109.75691574042918,True,ok,batch_summary_6.csv,variable_first,4,4,phase2,heatmap,1.25,3,4,1.0,heatmap,0.75,3,4,1.0,0.0,0.0,200000,200704,401408,7.799436831125979,7.114655742630518,3.1957610277646,4.387041091964969,4.742963268670835,2.9793449322956,2.624249183476043,1.813001416377355,0.19806724569720957
"('margin', 13, 1.0, 0.0)","('heatmap', 1.0, 3)",k_fixedmargin-13_k_variableheatmap-1.0-3,0.334291206821336,39.86874525200472,True,ok,batch_summary_8.csv,fixed_first,0,0,phase1,margin,,,4,1.0,heatmap,1.0,3,4,1.0,0.0,0.0,200000,200704,401408,6.745238886940583,6.560158259518793,1.569258185246392,2.07918950831519,5.173281085196872,3.456849749698263,1.152302859275886,1.047134556726885,0.1956491568492109
"('margin', 13, 1.0, 0.0)","('heatmap', 1.0, 3)",k_fixedmargin-13_k_variableheatmap-1.0-3,0.334291206821336,39.86874525200472,True,ok,batch_summary_8.csv,fixed_first,1,1,phase1,margin,,,4,1.0,heatmap,1.0,3,4,1.0,0.0,0.0,200000,200704,401408,7.0817683167342125,6.837911448355738,1.8423923350758,1.9257605863008065,5.483362821767335,3.6029448101052854,1.1349059623831128,1.4228712393421856,0.28606888881203335
"('margin', 13, 1.0, 0.0)","('heatmap', 1.0, 3)",k_fixedmargin-13_k_variableheatmap-1.0-3,0.334291206821336,39.86874525200472,True,ok,batch_summary_8.csv,fixed_first,2,2,phase1,margin,,,4,1.0,heatmap,1.0,3,4,1.0,0.0,0.0,200000,200704,401408,6.867197186640064,6.583909234880207,1.952059524465467,1.907167643756689,5.186773596886034,3.578819923717083,1.2942368995764477,1.4391121369860727,0.2538572276112473
"('margin', 13, 1.0, 0.0)","('heatmap', 1.0, 3)",k_fixedmargin-13_k_variableheatmap-1.0-3,0.334291206821336,39.86874525200472,True,ok,batch_summary_8.csv,fixed_first,3,3,phase1,margin,,,4,1.0,heatmap,1.0,3,4,1.0,0.0,0.0,200000,200704,401408,7.370190662517613,7.158738825842434,1.7527603444960453,2.0486638573323566,5.801865519390848,3.659081096557931,1.2953869357078678,1.1560062271488172,0.24039782617243632
"('margin', 13, 1.0, 0.0)","('heatmap', 1.0, 3)",k_fixedmargin-13_k_variableheatmap-1.0-3,0.334291206821336,39.86874525200472,True,ok,batch_summary_8.csv,fixed_first,4,4,phase1,margin,,,4,1.0,heatmap,1.0,3,4,1.0,0.0,0.0,200000,200704,401408,6.989507127880129,6.803507885477062,1.601714813235669,2.3295835048355023,5.228470570908445,3.6774795350744274,1.0545164764342754,1.1826682201812395,0.23405389302584453
"('margin', 13, 1.0, 0.0)","('heatmap', 1.0, 3)",k_fixedmargin-13_k_variableheatmap-1.0-3,0.334291206821336,39.86874525200472,True,ok,batch_summary_8.csv,variable_first,0,0,phase2,heatmap,1.0,3,4,1.0,margin,,,4,1.0,0.0,0.0,200000,200704,401408,2.3494207401684766,1.9728775744752762,1.275747581015282,1.1090665475755892,1.605309306183865,0.2918892742046037,0.7804871750996525,0.9890764113437713,0.20024862669849908
"('margin', 13, 1.0, 0.0)","('heatmap', 1.0, 3)",k_fixedmargin-13_k_variableheatmap-1.0-3,0.334291206821336,39.86874525200472,True,ok,batch_summary_8.csv,variable_first,1,1,phase2,heatmap,1.0,3,4,1.0,margin,,,4,1.0,0.0,0.0,200000,200704,401408,2.916242687529421,2.6559473205365323,1.2043318658507856,1.4182792486504687,2.125145333944102,0.7254636117189186,0.8199079770668193,0.8608999393624335,0.19239918568327966
"('margin', 13, 1.0, 0.0)","('heatmap', 1.0, 3)",k_fixedmargin-13_k_variableheatmap-1.0-3,0.334291206821336,39.86874525200472,True,ok,batch_summary_8.csv,variable_first,2,2,phase2,heatmap,1.0,3,4,1.0,margin,,,4,1.0,0.0,0.0,200000,200704,401408,5.979233946445219,5.704660548593408,1.7911132325022978,3.3944420511973403,4.261511600959963,1.6912817655922638,1.430541100279166,1.0661829576666126,0.15777411967169244
"('margin', 13, 1.0, 0.0)","('heatmap', 1.0, 3)",k_fixedmargin-13_k_variableheatmap-1.0-3,0.334291206821336,39.86874525200472,True,ok,batch_summary_8.csv,variable_first,3,3,phase2,heatmap,1.0,3,4,1.0,margin,,,4,1.0,0.0,0.0,200000,200704,401408,3.1608987970890507,2.881071107486702,1.3002732324570692,1.6648886760913528,2.280785087836499,0.571608087521591,0.8413496466841873,0.978226700879426,0.1609775535759644
"('margin', 13, 1.0, 0.0)","('heatmap', 1.0, 3)",k_fixedmargin-13_k_variableheatmap-1.0-3,0.334291206821336,39.86874525200472,True,ok,batch_summary_8.csv,variable_first,4,4,phase2,heatmap,1.0,3,4,1.0,margin,,,4,1.0,0.0,0.0,200000,200704,401408,4.541818689308124,4.302391138122323,1.4551795425840273,2.2162991843115227,3.4429889810797416,1.3207627747544473,1.1831272349951119,0.8320680893322593,0.15943695206207273
"('margin', 25, 1.0, 0.0)","('heatmap', 0.0, 3)",k_fixedmargin-25_k_variableheatmap-0.0-3,0.3984107034383011,32.88302377212533,True,ok,batch_summary_8.csv,fixed_first,0,0,phase1,margin,,,4,1.0,heatmap,0.0,3,4,1.0,0.0,0.0,200000,200704,401408,8.613338386369694,8.276818322233426,2.3840882154087164,2.5485160607368305,7.053528919747207,3.5012165322520654,1.8028097746549583,1.5509431649966816,0.16831171738572706
"('margin', 25, 1.0, 0.0)","('heatmap', 0.0, 3)",k_fixedmargin-25_k_variableheatmap-0.0-3,0.3984107034383011,32.88302377212533,True,ok,batch_summary_8.csv,fixed_first,1,1,phase1,margin,,,4,1.0,heatmap,0.0,3,4,1.0,0.0,0.0,200000,200704,401408,6.068730760418145,5.917410845000302,1.3467523654771165,2.069297390516226,5.081150210199511,2.217131470959579,1.0670714521913447,0.8136189669266567,0.11456276224700383
"('margin', 25, 1.0, 0.0)","('heatmap', 0.0, 3)",k_fixedmargin-25_k_variableheatmap-0.0-3,0.3984107034383011,32.88302377212533,True,ok,batch_summary_8.csv,fixed_first,2,2,phase1,margin,,,4,1.0,heatmap,0.0,3,4,1.0,0.0,0.0,200000,200704,401408,8.474007580058847,8.249787475998591,1.9364428903924793,2.7564033387796245,6.912053901598512,3.561564950201603,1.5181748138914704,1.1926494116020487,0.1501455401351166
"('margin', 25, 1.0, 0.0)","('heatmap', 0.0, 3)",k_fixedmargin-25_k_variableheatmap-0.0-3,0.3984107034383011,32.88302377212533,True,ok,batch_summary_8.csv,fixed_first,3,3,phase1,margin,,,4,1.0,heatmap,0.0,3,4,1.0,0.0,0.0,200000,200704,401408,9.227222448067428,9.021507874297386,1.9375318784757334,3.000138652100841,7.624815414883552,3.7747797661763607,1.5478584265331097,1.1557915779998058,0.14936498835024473
"('margin', 25, 1.0, 0.0)","('heatmap', 0.0, 3)",k_fixedmargin-25_k_variableheatmap-0.0-3,0.3984107034383011,32.88302377212533,True,ok,batch_summary_8.csv,fixed_first,4,4,phase1,margin,,,4,1.0,heatmap,0.0,3,4,1.0,0.0,0.0,200000,200704,401408,9.154414858815219,8.900830446969675,2.1397496960145825,2.8370829704281824,7.4812612327931145,3.899547823955441,1.6684539053611065,1.3337455035766665,0.12614776640430164
"('margin', 25, 1.0, 0.0)","('heatmap', 0.0, 3)",k_fixedmargin-25_k_variableheatmap-0.0-3,0.3984107034383011,32.88302377212533,True,ok,batch_summary_8.csv,variable_first,0,0,phase2,heatmap,0.0,3,4,1.0,margin,,,4,1.0,0.0,0.0,200000,200704,401408,3.3862808240210986,3.179933273695748,1.1640112516533736,1.6688213983184739,2.619915172795268,0.6804816331311739,0.7576288413646034,0.8722044883192263,0.14205654952862543
"('margin', 25, 1.0, 0.0)","('heatmap', 0.0, 3)",k_fixedmargin-25_k_variableheatmap-0.0-3,0.3984107034383011,32.88302377212533,True,ok,batch_summary_8.csv,variable_first,1,1,phase2,heatmap,0.0,3,4,1.0,margin,,,4,1.0,0.0,0.0,200000,200704,401408,1.5051874827885319,0.9529907261939421,1.1650742612089668,0.5932184713793335,0.7013696189802107,0.2537002699990249,0.7960274550824026,0.8374935178363518,0.1494755246478361
"('margin', 25, 1.0, 0.0)","('heatmap', 0.0, 3)",k_fixedmargin-25_k_variableheatmap-0.0-3,0.3984107034383011,32.88302377212533,True,ok,batch_summary_8.csv,variable_first,2,2,phase2,heatmap,0.0,3,4,1.0,margin,,,4,1.0,0.0,0.0,200000,200704,401408,1.8658027256895047,1.4132615932926416,1.2181590537012519,0.6867565448415791,1.1819660645000487,0.3586502496354615,0.7997044743878894,0.9010790047002201,0.18011346714440846
"('margin', 25, 1.0, 0.0)","('heatmap', 0.0, 3)",k_fixedmargin-25_k_variableheatmap-0.0-3,0.3984107034383011,32.88302377212533,True,ok,batch_summary_8.csv,variable_first,3,3,phase2,heatmap,0.0,3,4,1.0,margin,,,4,1.0,0.0,0.0,200000,200704,401408,3.160531175906817,2.8980851328728705,1.2609757636450287,1.903575341884718,2.1214856019400217,0.5240202247131567,0.7887431527700518,0.971685785245692,0.15417798224774162
"('margin', 25, 1.0, 0.0)","('heatmap', 0.0, 3)",k_fixedmargin-25_k_variableheatmap-0.0-3,0.3984107034383011,32.88302377212533,True,ok,batch_summary_8.csv,variable_first,4,4,phase2,heatmap,0.0,3,4,1.0,margin,,,4,1.0,0.0,0.0,200000,200704,401408,2.6054573045091187,2.320392745329041,1.1849832374528666,1.0451468466177312,2.013453985167765,0.4877433866211855,0.8814756855210529,0.7732560132691957,0.17105854793752986
"('margin', 13, 10.0, 0.0)","('heatmap', 1.0, 3)",k_fixedmargin_scaled-13-10.0_k_variableheatmap-1.0-3,0.7294024754687607,12.707452351195874,True,ok,batch_summary_10.csv,fixed_first,0,0,phase1,margin,,,4,1.0,heatmap,1.0,3,4,1.0,0.0,0.0,200000,200704,401408,7.409396665565227,6.963637529415685,2.531187726464105,3.0207274610228985,5.308247244040496,3.3451404220817405,2.0082688981782444,1.5334340061391267,0.14949076235196648
"('margin', 13, 10.0, 0.0)","('heatmap', 1.0, 3)",k_fixedmargin_scaled-13-10.0_k_variableheatmap-1.0-3,0.7294024754687607,12.707452351195874,True,ok,batch_summary_10.csv,fixed_first,1,1,phase1,margin,,,4,1.0,heatmap,1.0,3,4,1.0,0.0,0.0,200000,200704,401408,2.5334930560760216,2.277671138972923,1.1094148222712756,1.252362052084106,1.7959760469694397,0.6275708298845047,0.6851717854720915,0.8462836297303451,0.21247326965673746
"('margin', 13, 10.0, 0.0)","('heatmap', 1.0, 3)",k_fixedmargin_scaled-13-10.0_k_variableheatmap-1.0-3,0.7294024754687607,12.707452351195874,True,ok,batch_summary_10.csv,fixed_first,2,2,phase1,margin,,,4,1.0,heatmap,1.0,3,4,1.0,0.0,0.0,200000,200704,401408,3.7535998825753727,3.4602964299424026,1.4545998402989442,1.014220330074468,3.204274394667872,0.8231853429280777,0.7976915906499216,1.2044337913395118,0.169964890149824
"('margin', 13, 10.0, 0.0)","('heatmap', 1.0, 3)",k_fixedmargin_scaled-13-10.0_k_variableheatmap-1.0-3,0.7294024754687607,12.707452351195874,True,ok,batch_summary_10.csv,fixed_first,3,3,phase1,margin,,,4,1.0,heatmap,1.0,3,4,1.0,0.0,0.0,200000,200704,401408,4.752532618106008,4.504817766190916,1.5143259819379131,1.3473959215245503,4.1742915359025705,1.026254115967622,1.0003848769452148,1.126661156231262,0.1518154030102593
"('margin', 13, 10.0, 0.0)","('heatmap', 1.0, 3)",k_fixedmargin_scaled-13-10.0_k_variableheatmap-1.0-3,0.7294024754687607,12.707452351195874,True,ok,batch_summary_10.csv,fixed_first,4,4,phase1,margin,,,4,1.0,heatmap,1.0,3,4,1.0,0.0,0.0,200000,200704,401408,6.219067983504396,5.924686467802267,1.890739760435088,2.329286845452868,4.84798766854519,2.4846223252223467,1.3582702428138516,1.3116534549264693,0.09779572258534767
"('margin', 13, 10.0, 0.0)","('heatmap', 1.0, 3)",k_fixedmargin_scaled-13-10.0_k_variableheatmap-1.0-3,0.7294024754687607,12.707452351195874,True,ok,batch_summary_10.csv,variable_first,0,0,phase2,heatmap,1.0,3,4,1.0,margin,,,4,1.0,0.0,0.0,200000,200704,401408,5.981326217480228,5.514619266844254,2.316298266991207,2.6608858774389086,4.350534300492347,2.0984668941242766,1.6117759752677427,1.6524898366400949,0.19155471024586915
"('margin', 13, 10.0, 0.0)","('heatmap', 1.0, 3)",k_fixedmargin_scaled-13-10.0_k_variableheatmap-1.0-3,0.7294024754687607,12.707452351195874,True,ok,batch_summary_10.csv,variable_first,1,1,phase2,heatmap,1.0,3,4,1.0,margin,,,4,1.0,0.0,0.0,200000,200704,401408,6.338581709923851,5.972557889129672,2.1227742118218984,3.00899351144112,4.722393725902299,2.0775955536795228,1.5465781283403122,1.4463600093638602,0.1493625476096072
"('margin', 13, 10.0, 0.0)","('heatmap', 1.0, 3)",k_fixedmargin_scaled-13-10.0_k_variableheatmap-1.0-3,0.7294024754687607,12.707452351195874,True,ok,batch_summary_10.csv,variable_first,2,2,phase2,heatmap,1.0,3,4,1.0,margin,,,4,1.0,0.0,0.0,200000,200704,401408,3.5232239592531633,3.1642367750610143,1.549423343830538,1.7808417722480954,2.4873698030956484,0.8086955011082396,0.9663926483652687,1.203783454239509,0.13305390971994732
"('margin', 13, 10.0, 0.0)","('heatmap', 1.0, 3)",k_fixedmargin_scaled-13-10.0_k_variableheatmap-1.0-3,0.7294024754687607,12.707452351195874,True,ok,batch_summary_10.csv,variable_first,3,3,phase2,heatmap,1.0,3,4,1.0,margin,,,4,1.0,0.0,0.0,200000,200704,401408,7.593753519741704,7.2069136860674,2.392799122401193,3.214818766648657,5.829742906348548,2.760188910547247,1.7246287075872977,1.6428611672532432,0.2283651599106084
"('margin', 13, 10.0, 0.0)","('heatmap', 1.0, 3)",k_fixedmargin_scaled-13-10.0_k_variableheatmap-1.0-3,0.7294024754687607,12.707452351195874,True,ok,batch_summary_10.csv,variable_first,4,4,phase2,heatmap,1.0,3,4,1.0,margin,,,4,1.0,0.0,0.0,200000,200704,401408,7.597269301269624,7.024447845797771,2.8940686408032734,3.4228259946817787,5.425514047083847,2.8619795724916504,1.9460583027016038,2.132006135141236,0.2074613696262243
"('margin', 25, 10.0, 0.0)","('heatmap', 0.0, 3)",k_fixedmargin_scaled-25-10.0_k_variableheatmap-0.0-3,0.704104139716502,22.309065196292885,True,ok,batch_summary_10.csv,fixed_first,0,0,phase1,margin,,,4,1.0,heatmap,0.0,3,4,1.0,0.0,0.0,200000,200704,401408,2.4881743844370643,2.113158077874127,1.3136113219990488,1.2580321783540949,1.5688955772814948,0.6491215355362127,1.0350584667733722,0.7933664780810135,0.15747478243253288
"('margin', 25, 10.0, 0.0)","('heatmap', 0.0, 3)",k_fixedmargin_scaled-25-10.0_k_variableheatmap-0.0-3,0.704104139716502,22.309065196292885,True,ok,batch_summary_10.csv,fixed_first,1,1,phase1,margin,,,4,1.0,heatmap,0.0,3,4,1.0,0.0,0.0,200000,200704,401408,5.786355859183584,5.369099053103635,2.1574729400550647,2.084567073453869,4.6306790655035375,1.7431626862165217,1.8621622820268697,1.075728003840118,0.17277263736043655
"('margin', 25, 10.0, 0.0)","('heatmap', 0.0, 3)",k_fixedmargin_scaled-25-10.0_k_variableheatmap-0.0-3,0.704104139716502,22.309065196292885,True,ok,batch_summary_10.csv,fixed_first,2,2,phase1,margin,,,4,1.0,heatmap,0.0,3,4,1.0,0.0,0.0,200000,200704,401408,2.379189106918326,1.7928327841826392,1.5640624713989997,1.1553610174368267,1.300534742642142,0.4335893156065448,1.18800704884786,1.0036917477710903,0.16593234097896387
"('margin', 25, 10.0, 0.0)","('heatmap', 0.0, 3)",k_fixedmargin_scaled-25-10.0_k_variableheatmap-0.0-3,0.704104139716502,22.309065196292885,True,ok,batch_summary_10.csv,fixed_first,3,3,phase1,margin,,,4,1.0,heatmap,0.0,3,4,1.0,0.0,0.0,200000,200704,401408,4.8843912865610415,4.5531730735063185,1.768019570856176,1.5036797885564646,4.217973892030727,0.8240317815090098,1.45910141052894,0.9771438117778446,0.20519806974525337
"('margin', 25, 10.0, 0.0)","('heatmap', 0.0, 3)",k_fixedmargin_scaled-25-10.0_k_variableheatmap-0.0-3,0.704104139716502,22.309065196292885,True,ok,batch_summary_10.csv,fixed_first,4,4,phase1,margin,,,4,1.0,heatmap,0.0,3,4,1.0,0.0,0.0,200000,200704,401408,5.132607765191759,4.885895974260614,1.5721587070046938,1.1985540365060636,4.617647996842877,1.0548813535768153,1.297281864986982,0.8747123320958619,0.15369157057557756
"('margin', 25, 10.0, 0.0)","('heatmap', 0.0, 3)",k_fixedmargin_scaled-25-10.0_k_variableheatmap-0.0-3,0.704104139716502,22.309065196292885,True,ok,batch_summary_10.csv,variable_first,0,0,phase2,heatmap,0.0,3,4,1.0,margin,,,4,1.0,0.0,0.0,200000,200704,401408,4.015407619749116,3.586486166438542,1.805717400559742,2.2363525122766212,2.718676985385044,0.6858614379207821,1.4800110615255702,1.023033173241028,0.15357641386156834
"('margin', 25, 10.0, 0.0)","('heatmap', 0.0, 3)",k_fixedmargin_scaled-25-10.0_k_variableheatmap-0.0-3,0.704104139716502,22.309065196292885,True,ok,batch_summary_10.csv,variable_first,1,1,phase2,heatmap,0.0,3,4,1.0,margin,,,4,1.0,0.0,0.0,200000,200704,401408,4.138554260625883,3.7965932702791734,1.6472737805888673,2.416699447628742,2.831440478563705,0.7460757710252881,1.3109429069471192,0.9888769929675854,0.13062119169553688
"('margin', 25, 10.0, 0.0)","('heatmap', 0.0, 3)",k_fixedmargin_scaled-25-10.0_k_variableheatmap-0.0-3,0.704104139716502,22.309065196292885,True,ok,batch_summary_10.csv,variable_first,2,2,phase2,heatmap,0.0,3,4,1.0,margin,,,4,1.0,0.0,0.0,200000,200704,401408,7.4914139318767825,7.092015437186041,2.4134207543303416,3.8505398473997277,5.473729732856593,2.3469786229349623,2.0007406256683833,1.3408238382425095,0.15436360009130362
"('margin', 25, 10.0, 0.0)","('heatmap', 0.0, 3)",k_fixedmargin_scaled-25-10.0_k_variableheatmap-0.0-3,0.704104139716502,22.309065196292885,True,ok,batch_summary_10.csv,variable_first,3,3,phase2,heatmap,0.0,3,4,1.0,margin,,,4,1.0,0.0,0.0,200000,200704,401408,4.367270120502716,3.9416158453123673,1.8806150146742628,2.706252301151275,2.7299591647664236,0.8716977189592524,1.5852227315032836,0.9973744349844413,0.17037007185246197
"('margin', 25, 10.0, 0.0)","('heatmap', 0.0, 3)",k_fixedmargin_scaled-25-10.0_k_variableheatmap-0.0-3,0.704104139716502,22.309065196292885,True,ok,batch_summary_10.csv,variable_first,4,4,phase2,heatmap,0.0,3,4,1.0,margin,,,4,1.0,0.0,0.0,200000,200704,401408,5.720347191066253,5.352701851064563,2.017660744513202,2.7779505264025213,4.255336321427692,1.68122597255342,1.6962302598001389,1.0828089484174428,0.14588545820277424
"('margin', 13, 10.0, 0.0)","('heatmap', 0.0, 3)",k_fixedmargin_scaled-13-10.0_k_variableheatmap-0.0-3,0.8728535756963971,82.03328646557453,True,ok,batch_summary_10.csv,fixed_first,0,0,phase1,margin,,,4,1.0,heatmap,0.0,3,4,1.0,0.0,0.0,200000,200704,401408,5.312374726134445,4.917473224948566,2.009920971776247,2.293237524185587,4.095076746378641,1.4672937732513325,1.6789958882887843,1.0953033516096387,0.14514023511081345
"('margin', 13, 10.0, 0.0)","('heatmap', 0.0, 3)",k_fixedmargin_scaled-13-10.0_k_variableheatmap-0.0-3,0.8728535756963971,82.03328646557453,True,ok,batch_summary_10.csv,fixed_first,1,1,phase1,margin,,,4,1.0,heatmap,0.0,3,4,1.0,0.0,0.0,200000,200704,401408,6.816547688478127,6.302506496209713,2.596870088112007,3.32928749162819,4.924506443727483,2.0944376855232987,2.1639373033851417,1.4196530157087366,0.21376369321799174
"('margin', 13, 10.0, 0.0)","('heatmap', 0.0, 3)",k_fixedmargin_scaled-13-10.0_k_variableheatmap-0.0-3,0.8728535756963971,82.03328646557453,True,ok,batch_summary_10.csv,fixed_first,2,2,phase1,margin,,,4,1.0,heatmap,0.0,3,4,1.0,0.0,0.0,200000,200704,401408,4.911536007548504,4.594278453578697,1.736603421748337,1.4327845745422922,4.049179647066616,1.630541952159652,1.412909995714309,0.9956843385611501,0.1675991837171913
"('margin', 13, 10.0, 0.0)","('heatmap', 0.0, 3)",k_fixedmargin_scaled-13-10.0_k_variableheatmap-0.0-3,0.8728535756963971,82.03328646557453,True,ok,batch_summary_10.csv,fixed_first,3,3,phase1,margin,,,4,1.0,heatmap,0.0,3,4,1.0,0.0,0.0,200000,200704,401408,4.967556451736013,4.613711244213135,1.841272835895153,1.3900681195016655,4.265166170644146,1.0781463745320357,1.5285360701977886,1.0109449358317322,0.17847541854791937
"('margin', 13, 10.0, 0.0)","('heatmap', 0.0, 3)",k_fixedmargin_scaled-13-10.0_k_variableheatmap-0.0-3,0.8728535756963971,82.03328646557453,True,ok,batch_summary_10.csv,fixed_first,4,4,phase1,margin,,,4,1.0,heatmap,0.0,3,4,1.0,0.0,0.0,200000,200704,401408,4.126503748155132,3.8703090746251867,1.4313423246771846,1.4657183464922752,3.4420189588083914,0.9916993239312091,1.1099847994737668,0.8896232757401905,0.1588868232760704
"('margin', 13, 10.0, 0.0)","('heatmap', 0.0, 3)",k_fixedmargin_scaled-13-10.0_k_variableheatmap-0.0-3,0.8728535756963971,82.03328646557453,True,ok,batch_summary_10.csv,variable_first,0,0,phase2,heatmap,0.0,3,4,1.0,margin,,,4,1.0,0.0,0.0,200000,200704,401408,3.550298865907824,3.1607905570280286,1.6167946968829485,1.9600983302110304,2.440261422867327,0.4401541427352642,1.2948271715334931,0.9555406035778172,0.15617247722162786
"('margin', 13, 10.0, 0.0)","('heatmap', 0.0, 3)",k_fixedmargin_scaled-13-10.0_k_variableheatmap-0.0-3,0.8728535756963971,82.03328646557453,True,ok,batch_summary_10.csv,variable_first,1,1,phase2,heatmap,0.0,3,4,1.0,margin,,,4,1.0,0.0,0.0,200000,200704,401408,3.7000090258068603,3.3100618952425056,1.6533472232764124,2.1235357456903787,2.4761568483329093,0.5619189884366331,1.3399094379215506,0.9581344056165473,0.1420499899978989
"('margin', 13, 10.0, 0.0)","('heatmap', 0.0, 3)",k_fixedmargin_scaled-13-10.0_k_variableheatmap-0.0-3,0.8728535756963971,82.03328646557453,True,ok,batch_summary_10.csv,variable_first,2,2,phase2,heatmap,0.0,3,4,1.0,margin,,,4,1.0,0.0,0.0,200000,200704,401408,7.909169410568462,7.476937321482332,2.578830947483084,4.308150745073077,5.5902699695227245,2.4684631929510457,1.9891156991824956,1.6309693122402764,0.18364883199386922
"('margin', 13, 10.0, 0.0)","('heatmap', 0.0, 3)",k_fixedmargin_scaled-13-10.0_k_variableheatmap-0.0-3,0.8728535756963971,82.03328646557453,True,ok,batch_summary_10.csv,variable_first,3,3,phase2,heatmap,0.0,3,4,1.0,margin,,,4,1.0,0.0,0.0,200000,200704,401408,4.832139617169426,4.354035809784936,2.095696888132616,2.969432240446099,2.955686812860585,1.1849115859720734,1.7509081987267567,1.1384916931811768,0.17350098304508582
"('margin', 13, 10.0, 0.0)","('heatmap', 0.0, 3)",k_fixedmargin_scaled-13-10.0_k_variableheatmap-0.0-3,0.8728535756963971,82.03328646557453,True,ok,batch_summary_10.csv,variable_first,4,4,phase2,heatmap,0.0,3,4,1.0,margin,,,4,1.0,0.0,0.0,200000,200704,401408,5.7281022085796325,5.364866737793101,2.0073265299039096,2.8446042905092956,4.292864523152603,1.5037738295876388,1.6761028074651194,1.095421389790582,0.14174327233729675
"('margin', 25, 10.0, 0.0)","('heatmap', 1.0, 3)",k_fixedmargin_scaled-25-10.0_k_variableheatmap-1.0-3,0.6022062100245644,17.115535231410963,True,ok,batch_summary_10.csv,fixed_first,0,0,phase1,margin,,,4,1.0,heatmap,1.0,3,4,1.0,0.0,0.0,200000,200704,401408,6.243501241824578,5.907712535824598,2.0199604824664132,2.4272117420467696,4.789427878675197,2.463958433127106,1.4915232952663238,1.352586512989918,0.16158073920367438
"('margin', 25, 10.0, 0.0)","('heatmap', 1.0, 3)",k_fixedmargin_scaled-25-10.0_k_variableheatmap-1.0-3,0.6022062100245644,17.115535231410963,True,ok,batch_summary_10.csv,fixed_first,1,1,phase1,margin,,,4,1.0,heatmap,1.0,3,4,1.0,0.0,0.0,200000,200704,401408,7.284003130488626,7.011179294926774,1.9748586023708679,2.9892767550725976,5.695974478952925,2.7886796736644914,1.4939105885265827,1.282971813272058,0.14926814528151783
"('margin', 25, 10.0, 0.0)","('heatmap', 1.0, 3)",k_fixedmargin_scaled-25-10.0_k_variableheatmap-1.0-3,0.6022062100245644,17.115535231410963,True,ok,batch_summary_10.csv,fixed_first,2,2,phase1,margin,,,4,1.0,heatmap,1.0,3,4,1.0,0.0,0.0,200000,200704,401408,4.092783480820545,3.8254278763326806,1.454983911888503,0.8894526855641898,3.582784671234509,1.003208032629746,0.9042508029118138,1.1182228164562134,0.22110269569692106
"('margin', 25, 10.0, 0.0)","('heatmap', 1.0, 3)",k_fixedmargin_scaled-25-10.0_k_variableheatmap-1.0-3,0.6022062100245644,17.115535231410963,True,ok,batch_summary_10.csv,fixed_first,3,3,phase1,margin,,,4,1.0,heatmap,1.0,3,4,1.0,0.0,0.0,200000,200704,401408,2.8971743811016823,2.594927071328267,1.2883993515209555,1.223528334654697,2.2245782376087093,0.5365413167381703,0.7776984981996811,1.0091859686633697,0.19157665711290425
"('margin', 25, 10.0, 0.0)","('heatmap', 1.0, 3)",k_fixedmargin_scaled-25-10.0_k_variableheatmap-1.0-3,0.6022062100245644,17.115535231410963,True,ok,batch_summary_10.csv,fixed_first,4,4,phase1,margin,,,4,1.0,heatmap,1.0,3,4,1.0,0.0,0.0,200000,200704,401408,7.313386791852633,7.02069240873399,2.0482930623300644,2.94586335350794,5.300678926856349,3.537628289531711,1.6316700753478188,1.2293094000331308,0.14817433446484585
"('margin', 25, 10.0, 0.0)","('heatmap', 1.0, 3)",k_fixedmargin_scaled-25-10.0_k_variableheatmap-1.0-3,0.6022062100245644,17.115535231410963,True,ok,batch_summary_10.csv,variable_first,0,0,phase2,heatmap,1.0,3,4,1.0,margin,,,4,1.0,0.0,0.0,200000,200704,401408,3.989624582611935,3.67865814427306,1.544208071392888,1.7228003288100668,3.151033415139904,0.7971657206316596,0.8776654237183198,1.2593252521230656,0.1684692290285151
"('margin', 25, 10.0, 0.0)","('heatmap', 1.0, 3)",k_fixedmargin_scaled-25-10.0_k_variableheatmap-1.0-3,0.6022062100245644,17.115535231410963,True,ok,batch_summary_10.csv,variable_first,1,1,phase2,heatmap,1.0,3,4,1.0,margin,,,4,1.0,0.0,0.0,200000,200704,401408,5.857862527923365,5.585616047152954,1.7650628231981222,2.8616775507646826,4.3379148854449365,2.047535755071762,1.3324012522134563,1.1499376826110457,0.1334053936213881
"('margin', 25, 10.0, 0.0)","('heatmap', 1.0, 3)",k_fixedmargin_scaled-25-10.0_k_variableheatmap-1.0-3,0.6022062100245644,17.115535231410963,True,ok,batch_summary_10.csv,variable_first,2,2,phase2,heatmap,1.0,3,4,1.0,margin,,,4,1.0,0.0,0.0,200000,200704,401408,6.505080760125223,6.245879225061817,1.8179847088720387,3.00217146566522,4.926888071536675,2.3924355195812415,1.3162121898567614,1.2471938027288594,0.13100187555812826
"('margin', 25, 10.0, 0.0)","('heatmap', 1.0, 3)",k_fixedmargin_scaled-25-10.0_k_variableheatmap-1.0-3,0.6022062100245644,17.115535231410963,True,ok,batch_summary_10.csv,variable_first,3,3,phase2,heatmap,1.0,3,4,1.0,margin,,,4,1.0,0.0,0.0,200000,200704,401408,6.630366487667681,6.262307435061783,2.1783629976559404,2.910815544460846,4.983350008625127,2.4310224122560333,1.5054125240340022,1.561230672596604,0.20385600060264455
"('margin', 25, 10.0, 0.0)","('heatmap', 1.0, 3)",k_fixedmargin_scaled-25-10.0_k_variableheatmap-1.0-3,0.6022062100245644,17.115535231410963,True,ok,batch_summary_10.csv,variable_first,4,4,phase2,heatmap,1.0,3,4,1.0,margin,,,4,1.0,0.0,0.0,200000,200704,401408,5.5973451792137805,5.299962318540621,1.8001867895630375,2.7672998615545517,4.030239399941171,2.046661289357003,1.3298307628533044,1.202467802376541,0.1621536423704579
"('margin', 13, 1.0, 0.0)","('margin', 13, 10.0, 0.0)",k_fixedmargin-13_k_variablemargin_scaled-13-10.0,0.5790415171257262,27.16262882964056,True,ok,batch_summary_10.csv,fixed_first,0,0,phase1,margin,,,4,1.0,margin,,,4,1.0,0.0,0.0,200000,200704,401408,9.57181301415226,9.453814899081092,1.4983284792751317,2.2954228670035692,7.944635979461681,4.581310856247116,0.8799614823511096,1.2011068235398326,0.16732728358345986
"('margin', 13, 1.0, 0.0)","('margin', 13, 10.0, 0.0)",k_fixedmargin-13_k_variablemargin_scaled-13-10.0,0.5790415171257262,27.16262882964056,True,ok,batch_summary_10.csv,fixed_first,1,1,phase1,margin,,,4,1.0,margin,,,4,1.0,0.0,0.0,200000,200704,401408,9.305575231229156,9.17333689546591,1.56320842703378,1.8338858646021328,7.635297962131633,4.742277666142838,1.0080124560572372,1.1772075043140109,0.2042399729966187
"('margin', 13, 1.0, 0.0)","('margin', 13, 10.0, 0.0)",k_fixedmargin-13_k_variablemargin_scaled-13-10.0,0.5790415171257262,27.16262882964056,True,ok,batch_summary_10.csv,fixed_first,2,2,phase1,margin,,,4,1.0,margin,,,4,1.0,0.0,0.0,200000,200704,401408,9.26628719545803,9.196381011354145,1.1360698405971243,2.084171640693203,7.649889232497406,4.659275373772786,0.8349199006107344,0.7601528884621261,0.1254233967058113
"('margin', 13, 1.0, 0.0)","('margin', 13, 10.0, 0.0)",k_fixedmargin-13_k_variablemargin_scaled-13-10.0,0.5790415171257262,27.16262882964056,True,ok,batch_summary_10.csv,fixed_first,3,3,phase1,margin,,,4,1.0,margin,,,4,1.0,0.0,0.0,200000,200704,401408,9.66652427410525,9.536990094459425,1.5771846689747056,2.350609354901757,8.128718167300883,4.399176818344323,1.087732875488405,1.1314794424958678,0.15525122492211726
"('margin', 13, 1.0, 0.0)","('margin', 13, 10.0, 0.0)",k_fixedmargin-13_k_variablemargin_scaled-13-10.0,0.5790415171257262,27.16262882964056,True,ok,batch_summary_10.csv,fixed_first,4,4,phase1,margin,,,4,1.0,margin,,,4,1.0,0.0,0.0,200000,200704,401408,7.148541522911483,6.9733011764904616,1.5731232013883623,1.707279719725403,6.07235637951574,2.972980534213451,0.8940312745742557,1.281202922005561,0.18423832248995814
"('margin', 13, 1.0, 0.0)","('margin', 13, 10.0, 0.0)",k_fixedmargin-13_k_variablemargin_scaled-13-10.0,0.5790415171257262,27.16262882964056,True,ok,batch_summary_10.csv,variable_first,0,0,phase2,margin,,,4,1.0,margin,,,4,1.0,0.0,0.0,200000,200704,401408,2.8221110575164468,2.600982778269207,1.0950796355076629,0.9130170622771501,2.3301322176107155,0.7085161291716465,0.837839671899851,0.6922884689856635,0.13401778987817856
"('margin', 13, 1.0, 0.0)","('margin', 13, 10.0, 0.0)",k_fixedmargin-13_k_variablemargin_scaled-13-10.0,0.5790415171257262,27.16262882964056,True,ok,batch_summary_10.csv,variable_first,1,1,phase2,margin,,,4,1.0,margin,,,4,1.0,0.0,0.0,200000,200704,401408,5.992145716972838,5.735343588848342,1.7354089464135394,2.627411444294137,4.720714741109777,1.9250266277651402,1.3847535298280618,1.0375673843904556,0.1324982859135245
"('margin', 13, 1.0, 0.0)","('margin', 13, 10.0, 0.0)",k_fixedmargin-13_k_variablemargin_scaled-13-10.0,0.5790415171257262,27.16262882964056,True,ok,batch_summary_10.csv,variable_first,2,2,phase2,margin,,,4,1.0,margin,,,4,1.0,0.0,0.0,200000,200704,401408,3.8800531598591093,3.7390214918094054,1.0365957780736073,0.6354267712021561,3.552793107011304,0.976819161065751,0.7570534768793081,0.695503779150289,0.13294861207490594
"('margin', 13, 1.0, 0.0)","('margin', 13, 10.0, 0.0)",k_fixedmargin-13_k_variablemargin_scaled-13-10.0,0.5790415171257262,27.16262882964056,True,ok,batch_summary_10.csv,variable_first,3,3,phase2,margin,,,4,1.0,margin,,,4,1.0,0.0,0.0,200000,200704,401408,3.563566024170455,3.4004383511072533,1.0658432478282214,1.2770860861250233,3.0767769863248247,0.6822576380875579,0.7490124807339738,0.7480941289413718,0.12392460163018527
"('margin', 13, 1.0, 0.0)","('margin', 13, 10.0, 0.0)",k_fixedmargin-13_k_variablemargin_scaled-13-10.0,0.5790415171257262,27.16262882964056,True,ok,batch_summary_10.csv,variable_first,4,4,phase2,margin,,,4,1.0,margin,,,4,1.0,0.0,0.0,200000,200704,401408,6.235715966159137,5.997312149864235,1.7077472259391349,2.6154577944691497,4.993929736563548,2.046411330726563,1.4166556970321205,0.9437419192729242,0.13725310042510677
"('margin', 22, 1.0, 0.0)","('margin', 22, 10.0, 0.0)",k_fixedmargin-22_k_variablemargin_scaled-22-10.0,0.6098836985567974,17.65202946116137,True,ok,batch_summary_10.csv,fixed_first,0,0,phase1,margin,,,4,1.0,margin,,,4,1.0,0.0,0.0,200000,200704,401408,9.289158924881503,8.954537949239313,2.4707738964418997,1.693003519191453,7.752122578747536,4.149949938546849,1.3814026655433904,2.03659270899438,0.22077241820308402
"('margin', 22, 1.0, 0.0)","('margin', 22, 10.0, 0.0)",k_fixedmargin-22_k_variablemargin_scaled-22-10.0,0.6098836985567974,17.65202946116137,True,ok,batch_summary_10.csv,fixed_first,1,1,phase1,margin,,,4,1.0,margin,,,4,1.0,0.0,0.0,200000,200704,401408,8.004854581981284,7.796072348100733,1.8163019632885626,1.614240259720115,6.805590809408556,3.4433858592399145,1.1098143654485544,1.4236283929146263,0.20136309239090458
"('margin', 22, 1.0, 0.0)","('margin', 22, 10.0, 0.0)",k_fixedmargin-22_k_variablemargin_scaled-22-10.0,0.6098836985567974,17.65202946116137,True,ok,batch_summary_10.csv,fixed_first,2,2,phase1,margin,,,4,1.0,margin,,,4,1.0,0.0,0.0,200000,200704,401408,10.411805762977606,10.32725412806183,1.3242059584534267,2.2780887177015283,8.974008372774867,4.574894899909473,0.9741217151917122,0.8930428013255228,0.08415972549965815
"('margin', 22, 1.0, 0.0)","('margin', 22, 10.0, 0.0)",k_fixedmargin-22_k_variablemargin_scaled-22-10.0,0.6098836985567974,17.65202946116137,True,ok,batch_summary_10.csv,fixed_first,3,3,phase1,margin,,,4,1.0,margin,,,4,1.0,0.0,0.0,200000,200704,401408,10.009298217046073,9.92757952094861,1.2764073225281514,2.183868111176887,8.379523980549152,4.855011130486172,0.870434832578916,0.925825174814706,0.12002750066596361
"('margin', 22, 1.0, 0.0)","('margin', 22, 10.0, 0.0)",k_fixedmargin-22_k_variablemargin_scaled-22-10.0,0.6098836985567974,17.65202946116137,True,ok,batch_summary_10.csv,fixed_first,4,4,phase1,margin,,,4,1.0,margin,,,4,1.0,0.0,0.0,200000,200704,401408,9.636153453682795,9.539490398835426,1.3614610950921784,1.9847926203500967,8.133758629137278,4.572137999515318,0.8916765496933263,1.0205457634690915,0.1302904019561213
"('margin', 22, 1.0, 0.0)","('margin', 22, 10.0, 0.0)",k_fixedmargin-22_k_variablemargin_scaled-22-10.0,0.6098836985567974,17.65202946116137,True,ok,batch_summary_10.csv,variable_first,0,0,phase2,margin,,,4,1.0,margin,,,4,1.0,0.0,0.0,200000,200704,401408,5.447365041907408,5.277932439874719,1.3480411937003247,1.436605548392055,4.613660074906378,2.1229404257835247,1.075897922713108,0.8033527413863832,0.11951189364075118
"('margin', 22, 1.0, 0.0)","('margin', 22, 10.0, 0.0)",k_fixedmargin-22_k_variablemargin_scaled-22-10.0,0.6098836985567974,17.65202946116137,True,ok,batch_summary_10.csv,variable_first,1,1,phase2,margin,,,4,1.0,margin,,,4,1.0,0.0,0.0,200000,200704,401408,5.055818197664638,4.892532371261375,1.2745291852274168,1.3407380758851037,4.446702307472966,1.53822397732806,0.9457049737318988,0.842936708850734,0.13972992352071278
"('margin', 22, 1.0, 0.0)","('margin', 22, 10.0, 0.0)",k_fixedmargin-22_k_variablemargin_scaled-22-10.0,0.6098836985567974,17.65202946116137,True,ok,batch_summary_10.csv,variable_first,2,2,phase2,margin,,,4,1.0,margin,,,4,1.0,0.0,0.0,200000,200704,401408,2.801668037930584,2.555405322698582,1.148584969205833,0.96335851200131,2.2679357550596424,0.6771293462499728,0.7693937537032711,0.8436546415290402,0.12460950635670298
"('margin', 22, 1.0, 0.0)","('margin', 22, 10.0, 0.0)",k_fixedmargin-22_k_variablemargin_scaled-22-10.0,0.6098836985567974,17.65202946116137,True,ok,batch_summary_10.csv,variable_first,3,3,phase2,margin,,,4,1.0,margin,,,4,1.0,0.0,0.0,200000,200704,401408,6.577980130695493,6.403462526930502,1.5051545654920346,2.929328855814816,5.231553886045999,2.248156739573743,1.138774062424826,0.9778152879649009,0.11207659609433437
"('margin', 22, 1.0, 0.0)","('margin', 22, 10.0, 0.0)",k_fixedmargin-22_k_variablemargin_scaled-22-10.0,0.6098836985567974,17.65202946116137,True,ok,batch_summary_10.csv,variable_first,4,4,phase2,margin,,,4,1.0,margin,,,4,1.0,0.0,0.0,200000,200704,401408,4.109869701852965,3.9816942331303053,1.0184007070234422,0.9760423686568844,3.7362662358599668,0.9703323531154603,0.6900882524178872,0.7358974600031724,0.13918739993818652
"('margin', 2, 1.0, 0.0)","('margin', 20, 10.0, 0.0)",k_fixedmargin-2_k_variablemargin_scaled-20-10.0,0.8701628056301446,30.400520554401197,True,ok,batch_summary_10.csv,fixed_first,0,0,phase1,margin,,,4,1.0,margin,,,4,1.0,0.0,0.0,200000,200704,401408,7.366955446923836,7.09492683416772,1.9834429093794415,2.256950669320806,6.191825178636513,2.627824464390356,1.2399328330810837,1.541846456882998,0.13900304893219323
"('margin', 2, 1.0, 0.0)","('margin', 20, 10.0, 0.0)",k_fixedmargin-2_k_variablemargin_scaled-20-10.0,0.8701628056301446,30.400520554401197,True,ok,batch_summary_10.csv,fixed_first,1,1,phase1,margin,,,4,1.0,margin,,,4,1.0,0.0,0.0,200000,200704,401408,6.1386003214592275,5.950701550063545,1.5071711809514718,1.6313596129585817,5.357634920841356,2.011283870098285,0.9624068958285135,1.1537109917707997,0.1195361159634069
"('margin', 2, 1.0, 0.0)","('margin', 20, 10.0, 0.0)",k_fixedmargin-2_k_variablemargin_scaled-20-10.0,0.8701628056301446,30.400520554401197,True,ok,batch_summary_10.csv,fixed_first,2,2,phase1,margin,,,4,1.0,margin,,,4,1.0,0.0,0.0,200000,200704,401408,5.919189352869286,5.683355380168879,1.654168739224199,1.3179538922696297,5.239306361674744,1.7644247684898415,1.102539116561253,1.224100358100379,0.14919794763143082
"('margin', 2, 1.0, 0.0)","('margin', 20, 10.0, 0.0)",k_fixedmargin-2_k_variablemargin_scaled-20-10.0,0.8701628056301446,30.400520554401197,True,ok,batch_summary_10.csv,fixed_first,3,3,phase1,margin,,,4,1.0,margin,,,4,1.0,0.0,0.0,200000,200704,401408,4.756885196006785,4.568300024187705,1.3261190206746611,1.44356566362901,4.045324905040546,1.5559015709367392,1.0121380736015588,0.8487618000434994,0.11735239131848337
"('margin', 2, 1.0, 0.0)","('margin', 20, 10.0, 0.0)",k_fixedmargin-2_k_variablemargin_scaled-20-10.0,0.8701628056301446,30.400520554401197,True,ok,batch_summary_10.csv,fixed_first,4,4,phase1,margin,,,4,1.0,margin,,,4,1.0,0.0,0.0,200000,200704,401408,3.2692708629049294,3.1426321888001927,0.9011075967696929,0.8596019271864929,2.9753733184339173,0.5332684284784684,0.6212123121903518,0.6395139436339703,0.13081314932718097
"('margin', 2, 1.0, 0.0)","('margin', 20, 10.0, 0.0)",k_fixedmargin-2_k_variablemargin_scaled-20-10.0,0.8701628056301446,30.400520554401197,True,ok,batch_summary_10.csv,variable_first,0,0,phase2,margin,,,4,1.0,margin,,,4,1.0,0.0,0.0,200000,200704,401408,7.025651992016791,6.713822161159386,2.069873885350175,2.848694579324785,5.563732792834771,2.4505559808613766,1.6788731996452615,1.2013891300804762,0.14975593107449253
"('margin', 2, 1.0, 0.0)","('margin', 20, 10.0, 0.0)",k_fixedmargin-2_k_variablemargin_scaled-20-10.0,0.8701628056301446,30.400520554401197,True,ok,batch_summary_10.csv,variable_first,1,1,phase2,margin,,,4,1.0,margin,,,4,1.0,0.0,0.0,200000,200704,401408,6.207474632111425,5.8613303761921225,2.043904970744574,2.6190944357489454,4.771964137675618,2.1734526413610205,1.6187597224779406,1.2409908897227029,0.13079029758652785
"('margin', 2, 1.0, 0.0)","('margin', 20, 10.0, 0.0)",k_fixedmargin-2_k_variablemargin_scaled-20-10.0,0.8701628056301446,30.400520554401197,True,ok,batch_summary_10.csv,variable_first,2,2,phase2,margin,,,4,1.0,margin,,,4,1.0,0.0,0.0,200000,200704,401408,3.0190962146674747,2.80579154059914,1.1146639781215593,0.9995839326280835,2.5050713064796,0.773250205549317,0.7388242662201373,0.8220480763615341,0.1444003044191973
"('margin', 2, 1.0, 0.0)","('margin', 20, 10.0, 0.0)",k_fixedmargin-2_k_variablemargin_scaled-20-10.0,0.8701628056301446,30.400520554401197,True,ok,batch_summary_10.csv,variable_first,3,3,phase2,margin,,,4,1.0,margin,,,4,1.0,0.0,0.0,200000,200704,401408,5.235954934623252,5.04576582574718,1.3983816750542253,1.260761577005011,4.714478182269742,1.2821577450253723,0.9434073615654079,1.0264860832028264,0.10853653883635835
"('margin', 2, 1.0, 0.0)","('margin', 20, 10.0, 0.0)",k_fixedmargin-2_k_variablemargin_scaled-20-10.0,0.8701628056301446,30.400520554401197,True,ok,batch_summary_10.csv,variable_first,4,4,phase2,margin,,,4,1.0,margin,,,4,1.0,0.0,0.0,200000,200704,401408,4.692762226730736,4.561756564181381,1.1010878102035693,0.8944337366918056,4.351228488862372,1.037507532132625,0.6880335823343896,0.8449970063262839,0.15806395749384522
"('margin', 2, 1.0, 0.0)","('margin', 17, 10.0, 0.0)",k_fixedmargin-2_k_variablemargin_scaled-17-10.0,0.859917104031791,10.123659527680273,True,ok,batch_summary_10.csv,fixed_first,0,0,phase1,margin,,,4,1.0,margin,,,4,1.0,0.0,0.0,200000,200704,401408,7.506335892226928,7.269038571609886,1.8724734367627058,2.2806166723407175,6.124042703789547,3.183364621207546,1.2703378198594144,1.3720560656856593,0.09930129622496306
"('margin', 2, 1.0, 0.0)","('margin', 17, 10.0, 0.0)",k_fixedmargin-2_k_variablemargin_scaled-17-10.0,0.859917104031791,10.123659527680273,True,ok,batch_summary_10.csv,fixed_first,1,1,phase1,margin,,,4,1.0,margin,,,4,1.0,0.0,0.0,200000,200704,401408,6.141923266871812,5.94316885270177,1.5498275402175694,1.4209309315325145,5.360074628757007,2.1381794297238104,1.0875587847595611,1.0950238039543518,0.14178914938206527
"('margin', 2, 1.0, 0.0)","('margin', 17, 10.0, 0.0)",k_fixedmargin-2_k_variablemargin_scaled-17-10.0,0.859917104031791,10.123659527680273,True,ok,batch_summary_10.csv,fixed_first,2,2,phase1,margin,,,4,1.0,margin,,,4,1.0,0.0,0.0,200000,200704,401408,3.4803722077044212,3.321861923477779,1.0383756861126217,0.8050255620863656,3.1637564263830553,0.6142847528296155,0.7670445905385145,0.6878389652681617,0.12939945708651587
"('margin', 2, 1.0, 0.0)","('margin', 17, 10.0, 0.0)",k_fixedmargin-2_k_variablemargin_scaled-17-10.0,0.859917104031791,10.123659527680273,True,ok,batch_summary_10.csv,fixed_first,3,3,phase1,margin,,,4,1.0,margin,,,4,1.0,0.0,0.0,200000,200704,401408,2.467867264527868,2.2922936177506887,0.9141984496528764,1.0172309649391136,1.9839572917413812,0.532695652784762,0.6507587822817217,0.6263150566063359,0.14142581977537172
"('margin', 2, 1.0, 0.0)","('margin', 17, 10.0, 0.0)",k_fixedmargin-2_k_variablemargin_scaled-17-10.0,0.859917104031791,10.123659527680273,True,ok,batch_summary_10.csv,fixed_first,4,4,phase1,margin,,,4,1.0,margin,,,4,1.0,0.0,0.0,200000,200704,401408,4.242904052678838,4.12348916822574,0.999535832155859,1.0197651729934896,3.898523624057483,0.8745029817503625,0.7287302238061321,0.6727068285861503,0.12445747646700046
"('margin', 2, 1.0, 0.0)","('margin', 17, 10.0, 0.0)",k_fixedmargin-2_k_variablemargin_scaled-17-10.0,0.859917104031791,10.123659527680273,True,ok,batch_summary_10.csv,variable_first,0,0,phase2,margin,,,4,1.0,margin,,,4,1.0,0.0,0.0,200000,200704,401408,5.946488200286133,5.7672650490908035,1.4489222786878055,2.002940623803601,5.07363459489448,1.8729140400647115,1.1063875383611115,0.9291654744538416,0.10924241722000878
"('margin', 2, 1.0, 0.0)","('margin', 17, 10.0, 0.0)",k_fixedmargin-2_k_variablemargin_scaled-17-10.0,0.859917104031791,10.123659527680273,True,ok,batch_summary_10.csv,variable_first,1,1,phase2,margin,,,4,1.0,margin,,,4,1.0,0.0,0.0,200000,200704,401408,6.290882837937307,5.920087438852646,2.1278561034509034,2.7531541920217335,4.7854850313548205,2.1369862641797677,1.616940553211448,1.3754128969339925,0.1466772215484086
"('margin', 2, 1.0, 0.0)","('margin', 17, 10.0, 0.0)",k_fixedmargin-2_k_variablemargin_scaled-17-10.0,0.859917104031791,10.123659527680273,True,ok,batch_summary_10.csv,variable_first,2,2,phase2,margin,,,4,1.0,margin,,,4,1.0,0.0,0.0,200000,200704,401408,4.4840233317730895,4.231398505826437,1.48382341428326,1.0844114338693283,3.940842231795026,1.0947820154279453,1.0618112449411794,1.0257198840522825,0.14895477283882508
"('margin', 2, 1.0, 0.0)","('margin', 17, 10.0, 0.0)",k_fixedmargin-2_k_variablemargin_scaled-17-10.0,0.859917104031791,10.123659527680273,True,ok,batch_summary_10.csv,variable_first,3,3,phase2,margin,,,4,1.0,margin,,,4,1.0,0.0,0.0,200000,200704,401408,4.342822984796352,4.134391148745427,1.3292559221049074,1.3549701862116883,3.7897062954169574,0.9462410685333161,0.8581623494840781,1.0083912150766967,0.11672979797411519
"('margin', 2, 1.0, 0.0)","('margin', 17, 10.0, 0.0)",k_fixedmargin-2_k_variablemargin_scaled-17-10.0,0.859917104031791,10.123659527680273,True,ok,batch_summary_10.csv,variable_first,4,4,phase2,margin,,,4,1.0,margin,,,4,1.0,0.0,0.0,200000,200704,401408,4.476421193744459,4.339839260603731,1.0973339947012593,1.035247726717058,4.115543985691851,0.9081655433016255,0.7270992127140063,0.8096733168656676,0.1410593873283295
"('margin', 4, 1.0, 0.0)","('margin', 24, 10.0, 0.0)",k_fixedmargin-4_k_variablemargin_scaled-24-10.0,0.7158971676140138,22.30213644546105,True,ok,batch_summary_10.csv,fixed_first,0,0,phase1,margin,,,4,1.0,margin,,,4,1.0,0.0,0.0,200000,200704,401408,4.07857089416385,3.949774462958635,1.0168688364190988,0.7795211736899891,3.827603978103271,0.5852459609575884,0.7252981711422299,0.6947777853896405,0.15889815086128314
"('margin', 4, 1.0, 0.0)","('margin', 24, 10.0, 0.0)",k_fixedmargin-4_k_variablemargin_scaled-24-10.0,0.7158971676140138,22.30213644546105,True,ok,batch_summary_10.csv,fixed_first,1,1,phase1,margin,,,4,1.0,margin,,,4,1.0,0.0,0.0,200000,200704,401408,5.91012992687578,5.780475901637813,1.231151535407896,1.3176376967162633,5.251976052855199,2.0234821693909915,0.8938810159115108,0.8366133651563437,0.12957202542217025
"('margin', 4, 1.0, 0.0)","('margin', 24, 10.0, 0.0)",k_fixedmargin-4_k_variablemargin_scaled-24-10.0,0.7158971676140138,22.30213644546105,True,ok,batch_summary_10.csv,fixed_first,2,2,phase1,margin,,,4,1.0,margin,,,4,1.0,0.0,0.0,200000,200704,401408,7.766462818024636,7.606048283688021,1.5703420678201547,2.178185543658265,6.738714455210254,2.7743838455289493,0.8570476858150469,1.3117408941420707,0.10382341181117646
"('margin', 4, 1.0, 0.0)","('margin', 24, 10.0, 0.0)",k_fixedmargin-4_k_variablemargin_scaled-24-10.0,0.7158971676140138,22.30213644546105,True,ok,batch_summary_10.csv,fixed_first,3,3,phase1,margin,,,4,1.0,margin,,,4,1.0,0.0,0.0,200000,200704,401408,5.903837115006766,5.625274562757569,1.7920878254494292,1.1610385352794712,5.066573373336667,2.1507063208628363,1.1189567987482039,1.385403617968333,0.20042772258220334
"('margin', 4, 1.0, 0.0)","('margin', 24, 10.0, 0.0)",k_fixedmargin-4_k_variablemargin_scaled-24-10.0,0.7158971676140138,22.30213644546105,True,ok,batch_summary_10.csv,fixed_first,4,4,phase1,margin,,,4,1.0,margin,,,4,1.0,0.0,0.0,200000,200704,401408,7.988464182781628,7.66412848989559,2.2531521231278826,2.055054700696552,6.590611845521565,3.328580957171553,1.1731544598999413,1.9097561056329369,0.23072650513168297
"('margin', 4, 1.0, 0.0)","('margin', 24, 10.0, 0.0)",k_fixedmargin-4_k_variablemargin_scaled-24-10.0,0.7158971676140138,22.30213644546105,True,ok,batch_summary_10.csv,variable_first,0,0,phase2,margin,,,4,1.0,margin,,,4,1.0,0.0,0.0,200000,200704,401408,7.183904960260063,6.987923529282676,1.666557897868144,3.2921726128703717,5.686853592158706,2.3774715475732493,1.2638099659814677,1.0812310386832205,0.10554164022134785
"('margin', 4, 1.0, 0.0)","('margin', 24, 10.0, 0.0)",k_fixedmargin-4_k_variablemargin_scaled-24-10.0,0.7158971676140138,22.30213644546105,True,ok,batch_summary_10.csv,variable_first,1,1,phase2,margin,,,4,1.0,margin,,,4,1.0,0.0,0.0,200000,200704,401408,5.828293698968792,5.5720695116127485,1.7091076031645807,2.0270350447219077,4.77691474416875,2.029820951871568,1.3595022355747326,1.0263202810321663,0.13953190102746046
"('margin', 4, 1.0, 0.0)","('margin', 24, 10.0, 0.0)",k_fixedmargin-4_k_variablemargin_scaled-24-10.0,0.7158971676140138,22.30213644546105,True,ok,batch_summary_10.csv,variable_first,2,2,phase2,margin,,,4,1.0,margin,,,4,1.0,0.0,0.0,200000,200704,401408,4.525095357884563,4.338110087346687,1.2873573194763548,1.1262666670976924,4.057736222670626,1.041872963345556,0.8564349383744798,0.9517326850908989,0.13421237078047005
"('margin', 4, 1.0, 0.0)","('margin', 24, 10.0, 0.0)",k_fixedmargin-4_k_variablemargin_scaled-24-10.0,0.7158971676140138,22.30213644546105,True,ok,batch_summary_10.csv,variable_first,3,3,phase2,margin,,,4,1.0,margin,,,4,1.0,0.0,0.0,200000,200704,401408,5.034839752331889,4.876614171945786,1.2522961110052844,1.1202483096281313,4.660112922767613,0.8998650197957921,0.7868350760290376,0.966722067433731,0.12076653967879855
"('margin', 4, 1.0, 0.0)","('margin', 24, 10.0, 0.0)",k_fixedmargin-4_k_variablemargin_scaled-24-10.0,0.7158971676140138,22.30213644546105,True,ok,batch_summary_10.csv,variable_first,4,4,phase2,margin,,,4,1.0,margin,,,4,1.0,0.0,0.0,200000,200704,401408,4.037952600547008,3.9100047681430614,1.0084264561002323,1.1572567062636863,3.5850074825315184,1.0471941333402426,0.6543912164797425,0.7544486683799512,0.1396540723958849
"('margin', 2, 1.0, 0.0)","('margin', 21, 10.0, 0.0)",k_fixedmargin-2_k_variablemargin_scaled-21-10.0,0.8839910245282808,8.791041885206303,True,ok,batch_summary_10.csv,fixed_first,0,0,phase1,margin,,,4,1.0,margin,,,4,1.0,0.0,0.0,200000,200704,401408,6.0175363882380335,5.699304139489173,1.9309781224473819,1.7521548968323524,4.958232220118283,2.197260599766389,1.2544580119082294,1.4633037282441268,0.1172766158980894
"('margin', 2, 1.0, 0.0)","('margin', 21, 10.0, 0.0)",k_fixedmargin-2_k_variablemargin_scaled-21-10.0,0.8839910245282808,8.791041885206303,True,ok,batch_summary_10.csv,fixed_first,1,1,phase1,margin,,,4,1.0,margin,,,4,1.0,0.0,0.0,200000,200704,401408,4.848607984965002,4.7061555130878565,1.166661766965541,0.8537415613508602,4.533480427423655,0.9309029347660585,0.8580528926490736,0.7784299928738855,0.13744692833991753
"('margin', 2, 1.0, 0.0)","('margin', 21, 10.0, 0.0)",k_fixedmargin-2_k_variablemargin_scaled-21-10.0,0.8839910245282808,8.791041885206303,True,ok,batch_summary_10.csv,fixed_first,2,2,phase1,margin,,,4,1.0,margin,,,4,1.0,0.0,0.0,200000,200704,401408,4.780709601107511,4.6335984837017925,1.176838723852166,0.8572073561662935,4.400764435909202,1.1699157389892254,0.916944630520059,0.7269442571840146,0.1253553886580407
"('margin', 2, 1.0, 0.0)","('margin', 21, 10.0, 0.0)",k_fixedmargin-2_k_variablemargin_scaled-21-10.0,0.8839910245282808,8.791041885206303,True,ok,batch_summary_10.csv,fixed_first,3,3,phase1,margin,,,4,1.0,margin,,,4,1.0,0.0,0.0,200000,200704,401408,4.349431863834376,4.182076282248077,1.194903974215449,1.341433441162012,3.7330224847951814,1.3247118484741318,0.9583864503977245,0.7022968733539692,0.12676758642162098
"('margin', 2, 1.0, 0.0)","('margin', 21, 10.0, 0.0)",k_fixedmargin-2_k_variablemargin_scaled-21-10.0,0.8839910245282808,8.791041885206303,True,ok,batch_summary_10.csv,fixed_first,4,4,phase1,margin,,,4,1.0,margin,,,4,1.0,0.0,0.0,200000,200704,401408,4.320490934606552,4.19511573923259,1.0332694955626989,0.9634389960085291,3.9622298320040605,0.9856551754564857,0.7704904044231154,0.6775655787044331,0.1220461949723341
"('margin', 2, 1.0, 0.0)","('margin', 21, 10.0, 0.0)",k_fixedmargin-2_k_variablemargin_scaled-21-10.0,0.8839910245282808,8.791041885206303,True,ok,batch_summary_10.csv,variable_first,0,0,phase2,margin,,,4,1.0,margin,,,4,1.0,0.0,0.0,200000,200704,401408,6.6489664196110265,6.432605803048018,1.6823605534213053,2.644926295222537,5.439348339667256,2.1900392576404846,1.329847509078319,1.0239827913777162,0.11533376465082472
"('margin', 2, 1.0, 0.0)","('margin', 21, 10.0, 0.0)",k_fixedmargin-2_k_variablemargin_scaled-21-10.0,0.8839910245282808,8.791041885206303,True,ok,batch_summary_10.csv,variable_first,1,1,phase2,margin,,,4,1.0,margin,,,4,1.0,0.0,0.0,200000,200704,401408,4.54441577860916,4.359159590755436,1.2843062061661163,1.2446418962066406,3.971902710182418,1.2950396707158427,0.9604016143373664,0.8403743503826714,0.1443680075151243
"('margin', 2, 1.0, 0.0)","('margin', 21, 10.0, 0.0)",k_fixedmargin-2_k_variablemargin_scaled-21-10.0,0.8839910245282808,8.791041885206303,True,ok,batch_summary_10.csv,variable_first,2,2,phase2,margin,,,4,1.0,margin,,,4,1.0,0.0,0.0,200000,200704,401408,3.655087736115422,3.453216136187141,1.1979001108097926,0.952114398054403,3.214522409428321,0.8276626942927242,0.7884991872894559,0.890991815623517,0.1391664169758257
"('margin', 2, 1.0, 0.0)","('margin', 21, 10.0, 0.0)",k_fixedmargin-2_k_variablemargin_scaled-21-10.0,0.8839910245282808,8.791041885206303,True,ok,batch_summary_10.csv,variable_first,3,3,phase2,margin,,,4,1.0,margin,,,4,1.0,0.0,0.0,200000,200704,401408,4.660178205909982,4.44856209133275,1.3883645884260973,1.2784895817627189,4.165818010768016,0.8950583058816954,0.929847875754848,1.0242488471482218,0.11770071140525107
"('margin', 2, 1.0, 0.0)","('margin', 21, 10.0, 0.0)",k_fixedmargin-2_k_variablemargin_scaled-21-10.0,0.8839910245282808,8.791041885206303,True,ok,batch_summary_10.csv,variable_first,4,4,phase2,margin,,,4,1.0,margin,,,4,1.0,0.0,0.0,200000,200704,401408,4.647559241778476,4.5338404304855775,1.021811067044627,0.9126324756688668,4.33376666876462,0.9701945548007177,0.6394866709686476,0.780441408136642,0.1614492578304755
"('margin', 1, 1.0, 0.0)","('margin', 1, 0.1, 0.0)",k_fixedmargin-1_k_variablemargin_scaled-1-0.1,2.2197461194059365,4.735564663849567,True,ok,batch_summary_13.csv,fixed_first,0,0,phase1,margin,,,4,1.0,margin,,,4,1.0,0.0,0.0,200000,200704,401408,2.5655562902458535,2.217267071226585,1.290660998587292,1.2872983073147495,1.7179837968244551,0.5546782914256957,0.9561425189157412,0.8500663712127787,0.1702482344370891
"('margin', 1, 1.0, 0.0)","('margin', 1, 0.1, 0.0)",k_fixedmargin-1_k_variablemargin_scaled-1-0.1,2.2197461194059365,4.735564663849567,True,ok,batch_summary_13.csv,fixed_first,1,1,phase1,margin,,,4,1.0,margin,,,4,1.0,0.0,0.0,200000,200704,401408,3.4367718966115426,3.1771092743739557,1.3104875917100072,1.50701993163799,2.7459486275930742,0.5316769710816386,0.9174105468871833,0.9229382529740986,0.1546628516586083
"('margin', 1, 1.0, 0.0)","('margin', 1, 0.1, 0.0)",k_fixedmargin-1_k_variablemargin_scaled-1-0.1,2.2197461194059365,4.735564663849567,True,ok,batch_summary_13.csv,fixed_first,2,2,phase1,margin,,,4,1.0,margin,,,4,1.0,0.0,0.0,200000,200704,401408,6.468754912486261,5.5455258266607945,3.3304554378723106,2.639030923422974,4.666329757699597,1.4190627441330435,2.832436536530824,1.7414079363212789,0.19166400156466024
"('margin', 1, 1.0, 0.0)","('margin', 1, 0.1, 0.0)",k_fixedmargin-1_k_variablemargin_scaled-1-0.1,2.2197461194059365,4.735564663849567,True,ok,batch_summary_13.csv,fixed_first,3,3,phase1,margin,,,4,1.0,margin,,,4,1.0,0.0,0.0,200000,200704,401408,3.2158566437421663,3.0040538479367798,1.147778041172097,1.3093858342871896,2.6061772236851626,0.7195057588487468,0.714676212001473,0.8881170678875097,0.13371767842351404
"('margin', 1, 1.0, 0.0)","('margin', 1, 0.1, 0.0)",k_fixedmargin-1_k_variablemargin_scaled-1-0.1,2.2197461194059365,4.735564663849567,True,ok,batch_summary_13.csv,fixed_first,4,4,phase1,margin,,,4,1.0,margin,,,4,1.0,0.0,0.0,200000,200704,401408,3.764979301316148,3.446643395502218,1.5151628439147957,1.4941039436175947,2.9926716012002808,0.8312164512296156,0.8289212591338639,1.2525200326492016,0.19950327703660442
"('margin', 1, 1.0, 0.0)","('margin', 1, 0.1, 0.0)",k_fixedmargin-1_k_variablemargin_scaled-1-0.1,2.2197461194059365,4.735564663849567,True,ok,batch_summary_13.csv,variable_first,0,0,phase2,margin,,,4,1.0,margin,,,4,1.0,0.0,0.0,200000,200704,401408,6.066566423172935,5.530678807146773,2.4929540908221317,1.1561570581249336,4.973766337845078,2.1244663662410663,1.460269405476876,2.012873825382164,0.17542042488372606
"('margin', 1, 1.0, 0.0)","('margin', 1, 0.1, 0.0)",k_fixedmargin-1_k_variablemargin_scaled-1-0.1,2.2197461194059365,4.735564663849567,True,ok,batch_summary_13.csv,variable_first,1,1,phase2,margin,,,4,1.0,margin,,,4,1.0,0.0,0.0,200000,200704,401408,6.763071724941788,6.286770378043966,2.493122012749482,1.542421630239513,5.5743230797909185,2.464008827689268,1.4990380152885043,1.9835012504116571,0.1851085864872925
"('margin', 1, 1.0, 0.0)","('margin', 1, 0.1, 0.0)",k_fixedmargin-1_k_variablemargin_scaled-1-0.1,2.2197461194059365,4.735564663849567,True,ok,batch_summary_13.csv,variable_first,2,2,phase2,margin,,,4,1.0,margin,,,4,1.0,0.0,0.0,200000,200704,401408,2.9335508104718686,2.7200665745943393,1.0986164878586047,0.6539405393326575,2.555392036930923,0.6641501929780054,0.7647093727902763,0.7683493789542374,0.17837318863022936
"('margin', 1, 1.0, 0.0)","('margin', 1, 0.1, 0.0)",k_fixedmargin-1_k_variablemargin_scaled-1-0.1,2.2197461194059365,4.735564663849567,True,ok,batch_summary_13.csv,variable_first,3,3,phase2,margin,,,4,1.0,margin,,,4,1.0,0.0,0.0,200000,200704,401408,5.38848551411273,5.1909914023191375,1.4454703029988296,1.3315186730893638,4.6917035709790715,1.7780234431041038,0.9037076851493793,1.115352052369119,0.16937123701937468
"('margin', 1, 1.0, 0.0)","('margin', 1, 0.1, 0.0)",k_fixedmargin-1_k_variablemargin_scaled-1-0.1,2.2197461194059365,4.735564663849567,True,ok,batch_summary_13.csv,variable_first,4,4,phase2,margin,,,4,1.0,margin,,,4,1.0,0.0,0.0,200000,200704,401408,8.615292489042128,8.326680413290132,2.2112571009894277,2.0814082911727447,7.520350558741232,2.9061441299679784,1.5438303750848306,1.5745945114034194,0.1640056837424433
"('margin', 5, 1.0, 0.0)","('margin', 5, 0.1, 0.0)",k_fixedmargin-5_k_variablemargin_scaled-5-0.1,1.7394369273553938,10.614834385781007,True,ok,batch_summary_13.csv,fixed_first,0,0,phase1,margin,,,4,1.0,margin,,,4,1.0,0.0,0.0,200000,200704,401408,2.2535191359030153,1.6886714266594003,1.4922256225736035,0.6055715658198445,1.5101086552525749,0.4521792954323052,0.8844866660222519,1.1868432387149477,0.1892716909911091
"('margin', 5, 1.0, 0.0)","('margin', 5, 0.1, 0.0)",k_fixedmargin-5_k_variablemargin_scaled-5-0.1,1.7394369273553938,10.614834385781007,True,ok,batch_summary_13.csv,fixed_first,1,1,phase1,margin,,,4,1.0,margin,,,4,1.0,0.0,0.0,200000,200704,401408,2.3234318948247537,1.8348966646129412,1.4253034764853585,0.6961224719157647,1.5835815263134312,0.6119876007080579,0.7425071529885169,1.203008186255302,0.18150600994144625
"('margin', 5, 1.0, 0.0)","('margin', 5, 0.1, 0.0)",k_fixedmargin-5_k_variablemargin_scaled-5-0.1,1.7394369273553938,10.614834385781007,True,ok,batch_summary_13.csv,fixed_first,2,2,phase1,margin,,,4,1.0,margin,,,4,1.0,0.0,0.0,200000,200704,401408,3.4671297688900196,3.1491423775050698,1.450479617411109,0.5507004692142397,2.978153924711489,0.8628011982670494,0.7322918382285412,1.2353248532992624,0.20399090913591386
"('margin', 5, 1.0, 0.0)","('margin', 5, 0.1, 0.0)",k_fixedmargin-5_k_variablemargin_scaled-5-0.1,1.7394369273553938,10.614834385781007,True,ok,batch_summary_13.csv,fixed_first,3,3,phase1,margin,,,4,1.0,margin,,,4,1.0,0.0,0.0,200000,200704,401408,2.1086746316679474,1.6403682167189415,1.3250286094338766,0.5192001119248001,1.4499376074443426,0.5647300812932947,0.7344379803861532,1.0898375288809685,0.16898470175493704
"('margin', 5, 1.0, 0.0)","('margin', 5, 0.1, 0.0)",k_fixedmargin-5_k_variablemargin_scaled-5-0.1,1.7394369273553938,10.614834385781007,True,ok,batch_summary_13.csv,fixed_first,4,4,phase1,margin,,,4,1.0,margin,,,4,1.0,0.0,0.0,200000,200704,401408,3.5052444792752415,3.232236650582451,1.3562393203712604,0.9076421297117335,2.986821996394563,0.8381132928157207,0.5707145214574809,1.206313490802628,0.2418218166878965
"('margin', 5, 1.0, 0.0)","('margin', 5, 0.1, 0.0)",k_fixedmargin-5_k_variablemargin_scaled-5-0.1,1.7394369273553938,10.614834385781007,True,ok,batch_summary_13.csv,variable_first,0,0,phase2,margin,,,4,1.0,margin,,,4,1.0,0.0,0.0,200000,200704,401408,14.153650949639022,13.834240013904752,2.9899228153740363,3.0068017673316345,12.466487860969806,5.189606951069341,1.7827344071572007,2.3731565395180287,0.3600340461329761
"('margin', 5, 1.0, 0.0)","('margin', 5, 0.1, 0.0)",k_fixedmargin-5_k_variablemargin_scaled-5-0.1,1.7394369273553938,10.614834385781007,True,ok,batch_summary_13.csv,variable_first,1,1,phase2,margin,,,4,1.0,margin,,,4,1.0,0.0,0.0,200000,200704,401408,13.28436992837655,12.920888626132966,3.0862795571728396,2.567582068649924,11.810048282849214,4.5694249929777735,1.7474547123736826,2.477268507201871,0.5785017514682248
"('margin', 5, 1.0, 0.0)","('margin', 5, 0.1, 0.0)",k_fixedmargin-5_k_variablemargin_scaled-5-0.1,1.7394369273553938,10.614834385781007,True,ok,batch_summary_13.csv,variable_first,2,2,phase2,margin,,,4,1.0,margin,,,4,1.0,0.0,0.0,200000,200704,401408,13.989169541934688,13.829685388232393,2.1063396059288797,3.186300154733087,12.41851360257313,5.185384186744759,1.3335185934296665,1.6153127392967757,0.2217193062129195
"('margin', 5, 1.0, 0.0)","('margin', 5, 0.1, 0.0)",k_fixedmargin-5_k_variablemargin_scaled-5-0.1,1.7394369273553938,10.614834385781007,True,ok,batch_summary_13.csv,variable_first,3,3,phase2,margin,,,4,1.0,margin,,,4,1.0,0.0,0.0,200000,200704,401408,14.719704245670492,14.454366114141052,2.7822640633808984,2.7743836843995333,13.05374900964713,5.5525788356855745,1.4517632225548591,2.3451741350251774,0.36542460293038487
"('margin', 5, 1.0, 0.0)","('margin', 5, 0.1, 0.0)",k_fixedmargin-5_k_variablemargin_scaled-5-0.1,1.7394369273553938,10.614834385781007,True,ok,batch_summary_13.csv,variable_first,4,4,phase2,margin,,,4,1.0,margin,,,4,1.0,0.0,0.0,200000,200704,401408,14.022850367637895,13.74919355530931,2.7568113848798568,2.8550736849373632,12.293164147738402,5.455913572601424,1.4532588979086756,2.307572037056975,0.4039293022859086
"('margin', 25, 1.0, 0.0)","('margin', 1, 0.1, 0.0)",k_fixedmargin-25_k_variablemargin_scaled-1-0.1,1.0270527965208365,21.82427717128302,True,ok,batch_summary_13.csv,fixed_first,0,0,phase1,margin,,,4,1.0,margin,,,4,1.0,0.0,0.0,200000,200704,401408,2.942057690478517,2.4809490163186005,1.5813271111732556,0.5118132733265705,2.2626821149590164,0.8794457581133505,0.9455893166409539,1.2569481948479868,0.16290338318904113
"('margin', 25, 1.0, 0.0)","('margin', 1, 0.1, 0.0)",k_fixedmargin-25_k_variablemargin_scaled-1-0.1,1.0270527965208365,21.82427717128302,True,ok,batch_summary_13.csv,fixed_first,1,1,phase1,margin,,,4,1.0,margin,,,4,1.0,0.0,0.0,200000,200704,401408,2.2880432943930384,1.6876347374052665,1.5450019773838497,0.6675367882722372,1.4944962421151753,0.4110798286266898,0.6476064435078115,1.3915474221924486,0.17672797242293134
"('margin', 25, 1.0, 0.0)","('margin', 1, 0.1, 0.0)",k_fixedmargin-25_k_variablemargin_scaled-1-0.1,1.0270527965208365,21.82427717128302,True,ok,batch_summary_13.csv,fixed_first,2,2,phase1,margin,,,4,1.0,margin,,,4,1.0,0.0,0.0,200000,200704,401408,4.727263021427973,4.539563819806623,1.318854047900307,0.4881319084667686,4.4369402115958865,0.8263948649146723,0.7179007540561235,1.0948972330780646,0.1587279307074613
"('margin', 25, 1.0, 0.0)","('margin', 1, 0.1, 0.0)",k_fixedmargin-25_k_variablemargin_scaled-1-0.1,1.0270527965208365,21.82427717128302,True,ok,batch_summary_13.csv,fixed_first,3,3,phase1,margin,,,4,1.0,margin,,,4,1.0,0.0,0.0,200000,200704,401408,2.2239766038122344,1.7784147033275999,1.3354074574048196,0.7364927785719114,1.5673113952242943,0.4048113567123536,0.6826333738489941,1.1330574132632691,0.18304549284015098
"('margin', 25, 1.0, 0.0)","('margin', 1, 0.1, 0.0)",k_fixedmargin-25_k_variablemargin_scaled-1-0.1,1.0270527965208365,21.82427717128302,True,ok,batch_summary_13.csv,fixed_first,4,4,phase1,margin,,,4,1.0,margin,,,4,1.0,0.0,0.0,200000,200704,401408,2.769783519068442,2.281244517794972,1.5708673376620792,0.48128949017254546,2.166903933652923,0.5262739960691135,0.750645538512827,1.3672513538163122,0.18649183234607883
"('margin', 25, 1.0, 0.0)","('margin', 1, 0.1, 0.0)",k_fixedmargin-25_k_variablemargin_scaled-1-0.1,1.0270527965208365,21.82427717128302,True,ok,batch_summary_13.csv,variable_first,0,0,phase2,margin,,,4,1.0,margin,,,4,1.0,0.0,0.0,200000,200704,401408,3.163643200305222,2.8176500137531706,1.4385710614475136,0.6536432403282518,2.666144790594562,0.6352747987775884,0.5229940172627306,1.3246284290001873,0.20328177937560385
"('margin', 25, 1.0, 0.0)","('margin', 1, 0.1, 0.0)",k_fixedmargin-25_k_variablemargin_scaled-1-0.1,1.0270527965208365,21.82427717128302,True,ok,batch_summary_13.csv,variable_first,1,1,phase2,margin,,,4,1.0,margin,,,4,1.0,0.0,0.0,200000,200704,401408,4.790694302691111,4.5389848175558125,1.532438816995607,0.7599885804642248,4.36356548862264,0.9920165109853807,0.64030085480928,1.376977492854078,0.20570981342342057
"('margin', 25, 1.0, 0.0)","('margin', 1, 0.1, 0.0)",k_fixedmargin-25_k_variablemargin_scaled-1-0.1,1.0270527965208365,21.82427717128302,True,ok,batch_summary_13.csv,variable_first,2,2,phase2,margin,,,4,1.0,margin,,,4,1.0,0.0,0.0,200000,200704,401408,1.994994515619244,1.4625196080327458,1.3568491122710016,0.4119400212033934,1.3688114943364127,0.30923149222503393,0.7414722911656746,1.1130189084595865,0.229013677136455
"('margin', 25, 1.0, 0.0)","('margin', 1, 0.1, 0.0)",k_fixedmargin-25_k_variablemargin_scaled-1-0.1,1.0270527965208365,21.82427717128302,True,ok,batch_summary_13.csv,variable_first,3,3,phase2,margin,,,4,1.0,margin,,,4,1.0,0.0,0.0,200000,200704,401408,2.0163704126867708,1.5421902957814102,1.298999127311587,0.5416129495198866,1.3930262390346706,0.38011079789403934,0.5488704787232963,1.1605567032286483,0.19811125392913745
"('margin', 25, 1.0, 0.0)","('margin', 1, 0.1, 0.0)",k_fixedmargin-25_k_variablemargin_scaled-1-0.1,1.0270527965208365,21.82427717128302,True,ok,batch_summary_13.csv,variable_first,4,4,phase2,margin,,,4,1.0,margin,,,4,1.0,0.0,0.0,200000,200704,401408,4.627174091099934,4.3625471450381434,1.5423755951991875,0.8776122167352021,4.1517895160897895,1.0120564232316758,0.6635069149824114,1.3750076673033824,0.2191688054753275
"('margin', 10, 1.0, 0.0)","('margin', 3, 0.1, 0.0)",k_fixedmargin-10_k_variablemargin_scaled-3-0.1,1.4725134529930166,141.76970042200264,True,ok,batch_summary_13.csv,fixed_first,0,0,phase1,margin,,,4,1.0,margin,,,4,1.0,0.0,0.0,200000,200704,401408,2.1858489008683137,1.6228370368935332,1.4643549327652203,0.800472292962053,1.379123912360593,0.30143223263059893,0.8121125783118576,1.2028927826643723,0.19456999428345306
"('margin', 10, 1.0, 0.0)","('margin', 3, 0.1, 0.0)",k_fixedmargin-10_k_variablemargin_scaled-3-0.1,1.4725134529930166,141.76970042200264,True,ok,batch_summary_13.csv,fixed_first,1,1,phase1,margin,,,4,1.0,margin,,,4,1.0,0.0,0.0,200000,200704,401408,2.0698645420313233,1.4699733323398576,1.4572294344296626,0.644106846577822,1.2754564151473566,0.34519400493255037,0.6631671254676612,1.2842091285028603,0.18583299636253425
"('margin', 10, 1.0, 0.0)","('margin', 3, 0.1, 0.0)",k_fixedmargin-10_k_variablemargin_scaled-3-0.1,1.4725134529930166,141.76970042200264,True,ok,batch_summary_13.csv,fixed_first,2,2,phase1,margin,,,4,1.0,margin,,,4,1.0,0.0,0.0,200000,200704,401408,1.9801893687907304,1.3662262255158883,1.4333791672074911,0.4790913738220172,1.22883678932344,0.35637859085806795,0.6185070610923112,1.2758574996770016,0.2102676696055358
"('margin', 10, 1.0, 0.0)","('margin', 3, 0.1, 0.0)",k_fixedmargin-10_k_variablemargin_scaled-3-0.1,1.4725134529930166,141.76970042200264,True,ok,batch_summary_13.csv,fixed_first,3,3,phase1,margin,,,4,1.0,margin,,,4,1.0,0.0,0.0,200000,200704,401408,2.032215003548314,1.5173045651552277,1.3519188870660768,0.626970849425383,1.3333818015835857,0.3622342731126086,0.6826209639852729,1.1506415127548903,0.19426117949537403
"('margin', 10, 1.0, 0.0)","('margin', 3, 0.1, 0.0)",k_fixedmargin-10_k_variablemargin_scaled-3-0.1,1.4725134529930166,141.76970042200264,True,ok,batch_summary_13.csv,fixed_first,4,4,phase1,margin,,,4,1.0,margin,,,4,1.0,0.0,0.0,200000,200704,401408,1.964622013779186,1.4512101490202614,1.3242842445662393,0.4144274367480009,1.315487797337895,0.45138968901048765,0.569182504488963,1.1683527465142534,0.25438533114676093
"('margin', 10, 1.0, 0.0)","('margin', 3, 0.1, 0.0)",k_fixedmargin-10_k_variablemargin_scaled-3-0.1,1.4725134529930166,141.76970042200264,True,ok,batch_summary_13.csv,variable_first,0,0,phase2,margin,,,4,1.0,margin,,,4,1.0,0.0,0.0,200000,200704,401408,16.888688909719026,16.63061745199419,2.9411521984917193,3.933362190681544,15.16423127927014,5.581414553703722,1.4403547261016387,2.531913096499843,0.40641184709838696
"('margin', 10, 1.0, 0.0)","('margin', 3, 0.1, 0.0)",k_fixedmargin-10_k_variablemargin_scaled-3-0.1,1.4725134529930166,141.76970042200264,True,ok,batch_summary_13.csv,variable_first,1,1,phase2,margin,,,4,1.0,margin,,,4,1.0,0.0,0.0,200000,200704,401408,14.271485155427648,13.99210046882762,2.8100556955024296,2.628349602363088,12.803355875650066,4.994470163989448,1.3729389197070914,2.399996806679032,0.5014649165291812
"('margin', 10, 1.0, 0.0)","('margin', 3, 0.1, 0.0)",k_fixedmargin-10_k_variablemargin_scaled-3-0.1,1.4725134529930166,141.76970042200264,True,ok,batch_summary_13.csv,variable_first,2,2,phase2,margin,,,4,1.0,margin,,,4,1.0,0.0,0.0,200000,200704,401408,15.299870241627975,15.110418583473468,2.400266577460299,3.4810482831347156,13.43710028475266,5.970878373888146,1.1927701553691845,2.050610940310092,0.36547745595879044
"('margin', 10, 1.0, 0.0)","('margin', 3, 0.1, 0.0)",k_fixedmargin-10_k_variablemargin_scaled-3-0.1,1.4725134529930166,141.76970042200264,True,ok,batch_summary_13.csv,variable_first,3,3,phase2,margin,,,4,1.0,margin,,,4,1.0,0.0,0.0,200000,200704,401408,16.14210003183012,15.866454874796569,2.970354043486097,4.056292581849027,14.30836307923934,5.52825711929654,1.3982231039723712,2.5942088189544124,0.3715587421003924
"('margin', 10, 1.0, 0.0)","('margin', 3, 0.1, 0.0)",k_fixedmargin-10_k_variablemargin_scaled-3-0.1,1.4725134529930166,141.76970042200264,True,ok,batch_summary_13.csv,variable_first,4,4,phase2,margin,,,4,1.0,margin,,,4,1.0,0.0,0.0,200000,200704,401408,15.272985721558683,15.102286823187715,2.277065120084658,3.8568943329312493,13.709723785673052,5.024630047573911,1.149619337758775,1.9357677327936627,0.3408874066786819
"('margin', 1, 0.1, 0.0)","('margin', 10, 0.1, 0.0)",k_fixedmargin_scaled-1-0.1_k_variablemargin_scaled-10-0.1,1.5253243590182883,14.97652544207228,True,ok,batch_summary_13.csv,fixed_first,0,0,phase1,margin,,,4,1.0,margin,,,4,1.0,0.0,0.0,200000,200704,401408,3.8333077542828287,3.18806964620279,2.1284877894893546,0.7597302475172578,3.024653488403065,0.6618680345341665,0.6918758640180532,1.9959223052151678,0.2608873518189824
"('margin', 1, 0.1, 0.0)","('margin', 10, 0.1, 0.0)",k_fixedmargin_scaled-1-0.1_k_variablemargin_scaled-10-0.1,1.5253243590182883,14.97652544207228,True,ok,batch_summary_13.csv,fixed_first,1,1,phase1,margin,,,4,1.0,margin,,,4,1.0,0.0,0.0,200000,200704,401408,2.6174492632145725,1.6622618037727304,2.0218620974786425,0.5580707015241153,1.5072421368838165,0.4241374036607236,0.5997879806074922,1.9118423275433245,0.2702584580605145
"('margin', 1, 0.1, 0.0)","('margin', 10, 0.1, 0.0)",k_fixedmargin_scaled-1-0.1_k_variablemargin_scaled-10-0.1,1.5253243590182883,14.97652544207228,True,ok,batch_summary_13.csv,fixed_first,2,2,phase1,margin,,,4,1.0,margin,,,4,1.0,0.0,0.0,200000,200704,401408,4.131038133014651,3.5811920181294115,2.0592570955826206,0.8238283109416001,3.400015199501059,0.7655976932872055,0.6882778340838358,1.9175249720635852,0.29985228084638577
"('margin', 1, 0.1, 0.0)","('margin', 10, 0.1, 0.0)",k_fixedmargin_scaled-1-0.1_k_variablemargin_scaled-10-0.1,1.5253243590182883,14.97652544207228,True,ok,batch_summary_13.csv,fixed_first,3,3,phase1,margin,,,4,1.0,margin,,,4,1.0,0.0,0.0,200000,200704,401408,4.486894721529191,4.052804044101703,1.9253580503894356,1.0618371789381411,3.77573945337861,1.0205459350328132,0.6428162617589568,1.79543194149392,0.26498116778560366
"('margin', 1, 0.1, 0.0)","('margin', 10, 0.1, 0.0)",k_fixedmargin_scaled-1-0.1_k_variablemargin_scaled-10-0.1,1.5253243590182883,14.97652544207228,True,ok,batch_summary_13.csv,fixed_first,4,4,phase1,margin,,,4,1.0,margin,,,4,1.0,0.0,0.0,200000,200704,401408,2.49713176858479,1.3837072587853458,2.078706639153333,0.7241499387689702,1.1216969553651004,0.363384898586632,0.6593469252191476,1.9564859302451965,0.24175551413936555
"('margin', 1, 0.1, 0.0)","('margin', 10, 0.1, 0.0)",k_fixedmargin_scaled-1-0.1_k_variablemargin_scaled-10-0.1,1.5253243590182883,14.97652544207228,True,ok,batch_summary_13.csv,variable_first,0,0,phase2,margin,,,4,1.0,margin,,,4,1.0,0.0,0.0,200000,200704,401408,16.938126907010503,16.669947106957405,3.002166978906334,6.431461427881508,14.56190845614185,4.9471469116425455,0.8632722051500508,2.8499147442407153,0.3817769238840032
"('margin', 1, 0.1, 0.0)","('margin', 10, 0.1, 0.0)",k_fixedmargin_scaled-1-0.1_k_variablemargin_scaled-10-0.1,1.5253243590182883,14.97652544207228,True,ok,batch_summary_13.csv,variable_first,1,1,phase2,margin,,,4,1.0,margin,,,4,1.0,0.0,0.0,200000,200704,401408,17.644748860043496,17.364891324308697,3.130129650502493,6.717865108280981,15.332419856303787,4.618077569943336,1.059741995126549,2.902163539428461,0.5021009093121894
"('margin', 1, 0.1, 0.0)","('margin', 10, 0.1, 0.0)",k_fixedmargin_scaled-1-0.1_k_variablemargin_scaled-10-0.1,1.5253243590182883,14.97652544207228,True,ok,batch_summary_13.csv,variable_first,2,2,phase2,margin,,,4,1.0,margin,,,4,1.0,0.0,0.0,200000,200704,401408,16.18692644906381,15.88896167774532,3.0915181821464643,5.672244254353668,14.040017419774369,4.812760036428516,0.8305650561914343,2.9369598961219525,0.49184644610612904
"('margin', 1, 0.1, 0.0)","('margin', 10, 0.1, 0.0)",k_fixedmargin_scaled-1-0.1_k_variablemargin_scaled-10-0.1,1.5253243590182883,14.97652544207228,True,ok,batch_summary_13.csv,variable_first,3,3,phase2,margin,,,4,1.0,margin,,,4,1.0,0.0,0.0,200000,200704,401408,17.575854385331112,17.273574027579105,3.2456582827074496,6.733720725509092,15.122168001937775,4.934916392227334,1.2988034296197697,2.9606865258152544,0.28590668962337135
"('margin', 1, 0.1, 0.0)","('margin', 10, 0.1, 0.0)",k_fixedmargin_scaled-1-0.1_k_variablemargin_scaled-10-0.1,1.5253243590182883,14.97652544207228,True,ok,batch_summary_13.csv,variable_first,4,4,phase2,margin,,,4,1.0,margin,,,4,1.0,0.0,0.0,200000,200704,401408,17.729909900993654,17.53561248406721,2.617632500176262,6.790478414945015,15.459219456883563,4.732825992095244,0.885694567694624,2.447680139485923,0.27641811355523455
"('margin', 8, 0.15, 0.0)","('margin', 8, 1.6, 0.0)",k_fixedmargin_scaled-8-0.15_k_variablemargin_scaled-8-1.6,0.5895416041090258,26.837436207732317,True,ok,batch_summary_14.csv,fixed_first,0,0,phase1,margin,,,4,1.0,margin,,,4,1.0,0.0,0.0,200000,200704,401408,14.17534057762291,13.99534333591827,2.2518093616846677,2.8202561349070794,12.603508512269418,5.391415732894582,1.483575043201274,1.6843882254999587,0.18024094528755064
"('margin', 8, 0.15, 0.0)","('margin', 8, 1.6, 0.0)",k_fixedmargin_scaled-8-0.15_k_variablemargin_scaled-8-1.6,0.5895416041090258,26.837436207732317,True,ok,batch_summary_14.csv,fixed_first,1,1,phase1,margin,,,4,1.0,margin,,,4,1.0,0.0,0.0,200000,200704,401408,13.324210030386745,13.046601158397674,2.7056923601095537,2.340935377619826,11.665649454299144,5.352237490388626,1.7619231035757301,2.023173666658306,0.3509507646118745
"('margin', 8, 0.15, 0.0)","('margin', 8, 1.6, 0.0)",k_fixedmargin_scaled-8-0.15_k_variablemargin_scaled-8-1.6,0.5895416041090258,26.837436207732317,True,ok,batch_summary_14.csv,fixed_first,2,2,phase1,margin,,,4,1.0,margin,,,4,1.0,0.0,0.0,200000,200704,401408,13.551625664516155,13.472298423824277,1.4641493539235817,3.660636357398421,11.77726562878967,5.422045793646561,1.031910908488405,1.0311575111182372,0.12492955936013869
"('margin', 8, 0.15, 0.0)","('margin', 8, 1.6, 0.0)",k_fixedmargin_scaled-8-0.15_k_variablemargin_scaled-8-1.6,0.5895416041090258,26.837436207732317,True,ok,batch_summary_14.csv,fixed_first,3,3,phase1,margin,,,4,1.0,margin,,,4,1.0,0.0,0.0,200000,200704,401408,12.78767009850225,12.529356268179288,2.5572911553370123,2.4392596764442467,10.96314130340507,5.553765703323336,1.552768870036511,1.9953306600196843,0.38380000859283314
"('margin', 8, 0.15, 0.0)","('margin', 8, 1.6, 0.0)",k_fixedmargin_scaled-8-0.15_k_variablemargin_scaled-8-1.6,0.5895416041090258,26.837436207732317,True,ok,batch_summary_14.csv,fixed_first,4,4,phase1,margin,,,4,1.0,margin,,,4,1.0,0.0,0.0,200000,200704,401408,13.932308840006682,13.739713006339173,2.308574477196379,3.011690270750613,12.138076873215619,5.690037348694652,1.2655578878057654,1.9110913162521599,0.2749715081980873
"('margin', 8, 0.15, 0.0)","('margin', 8, 1.6, 0.0)",k_fixedmargin_scaled-8-0.15_k_variablemargin_scaled-8-1.6,0.5895416041090258,26.837436207732317,True,ok,batch_summary_14.csv,variable_first,0,0,phase2,margin,,,4,1.0,margin,,,4,1.0,0.0,0.0,200000,200704,401408,2.0128441022887436,1.615070089901847,1.201286803732988,0.6982943321977771,1.3904246918665837,0.4330768952088495,0.8290865012734079,0.855225711422144,0.15586706115060178
"('margin', 8, 0.15, 0.0)","('margin', 8, 1.6, 0.0)",k_fixedmargin_scaled-8-0.15_k_variablemargin_scaled-8-1.6,0.5895416041090258,26.837436207732317,True,ok,batch_summary_14.csv,variable_first,1,1,phase2,margin,,,4,1.0,margin,,,4,1.0,0.0,0.0,200000,200704,401408,2.0652399823419034,1.6584167328843957,1.2308006031655303,0.7802786844814757,1.3852806599682075,0.4717083077208396,0.7888741693378996,0.9335167625638042,0.1452381620527681
"('margin', 8, 0.15, 0.0)","('margin', 8, 1.6, 0.0)",k_fixedmargin_scaled-8-0.15_k_variablemargin_scaled-8-1.6,0.5895416041090258,26.837436207732317,True,ok,batch_summary_14.csv,variable_first,2,2,phase2,margin,,,4,1.0,margin,,,4,1.0,0.0,0.0,200000,200704,401408,2.9508359399598785,2.62527005936592,1.3473640413621546,0.5777892381360484,2.479804286418047,0.6393537220975465,0.8979536744049197,0.9921605038912595,0.15711967762410695
"('margin', 8, 0.15, 0.0)","('margin', 8, 1.6, 0.0)",k_fixedmargin_scaled-8-0.15_k_variablemargin_scaled-8-1.6,0.5895416041090258,26.837436207732317,True,ok,batch_summary_14.csv,variable_first,3,3,phase2,margin,,,4,1.0,margin,,,4,1.0,0.0,0.0,200000,200704,401408,2.105660976156958,1.7029826731991602,1.2384095289094457,0.846886865772016,1.4001944882080104,0.47158033991178777,0.8192103384001911,0.9191181413565036,0.13332075975378277
"('margin', 8, 0.15, 0.0)","('margin', 8, 1.6, 0.0)",k_fixedmargin_scaled-8-0.15_k_variablemargin_scaled-8-1.6,0.5895416041090258,26.837436207732317,True,ok,batch_summary_14.csv,variable_first,4,4,phase2,margin,,,4,1.0,margin,,,4,1.0,0.0,0.0,200000,200704,401408,3.6686932307523143,3.4033489981363227,1.3698633575113777,0.5308342842813903,3.1717503480893776,1.1140013892010583,0.8142731007920219,1.083383445161496,0.1994122522035639
"('margin', 15, 0.25, 0.0)","('margin', 15, 2.5, 0.0)",k_fixedmargin_scaled-15-0.25_k_variablemargin_scaled-15-2.5,0.6194537696639213,24.09122552006234,True,ok,batch_summary_14.csv,fixed_first,0,0,phase1,margin,,,4,1.0,margin,,,4,1.0,0.0,0.0,200000,200704,401408,13.655028391853287,13.512059120595808,1.9708015384211162,2.618314665433001,12.047157170495343,5.530476842066824,1.4313281291976037,1.342802631407605,0.179553845671817
"('margin', 15, 0.25, 0.0)","('margin', 15, 2.5, 0.0)",k_fixedmargin_scaled-15-0.25_k_variablemargin_scaled-15-2.5,0.6194537696639213,24.09122552006234,True,ok,batch_summary_14.csv,fixed_first,1,1,phase1,margin,,,4,1.0,margin,,,4,1.0,0.0,0.0,200000,200704,401408,12.947172594083051,12.727070625563385,2.3771730002035714,2.2569517719117247,11.220866548229589,5.565667014308808,1.5637192260830504,1.7613106855543044,0.3217426360109926
"('margin', 15, 0.25, 0.0)","('margin', 15, 2.5, 0.0)",k_fixedmargin_scaled-15-0.25_k_variablemargin_scaled-15-2.5,0.6194537696639213,24.09122552006234,True,ok,batch_summary_14.csv,fixed_first,2,2,phase1,margin,,,4,1.0,margin,,,4,1.0,0.0,0.0,200000,200704,401408,13.348033577831705,13.284936965348486,1.2963218048154779,3.1821360708720605,11.672865760454384,5.487054322507593,0.958991930556979,0.8642381374899806,0.11780127535177928
"('margin', 15, 0.25, 0.0)","('margin', 15, 2.5, 0.0)",k_fixedmargin_scaled-15-0.25_k_variablemargin_scaled-15-2.5,0.6194537696639213,24.09122552006234,True,ok,batch_summary_14.csv,fixed_first,3,3,phase1,margin,,,4,1.0,margin,,,4,1.0,0.0,0.0,200000,200704,401408,12.61763911249583,12.480016898988552,1.8584926618485031,2.0821026258419,10.781293056236205,5.931221669273126,1.051694926557539,1.5017885327530407,0.3042432554541449
"('margin', 15, 0.25, 0.0)","('margin', 15, 2.5, 0.0)",k_fixedmargin_scaled-15-0.25_k_variablemargin_scaled-15-2.5,0.6194537696639213,24.09122552006234,True,ok,batch_summary_14.csv,fixed_first,4,4,phase1,margin,,,4,1.0,margin,,,4,1.0,0.0,0.0,200000,200704,401408,12.99625188200919,12.632111680331965,3.0548842001372387,2.486543824337989,11.285871998664053,5.1006311907249815,1.5888648639795608,2.5976873940916922,0.24463467218785911
"('margin', 15, 0.25, 0.0)","('margin', 15, 2.5, 0.0)",k_fixedmargin_scaled-15-0.25_k_variablemargin_scaled-15-2.5,0.6194537696639213,24.09122552006234,True,ok,batch_summary_14.csv,variable_first,0,0,phase2,margin,,,4,1.0,margin,,,4,1.0,0.0,0.0,200000,200704,401408,1.76538044821748,1.3619308236401093,1.1232597912181865,0.6702860517997214,1.1325354327715131,0.3506218342613715,0.8350180444652197,0.7401787830101367,0.12881301629353076
"('margin', 15, 0.25, 0.0)","('margin', 15, 2.5, 0.0)",k_fixedmargin_scaled-15-0.25_k_variablemargin_scaled-15-2.5,0.6194537696639213,24.09122552006234,True,ok,batch_summary_14.csv,variable_first,1,1,phase2,margin,,,4,1.0,margin,,,4,1.0,0.0,0.0,200000,200704,401408,4.599841216020382,4.397029492118394,1.3508037822129895,1.1065853397282155,3.92059027005902,1.654783724471593,0.930847510143355,0.9706831839833139,0.1263642640656382
"('margin', 15, 0.25, 0.0)","('margin', 15, 2.5, 0.0)",k_fixedmargin_scaled-15-0.25_k_variablemargin_scaled-15-2.5,0.6194537696639213,24.09122552006234,True,ok,batch_summary_14.csv,variable_first,2,2,phase2,margin,,,4,1.0,margin,,,4,1.0,0.0,0.0,200000,200704,401408,2.0158322126503045,1.6310766469395137,1.1845541276645717,0.9869473543634799,1.2390465507466972,0.38872817364977175,0.914714605075132,0.7439695847553437,0.11390754842582296
"('margin', 15, 0.25, 0.0)","('margin', 15, 2.5, 0.0)",k_fixedmargin_scaled-15-0.25_k_variablemargin_scaled-15-2.5,0.6194537696639213,24.09122552006234,True,ok,batch_summary_14.csv,variable_first,3,3,phase2,margin,,,4,1.0,margin,,,4,1.0,0.0,0.0,200000,200704,401408,1.8592566429071926,1.469219764036236,1.1393983276974873,0.8766430091944475,1.1200174505101517,0.3683268385794571,0.7600867566043917,0.8427872772671734,0.10102611974648512
"('margin', 15, 0.25, 0.0)","('margin', 15, 2.5, 0.0)",k_fixedmargin_scaled-15-0.25_k_variablemargin_scaled-15-2.5,0.6194537696639213,24.09122552006234,True,ok,batch_summary_14.csv,variable_first,4,4,phase2,margin,,,4,1.0,margin,,,4,1.0,0.0,0.0,200000,200704,401408,1.8534587416057646,1.5061490802856916,1.0801963963971504,0.9405497299063553,1.1032106653321452,0.40838399272733783,0.7081688428135947,0.804439761163887,0.13489927915312327
"('margin', 15, 0.4, 0.0)","('margin', 15, 4.0, 0.0)",k_fixedmargin_scaled-15-0.4_k_variablemargin_scaled-15-4.0,0.6055864898143444,54.5169274877767,True,ok,batch_summary_14.csv,fixed_first,0,0,phase1,margin,,,4,1.0,margin,,,4,1.0,0.0,0.0,200000,200704,401408,12.290710193628954,12.082246113102123,2.254082058444931,2.2726701706518635,10.712015488661095,5.105718911542759,1.306178223540706,1.8267922750057097,0.19394421499711068
"('margin', 15, 0.4, 0.0)","('margin', 15, 4.0, 0.0)",k_fixedmargin_scaled-15-0.4_k_variablemargin_scaled-15-4.0,0.6055864898143444,54.5169274877767,True,ok,batch_summary_14.csv,fixed_first,1,1,phase1,margin,,,4,1.0,margin,,,4,1.0,0.0,0.0,200000,200704,401408,10.091180454237442,9.89827330708281,1.963697659589102,1.8810287827110272,8.600467241424772,4.52432408316426,1.3227897405435034,1.4339517992741628,0.2238705830317123
"('margin', 15, 0.4, 0.0)","('margin', 15, 4.0, 0.0)",k_fixedmargin_scaled-15-0.4_k_variablemargin_scaled-15-4.0,0.6055864898143444,54.5169274877767,True,ok,batch_summary_14.csv,fixed_first,2,2,phase1,margin,,,4,1.0,margin,,,4,1.0,0.0,0.0,200000,200704,401408,10.135781774875626,9.957451915123247,1.8929404496468654,1.9619370530843037,8.601432716159689,4.617034423859566,1.1386649964191886,1.4942013547435868,0.23243898838490085
"('margin', 15, 0.4, 0.0)","('margin', 15, 4.0, 0.0)",k_fixedmargin_scaled-15-0.4_k_variablemargin_scaled-15-4.0,0.6055864898143444,54.5169274877767,True,ok,batch_summary_14.csv,fixed_first,3,3,phase1,margin,,,4,1.0,margin,,,4,1.0,0.0,0.0,200000,200704,401408,12.387647707374597,12.30753923945513,1.4065182513196794,2.875193143659413,10.769802600650763,5.217292253688471,0.9075959503795481,1.060834816576011,0.17085863773937351
"('margin', 15, 0.4, 0.0)","('margin', 15, 4.0, 0.0)",k_fixedmargin_scaled-15-0.4_k_variablemargin_scaled-15-4.0,0.6055864898143444,54.5169274877767,True,ok,batch_summary_14.csv,fixed_first,4,4,phase1,margin,,,4,1.0,margin,,,4,1.0,0.0,0.0,200000,200704,401408,12.093238022422781,11.940297298332364,1.9172131583130976,2.359342063269705,10.403890863556015,5.363138959626641,1.2462854746109444,1.438304170843408,0.23186186041932985
"('margin', 15, 0.4, 0.0)","('margin', 15, 4.0, 0.0)",k_fixedmargin_scaled-15-0.4_k_variablemargin_scaled-15-4.0,0.6055864898143444,54.5169274877767,True,ok,batch_summary_14.csv,variable_first,0,0,phase2,margin,,,4,1.0,margin,,,4,1.0,0.0,0.0,200000,200704,401408,3.9931992959233726,3.8641643700859527,1.0069132722936727,1.503832728582852,3.4899842055736663,0.7001882949115654,0.743331955380474,0.6682668990921525,0.1214549036027431
"('margin', 15, 0.4, 0.0)","('margin', 15, 4.0, 0.0)",k_fixedmargin_scaled-15-0.4_k_variablemargin_scaled-15-4.0,0.6055864898143444,54.5169274877767,True,ok,batch_summary_14.csv,variable_first,1,1,phase2,margin,,,4,1.0,margin,,,4,1.0,0.0,0.0,200000,200704,401408,5.2169692270238395,4.950735330993259,1.6452925570149461,1.7142603496607929,4.162769675182379,2.0597185250678747,1.1241386414192986,1.1959406738573057,0.11413070424073758
"('margin', 15, 0.4, 0.0)","('margin', 15, 4.0, 0.0)",k_fixedmargin_scaled-15-0.4_k_variablemargin_scaled-15-4.0,0.6055864898143444,54.5169274877767,True,ok,batch_summary_14.csv,variable_first,2,2,phase2,margin,,,4,1.0,margin,,,4,1.0,0.0,0.0,200000,200704,401408,2.1543102406550427,1.8438995561315794,1.1140408609602042,0.6658314704799334,1.6011482703280733,0.626863814912126,0.841122704690859,0.7206862429577354,0.11920979302872194
"('margin', 15, 0.4, 0.0)","('margin', 15, 4.0, 0.0)",k_fixedmargin_scaled-15-0.4_k_variablemargin_scaled-15-4.0,0.6055864898143444,54.5169274877767,True,ok,batch_summary_14.csv,variable_first,3,3,phase2,margin,,,4,1.0,margin,,,4,1.0,0.0,0.0,200000,200704,401408,2.0851281566643913,1.751393647205144,1.1315386525630073,1.1321292921618598,1.2843521908837003,0.3689206189302263,0.6326518031345817,0.9344805013618523,0.08293136203614233
"('margin', 15, 0.4, 0.0)","('margin', 15, 4.0, 0.0)",k_fixedmargin_scaled-15-0.4_k_variablemargin_scaled-15-4.0,0.6055864898143444,54.5169274877767,True,ok,batch_summary_14.csv,variable_first,4,4,phase2,margin,,,4,1.0,margin,,,4,1.0,0.0,0.0,200000,200704,401408,4.011473540517857,3.868522819056134,1.0613440369252822,0.7938809620959659,3.6109190730339065,1.1386330697725038,0.7206966224108273,0.769386522364077,0.12284918545514105
"('margin', 15, 0.65, 0.0)","('margin', 15, 6.5, 0.0)",k_fixedmargin_scaled-15-0.65_k_variablemargin_scaled-15-6.5,0.5976334912203825,45.542953671872176,True,ok,batch_summary_14.csv,fixed_first,0,0,phase1,margin,,,4,1.0,margin,,,4,1.0,0.0,0.0,200000,200704,401408,9.900254652184456,9.463504496564214,2.9081136191024046,1.8986912781435359,8.060550320890082,4.580438550094473,1.6844611975672503,2.3539469557153594,0.2804443352567192
"('margin', 15, 0.65, 0.0)","('margin', 15, 6.5, 0.0)",k_fixedmargin_scaled-15-0.65_k_variablemargin_scaled-15-6.5,0.5976334912203825,45.542953671872176,True,ok,batch_summary_14.csv,fixed_first,1,1,phase1,margin,,,4,1.0,margin,,,4,1.0,0.0,0.0,200000,200704,401408,10.991938816151237,10.90528053330602,1.377525109719976,2.532378245502586,9.302597257927914,5.096458396631973,0.8661703467938365,1.0478358272000292,0.22218109163497213
"('margin', 15, 0.65, 0.0)","('margin', 15, 6.5, 0.0)",k_fixedmargin_scaled-15-0.65_k_variablemargin_scaled-15-6.5,0.5976334912203825,45.542953671872176,True,ok,batch_summary_14.csv,fixed_first,2,2,phase1,margin,,,4,1.0,margin,,,4,1.0,0.0,0.0,200000,200704,401408,10.585680342014456,10.233182328741064,2.708986476535625,2.440034911490265,8.695441712056052,4.811812926143618,1.5326638409215314,2.215632658939817,0.2837625793226355
"('margin', 15, 0.65, 0.0)","('margin', 15, 6.5, 0.0)",k_fixedmargin_scaled-15-0.65_k_variablemargin_scaled-15-6.5,0.5976334912203825,45.542953671872176,True,ok,batch_summary_14.csv,fixed_first,3,3,phase1,margin,,,4,1.0,margin,,,4,1.0,0.0,0.0,200000,200704,401408,10.936985490741938,10.805718851963288,1.6894057289546693,2.412407668970705,9.342579548226327,4.864160413825729,0.9961796181262436,1.3601842778761963,0.10778040486618923
"('margin', 15, 0.65, 0.0)","('margin', 15, 6.5, 0.0)",k_fixedmargin_scaled-15-0.65_k_variablemargin_scaled-15-6.5,0.5976334912203825,45.542953671872176,True,ok,batch_summary_14.csv,fixed_first,4,4,phase1,margin,,,4,1.0,margin,,,4,1.0,0.0,0.0,200000,200704,401408,9.927592685070085,9.66132234475946,2.2838448001798675,1.8311688847852863,8.160632036069781,4.836533338726636,1.2807437373363197,1.8707463314238868,0.2755915710730007
"('margin', 15, 0.65, 0.0)","('margin', 15, 6.5, 0.0)",k_fixedmargin_scaled-15-0.65_k_variablemargin_scaled-15-6.5,0.5976334912203825,45.542953671872176,True,ok,batch_summary_14.csv,variable_first,0,0,phase2,margin,,,4,1.0,margin,,,4,1.0,0.0,0.0,200000,200704,401408,6.362028534922472,6.064823101263584,1.9218032754544214,2.619468332792785,5.033715366739811,2.1406014364574544,1.5856434638768122,1.0822341346579085,0.08849809485709569
"('margin', 15, 0.65, 0.0)","('margin', 15, 6.5, 0.0)",k_fixedmargin_scaled-15-0.65_k_variablemargin_scaled-15-6.5,0.5976334912203825,45.542953671872176,True,ok,batch_summary_14.csv,variable_first,1,1,phase2,margin,,,4,1.0,margin,,,4,1.0,0.0,0.0,200000,200704,401408,5.8116867638793535,5.620854166530499,1.4770583874875074,1.4443747184452722,5.032909634922077,2.043918746141329,1.0811966042206143,1.0009244635444927,0.10423819524136672
"('margin', 15, 0.65, 0.0)","('margin', 15, 6.5, 0.0)",k_fixedmargin_scaled-15-0.65_k_variablemargin_scaled-15-6.5,0.5976334912203825,45.542953671872176,True,ok,batch_summary_14.csv,variable_first,2,2,phase2,margin,,,4,1.0,margin,,,4,1.0,0.0,0.0,200000,200704,401408,5.0068070870525725,4.798901002708584,1.4278187466070102,0.8705571322199275,4.543456263800899,1.2761607627046232,1.067382686855801,0.9383912340446737,0.13704913290867532
"('margin', 15, 0.65, 0.0)","('margin', 15, 6.5, 0.0)",k_fixedmargin_scaled-15-0.65_k_variablemargin_scaled-15-6.5,0.5976334912203825,45.542953671872176,True,ok,batch_summary_14.csv,variable_first,3,3,phase2,margin,,,4,1.0,margin,,,4,1.0,0.0,0.0,200000,200704,401408,3.502744423000355,3.317295120748955,1.1246206359102917,1.118463434513954,3.0592142720420825,0.6282471659578771,0.7468105737279973,0.8348057273582311,0.10072208920203715
"('margin', 15, 0.65, 0.0)","('margin', 15, 6.5, 0.0)",k_fixedmargin_scaled-15-0.65_k_variablemargin_scaled-15-6.5,0.5976334912203825,45.542953671872176,True,ok,batch_summary_14.csv,variable_first,4,4,phase2,margin,,,4,1.0,margin,,,4,1.0,0.0,0.0,200000,200704,401408,3.6740066810457432,3.5190013185939284,1.0559142067909453,1.141638246963333,3.2183072100390233,0.8500182910662175,0.7436539016877635,0.7354789309488888,0.14492904725346414
"('margin', 15, 0.4, 0.0)","('margin', 15, 1.6, 0.0)",k_fixedmargin_scaled-15-0.4_k_variablemargin_scaled-15-1.6,0.7057557969294924,19.604191966715884,True,ok,batch_summary_14.csv,fixed_first,0,0,phase1,margin,,,4,1.0,margin,,,4,1.0,0.0,0.0,200000,200704,401408,14.671353463275803,14.456708976124103,2.500435566861836,2.928293532302051,13.021937049880838,5.554339463695564,1.1152544437346426,2.22874869925645,0.20264448011353878
"('margin', 15, 0.4, 0.0)","('margin', 15, 1.6, 0.0)",k_fixedmargin_scaled-15-0.4_k_variablemargin_scaled-15-1.6,0.7057557969294924,19.604191966715884,True,ok,batch_summary_14.csv,fixed_first,1,1,phase1,margin,,,4,1.0,margin,,,4,1.0,0.0,0.0,200000,200704,401408,11.668078657982916,11.357947985992531,2.6722793859109517,2.148353994654015,10.192757993150584,4.527167111917872,1.1934575416658117,2.377215851280833,0.2560878931631759
"('margin', 15, 0.4, 0.0)","('margin', 15, 1.6, 0.0)",k_fixedmargin_scaled-15-0.4_k_variablemargin_scaled-15-1.6,0.7057557969294924,19.604191966715884,True,ok,batch_summary_14.csv,fixed_first,2,2,phase1,margin,,,4,1.0,margin,,,4,1.0,0.0,0.0,200000,200704,401408,12.664762648498415,12.493476804720446,2.0758733758861116,2.5240723723624305,11.220399076560456,4.88043705951483,1.1136301062922123,1.7384863960104573,0.2162020119216512
"('margin', 15, 0.4, 0.0)","('margin', 15, 1.6, 0.0)",k_fixedmargin_scaled-15-0.4_k_variablemargin_scaled-15-1.6,0.7057557969294924,19.604191966715884,True,ok,batch_summary_14.csv,fixed_first,3,3,phase1,margin,,,4,1.0,margin,,,4,1.0,0.0,0.0,200000,200704,401408,14.672378199935991,14.584964709541643,1.5992143269061194,3.1707607999535146,13.14856550366295,5.45735253799294,0.7482534999684304,1.4082226665902786,0.1204661133603614
"('margin', 15, 0.4, 0.0)","('margin', 15, 1.6, 0.0)",k_fixedmargin_scaled-15-0.4_k_variablemargin_scaled-15-1.6,0.7057557969294924,19.604191966715884,True,ok,batch_summary_14.csv,fixed_first,4,4,phase1,margin,,,4,1.0,margin,,,4,1.0,0.0,0.0,200000,200704,401408,12.253409545854481,12.100089149107278,1.9323271157063548,2.5349000469230485,10.87414858762737,4.662545620436853,0.9531097938544056,1.668493404444088,0.20395970749005757
"('margin', 15, 0.4, 0.0)","('margin', 15, 1.6, 0.0)",k_fixedmargin_scaled-15-0.4_k_variablemargin_scaled-15-1.6,0.7057557969294924,19.604191966715884,True,ok,batch_summary_14.csv,variable_first,0,0,phase2,margin,,,4,1.0,margin,,,4,1.0,0.0,0.0,200000,200704,401408,1.8306775276529206,1.426816891678147,1.146984641516756,0.6121646958349356,1.2562139086319135,0.2880754125418203,0.8114372418804356,0.7942332675784505,0.16228643515848823
"('margin', 15, 0.4, 0.0)","('margin', 15, 1.6, 0.0)",k_fixedmargin_scaled-15-0.4_k_variablemargin_scaled-15-1.6,0.7057557969294924,19.604191966715884,True,ok,batch_summary_14.csv,variable_first,1,1,phase2,margin,,,4,1.0,margin,,,4,1.0,0.0,0.0,200000,200704,401408,1.9657307945599702,1.578364237566042,1.171692745669247,0.5850708464980816,1.4109291972531766,0.39774938258149234,0.6931127835049351,0.9301142274209409,0.16536651276823255
"('margin', 15, 0.4, 0.0)","('margin', 15, 1.6, 0.0)",k_fixedmargin_scaled-15-0.4_k_variablemargin_scaled-15-1.6,0.7057557969294924,19.604191966715884,True,ok,batch_summary_14.csv,variable_first,2,2,phase2,margin,,,4,1.0,margin,,,4,1.0,0.0,0.0,200000,200704,401408,2.1948622757139122,1.8294881202430184,1.212597883571351,0.5850869808782404,1.665005794875196,0.48213660921893886,0.6488930813807794,1.013867184854477,0.14630354627668674
"('margin', 15, 0.4, 0.0)","('margin', 15, 1.6, 0.0)",k_fixedmargin_scaled-15-0.4_k_variablemargin_scaled-15-1.6,0.7057557969294924,19.604191966715884,True,ok,batch_summary_14.csv,variable_first,3,3,phase2,margin,,,4,1.0,margin,,,4,1.0,0.0,0.0,200000,200704,401408,1.9548059038274037,1.5795645486259677,1.151625789205207,0.8253806859657831,1.3016288604740442,0.3457357315807146,0.6677176689610166,0.9272734852421607,0.14338394779974026
"('margin', 15, 0.4, 0.0)","('margin', 15, 1.6, 0.0)",k_fixedmargin_scaled-15-0.4_k_variablemargin_scaled-15-1.6,0.7057557969294924,19.604191966715884,True,ok,batch_summary_14.csv,variable_first,4,4,phase2,margin,,,4,1.0,margin,,,4,1.0,0.0,0.0,200000,200704,401408,2.269875695620937,1.9744793695116447,1.1197173272498426,0.5907419105402509,1.8312365011866651,0.44290591831671927,0.5865299789770211,0.9335331039203433,0.1956154916912156
"('margin', 15, 1.6, 0.0)","('margin', 15, 4.0, 0.0)",k_fixedmargin_scaled-15-1.6_k_variablemargin_scaled-15-4.0,0.76836677723032,18.96972472623083,True,ok,batch_summary_14.csv,fixed_first,0,0,phase1,margin,,,4,1.0,margin,,,4,1.0,0.0,0.0,200000,200704,401408,6.385391659174895,6.187806862388868,1.5761576300717992,1.2165339386353287,5.564142284769332,2.4185366603004184,0.9945751132566802,1.213185238877383,0.1525607914702834
"('margin', 15, 1.6, 0.0)","('margin', 15, 4.0, 0.0)",k_fixedmargin_scaled-15-1.6_k_variablemargin_scaled-15-4.0,0.76836677723032,18.96972472623083,True,ok,batch_summary_14.csv,fixed_first,1,1,phase1,margin,,,4,1.0,margin,,,4,1.0,0.0,0.0,200000,200704,401408,3.9213307471538177,3.3389978625914276,2.056192622830798,0.4019666473924139,3.2489412307085273,0.6570467412417376,1.14793236321358,1.6835007298875546,0.2756894704894477
"('margin', 15, 1.6, 0.0)","('margin', 15, 4.0, 0.0)",k_fixedmargin_scaled-15-1.6_k_variablemargin_scaled-15-4.0,0.76836677723032,18.96972472623083,True,ok,batch_summary_14.csv,fixed_first,2,2,phase1,margin,,,4,1.0,margin,,,4,1.0,0.0,0.0,200000,200704,401408,4.3055366470733185,3.9765082188856726,1.650765944774138,0.9052389193870419,3.7397667734461164,1.0036456515726593,0.9349696861608441,1.3463061024063265,0.19575435885269926
"('margin', 15, 1.6, 0.0)","('margin', 15, 4.0, 0.0)",k_fixedmargin_scaled-15-1.6_k_variablemargin_scaled-15-4.0,0.76836677723032,18.96972472623083,True,ok,batch_summary_14.csv,fixed_first,3,3,phase1,margin,,,4,1.0,margin,,,4,1.0,0.0,0.0,200000,200704,401408,2.0701959310493723,1.5384846536855323,1.3851989616324019,0.4983984192711344,1.3872174071609036,0.44063807207696815,0.761224356401041,1.143132478775298,0.18044882515092153
"('margin', 15, 1.6, 0.0)","('margin', 15, 4.0, 0.0)",k_fixedmargin_scaled-15-1.6_k_variablemargin_scaled-15-4.0,0.76836677723032,18.96972472623083,True,ok,batch_summary_14.csv,fixed_first,4,4,phase1,margin,,,4,1.0,margin,,,4,1.0,0.0,0.0,200000,200704,401408,5.227064923546426,5.025919391613926,1.4360856464600251,0.9627848754753138,4.6135769780762015,1.745800241127876,0.7932977041056205,1.189414723329186,0.13532683605632553
"('margin', 15, 1.6, 0.0)","('margin', 15, 4.0, 0.0)",k_fixedmargin_scaled-15-1.6_k_variablemargin_scaled-15-4.0,0.76836677723032,18.96972472623083,True,ok,batch_summary_14.csv,variable_first,0,0,phase2,margin,,,4,1.0,margin,,,4,1.0,0.0,0.0,200000,200704,401408,5.078017047837328,4.943760382741449,1.1599527646256322,1.769280152684207,4.499694042268612,1.0311003778750145,0.7086972687799288,0.9110539801901155,0.11497496495439852
"('margin', 15, 1.6, 0.0)","('margin', 15, 4.0, 0.0)",k_fixedmargin_scaled-15-1.6_k_variablemargin_scaled-15-4.0,0.76836677723032,18.96972472623083,True,ok,batch_summary_14.csv,variable_first,1,1,phase2,margin,,,4,1.0,margin,,,4,1.0,0.0,0.0,200000,200704,401408,1.9889720482474096,1.6531280031418067,1.1059736045394022,0.6480978943951471,1.4617359145842317,0.41967776932641326,0.6835367342468563,0.8565558087133858,0.1492222953595682
"('margin', 15, 1.6, 0.0)","('margin', 15, 4.0, 0.0)",k_fixedmargin_scaled-15-1.6_k_variablemargin_scaled-15-4.0,0.76836677723032,18.96972472623083,True,ok,batch_summary_14.csv,variable_first,2,2,phase2,margin,,,4,1.0,margin,,,4,1.0,0.0,0.0,200000,200704,401408,3.1486277233993873,2.992476101731976,0.9792565144650333,0.5942895000517183,2.8428031424487585,0.7212513451278579,0.6837364810709008,0.6930615000170177,0.1054205993587065
"('margin', 15, 1.6, 0.0)","('margin', 15, 4.0, 0.0)",k_fixedmargin_scaled-15-1.6_k_variablemargin_scaled-15-4.0,0.76836677723032,18.96972472623083,True,ok,batch_summary_14.csv,variable_first,3,3,phase2,margin,,,4,1.0,margin,,,4,1.0,0.0,0.0,200000,200704,401408,1.8102177745854278,1.5242186444896932,0.976547958481825,0.6507244713870699,1.3229220435891804,0.38688164228074123,0.5541229800581823,0.798541493278141,0.09447286223872052
"('margin', 15, 1.6, 0.0)","('margin', 15, 4.0, 0.0)",k_fixedmargin_scaled-15-1.6_k_variablemargin_scaled-15-4.0,0.76836677723032,18.96972472623083,True,ok,batch_summary_14.csv,variable_first,4,4,phase2,margin,,,4,1.0,margin,,,4,1.0,0.0,0.0,200000,200704,401408,3.262681309990164,3.0911009638496343,1.04411884469489,0.6219939000794232,2.9840484685165456,0.5133064333516456,0.6684026480064982,0.7918332524875344,0.1281489845449641
