test,x,seed,phase,hits_per_run,chose_fixed,chose_variable,y_hat
margin_vs_margin_harder_variable,1.0,0,bracket,400,400,0,0.0
margin_vs_margin_harder_variable,1.0,1,bracket,400,400,0,0.0
margin_vs_margin_harder_variable,2.0,2,bracket,400,0,400,1.0
margin_vs_margin_harder_variable,2.0,3,bracket,400,0,400,1.0
margin_vs_margin_harder_variable,1.0,4,dense,400,400,0,0.0
margin_vs_margin_harder_variable,1.0,5,dense,400,400,0,0.0
margin_vs_margin_harder_variable,1.0,6,dense,400,400,0,0.0
margin_vs_margin_harder_variable,1.0,7,dense,400,400,0,0.0
margin_vs_margin_harder_variable,1.0,8,dense,400,400,0,0.0
margin_vs_margin_harder_variable,1.0,9,dense,400,400,0,0.0
margin_vs_margin_harder_variable,1.0,10,dense,400,400,0,0.0
margin_vs_margin_harder_variable,1.0,11,dense,400,400,0,0.0
margin_vs_margin_harder_variable,1.1040895136738125,12,dense,400,400,0,0.0
margin_vs_margin_harder_variable,1.1040895136738125,13,dense,400,400,0,0.0
margin_vs_margin_harder_variable,1.1040895136738125,14,dense,400,400,0,0.0
margin_vs_margin_harder_variable,1.1040895136738125,15,dense,400,400,0,0.0
margin_vs_margin_harder_variable,1.1040895136738125,16,dense,400,400,0,0.0
margin_vs_margin_harder_variable,1.1040895136738125,17,dense,400,400,0,0.0
margin_vs_margin_harder_variable,1.1040895136738125,18,dense,400,400,0,0.0
margin_vs_margin_harder_variable,1.1040895136738125,19,dense,400,400,0,0.0
margin_vs_margin_harder_variable,1.2190136542044754,20,dense,400,206,194,0.485
margin_vs_margin_harder_variable,1.2190136542044754,21,dense,400,312,88,0.22
margin_vs_margin_harder_variable,1.2190136542044754,22,dense,400,208,192,0.48
margin_vs_margin_harder_variable,1.2190136542044754,23,dense,400,314,86,0.215
margin_vs_margin_harder_variable,1.2190136542044754,24,dense,400,95,305,0.7625
margin_vs_margin_harder_variable,1.2190136542044754,25,dense,400,318,82,0.205
margin_vs_margin_harder_variable,1.2190136542044754,26,dense,400,0,400,1.0
margin_vs_margin_harder_variable,1.2190136542044754,27,dense,400,215,185,0.4625
margin_vs_margin_harder_variable,1.3459001926323562,28,dense,400,0,400,1.0
margin_vs_margin_harder_variable,1.3459001926323562,29,dense,400,0,400,1.0
margin_vs_margin_harder_variable,1.3459001926323562,30,dense,400,0,400,1.0
margin_vs_margin_harder_variable,1.3459001926323562,31,dense,400,0,400,1.0
margin_vs_margin_harder_variable,1.3459001926323562,32,dense,400,0,400,1.0
margin_vs_margin_harder_variable,1.3459001926323562,33,dense,400,0,400,1.0
margin_vs_margin_harder_variable,1.3459001926323562,34,dense,400,0,400,1.0
margin_vs_margin_harder_variable,1.3459001926323562,35,dense,400,0,400,1.0
margin_vs_margin_harder_variable,1.4859942891369484,36,dense,400,0,400,1.0
margin_vs_margin_harder_variable,1.4859942891369484,37,dense,400,0,400,1.0
margin_vs_margin_harder_variable,1.4859942891369484,38,dense,400,0,400,1.0
margin_vs_margin_harder_variable,1.4859942891369484,39,dense,400,0,400,1.0
margin_vs_margin_harder_variable,1.4859942891369484,40,dense,400,0,400,1.0
margin_vs_margin_harder_variable,1.4859942891369484,41,dense,400,0,400,1.0
margin_vs_margin_harder_variable,1.4859942891369484,42,dense,400,0,400,1.0
margin_vs_margin_harder_variable,1.4859942891369484,43,dense,400,0,400,1.0
margin_vs_margin_harder_variable,1.640670712015276,44,dense,400,0,400,1.0
margin_vs_margin_harder_variable,1.640670712015276,45,dense,400,0,400,1.0
margin_vs_margin_harder_variable,1.640670712015276,46,dense,400,0,400,1.0
margin_vs_margin_harder_variable,1.640670712015276,47,dense,400,0,400,1.0
margin_vs_margin_harder_variable,1.640670712015276,48,dense,400,0,400,1.0
margin_vs_margin_harder_variable,1.640670712015276,49,dense,400,0,400,1.0
margin_vs_margin_harder_variable,1.640670712015276,50,dense,400,0,400,1.0
margin_vs_margin_harder_variable,1.640670712015276,51,dense,400,0,400,1.0
margin_vs_margin_harder_variable,1.8114473285278132,52,dense,400,0,400,1.0
margin_vs_margin_harder_variable,1.8114473285278132,53,dense,400,0,400,1.0
margin_vs_margin_harder_variable,1.8114473285278132,54,dense,400,0,400,1.0
margin_vs_margin_harder_variable,1.8114473285278132,55,dense,400,0,400,1.0
margin_vs_margin_harder_variable,1.8114473285278132,56,dense,400,0,400,1.0
margin_vs_margin_harder_variable,1.8114473285278132,57,dense,400,0,400,1.0
margin_vs_margin_harder_variable,1.8114473285278132,58,dense,400,0,400,1.0
margin_vs_margin_harder_variable,1.8114473285278132,59,dense,400,0,400,1.0
margin_vs_margin_harder_variable,2.0,60,dense,400,0,400,1.0
margin_vs_margin_harder_variable,2.0,61,dense,400,0,400,1.0
margin_vs_margin_harder_variable,2.0,62,dense,400,0,400,1.0
margin_vs_margin_harder_variable,2.0,63,dense,400,0,400,1.0
margin_vs_margin_harder_variable,2.0,64,dense,400,0,400,1.0
margin_vs_margin_harder_variable,2.0,65,dense,400,0,400,1.0
margin_vs_margin_harder_variable,2.0,66,dense,400,0,400,1.0
margin_vs_margin_harder_variable,2.0,67,dense,400,0,400,1.0
margin_vs_margin_harder_variable,1.2190136542044754,68,tighten,400,330,70,0.175
margin_vs_margin_harder_variable,1.2190136542044754,69,tighten,400,314,86,0.215
margin_vs_margin_harder_variable,1.2190136542044754,70,tighten,400,400,0,0.0
margin_vs_margin_harder_variable,1.2190136542044754,71,tighten,400,0,400,1.0
margin_vs_margin_harder_variable,1.2190136542044754,72,tighten,400,298,102,0.255
margin_vs_margin_harder_variable,1.2190136542044754,73,tighten,400,300,100,0.25
margin_vs_margin_harder_variable,1.2190136542044754,74,tighten,400,327,73,0.1825
margin_vs_margin_harder_variable,1.2190136542044754,75,tighten,400,304,96,0.24
margin_vs_margin_harder_variable,1.2190136542044754,76,tighten,400,201,199,0.4975
margin_vs_margin_harder_variable,1.2190136542044754,77,tighten,400,317,83,0.2075
margin_vs_margin_harder_variable,1.2190136542044754,78,tighten,400,314,86,0.215
margin_vs_margin_harder_variable,1.2190136542044754,79,tighten,400,0,400,1.0
margin_vs_margin_harder_variable,1.2190136542044754,80,tighten,400,0,400,1.0
margin_vs_margin_harder_variable,1.2190136542044754,81,tighten,400,301,99,0.2475
margin_vs_margin_harder_variable,1.2190136542044754,82,tighten,400,0,400,1.0
margin_vs_margin_harder_variable,1.2190136542044754,83,tighten,400,318,82,0.205
margin_vs_margin_harder_variable,1.2190136542044754,84,tighten,400,0,400,1.0
margin_vs_margin_harder_variable,1.2190136542044754,85,tighten,400,331,69,0.1725
margin_vs_margin_harder_variable,1.2190136542044754,86,tighten,400,309,91,0.2275
margin_vs_margin_harder_variable,1.2190136542044754,87,tighten,400,312,88,0.22
margin_vs_margin_harder_variable,1.2190136542044754,88,tighten,400,296,104,0.26
margin_vs_margin_harder_variable,1.2190136542044754,89,tighten,400,306,94,0.235
margin_vs_margin_harder_variable,1.2190136542044754,90,tighten,400,300,100,0.25
margin_vs_margin_harder_variable,1.2190136542044754,91,tighten,400,150,250,0.625
margin_vs_margin_harder_variable,1.2190136542044754,92,tighten,400,400,0,0.0
margin_vs_margin_harder_variable,1.2190136542044754,93,tighten,400,327,73,0.1825
margin_vs_margin_harder_variable,1.2190136542044754,94,tighten,400,208,192,0.48
margin_vs_margin_harder_variable,1.2190136542044754,95,tighten,400,199,201,0.5025
margin_vs_margin_harder_variable,1.2190136542044754,96,tighten,400,316,84,0.21
margin_vs_margin_harder_variable,1.2190136542044754,97,tighten,400,193,207,0.5175
margin_vs_margin_harder_variable,1.2190136542044754,98,tighten,400,320,80,0.2
margin_vs_margin_harder_variable,1.2190136542044754,99,tighten,400,316,84,0.21
margin_vs_margin_harder_variable,1.2190136542044754,100,tighten,400,399,1,0.0025
margin_vs_margin_harder_variable,1.2190136542044754,101,tighten,400,210,190,0.475
margin_vs_margin_harder_variable,1.2190136542044754,102,tighten,400,203,197,0.4925
margin_vs_margin_harder_variable,1.2190136542044754,103,tighten,400,218,182,0.455
margin_vs_margin_harder_variable,1.2190136542044754,104,tighten,400,288,112,0.28
margin_vs_margin_harder_variable,1.2190136542044754,105,tighten,400,196,204,0.51
margin_vs_margin_harder_variable,1.2190136542044754,106,tighten,400,298,102,0.255
margin_vs_margin_harder_variable,1.2190136542044754,107,tighten,400,241,159,0.3975
margin_vs_margin_harder_variable,1.2190136542044754,108,tighten,400,400,0,0.0
margin_vs_margin_harder_variable,1.2190136542044754,109,tighten,400,282,118,0.295
margin_vs_margin_harder_variable,1.2190136542044754,110,tighten,400,303,97,0.2425
margin_vs_margin_harder_variable,1.2190136542044754,111,tighten,400,316,84,0.21
margin_vs_margin_harder_variable,1.2190136542044754,112,tighten,400,328,72,0.18
margin_vs_margin_harder_variable,1.2190136542044754,113,tighten,400,292,108,0.27
margin_vs_margin_harder_variable,1.2190136542044754,114,tighten,400,316,84,0.21
margin_vs_margin_harder_variable,1.2190136542044754,115,tighten,400,305,95,0.2375
margin_vs_margin_harder_variable,1.2190136542044754,116,tighten,400,201,199,0.4975
margin_vs_margin_harder_variable,1.2190136542044754,117,tighten,400,98,302,0.755
margin_vs_margin_harder_variable,1.2190136542044754,118,tighten,400,267,133,0.3325
margin_vs_margin_harder_variable,1.2190136542044754,119,tighten,400,306,94,0.235
margin_vs_margin_harder_variable,1.2190136542044754,120,tighten,400,282,118,0.295
margin_vs_margin_harder_variable,1.2190136542044754,121,tighten,400,295,105,0.2625
margin_vs_margin_harder_variable,1.2190136542044754,122,tighten,400,292,108,0.27
margin_vs_margin_harder_variable,1.2190136542044754,123,tighten,400,197,203,0.5075
margin_vs_margin_harder_variable,1.2190136542044754,124,tighten,400,296,104,0.26
margin_vs_margin_harder_variable,1.2190136542044754,125,tighten,400,400,0,0.0
margin_vs_margin_harder_variable,1.2190136542044754,126,tighten,400,359,41,0.1025
margin_vs_margin_harder_variable,1.2190136542044754,127,tighten,400,304,96,0.24
margin_vs_margin_harder_variable,1.2190136542044754,128,tighten,400,307,93,0.2325
margin_vs_margin_harder_variable,1.2190136542044754,129,tighten,400,305,95,0.2375
margin_vs_margin_harder_variable,1.2190136542044754,130,tighten,400,298,102,0.255
margin_vs_margin_harder_variable,1.2190136542044754,131,tighten,400,199,201,0.5025
margin_vs_margin_harder_variable,1.2190136542044754,132,tighten,400,307,93,0.2325
margin_vs_margin_harder_variable,1.2190136542044754,133,tighten,400,214,186,0.465
margin_vs_margin_harder_variable,1.2190136542044754,134,tighten,400,296,104,0.26
margin_vs_margin_harder_variable,1.2190136542044754,135,tighten,400,104,296,0.74
margin_vs_margin_harder_variable,1.2190136542044754,136,tighten,400,301,99,0.2475
margin_vs_margin_harder_variable,1.2190136542044754,137,tighten,400,0,400,1.0
margin_vs_margin_harder_variable,1.2190136542044754,138,tighten,400,290,110,0.275
margin_vs_margin_harder_variable,1.2190136542044754,139,tighten,400,303,97,0.2425
margin_vs_margin_harder_variable,1.2190136542044754,140,tighten,400,303,97,0.2425
margin_vs_margin_harder_variable,1.2190136542044754,141,tighten,400,374,26,0.065
margin_vs_margin_harder_variable,1.2190136542044754,142,tighten,400,310,90,0.225
margin_vs_margin_harder_variable,1.2190136542044754,143,tighten,400,320,80,0.2
margin_vs_margin_harder_variable,1.2190136542044754,144,tighten,400,303,97,0.2425
margin_vs_margin_harder_variable,1.2190136542044754,145,tighten,400,304,96,0.24
margin_vs_margin_harder_variable,1.2190136542044754,146,tighten,400,300,100,0.25
margin_vs_margin_harder_variable,1.2190136542044754,147,tighten,400,299,101,0.2525
margin_vs_margin_harder_variable,1.2190136542044754,148,tighten,400,301,99,0.2475
margin_vs_margin_harder_variable,1.2190136542044754,149,tighten,400,241,159,0.3975
margin_vs_margin_harder_variable,1.2190136542044754,150,tighten,400,400,0,0.0
margin_vs_margin_harder_variable,1.2190136542044754,151,tighten,400,203,197,0.4925
margin_vs_margin_harder_variable,1.2190136542044754,152,tighten,400,90,310,0.775
margin_vs_margin_harder_variable,1.2190136542044754,153,tighten,400,190,210,0.525
margin_vs_margin_harder_variable,1.2190136542044754,154,tighten,400,400,0,0.0
margin_vs_margin_harder_variable,1.2190136542044754,155,tighten,400,279,121,0.3025
margin_vs_margin_harder_variable,1.2190136542044754,156,tighten,400,185,215,0.5375
margin_vs_margin_harder_variable,1.2190136542044754,157,tighten,400,313,87,0.2175
margin_vs_margin_harder_variable,1.2190136542044754,158,tighten,400,301,99,0.2475
margin_vs_margin_harder_variable,1.2190136542044754,159,tighten,400,37,363,0.9075
margin_vs_margin_harder_variable,1.2190136542044754,160,tighten,400,0,400,1.0
margin_vs_margin_harder_variable,1.2190136542044754,161,tighten,400,211,189,0.4725
margin_vs_margin_harder_variable,1.2190136542044754,162,tighten,400,400,0,0.0
margin_vs_margin_harder_variable,1.2190136542044754,163,tighten,400,230,170,0.425
margin_vs_margin_harder_variable,1.2190136542044754,164,tighten,400,300,100,0.25
margin_vs_margin_harder_variable,1.2190136542044754,165,tighten,400,400,0,0.0
margin_vs_margin_harder_variable,1.2190136542044754,166,tighten,400,312,88,0.22
margin_vs_margin_harder_variable,1.2190136542044754,167,tighten,400,311,89,0.2225
margin_vs_margin_harder_variable,1.2190136542044754,168,tighten,400,55,345,0.8625
margin_vs_margin_harder_variable,1.2190136542044754,169,tighten,400,201,199,0.4975
margin_vs_margin_harder_variable,1.2190136542044754,170,tighten,400,304,96,0.24
margin_vs_margin_harder_variable,1.2190136542044754,171,tighten,400,176,224,0.56
margin_vs_margin_harder_variable,1.2190136542044754,172,tighten,400,184,216,0.54
margin_vs_margin_harder_variable,1.2190136542044754,173,tighten,400,69,331,0.8275
margin_vs_margin_harder_variable,1.2190136542044754,174,tighten,400,194,206,0.515
margin_vs_margin_harder_variable,1.2190136542044754,175,tighten,400,400,0,0.0
margin_vs_margin_harder_variable,1.2190136542044754,176,tighten,400,0,400,1.0
margin_vs_margin_harder_variable,1.2190136542044754,177,tighten,400,314,86,0.215
margin_vs_margin_harder_variable,1.2190136542044754,178,tighten,400,204,196,0.49
margin_vs_margin_harder_variable,1.2190136542044754,179,tighten,400,294,106,0.265
margin_vs_margin_harder_variable,1.2190136542044754,180,tighten,400,104,296,0.74
margin_vs_margin_harder_variable,1.2190136542044754,181,tighten,400,305,95,0.2375
margin_vs_margin_harder_variable,1.2190136542044754,182,tighten,400,183,217,0.5425
margin_vs_margin_harder_variable,1.2190136542044754,183,tighten,400,317,83,0.2075
margin_vs_margin_harder_variable,1.2190136542044754,184,tighten,400,225,175,0.4375
margin_vs_margin_harder_variable,1.2190136542044754,185,tighten,400,319,81,0.2025
margin_vs_margin_harder_variable,1.2190136542044754,186,tighten,400,302,98,0.245
margin_vs_margin_harder_variable,1.2190136542044754,187,tighten,400,298,102,0.255
margin_vs_margin_harder_variable,1.2190136542044754,188,tighten,400,287,113,0.2825
margin_vs_margin_harder_variable,1.2190136542044754,189,tighten,400,0,400,1.0
margin_vs_margin_harder_variable,1.2190136542044754,190,tighten,400,0,400,1.0
margin_vs_margin_harder_variable,1.2190136542044754,191,tighten,400,0,400,1.0
margin_vs_margin_harder_variable,1.2190136542044754,192,tighten,400,312,88,0.22
margin_vs_margin_harder_variable,1.2190136542044754,193,tighten,400,297,103,0.2575
margin_vs_margin_harder_variable,1.2190136542044754,194,tighten,400,255,145,0.3625
margin_vs_margin_harder_variable,1.2190136542044754,195,tighten,400,400,0,0.0
margin_vs_margin_harder_variable,1.2190136542044754,196,tighten,400,0,400,1.0
margin_vs_margin_harder_variable,1.2190136542044754,197,tighten,400,0,400,1.0
margin_vs_margin_harder_variable,1.2190136542044754,198,tighten,400,318,82,0.205
margin_vs_margin_harder_variable,1.2190136542044754,199,tighten,400,311,89,0.2225
margin_vs_margin_harder_variable,1.2190136542044754,200,tighten,400,315,85,0.2125
margin_vs_margin_harder_variable,1.2190136542044754,201,tighten,400,301,99,0.2475
margin_vs_margin_harder_variable,1.2190136542044754,202,tighten,400,315,85,0.2125
margin_vs_margin_harder_variable,1.2190136542044754,203,tighten,400,311,89,0.2225
margin_vs_margin_harder_variable,1.2190136542044754,204,tighten,400,191,209,0.5225
margin_vs_margin_harder_variable,1.2190136542044754,205,tighten,400,286,114,0.285
margin_vs_margin_harder_variable,1.2190136542044754,206,tighten,400,400,0,0.0
margin_vs_margin_harder_variable,1.2190136542044754,207,tighten,400,295,105,0.2625
margin_vs_margin_harder_variable,1.2190136542044754,208,tighten,400,302,98,0.245
margin_vs_margin_harder_variable,1.2190136542044754,209,tighten,400,0,400,1.0
margin_vs_margin_harder_variable,1.2190136542044754,210,tighten,400,303,97,0.2425
margin_vs_margin_harder_variable,1.2190136542044754,211,tighten,400,315,85,0.2125
margin_vs_margin_harder_variable,1.2190136542044754,212,tighten,400,309,91,0.2275
margin_vs_margin_harder_variable,1.2190136542044754,213,tighten,400,0,400,1.0
margin_vs_margin_harder_variable,1.2190136542044754,214,tighten,400,93,307,0.7675
margin_vs_margin_harder_variable,1.2190136542044754,215,tighten,400,233,167,0.4175
margin_vs_margin_harder_variable,1.2190136542044754,216,tighten,400,293,107,0.2675
margin_vs_margin_harder_variable,1.2190136542044754,217,tighten,400,0,400,1.0
margin_vs_margin_harder_variable,1.2190136542044754,218,tighten,400,309,91,0.2275
margin_vs_margin_harder_variable,1.2190136542044754,219,tighten,400,317,83,0.2075
margin_vs_margin_harder_variable,1.2190136542044754,220,tighten,400,203,197,0.4925
margin_vs_margin_harder_variable,1.2190136542044754,221,tighten,400,216,184,0.46
margin_vs_margin_harder_variable,1.2190136542044754,222,tighten,400,238,162,0.405
margin_vs_margin_harder_variable,1.2190136542044754,223,tighten,400,100,300,0.75
margin_vs_margin_harder_variable,1.2190136542044754,224,tighten,400,400,0,0.0
margin_vs_margin_harder_variable,1.2190136542044754,225,tighten,400,309,91,0.2275
margin_vs_margin_harder_variable,1.2190136542044754,226,tighten,400,222,178,0.445
margin_vs_margin_harder_variable,1.2190136542044754,227,tighten,400,400,0,0.0
margin_vs_margin_harder_variable,1.2190136542044754,228,tighten,400,207,193,0.4825
margin_vs_margin_harder_variable,1.2190136542044754,229,tighten,400,191,209,0.5225
margin_vs_margin_harder_variable,1.2190136542044754,230,tighten,400,310,90,0.225
margin_vs_margin_harder_variable,1.2190136542044754,231,tighten,400,306,94,0.235
margin_vs_margin_harder_variable,1.2190136542044754,232,tighten,400,166,234,0.585
margin_vs_margin_harder_variable,1.2190136542044754,233,tighten,400,313,87,0.2175
margin_vs_margin_harder_variable,1.2190136542044754,234,tighten,400,400,0,0.0
margin_vs_margin_harder_variable,1.2190136542044754,235,tighten,400,211,189,0.4725
margin_vs_margin_harder_variable,1.2190136542044754,236,tighten,400,395,5,0.0125
margin_vs_margin_harder_variable,1.2190136542044754,237,tighten,400,207,193,0.4825
margin_vs_margin_harder_variable,1.2190136542044754,238,tighten,400,294,106,0.265
margin_vs_margin_harder_variable,1.2190136542044754,239,tighten,400,0,400,1.0
margin_vs_margin_harder_variable,1.2190136542044754,240,tighten,400,209,191,0.4775
margin_vs_margin_harder_variable,1.2190136542044754,241,tighten,400,193,207,0.5175
margin_vs_margin_harder_variable,1.2190136542044754,242,tighten,400,313,87,0.2175
margin_vs_margin_harder_variable,1.2190136542044754,243,tighten,400,313,87,0.2175
margin_vs_margin_harder_variable,1.2190136542044754,244,tighten,400,305,95,0.2375
margin_vs_margin_harder_variable,1.2190136542044754,245,tighten,400,303,97,0.2425
margin_vs_margin_harder_variable,1.2190136542044754,246,tighten,400,305,95,0.2375
margin_vs_margin_harder_variable,1.2190136542044754,247,tighten,400,311,89,0.2225
margin_vs_margin_harder_variable,1.2190136542044754,248,tighten,400,201,199,0.4975
margin_vs_margin_harder_variable,1.2190136542044754,249,tighten,400,125,275,0.6875
margin_vs_margin_harder_variable,1.2190136542044754,250,tighten,400,316,84,0.21
margin_vs_margin_harder_variable,1.2190136542044754,251,tighten,400,308,92,0.23
margin_vs_margin_harder_variable,1.2190136542044754,252,tighten,400,194,206,0.515
margin_vs_margin_harder_variable,1.2190136542044754,253,tighten,400,0,400,1.0
margin_vs_margin_harder_variable,1.2190136542044754,254,tighten,400,62,338,0.845
margin_vs_margin_harder_variable,1.2190136542044754,255,tighten,400,218,182,0.455
margin_vs_margin_harder_variable,1.2190136542044754,256,tighten,400,306,94,0.235
margin_vs_margin_harder_variable,1.2190136542044754,257,tighten,400,180,220,0.55
margin_vs_margin_harder_variable,1.2190136542044754,258,tighten,400,299,101,0.2525
margin_vs_margin_harder_variable,1.2190136542044754,259,tighten,400,312,88,0.22
margin_vs_margin_harder_variable,1.2190136542044754,260,tighten,400,290,110,0.275
margin_vs_margin_harder_variable,1.2190136542044754,261,tighten,400,298,102,0.255
margin_vs_margin_harder_variable,1.2190136542044754,262,tighten,400,303,97,0.2425
margin_vs_margin_harder_variable,1.2190136542044754,263,tighten,400,306,94,0.235
margin_vs_margin_harder_variable,1.2190136542044754,264,tighten,400,0,400,1.0
margin_vs_margin_harder_variable,1.2190136542044754,265,tighten,400,0,400,1.0
margin_vs_margin_harder_variable,1.2190136542044754,266,tighten,400,210,190,0.475
margin_vs_margin_harder_variable,1.2190136542044754,267,tighten,400,295,105,0.2625
margin_vs_margin_harder_variable,1.2190136542044754,268,tighten,400,331,69,0.1725
margin_vs_margin_harder_variable,1.2190136542044754,269,tighten,400,303,97,0.2425
margin_vs_margin_harder_variable,1.2190136542044754,270,tighten,400,0,400,1.0
margin_vs_margin_harder_variable,1.2190136542044754,271,tighten,400,114,286,0.715
margin_vs_margin_harder_variable,1.2190136542044754,272,tighten,400,358,42,0.105
margin_vs_margin_harder_variable,1.2190136542044754,273,tighten,400,226,174,0.435
margin_vs_margin_harder_variable,1.2190136542044754,274,tighten,400,274,126,0.315
margin_vs_margin_harder_variable,1.2190136542044754,275,tighten,400,400,0,0.0
margin_vs_margin_harder_variable,1.2190136542044754,276,tighten,400,309,91,0.2275
margin_vs_margin_harder_variable,1.2190136542044754,277,tighten,400,312,88,0.22
margin_vs_margin_harder_variable,1.2190136542044754,278,tighten,400,400,0,0.0
margin_vs_margin_harder_variable,1.2190136542044754,279,tighten,400,304,96,0.24
margin_vs_margin_harder_variable,1.2190136542044754,280,tighten,400,310,90,0.225
margin_vs_margin_harder_variable,1.2190136542044754,281,tighten,400,322,78,0.195
margin_vs_margin_harder_variable,1.2190136542044754,282,tighten,400,303,97,0.2425
margin_vs_margin_harder_variable,1.2190136542044754,283,tighten,400,306,94,0.235
margin_vs_margin_harder_variable,1.2190136542044754,284,tighten,400,325,75,0.1875
margin_vs_margin_harder_variable,1.2190136542044754,285,tighten,400,229,171,0.4275
margin_vs_margin_harder_variable,1.2190136542044754,286,tighten,400,307,93,0.2325
margin_vs_margin_harder_variable,1.2190136542044754,287,tighten,400,291,109,0.2725
margin_vs_margin_harder_variable,1.2190136542044754,288,tighten,400,235,165,0.4125
margin_vs_margin_harder_variable,1.2190136542044754,289,tighten,400,295,105,0.2625
margin_vs_margin_harder_variable,1.2190136542044754,290,tighten,400,0,400,1.0
margin_vs_margin_harder_variable,1.2190136542044754,291,tighten,400,185,215,0.5375
margin_vs_margin_harder_variable,1.2190136542044754,292,tighten,400,338,62,0.155
margin_vs_margin_harder_variable,1.2190136542044754,293,tighten,400,302,98,0.245
margin_vs_margin_harder_variable,1.2190136542044754,294,tighten,400,217,183,0.4575
margin_vs_margin_harder_variable,1.2190136542044754,295,tighten,400,310,90,0.225
margin_vs_margin_harder_variable,1.2190136542044754,296,tighten,400,308,92,0.23
margin_vs_margin_harder_variable,1.2190136542044754,297,tighten,400,311,89,0.2225
margin_vs_margin_harder_variable,1.2190136542044754,298,tighten,400,197,203,0.5075
margin_vs_margin_harder_variable,1.2190136542044754,299,tighten,400,311,89,0.2225
margin_vs_margin_harder_variable,1.2190136542044754,300,tighten,400,169,231,0.5775
margin_vs_margin_harder_variable,1.2190136542044754,301,tighten,400,314,86,0.215
margin_vs_margin_harder_variable,1.2190136542044754,302,tighten,400,295,105,0.2625
margin_vs_margin_harder_variable,1.2190136542044754,303,tighten,400,183,217,0.5425
margin_vs_margin_harder_variable,1.2190136542044754,304,tighten,400,293,107,0.2675
margin_vs_margin_harder_variable,1.2190136542044754,305,tighten,400,298,102,0.255
margin_vs_margin_harder_variable,1.2190136542044754,306,tighten,400,292,108,0.27
margin_vs_margin_harder_variable,1.2190136542044754,307,tighten,400,374,26,0.065
margin_vs_margin_harder_variable,1.2190136542044754,308,tighten,400,188,212,0.53
margin_vs_margin_harder_variable,1.2190136542044754,309,tighten,400,201,199,0.4975
margin_vs_margin_harder_variable,1.2190136542044754,310,tighten,400,218,182,0.455
margin_vs_margin_harder_variable,1.2190136542044754,311,tighten,400,305,95,0.2375
margin_vs_margin_harder_variable,1.2190136542044754,312,tighten,400,0,400,1.0
margin_vs_margin_harder_variable,1.2190136542044754,313,tighten,400,384,16,0.04
margin_vs_margin_harder_variable,1.2190136542044754,314,tighten,400,314,86,0.215
margin_vs_margin_harder_variable,1.2190136542044754,315,tighten,400,207,193,0.4825
margin_vs_margin_harder_variable,1.2190136542044754,316,tighten,400,302,98,0.245
margin_vs_margin_harder_variable,1.2190136542044754,317,tighten,400,304,96,0.24
margin_vs_margin_harder_variable,1.2190136542044754,318,tighten,400,293,107,0.2675
margin_vs_margin_harder_variable,1.2190136542044754,319,tighten,400,307,93,0.2325
margin_vs_margin_harder_variable,1.2190136542044754,320,tighten,400,317,83,0.2075
margin_vs_margin_harder_variable,1.2190136542044754,321,tighten,400,211,189,0.4725
margin_vs_margin_harder_variable,1.2190136542044754,322,tighten,400,38,362,0.905
margin_vs_margin_harder_variable,1.2190136542044754,323,tighten,400,203,197,0.4925
margin_vs_margin_harder_variable,1.2190136542044754,324,tighten,400,305,95,0.2375
margin_vs_margin_harder_variable,1.2190136542044754,325,tighten,400,302,98,0.245
margin_vs_margin_harder_variable,1.2190136542044754,326,tighten,400,324,76,0.19
margin_vs_margin_harder_variable,1.2190136542044754,327,tighten,400,304,96,0.24
margin_vs_margin_harder_variable,1.2190136542044754,328,tighten,400,206,194,0.485
margin_vs_margin_harder_variable,1.2190136542044754,329,tighten,400,308,92,0.23
margin_vs_margin_harder_variable,1.2190136542044754,330,tighten,400,223,177,0.4425
margin_vs_margin_harder_variable,1.2190136542044754,331,tighten,400,400,0,0.0
margin_vs_margin_harder_variable,1.2190136542044754,332,tighten,400,296,104,0.26
margin_vs_margin_harder_variable,1.2190136542044754,333,tighten,400,295,105,0.2625
margin_vs_margin_harder_variable,1.2190136542044754,334,tighten,400,205,195,0.4875
margin_vs_margin_harder_variable,1.2190136542044754,335,tighten,400,0,400,1.0
margin_vs_margin_harder_variable,1.2190136542044754,336,tighten,400,304,96,0.24
margin_vs_margin_harder_variable,1.2190136542044754,337,tighten,400,323,77,0.1925
margin_vs_margin_harder_variable,1.2190136542044754,338,tighten,400,301,99,0.2475
margin_vs_margin_harder_variable,1.2190136542044754,339,tighten,400,188,212,0.53
margin_vs_margin_harder_variable,1.2190136542044754,340,tighten,400,311,89,0.2225
margin_vs_margin_harder_variable,1.2190136542044754,341,tighten,400,326,74,0.185
margin_vs_margin_harder_variable,1.2190136542044754,342,tighten,400,0,400,1.0
margin_vs_margin_harder_variable,1.2190136542044754,343,tighten,400,305,95,0.2375
margin_vs_margin_harder_variable,1.2190136542044754,344,tighten,400,289,111,0.2775
margin_vs_margin_harder_variable,1.2190136542044754,345,tighten,400,316,84,0.21
margin_vs_margin_harder_variable,1.2190136542044754,346,tighten,400,0,400,1.0
margin_vs_margin_harder_variable,1.2190136542044754,347,tighten,400,311,89,0.2225
margin_vs_margin_harder_variable,1.2190136542044754,348,tighten,400,233,167,0.4175
margin_vs_margin_harder_variable,1.2190136542044754,349,tighten,400,311,89,0.2225
margin_vs_margin_harder_variable,1.2190136542044754,350,tighten,400,400,0,0.0
margin_vs_margin_harder_variable,1.2190136542044754,351,tighten,400,223,177,0.4425
margin_vs_margin_harder_variable,1.2190136542044754,352,tighten,400,329,71,0.1775
margin_vs_margin_harder_variable,1.2190136542044754,353,tighten,400,205,195,0.4875
margin_vs_margin_harder_variable,1.2190136542044754,354,tighten,400,207,193,0.4825
margin_vs_margin_harder_variable,1.2190136542044754,355,tighten,400,100,300,0.75
margin_vs_margin_harder_variable,1.2190136542044754,356,tighten,400,0,400,1.0
margin_vs_margin_harder_variable,1.2190136542044754,357,tighten,400,289,111,0.2775
margin_vs_margin_harder_variable,1.2190136542044754,358,tighten,400,182,218,0.545
margin_vs_margin_harder_variable,1.2190136542044754,359,tighten,400,208,192,0.48
margin_vs_margin_harder_variable,1.2190136542044754,360,tighten,400,0,400,1.0
margin_vs_margin_harder_variable,1.2190136542044754,361,tighten,400,295,105,0.2625
margin_vs_margin_harder_variable,1.2190136542044754,362,tighten,400,400,0,0.0
margin_vs_margin_harder_variable,1.2190136542044754,363,tighten,400,314,86,0.215
margin_vs_margin_harder_variable,1.2190136542044754,364,tighten,400,210,190,0.475
margin_vs_margin_harder_variable,1.2190136542044754,365,tighten,400,312,88,0.22
margin_vs_margin_harder_variable,1.2190136542044754,366,tighten,400,305,95,0.2375
margin_vs_margin_harder_variable,1.2190136542044754,367,tighten,400,400,0,0.0
margin_vs_margin_harder_variable,1.2190136542044754,368,tighten,400,110,290,0.725
margin_vs_margin_harder_variable,1.2190136542044754,369,tighten,400,309,91,0.2275
margin_vs_margin_harder_variable,1.2190136542044754,370,tighten,400,329,71,0.1775
margin_vs_margin_harder_variable,1.2190136542044754,371,tighten,400,299,101,0.2525
margin_vs_margin_harder_variable,1.2190136542044754,372,tighten,400,307,93,0.2325
margin_vs_margin_harder_variable,1.2190136542044754,373,tighten,400,200,200,0.5
margin_vs_margin_harder_variable,1.2190136542044754,374,tighten,400,183,217,0.5425
margin_vs_margin_harder_variable,1.2190136542044754,375,tighten,400,302,98,0.245
margin_vs_margin_harder_variable,1.2190136542044754,376,tighten,400,295,105,0.2625
margin_vs_margin_harder_variable,1.2190136542044754,377,tighten,400,275,125,0.3125
margin_vs_margin_harder_variable,1.2190136542044754,378,tighten,400,227,173,0.4325
margin_vs_margin_harder_variable,1.2190136542044754,379,tighten,400,80,320,0.8
margin_vs_margin_harder_variable,1.2190136542044754,380,tighten,400,94,306,0.765
margin_vs_margin_harder_variable,1.2190136542044754,381,tighten,400,301,99,0.2475
margin_vs_margin_harder_variable,1.2190136542044754,382,tighten,400,319,81,0.2025
margin_vs_margin_harder_variable,1.2190136542044754,383,tighten,400,383,17,0.0425
margin_vs_margin_harder_variable,1.2190136542044754,384,tighten,400,99,301,0.7525
margin_vs_margin_harder_variable,1.2190136542044754,385,tighten,400,134,266,0.665
margin_vs_margin_harder_variable,1.2190136542044754,386,tighten,400,322,78,0.195
margin_vs_margin_harder_variable,1.2190136542044754,387,tighten,400,177,223,0.5575
margin_vs_margin_harder_variable,1.2190136542044754,388,tighten,400,322,78,0.195
margin_vs_margin_harder_variable,1.2190136542044754,389,tighten,400,314,86,0.215
margin_vs_margin_harder_variable,1.2190136542044754,390,tighten,400,187,213,0.5325
margin_vs_margin_harder_variable,1.2190136542044754,391,tighten,400,305,95,0.2375
margin_vs_margin_harder_variable,1.2190136542044754,392,tighten,400,400,0,0.0
margin_vs_margin_harder_variable,1.2190136542044754,393,tighten,400,207,193,0.4825
margin_vs_margin_harder_variable,1.2190136542044754,394,tighten,400,311,89,0.2225
margin_vs_margin_harder_variable,1.2190136542044754,395,tighten,400,298,102,0.255
margin_vs_margin_harder_variable,1.2190136542044754,396,tighten,400,0,400,1.0
margin_vs_margin_harder_variable,1.2190136542044754,397,tighten,400,295,105,0.2625
margin_vs_margin_harder_variable,1.2190136542044754,398,tighten,400,311,89,0.2225
margin_vs_margin_harder_variable,1.2190136542044754,399,tighten,400,310,90,0.225
margin_vs_margin_harder_variable,1.2190136542044754,400,tighten,400,311,89,0.2225
margin_vs_margin_harder_variable,1.2190136542044754,401,tighten,400,309,91,0.2275
margin_vs_margin_harder_variable,1.2190136542044754,402,tighten,400,12,388,0.97
margin_vs_margin_harder_variable,1.2190136542044754,403,tighten,400,222,178,0.445
margin_vs_margin_harder_variable,1.2190136542044754,404,tighten,400,305,95,0.2375
margin_vs_margin_harder_variable,1.2190136542044754,405,tighten,400,88,312,0.78
margin_vs_margin_harder_variable,1.2190136542044754,406,tighten,400,286,114,0.285
margin_vs_margin_harder_variable,1.2190136542044754,407,tighten,400,297,103,0.2575
margin_vs_margin_harder_variable,1.2190136542044754,408,tighten,400,225,175,0.4375
margin_vs_margin_harder_variable,1.2190136542044754,409,tighten,400,304,96,0.24
margin_vs_margin_harder_variable,1.2190136542044754,410,tighten,400,208,192,0.48
margin_vs_margin_harder_variable,1.2190136542044754,411,tighten,400,207,193,0.4825
margin_vs_margin_harder_variable,1.2190136542044754,412,tighten,400,202,198,0.495
margin_vs_margin_harder_variable,1.2190136542044754,413,tighten,400,0,400,1.0
margin_vs_margin_harder_variable,1.2190136542044754,414,tighten,400,181,219,0.5475
margin_vs_margin_harder_variable,1.2190136542044754,415,tighten,400,0,400,1.0
margin_vs_margin_harder_variable,1.2190136542044754,416,tighten,400,102,298,0.745
margin_vs_margin_harder_variable,1.2190136542044754,417,tighten,400,0,400,1.0
margin_vs_margin_harder_variable,1.2190136542044754,418,tighten,400,346,54,0.135
margin_vs_margin_harder_variable,1.2190136542044754,419,tighten,400,285,115,0.2875
margin_vs_margin_harder_variable,1.2190136542044754,420,tighten,400,400,0,0.0
margin_vs_margin_harder_variable,1.2190136542044754,421,tighten,400,330,70,0.175
margin_vs_margin_harder_variable,1.2190136542044754,422,tighten,400,314,86,0.215
margin_vs_margin_harder_variable,1.2190136542044754,423,tighten,400,215,185,0.4625
margin_vs_margin_harder_variable,1.2190136542044754,424,tighten,400,0,400,1.0
margin_vs_margin_harder_variable,1.2190136542044754,425,tighten,400,400,0,0.0
margin_vs_margin_harder_variable,1.2190136542044754,426,tighten,400,400,0,0.0
margin_vs_margin_harder_variable,1.2190136542044754,427,tighten,400,400,0,0.0
margin_vs_margin_harder_variable,1.2190136542044754,428,tighten,400,296,104,0.26
margin_vs_margin_harder_variable,1.2190136542044754,429,tighten,400,0,400,1.0
margin_vs_margin_harder_variable,1.2190136542044754,430,tighten,400,295,105,0.2625
margin_vs_margin_harder_variable,1.2190136542044754,431,tighten,400,0,400,1.0
margin_vs_margin_harder_variable,1.2190136542044754,432,tighten,400,204,196,0.49
margin_vs_margin_harder_variable,1.2190136542044754,433,tighten,400,271,129,0.3225
margin_vs_margin_harder_variable,1.2190136542044754,434,tighten,400,309,91,0.2275
margin_vs_margin_harder_variable,1.2190136542044754,435,tighten,400,154,246,0.615
margin_vs_margin_harder_variable,1.2190136542044754,436,tighten,400,1,399,0.9975
margin_vs_margin_harder_variable,1.2190136542044754,437,tighten,400,197,203,0.5075
margin_vs_margin_harder_variable,1.2190136542044754,438,tighten,400,308,92,0.23
margin_vs_margin_harder_variable,1.2190136542044754,439,tighten,400,286,114,0.285
margin_vs_margin_harder_variable,1.2190136542044754,440,tighten,400,316,84,0.21
margin_vs_margin_harder_variable,1.2190136542044754,441,tighten,400,298,102,0.255
margin_vs_margin_harder_variable,1.2190136542044754,442,tighten,400,319,81,0.2025
margin_vs_margin_harder_variable,1.2190136542044754,443,tighten,400,0,400,1.0
margin_vs_margin_harder_variable,1.2190136542044754,444,tighten,400,220,180,0.45
margin_vs_margin_harder_variable,1.2190136542044754,445,tighten,400,299,101,0.2525
margin_vs_margin_harder_variable,1.2190136542044754,446,tighten,400,320,80,0.2
margin_vs_margin_harder_variable,1.2190136542044754,447,tighten,400,220,180,0.45
margin_vs_margin_harder_variable,1.2190136542044754,448,tighten,400,400,0,0.0
margin_vs_margin_harder_variable,1.2190136542044754,449,tighten,400,226,174,0.435
margin_vs_margin_harder_variable,1.2190136542044754,450,tighten,400,400,0,0.0
margin_vs_margin_harder_variable,1.2190136542044754,451,tighten,400,294,106,0.265
margin_vs_margin_harder_variable,1.2190136542044754,452,tighten,400,298,102,0.255
margin_vs_margin_harder_variable,1.2190136542044754,453,tighten,400,198,202,0.505
margin_vs_margin_harder_variable,1.2190136542044754,454,tighten,400,305,95,0.2375
margin_vs_margin_harder_variable,1.2190136542044754,455,tighten,400,280,120,0.3
margin_vs_margin_harder_variable,1.2190136542044754,456,tighten,400,330,70,0.175
margin_vs_margin_harder_variable,1.2190136542044754,457,tighten,400,310,90,0.225
margin_vs_margin_harder_variable,1.2190136542044754,458,tighten,400,195,205,0.5125
margin_vs_margin_harder_variable,1.2190136542044754,459,tighten,400,199,201,0.5025
margin_vs_margin_harder_variable,1.2190136542044754,460,tighten,400,4,396,0.99
margin_vs_margin_harder_variable,1.2190136542044754,461,tighten,400,218,182,0.455
margin_vs_margin_harder_variable,1.2190136542044754,462,tighten,400,315,85,0.2125
margin_vs_margin_harder_variable,1.2190136542044754,463,tighten,400,224,176,0.44
margin_vs_margin_harder_variable,1.2190136542044754,464,tighten,400,388,12,0.03
margin_vs_margin_harder_variable,1.2190136542044754,465,tighten,400,313,87,0.2175
margin_vs_margin_harder_variable,1.2190136542044754,466,tighten,400,315,85,0.2125
margin_vs_margin_harder_variable,1.2190136542044754,467,tighten,400,400,0,0.0
margin_vs_margin_harder_variable,1.2190136542044754,468,tighten,400,400,0,0.0
margin_vs_margin_harder_variable,1.2190136542044754,469,tighten,400,0,400,1.0
margin_vs_margin_harder_variable,1.2190136542044754,470,tighten,400,297,103,0.2575
margin_vs_margin_harder_variable,1.2190136542044754,471,tighten,400,311,89,0.2225
margin_vs_margin_harder_variable,1.2190136542044754,472,tighten,400,211,189,0.4725
margin_vs_margin_harder_variable,1.2190136542044754,473,tighten,400,212,188,0.47
margin_vs_margin_harder_variable,1.2190136542044754,474,tighten,400,305,95,0.2375
margin_vs_margin_harder_variable,1.2190136542044754,475,tighten,400,222,178,0.445
margin_vs_margin_harder_variable,1.2190136542044754,476,tighten,400,14,386,0.965
margin_vs_margin_harder_variable,1.2190136542044754,477,tighten,400,292,108,0.27
margin_vs_margin_harder_variable,1.2190136542044754,478,tighten,400,213,187,0.4675
margin_vs_margin_harder_variable,1.2190136542044754,479,tighten,400,319,81,0.2025
margin_vs_margin_harder_variable,1.2190136542044754,480,tighten,400,320,80,0.2
margin_vs_margin_harder_variable,1.2190136542044754,481,tighten,400,307,93,0.2325
margin_vs_margin_harder_variable,1.2190136542044754,482,tighten,400,303,97,0.2425
margin_vs_margin_harder_variable,1.2190136542044754,483,tighten,400,206,194,0.485
margin_vs_margin_harder_variable,1.2190136542044754,484,tighten,400,211,189,0.4725
margin_vs_margin_harder_variable,1.2190136542044754,485,tighten,400,294,106,0.265
margin_vs_margin_harder_variable,1.2190136542044754,486,tighten,400,197,203,0.5075
margin_vs_margin_harder_variable,1.2190136542044754,487,tighten,400,322,78,0.195
margin_vs_margin_harder_variable,1.2190136542044754,488,tighten,400,310,90,0.225
margin_vs_margin_harder_variable,1.2190136542044754,489,tighten,400,400,0,0.0
margin_vs_margin_harder_variable,1.2190136542044754,490,tighten,400,301,99,0.2475
margin_vs_margin_harder_variable,1.2190136542044754,491,tighten,400,199,201,0.5025
margin_vs_margin_harder_variable,1.2190136542044754,492,tighten,400,189,211,0.5275
margin_vs_margin_harder_variable,1.2190136542044754,493,tighten,400,399,1,0.0025
margin_vs_margin_harder_variable,1.2190136542044754,494,tighten,400,0,400,1.0
margin_vs_margin_harder_variable,1.2190136542044754,495,tighten,400,0,400,1.0
margin_vs_margin_harder_variable,1.2190136542044754,496,tighten,400,400,0,0.0
margin_vs_margin_harder_variable,1.2190136542044754,497,tighten,400,300,100,0.25
margin_vs_margin_harder_variable,1.2190136542044754,498,tighten,400,310,90,0.225
margin_vs_margin_harder_variable,1.2190136542044754,499,tighten,400,314,86,0.215
margin_vs_margin_harder_variable,1.2190136542044754,500,tighten,400,400,0,0.0
margin_vs_margin_harder_variable,1.2190136542044754,501,tighten,400,304,96,0.24
margin_vs_margin_harder_variable,1.2190136542044754,502,tighten,400,318,82,0.205
margin_vs_margin_harder_variable,1.2190136542044754,503,tighten,400,0,400,1.0
margin_vs_margin_harder_variable,1.2190136542044754,504,tighten,400,307,93,0.2325
margin_vs_margin_harder_variable,1.2190136542044754,505,tighten,400,304,96,0.24
margin_vs_margin_harder_variable,1.2190136542044754,506,tighten,400,400,0,0.0
margin_vs_margin_harder_variable,1.2190136542044754,507,tighten,400,220,180,0.45
margin_vs_margin_harder_variable,1.2190136542044754,508,tighten,400,100,300,0.75
margin_vs_margin_harder_variable,1.2190136542044754,509,tighten,400,321,79,0.1975
margin_vs_margin_harder_variable,1.2190136542044754,510,tighten,400,316,84,0.21
margin_vs_margin_harder_variable,1.2190136542044754,511,tighten,400,304,96,0.24
margin_vs_margin_harder_variable,1.2190136542044754,512,tighten,400,310,90,0.225
margin_vs_margin_harder_variable,1.2190136542044754,513,tighten,400,258,142,0.355
margin_vs_margin_harder_variable,1.2190136542044754,514,tighten,400,301,99,0.2475
margin_vs_margin_harder_variable,1.2190136542044754,515,tighten,400,151,249,0.6225
margin_vs_margin_harder_variable,1.2190136542044754,516,tighten,400,204,196,0.49
margin_vs_margin_harder_variable,1.2190136542044754,517,tighten,400,304,96,0.24
margin_vs_margin_harder_variable,1.2190136542044754,518,tighten,400,294,106,0.265
margin_vs_margin_harder_variable,1.2190136542044754,519,tighten,400,298,102,0.255
margin_vs_margin_harder_variable,1.2190136542044754,520,tighten,400,202,198,0.495
margin_vs_margin_harder_variable,1.2190136542044754,521,tighten,400,309,91,0.2275
margin_vs_margin_harder_variable,1.2190136542044754,522,tighten,400,215,185,0.4625
margin_vs_margin_harder_variable,1.2190136542044754,523,tighten,400,356,44,0.11
margin_vs_margin_harder_variable,1.2190136542044754,524,tighten,400,318,82,0.205
margin_vs_margin_harder_variable,1.2190136542044754,525,tighten,400,200,200,0.5
margin_vs_margin_harder_variable,1.2190136542044754,526,tighten,400,317,83,0.2075
margin_vs_margin_harder_variable,1.2190136542044754,527,tighten,400,190,210,0.525
margin_vs_margin_harder_variable,1.2190136542044754,528,tighten,400,274,126,0.315
margin_vs_margin_harder_variable,1.2190136542044754,529,tighten,400,153,247,0.6175
margin_vs_margin_harder_variable,1.2190136542044754,530,tighten,400,187,213,0.5325
margin_vs_margin_harder_variable,1.2190136542044754,531,tighten,400,326,74,0.185
margin_vs_margin_harder_variable,1.2190136542044754,532,tighten,400,381,19,0.0475
margin_vs_margin_harder_variable,1.2190136542044754,533,tighten,400,316,84,0.21
margin_vs_margin_harder_variable,1.2190136542044754,534,tighten,400,120,280,0.7
margin_vs_margin_harder_variable,1.2190136542044754,535,tighten,400,299,101,0.2525
margin_vs_margin_harder_variable,1.2190136542044754,536,tighten,400,310,90,0.225
margin_vs_margin_harder_variable,1.2190136542044754,537,tighten,400,191,209,0.5225
margin_vs_margin_harder_variable,1.2190136542044754,538,tighten,400,313,87,0.2175
margin_vs_margin_harder_variable,1.2190136542044754,539,tighten,400,134,266,0.665
margin_vs_margin_harder_variable,1.2190136542044754,540,tighten,400,198,202,0.505
margin_vs_margin_harder_variable,1.2190136542044754,541,tighten,400,290,110,0.275
margin_vs_margin_harder_variable,1.2190136542044754,542,tighten,400,295,105,0.2625
margin_vs_margin_harder_variable,1.2190136542044754,543,tighten,400,323,77,0.1925
margin_vs_margin_harder_variable,1.2190136542044754,544,tighten,400,291,109,0.2725
margin_vs_margin_harder_variable,1.2190136542044754,545,tighten,400,315,85,0.2125
margin_vs_margin_harder_variable,1.2190136542044754,546,tighten,400,278,122,0.305
margin_vs_margin_harder_variable,1.2190136542044754,547,tighten,400,302,98,0.245
margin_vs_margin_harder_variable,1.2190136542044754,548,tighten,400,295,105,0.2625
margin_vs_margin_harder_variable,1.2190136542044754,549,tighten,400,400,0,0.0
margin_vs_margin_harder_variable,1.2190136542044754,550,tighten,400,315,85,0.2125
margin_vs_margin_harder_variable,1.2190136542044754,551,tighten,400,0,400,1.0
margin_vs_margin_harder_variable,1.2190136542044754,552,tighten,400,150,250,0.625
margin_vs_margin_harder_variable,1.2190136542044754,553,tighten,400,100,300,0.75
margin_vs_margin_harder_variable,1.2190136542044754,554,tighten,400,316,84,0.21
margin_vs_margin_harder_variable,1.2190136542044754,555,tighten,400,335,65,0.1625
margin_vs_margin_harder_variable,1.2190136542044754,556,tighten,400,316,84,0.21
margin_vs_margin_harder_variable,1.2190136542044754,557,tighten,400,208,192,0.48
margin_vs_margin_harder_variable,1.2190136542044754,558,tighten,400,342,58,0.145
margin_vs_margin_harder_variable,1.2190136542044754,559,tighten,400,199,201,0.5025
margin_vs_margin_harder_variable,1.2190136542044754,560,tighten,400,0,400,1.0
margin_vs_margin_harder_variable,1.2190136542044754,561,tighten,400,316,84,0.21
margin_vs_margin_harder_variable,1.2190136542044754,562,tighten,400,337,63,0.1575
margin_vs_margin_harder_variable,1.2190136542044754,563,tighten,400,400,0,0.0
margin_vs_margin_harder_variable,1.2190136542044754,564,tighten,400,186,214,0.535
margin_vs_margin_harder_variable,1.2190136542044754,565,tighten,400,303,97,0.2425
margin_vs_margin_harder_variable,1.2190136542044754,566,tighten,400,208,192,0.48
margin_vs_margin_harder_variable,1.2190136542044754,567,tighten,400,287,113,0.2825
margin_vs_margin_harder_variable,1.2190136542044754,568,tighten,400,386,14,0.035
margin_vs_margin_harder_variable,1.2190136542044754,569,tighten,400,282,118,0.295
margin_vs_margin_harder_variable,1.2190136542044754,570,tighten,400,308,92,0.23
margin_vs_margin_harder_variable,1.2190136542044754,571,tighten,400,314,86,0.215
margin_vs_margin_harder_variable,1.2190136542044754,572,tighten,400,97,303,0.7575
margin_vs_margin_harder_variable,1.2190136542044754,573,tighten,400,286,114,0.285
margin_vs_margin_harder_variable,1.2190136542044754,574,tighten,400,0,400,1.0
margin_vs_margin_harder_variable,1.2190136542044754,575,tighten,400,322,78,0.195
margin_vs_margin_harder_variable,1.2190136542044754,576,tighten,400,310,90,0.225
margin_vs_margin_harder_variable,1.2190136542044754,577,tighten,400,307,93,0.2325
margin_vs_margin_harder_variable,1.2190136542044754,578,tighten,400,326,74,0.185
margin_vs_margin_harder_variable,1.2190136542044754,579,tighten,400,291,109,0.2725
margin_vs_margin_harder_variable,1.2190136542044754,580,tighten,400,290,110,0.275
margin_vs_margin_harder_variable,1.2190136542044754,581,tighten,400,213,187,0.4675
margin_vs_margin_harder_variable,1.2190136542044754,582,tighten,400,311,89,0.2225
margin_vs_margin_harder_variable,1.2190136542044754,583,tighten,400,327,73,0.1825
margin_vs_margin_harder_variable,1.2190136542044754,584,tighten,400,191,209,0.5225
margin_vs_margin_harder_variable,1.2190136542044754,585,tighten,400,316,84,0.21
margin_vs_margin_harder_variable,1.2190136542044754,586,tighten,400,211,189,0.4725
margin_vs_margin_harder_variable,1.2190136542044754,587,tighten,400,238,162,0.405
margin_vs_margin_harder_variable,1.2190136542044754,588,tighten,400,205,195,0.4875
margin_vs_margin_harder_variable,1.2190136542044754,589,tighten,400,318,82,0.205
margin_vs_margin_harder_variable,1.2190136542044754,590,tighten,400,400,0,0.0
margin_vs_margin_harder_variable,1.2190136542044754,591,tighten,400,311,89,0.2225
margin_vs_margin_harder_variable,1.2190136542044754,592,tighten,400,177,223,0.5575
margin_vs_margin_harder_variable,1.2190136542044754,593,tighten,400,305,95,0.2375
margin_vs_margin_harder_variable,1.2190136542044754,594,tighten,400,199,201,0.5025
margin_vs_margin_harder_variable,1.2190136542044754,595,tighten,400,388,12,0.03
margin_vs_margin_harder_variable,1.2190136542044754,596,tighten,400,400,0,0.0
margin_vs_margin_harder_variable,1.2190136542044754,597,tighten,400,288,112,0.28
margin_vs_margin_harder_variable,1.2190136542044754,598,tighten,400,400,0,0.0
margin_vs_margin_harder_variable,1.2190136542044754,599,tighten,400,400,0,0.0
margin_vs_margin_harder_variable,1.2190136542044754,600,tighten,400,313,87,0.2175
margin_vs_margin_harder_variable,1.2190136542044754,601,tighten,400,311,89,0.2225
margin_vs_margin_harder_variable,1.2190136542044754,602,tighten,400,183,217,0.5425
margin_vs_margin_harder_variable,1.2190136542044754,603,tighten,400,75,325,0.8125
margin_vs_margin_harder_variable,1.2190136542044754,604,tighten,400,312,88,0.22
margin_vs_margin_harder_variable,1.2190136542044754,605,tighten,400,297,103,0.2575
margin_vs_margin_harder_variable,1.2190136542044754,606,tighten,400,299,101,0.2525
margin_vs_margin_harder_variable,1.2190136542044754,607,tighten,400,210,190,0.475
margin_vs_margin_harder_variable,1.2190136542044754,608,tighten,400,223,177,0.4425
margin_vs_margin_harder_variable,1.2190136542044754,609,tighten,400,305,95,0.2375
margin_vs_margin_harder_variable,1.2190136542044754,610,tighten,400,0,400,1.0
margin_vs_margin_harder_variable,1.2190136542044754,611,tighten,400,300,100,0.25
margin_vs_margin_harder_variable,1.2190136542044754,612,tighten,400,400,0,0.0
margin_vs_margin_harder_variable,1.2190136542044754,613,tighten,400,295,105,0.2625
margin_vs_margin_harder_variable,1.2190136542044754,614,tighten,400,297,103,0.2575
margin_vs_margin_harder_variable,1.2190136542044754,615,tighten,400,307,93,0.2325
margin_vs_margin_harder_variable,1.2190136542044754,616,tighten,400,305,95,0.2375
margin_vs_margin_harder_variable,1.2190136542044754,617,tighten,400,300,100,0.25
margin_vs_margin_harder_variable,1.2190136542044754,618,tighten,400,80,320,0.8
margin_vs_margin_harder_variable,1.2190136542044754,619,tighten,400,194,206,0.515
margin_vs_margin_harder_variable,1.2808866897642726,620,insert,400,0,400,1.0
margin_vs_margin_harder_variable,1.2808866897642726,621,insert,400,0,400,1.0
margin_vs_margin_harder_variable,1.2808866897642726,622,insert,400,95,305,0.7625
margin_vs_margin_harder_variable,1.2808866897642726,623,insert,400,0,400,1.0
margin_vs_margin_harder_variable,1.2495672708227517,624,insert,400,199,201,0.5025
margin_vs_margin_harder_variable,1.2495672708227517,625,insert,400,0,400,1.0
margin_vs_margin_harder_variable,1.2495672708227517,626,insert,400,0,400,1.0
margin_vs_margin_harder_variable,1.2495672708227517,627,insert,400,90,310,0.775
margin_vs_margin_harder_variable,1.160129386160163,628,insert,400,400,0,0.0
margin_vs_margin_harder_variable,1.160129386160163,629,insert,400,400,0,0.0
margin_vs_margin_harder_variable,1.160129386160163,630,insert,400,400,0,0.0
margin_vs_margin_harder_variable,1.160129386160163,631,insert,400,327,73,0.1825
margin_vs_margin_harder_variable,1.189207115002721,632,insert,400,310,90,0.225
margin_vs_margin_harder_variable,1.189207115002721,633,insert,400,300,100,0.25
margin_vs_margin_harder_variable,1.189207115002721,634,insert,400,330,70,0.175
margin_vs_margin_harder_variable,1.189207115002721,635,insert,400,297,103,0.2575
margin_vs_margin_harder_variable,1.2341959183938165,636,insert,400,245,155,0.3875
margin_vs_margin_harder_variable,1.2341959183938165,637,insert,400,305,95,0.2375
margin_vs_margin_harder_variable,1.2341959183938165,638,insert,400,204,196,0.49
margin_vs_margin_harder_variable,1.2341959183938165,639,insert,400,311,89,0.2225
margin_vs_margin_harder_variable,1.241857812073484,640,insert,400,221,179,0.4475
margin_vs_margin_harder_variable,1.241857812073484,641,insert,400,310,90,0.225
margin_vs_margin_harder_variable,1.241857812073484,642,insert,400,221,179,0.4475
margin_vs_margin_harder_variable,1.241857812073484,643,insert,400,207,193,0.4825
margin_vs_margin_harder_variable,1.2495672708227517,644,tighten,400,0,400,1.0
margin_vs_margin_harder_variable,1.2495672708227517,645,tighten,400,299,101,0.2525
margin_vs_margin_harder_variable,1.2495672708227517,646,tighten,400,206,194,0.485
margin_vs_margin_harder_variable,1.2495672708227517,647,tighten,400,202,198,0.495
margin_vs_margin_harder_variable,1.204018152215916,648,insert,400,199,201,0.5025
margin_vs_margin_harder_variable,1.204018152215916,649,insert,400,322,78,0.195
margin_vs_margin_harder_variable,1.204018152215916,650,insert,400,374,26,0.065
margin_vs_margin_harder_variable,1.204018152215916,651,insert,400,314,86,0.215
margin_vs_margin_harder_variable,1.204018152215916,652,tighten,400,326,74,0.185
margin_vs_margin_harder_variable,1.204018152215916,653,tighten,400,250,150,0.375
margin_vs_margin_harder_variable,1.204018152215916,654,tighten,400,0,400,1.0
margin_vs_margin_harder_variable,1.204018152215916,655,tighten,400,318,82,0.205
margin_vs_margin_harder_variable,1.204018152215916,656,tighten,400,386,14,0.035
margin_vs_margin_harder_variable,1.204018152215916,657,tighten,400,203,197,0.4925
margin_vs_margin_harder_variable,1.204018152215916,658,tighten,400,317,83,0.2075
margin_vs_margin_harder_variable,1.204018152215916,659,tighten,400,305,95,0.2375
margin_vs_margin_harder_variable,1.2495672708227517,660,tighten,400,0,400,1.0
margin_vs_margin_harder_variable,1.2495672708227517,661,tighten,400,302,98,0.245
margin_vs_margin_harder_variable,1.2495672708227517,662,tighten,400,194,206,0.515
margin_vs_margin_harder_variable,1.2495672708227517,663,tighten,400,303,97,0.2425
margin_vs_margin_harder_variable,1.2341959183938165,664,tighten,400,0,400,1.0
margin_vs_margin_harder_variable,1.2341959183938165,665,tighten,400,203,197,0.4925
margin_vs_margin_harder_variable,1.2341959183938165,666,tighten,400,0,400,1.0
margin_vs_margin_harder_variable,1.2341959183938165,667,tighten,400,0,400,1.0
margin_vs_margin_harder_variable,1.2341959183938165,668,tighten,400,0,400,1.0
margin_vs_margin_harder_variable,1.2341959183938165,669,tighten,400,280,120,0.3
margin_vs_margin_harder_variable,1.2341959183938165,670,tighten,400,41,359,0.8975
margin_vs_margin_harder_variable,1.2341959183938165,671,tighten,400,193,207,0.5175
margin_vs_margin_harder_variable,1.241857812073484,672,tighten,400,0,400,1.0
margin_vs_margin_harder_variable,1.241857812073484,673,tighten,400,195,205,0.5125
margin_vs_margin_harder_variable,1.241857812073484,674,tighten,400,0,400,1.0
margin_vs_margin_harder_variable,1.241857812073484,675,tighten,400,297,103,0.2575
margin_vs_margin_harder_variable,1.241857812073484,676,tighten,400,194,206,0.515
margin_vs_margin_harder_variable,1.241857812073484,677,tighten,400,297,103,0.2575
margin_vs_margin_harder_variable,1.241857812073484,678,tighten,400,0,400,1.0
margin_vs_margin_harder_variable,1.241857812073484,679,tighten,400,213,187,0.4675
margin_vs_margin_harder_variable,1.1745782734008854,680,insert,400,400,0,0.0
margin_vs_margin_harder_variable,1.1745782734008854,681,insert,400,299,101,0.2525
margin_vs_margin_harder_variable,1.1745782734008854,682,insert,400,360,40,0.1
margin_vs_margin_harder_variable,1.1745782734008854,683,insert,400,324,76,0.19
margin_vs_margin_harder_variable,1.1745782734008854,684,tighten,400,305,95,0.2375
margin_vs_margin_harder_variable,1.1745782734008854,685,tighten,400,295,105,0.2625
margin_vs_margin_harder_variable,1.1745782734008854,686,tighten,400,299,101,0.2525
margin_vs_margin_harder_variable,1.1745782734008854,687,tighten,400,341,59,0.1475
margin_vs_margin_harder_variable,1.2265812963214031,688,insert,400,301,99,0.2475
margin_vs_margin_harder_variable,1.2265812963214031,689,insert,400,0,400,1.0
margin_vs_margin_harder_variable,1.2265812963214031,690,insert,400,311,89,0.2225
margin_vs_margin_harder_variable,1.2265812963214031,691,insert,400,318,82,0.205
margin_vs_margin_harder_variable,1.2265812963214031,692,tighten,400,311,89,0.2225
margin_vs_margin_harder_variable,1.2265812963214031,693,tighten,400,81,319,0.7975
margin_vs_margin_harder_variable,1.2265812963214031,694,tighten,400,0,400,1.0
margin_vs_margin_harder_variable,1.2265812963214031,695,tighten,400,303,97,0.2425
margin_vs_margin_harder_variable,1.2265812963214031,696,tighten,400,201,199,0.4975
margin_vs_margin_harder_variable,1.2265812963214031,697,tighten,400,0,400,1.0
margin_vs_margin_harder_variable,1.2265812963214031,698,tighten,400,280,120,0.3
margin_vs_margin_harder_variable,1.2265812963214031,699,tighten,400,210,190,0.475
margin_vs_margin_harder_variable,1.2808866897642726,700,tighten,400,0,400,1.0
margin_vs_margin_harder_variable,1.2808866897642726,701,tighten,400,0,400,1.0
margin_vs_margin_harder_variable,1.2808866897642726,702,tighten,400,0,400,1.0
margin_vs_margin_harder_variable,1.2808866897642726,703,tighten,400,0,400,1.0
margin_vs_margin_harder_variable,1.2651300664998562,704,insert,400,0,400,1.0
margin_vs_margin_harder_variable,1.2651300664998562,705,insert,400,0,400,1.0
margin_vs_margin_harder_variable,1.2651300664998562,706,insert,400,105,295,0.7375
margin_vs_margin_harder_variable,1.2651300664998562,707,insert,400,96,304,0.76
margin_vs_margin_harder_variable,1.2651300664998562,708,tighten,400,287,113,0.2825
margin_vs_margin_harder_variable,1.2651300664998562,709,tighten,400,311,89,0.2225
margin_vs_margin_harder_variable,1.2651300664998562,710,tighten,400,167,233,0.5825
margin_vs_margin_harder_variable,1.2651300664998562,711,tighten,400,0,400,1.0
margin_vs_margin_harder_variable,1.2651300664998562,712,tighten,400,0,400,1.0
margin_vs_margin_harder_variable,1.2651300664998562,713,tighten,400,0,400,1.0
margin_vs_margin_harder_variable,1.2651300664998562,714,tighten,400,0,400,1.0
margin_vs_margin_harder_variable,1.2651300664998562,715,tighten,400,310,90,0.225
margin_vs_margin_harder_variable,1.2265812963214031,716,tighten,400,185,215,0.5375
margin_vs_margin_harder_variable,1.2265812963214031,717,tighten,400,305,95,0.2375
margin_vs_margin_harder_variable,1.2265812963214031,718,tighten,400,233,167,0.4175
margin_vs_margin_harder_variable,1.2265812963214031,719,tighten,400,186,214,0.535
margin_vs_margin_harder_variable,1.2651300664998562,720,tighten,400,190,210,0.525
margin_vs_margin_harder_variable,1.2651300664998562,721,tighten,400,91,309,0.7725
margin_vs_margin_harder_variable,1.2651300664998562,722,tighten,400,92,308,0.77
margin_vs_margin_harder_variable,1.2651300664998562,723,tighten,400,300,100,0.25
margin_vs_margin_harder_variable,1.272983999506771,724,insert,400,300,100,0.25
margin_vs_margin_harder_variable,1.272983999506771,725,insert,400,312,88,0.22
margin_vs_margin_harder_variable,1.272983999506771,726,insert,400,315,85,0.2125
margin_vs_margin_harder_variable,1.272983999506771,727,insert,400,200,200,0.5
margin_vs_margin_harder_variable,1.2769292311052765,728,insert,400,0,400,1.0
margin_vs_margin_harder_variable,1.2769292311052765,729,insert,400,1,399,0.9975
margin_vs_margin_harder_variable,1.2769292311052765,730,insert,400,0,400,1.0
margin_vs_margin_harder_variable,1.2769292311052765,731,insert,400,0,400,1.0
margin_vs_margin_harder_variable,1.274955089287266,732,insert,400,0,400,1.0
margin_vs_margin_harder_variable,1.274955089287266,733,insert,400,0,400,1.0
margin_vs_margin_harder_variable,1.274955089287266,734,insert,400,0,400,1.0
margin_vs_margin_harder_variable,1.274955089287266,735,insert,400,312,88,0.22
margin_vs_margin_harder_variable,1.274955089287266,736,tighten,400,0,400,1.0
margin_vs_margin_harder_variable,1.274955089287266,737,tighten,400,246,154,0.385
margin_vs_margin_harder_variable,1.274955089287266,738,tighten,400,0,400,1.0
margin_vs_margin_harder_variable,1.274955089287266,739,tighten,400,222,178,0.445
margin_vs_margin_harder_variable,1.2739691631874048,740,insert,400,0,400,1.0
margin_vs_margin_harder_variable,1.2739691631874048,741,insert,400,100,300,0.75
margin_vs_margin_harder_variable,1.2739691631874048,742,insert,400,195,205,0.5125
margin_vs_margin_harder_variable,1.2739691631874048,743,insert,400,214,186,0.465
margin_vs_margin_harder_variable,1.2739691631874048,744,tighten,400,0,400,1.0
margin_vs_margin_harder_variable,1.2739691631874048,745,tighten,400,0,400,1.0
margin_vs_margin_harder_variable,1.2739691631874048,746,tighten,400,0,400,1.0
margin_vs_margin_harder_variable,1.2739691631874048,747,tighten,400,0,400,1.0
margin_vs_margin_harder_variable,1.273476486081544,748,insert,400,0,400,1.0
margin_vs_margin_harder_variable,1.273476486081544,749,insert,400,206,194,0.485
margin_vs_margin_harder_variable,1.273476486081544,750,insert,400,0,400,1.0
margin_vs_margin_harder_variable,1.273476486081544,751,insert,400,0,400,1.0
margin_vs_margin_harder_variable,1.2732302189823774,752,insert,400,0,400,1.0
margin_vs_margin_harder_variable,1.2732302189823774,753,insert,400,222,178,0.445
margin_vs_margin_harder_variable,1.2732302189823774,754,insert,400,0,400,1.0
margin_vs_margin_harder_variable,1.2732302189823774,755,insert,400,155,245,0.6125
margin_vs_margin_harder_variable,1.2732302189823774,756,tighten,400,118,282,0.705
margin_vs_margin_harder_variable,1.2732302189823774,757,tighten,400,0,400,1.0
margin_vs_margin_harder_variable,1.2732302189823774,758,tighten,400,0,400,1.0
margin_vs_margin_harder_variable,1.2732302189823774,759,tighten,400,0,400,1.0
margin_vs_margin_harder_variable,1.2731071032922048,760,insert,400,0,400,1.0
margin_vs_margin_harder_variable,1.2731071032922048,761,insert,400,0,400,1.0
margin_vs_margin_harder_variable,1.2731071032922048,762,insert,400,215,185,0.4625
margin_vs_margin_harder_variable,1.2731071032922048,763,insert,400,0,400,1.0
margin_vs_margin_harder_variable,1.2730455499114677,764,insert,400,0,400,1.0
margin_vs_margin_harder_variable,1.2730455499114677,765,insert,400,0,400,1.0
margin_vs_margin_harder_variable,1.2730455499114677,766,insert,400,16,384,0.96
margin_vs_margin_harder_variable,1.2730455499114677,767,insert,400,0,400,1.0
margin_vs_margin_harder_variable,1.2730147743371232,768,insert,400,104,296,0.74
margin_vs_margin_harder_variable,1.2730147743371232,769,insert,400,0,400,1.0
margin_vs_margin_harder_variable,1.2730147743371232,770,insert,400,0,400,1.0
margin_vs_margin_harder_variable,1.2730147743371232,771,insert,400,0,400,1.0
margin_vs_margin_harder_variable,1.2729993868289493,772,insert,400,42,358,0.895
margin_vs_margin_harder_variable,1.2729993868289493,773,insert,400,0,400,1.0
margin_vs_margin_harder_variable,1.2729993868289493,774,insert,400,199,201,0.5025
margin_vs_margin_harder_variable,1.2729993868289493,775,insert,400,0,400,1.0
margin_vs_margin_harder_variable,1.2729916931446108,776,insert,400,0,400,1.0
margin_vs_margin_harder_variable,1.2729916931446108,777,insert,400,0,400,1.0
margin_vs_margin_harder_variable,1.2729916931446108,778,insert,400,0,400,1.0
margin_vs_margin_harder_variable,1.2729916931446108,779,insert,400,0,400,1.0
margin_vs_margin_harder_variable,1.2729878463198787,780,insert,400,0,400,1.0
margin_vs_margin_harder_variable,1.2729878463198787,781,insert,400,0,400,1.0
margin_vs_margin_harder_variable,1.2729878463198787,782,insert,400,190,210,0.525
margin_vs_margin_harder_variable,1.2729878463198787,783,insert,400,102,298,0.745
margin_vs_margin_harder_variable,1.2729859229118718,784,insert,400,0,400,1.0
margin_vs_margin_harder_variable,1.2729859229118718,785,insert,400,302,98,0.245
margin_vs_margin_harder_variable,1.2729859229118718,786,insert,400,0,400,1.0
margin_vs_margin_harder_variable,1.2729859229118718,787,insert,400,175,225,0.5625
margin_vs_margin_harder_variable,1.2729859229118718,788,tighten,400,0,400,1.0
margin_vs_margin_harder_variable,1.2729859229118718,789,tighten,400,96,304,0.76
margin_vs_margin_harder_variable,1.2729859229118718,790,tighten,400,309,91,0.2275
margin_vs_margin_harder_variable,1.2729859229118718,791,tighten,400,0,400,1.0
margin_vs_margin_harder_variable,1.2729878463198787,792,tighten,400,298,102,0.255
margin_vs_margin_harder_variable,1.2729878463198787,793,tighten,400,0,400,1.0
margin_vs_margin_harder_variable,1.2729878463198787,794,tighten,400,101,299,0.7475
margin_vs_margin_harder_variable,1.2729878463198787,795,tighten,400,314,86,0.215
margin_vs_margin_harder_variable,1.2731071032922048,796,tighten,400,0,400,1.0
margin_vs_margin_harder_variable,1.2731071032922048,797,tighten,400,0,400,1.0
margin_vs_margin_harder_variable,1.2731071032922048,798,tighten,400,0,400,1.0
margin_vs_margin_harder_variable,1.2731071032922048,799,tighten,400,0,400,1.0
margin_vs_margin_harder_variable,1.2729993868289493,800,tighten,400,0,400,1.0
margin_vs_margin_harder_variable,1.2729993868289493,801,tighten,400,0,400,1.0
margin_vs_margin_harder_variable,1.2729993868289493,802,tighten,400,0,400,1.0
margin_vs_margin_harder_variable,1.2729993868289493,803,tighten,400,0,400,1.0
margin_vs_margin_harder_variable,1.273476486081544,804,tighten,400,0,400,1.0
margin_vs_margin_harder_variable,1.273476486081544,805,tighten,400,171,229,0.5725
margin_vs_margin_harder_variable,1.273476486081544,806,tighten,400,291,109,0.2725
margin_vs_margin_harder_variable,1.273476486081544,807,tighten,400,0,400,1.0
margin_vs_margin_harder_variable,1.274955089287266,808,tighten,400,0,400,1.0
margin_vs_margin_harder_variable,1.274955089287266,809,tighten,400,180,220,0.55
margin_vs_margin_harder_variable,1.274955089287266,810,tighten,400,309,91,0.2275
margin_vs_margin_harder_variable,1.274955089287266,811,tighten,400,0,400,1.0
margin_vs_margin_harder_variable,1.2729897697307917,812,insert,400,43,357,0.8925
margin_vs_margin_harder_variable,1.2729897697307917,813,insert,400,0,400,1.0
margin_vs_margin_harder_variable,1.2729897697307917,814,insert,400,0,400,1.0
margin_vs_margin_harder_variable,1.2729897697307917,815,insert,400,0,400,1.0
margin_vs_margin_harder_variable,1.2729859229118718,816,tighten,400,295,105,0.2625
margin_vs_margin_harder_variable,1.2729859229118718,817,tighten,400,0,400,1.0
margin_vs_margin_harder_variable,1.2729859229118718,818,tighten,400,0,400,1.0
margin_vs_margin_harder_variable,1.2729859229118718,819,tighten,400,199,201,0.5025
margin_vs_margin_harder_variable,1.272984961208958,820,insert,400,200,200,0.5
margin_vs_margin_harder_variable,1.272984961208958,821,insert,400,0,400,1.0
margin_vs_margin_harder_variable,1.272984961208958,822,insert,400,200,200,0.5
margin_vs_margin_harder_variable,1.272984961208958,823,insert,400,0,400,1.0
margin_vs_margin_harder_variable,1.272984961208958,824,tighten,400,311,89,0.2225
margin_vs_margin_harder_variable,1.272984961208958,825,tighten,400,0,400,1.0
margin_vs_margin_harder_variable,1.272984961208958,826,tighten,400,0,400,1.0
margin_vs_margin_harder_variable,1.272984961208958,827,tighten,400,200,200,0.5
margin_vs_margin_harder_variable,1.2729878463198787,828,tighten,400,4,396,0.99
margin_vs_margin_harder_variable,1.2729878463198787,829,tighten,400,0,400,1.0
margin_vs_margin_harder_variable,1.2729878463198787,830,tighten,400,305,95,0.2375
margin_vs_margin_harder_variable,1.2729878463198787,831,tighten,400,264,136,0.34
margin_vs_margin_harder_variable,1.272984961208958,832,tighten,400,1,399,0.9975
margin_vs_margin_harder_variable,1.272984961208958,833,tighten,400,0,400,1.0
margin_vs_margin_harder_variable,1.272984961208958,834,tighten,400,0,400,1.0
margin_vs_margin_harder_variable,1.272984961208958,835,tighten,400,0,400,1.0
margin_vs_margin_harder_variable,1.272984480357774,836,insert,400,400,0,0.0
margin_vs_margin_harder_variable,1.272984480357774,837,insert,400,182,218,0.545
margin_vs_margin_harder_variable,1.272984480357774,838,insert,400,0,400,1.0
margin_vs_margin_harder_variable,1.272984480357774,839,insert,400,304,96,0.24
margin_vs_margin_harder_variable,1.272984480357774,840,tighten,400,0,400,1.0
margin_vs_margin_harder_variable,1.272984480357774,841,tighten,400,321,79,0.1975
margin_vs_margin_harder_variable,1.272984480357774,842,tighten,400,0,400,1.0
margin_vs_margin_harder_variable,1.272984480357774,843,tighten,400,215,185,0.4625
margin_vs_margin_harder_variable,1.272984480357774,844,tighten,400,200,200,0.5
margin_vs_margin_harder_variable,1.272984480357774,845,tighten,400,0,400,1.0
margin_vs_margin_harder_variable,1.272984480357774,846,tighten,400,0,400,1.0
margin_vs_margin_harder_variable,1.272984480357774,847,tighten,400,202,198,0.495
margin_vs_margin_harder_variable,1.272983999506771,848,tighten,400,1,399,0.9975
margin_vs_margin_harder_variable,1.272983999506771,849,tighten,400,198,202,0.505
margin_vs_margin_harder_variable,1.272983999506771,850,tighten,400,115,285,0.7125
margin_vs_margin_harder_variable,1.272983999506771,851,tighten,400,0,400,1.0
margin_vs_margin_harder_variable,1.272983999506771,852,tighten,400,0,400,1.0
margin_vs_margin_harder_variable,1.272983999506771,853,tighten,400,0,400,1.0
margin_vs_margin_harder_variable,1.272983999506771,854,tighten,400,0,400,1.0
margin_vs_margin_harder_variable,1.272983999506771,855,tighten,400,91,309,0.7725
margin_vs_margin_harder_variable,1.273476486081544,856,tighten,400,0,400,1.0
margin_vs_margin_harder_variable,1.273476486081544,857,tighten,400,0,400,1.0
margin_vs_margin_harder_variable,1.273476486081544,858,tighten,400,0,400,1.0
margin_vs_margin_harder_variable,1.273476486081544,859,tighten,400,0,400,1.0
margin_vs_margin_harder_variable,1.275941778396392,860,insert,400,0,400,1.0
margin_vs_margin_harder_variable,1.275941778396392,861,insert,400,258,142,0.355
margin_vs_margin_harder_variable,1.275941778396392,862,insert,400,0,400,1.0
margin_vs_margin_harder_variable,1.275941778396392,863,insert,400,187,213,0.5325
margin_vs_margin_harder_variable,1.275941778396392,864,tighten,400,120,280,0.7
margin_vs_margin_harder_variable,1.275941778396392,865,tighten,400,0,400,1.0
margin_vs_margin_harder_variable,1.275941778396392,866,tighten,400,64,336,0.84
margin_vs_margin_harder_variable,1.275941778396392,867,tighten,400,0,400,1.0
margin_vs_margin_harder_variable,1.275941778396392,868,tighten,400,215,185,0.4625
margin_vs_margin_harder_variable,1.275941778396392,869,tighten,400,0,400,1.0
margin_vs_margin_harder_variable,1.275941778396392,870,tighten,400,198,202,0.505
margin_vs_margin_harder_variable,1.275941778396392,871,tighten,400,0,400,1.0
margin_vs_margin_harder_variable,1.2764354092639407,872,insert,400,0,400,1.0
margin_vs_margin_harder_variable,1.2764354092639407,873,insert,400,0,400,1.0
margin_vs_margin_harder_variable,1.2764354092639407,874,insert,400,0,400,1.0
margin_vs_margin_harder_variable,1.2764354092639407,875,insert,400,0,400,1.0
margin_vs_margin_harder_variable,1.2761885699630595,876,insert,400,0,400,1.0
margin_vs_margin_harder_variable,1.2761885699630595,877,insert,400,153,247,0.6175
margin_vs_margin_harder_variable,1.2761885699630595,878,insert,400,0,400,1.0
margin_vs_margin_harder_variable,1.2761885699630595,879,insert,400,0,400,1.0
margin_vs_margin_harder_variable,1.2761885699630595,880,tighten,400,0,400,1.0
margin_vs_margin_harder_variable,1.2761885699630595,881,tighten,400,0,400,1.0
margin_vs_margin_harder_variable,1.2761885699630595,882,tighten,400,0,400,1.0
margin_vs_margin_harder_variable,1.2761885699630595,883,tighten,400,193,207,0.5175
margin_vs_margin_harder_variable,1.2739691631874048,884,tighten,400,85,315,0.7875
margin_vs_margin_harder_variable,1.2739691631874048,885,tighten,400,0,400,1.0
margin_vs_margin_harder_variable,1.2739691631874048,886,tighten,400,0,400,1.0
margin_vs_margin_harder_variable,1.2739691631874048,887,tighten,400,0,400,1.0
margin_vs_margin_harder_variable,1.2729888080249718,888,insert,400,0,400,1.0
margin_vs_margin_harder_variable,1.2729888080249718,889,insert,400,0,400,1.0
margin_vs_margin_harder_variable,1.2729888080249718,890,insert,400,197,203,0.5075
margin_vs_margin_harder_variable,1.2729888080249718,891,insert,400,0,400,1.0
margin_vs_margin_harder_variable,1.2729888080249718,892,tighten,400,103,297,0.7425
margin_vs_margin_harder_variable,1.2729888080249718,893,tighten,400,0,400,1.0
margin_vs_margin_harder_variable,1.2729888080249718,894,tighten,400,204,196,0.49
margin_vs_margin_harder_variable,1.2729888080249718,895,tighten,400,0,400,1.0
margin_vs_margin_harder_variable,1.2729888080249718,896,tighten,400,104,296,0.74
margin_vs_margin_harder_variable,1.2729888080249718,897,tighten,400,194,206,0.515
margin_vs_margin_harder_variable,1.2729888080249718,898,tighten,400,0,400,1.0
margin_vs_margin_harder_variable,1.2729888080249718,899,tighten,400,192,208,0.52
margin_vs_margin_harder_variable,1.2732302189823774,900,tighten,400,32,368,0.92
margin_vs_margin_harder_variable,1.2732302189823774,901,tighten,400,0,400,1.0
margin_vs_margin_harder_variable,1.2732302189823774,902,tighten,400,0,400,1.0
margin_vs_margin_harder_variable,1.2732302189823774,903,tighten,400,0,400,1.0
margin_vs_margin_harder_variable,1.2730147743371232,904,tighten,400,0,400,1.0
margin_vs_margin_harder_variable,1.2730147743371232,905,tighten,400,310,90,0.225
margin_vs_margin_harder_variable,1.2730147743371232,906,tighten,400,192,208,0.52
margin_vs_margin_harder_variable,1.2730147743371232,907,tighten,400,0,400,1.0
margin_vs_margin_harder_variable,1.2730147743371232,908,tighten,400,169,231,0.5775
margin_vs_margin_harder_variable,1.2730147743371232,909,tighten,400,0,400,1.0
margin_vs_margin_harder_variable,1.2730147743371232,910,tighten,400,0,400,1.0
margin_vs_margin_harder_variable,1.2730147743371232,911,tighten,400,0,400,1.0
margin_vs_margin_harder_variable,1.272984480357774,912,tighten,400,0,400,1.0
margin_vs_margin_harder_variable,1.272984480357774,913,tighten,400,0,400,1.0
margin_vs_margin_harder_variable,1.272984480357774,914,tighten,400,289,111,0.2775
margin_vs_margin_harder_variable,1.272984480357774,915,tighten,400,0,400,1.0
margin_vs_margin_harder_variable,1.274955089287266,916,tighten,400,0,400,1.0
margin_vs_margin_harder_variable,1.274955089287266,917,tighten,400,0,400,1.0
margin_vs_margin_harder_variable,1.274955089287266,918,tighten,400,52,348,0.87
margin_vs_margin_harder_variable,1.274955089287266,919,tighten,400,0,400,1.0
margin_vs_margin_harder_variable,1.2729878463198787,920,tighten,400,0,400,1.0
margin_vs_margin_harder_variable,1.2729878463198787,921,tighten,400,306,94,0.235
margin_vs_margin_harder_variable,1.2729878463198787,922,tighten,400,0,400,1.0
margin_vs_margin_harder_variable,1.2729878463198787,923,tighten,400,307,93,0.2325
margin_vs_margin_harder_variable,1.2729859229118718,924,tighten,400,187,213,0.5325
margin_vs_margin_harder_variable,1.2729859229118718,925,tighten,400,0,400,1.0
margin_vs_margin_harder_variable,1.2729859229118718,926,tighten,400,0,400,1.0
margin_vs_margin_harder_variable,1.2729859229118718,927,tighten,400,0,400,1.0
margin_vs_margin_harder_variable,1.272983999506771,928,tighten,400,199,201,0.5025
margin_vs_margin_harder_variable,1.272983999506771,929,tighten,400,0,400,1.0
margin_vs_margin_harder_variable,1.272983999506771,930,tighten,400,103,297,0.7425
margin_vs_margin_harder_variable,1.272983999506771,931,tighten,400,0,400,1.0
margin_vs_margin_harder_variable,1.2341959183938165,932,tighten,400,308,92,0.23
margin_vs_margin_harder_variable,1.2341959183938165,933,tighten,400,187,213,0.5325
margin_vs_margin_harder_variable,1.2341959183938165,934,tighten,400,0,400,1.0
margin_vs_margin_harder_variable,1.2341959183938165,935,tighten,400,96,304,0.76
margin_vs_margin_harder_variable,1.2495672708227517,936,tighten,400,316,84,0.21
margin_vs_margin_harder_variable,1.2495672708227517,937,tighten,400,303,97,0.2425
margin_vs_margin_harder_variable,1.2495672708227517,938,tighten,400,296,104,0.26
margin_vs_margin_harder_variable,1.2495672708227517,939,tighten,400,0,400,1.0
margin_vs_margin_harder_variable,1.2761885699630595,940,tighten,400,0,400,1.0
margin_vs_margin_harder_variable,1.2761885699630595,941,tighten,400,181,219,0.5475
margin_vs_margin_harder_variable,1.2761885699630595,942,tighten,400,274,126,0.315
margin_vs_margin_harder_variable,1.2761885699630595,943,tighten,400,143,257,0.6425
margin_vs_margin_harder_variable,1.2763119836461465,944,insert,400,0,400,1.0
margin_vs_margin_harder_variable,1.2763119836461465,945,insert,400,0,400,1.0
margin_vs_margin_harder_variable,1.2763119836461465,946,insert,400,0,400,1.0
margin_vs_margin_harder_variable,1.2763119836461465,947,insert,400,0,400,1.0
margin_vs_margin_harder_variable,1.2762502753128366,948,insert,400,40,360,0.9
margin_vs_margin_harder_variable,1.2762502753128366,949,insert,400,0,400,1.0
margin_vs_margin_harder_variable,1.2762502753128366,950,insert,400,0,400,1.0
margin_vs_margin_harder_variable,1.2762502753128366,951,insert,400,0,400,1.0
margin_vs_margin_harder_variable,1.272984961208958,952,tighten,400,0,400,1.0
margin_vs_margin_harder_variable,1.272984961208958,953,tighten,400,213,187,0.4675
margin_vs_margin_harder_variable,1.272984961208958,954,tighten,400,299,101,0.2525
margin_vs_margin_harder_variable,1.272984961208958,955,tighten,400,42,358,0.895
margin_vs_margin_harder_variable,1.241857812073484,956,tighten,400,209,191,0.4775
margin_vs_margin_harder_variable,1.241857812073484,957,tighten,400,202,198,0.495
margin_vs_margin_harder_variable,1.241857812073484,958,tighten,400,299,101,0.2525
margin_vs_margin_harder_variable,1.241857812073484,959,tighten,400,199,201,0.5025
margin_vs_margin_harder_variable,1.2730147743371232,960,tighten,400,152,248,0.62
margin_vs_margin_harder_variable,1.2730147743371232,961,tighten,400,5,395,0.9875
margin_vs_margin_harder_variable,1.2730147743371232,962,tighten,400,176,224,0.56
margin_vs_margin_harder_variable,1.2730147743371232,963,tighten,400,199,201,0.5025
margin_vs_margin_harder_variable,1.2730301620312954,964,insert,400,178,222,0.555
margin_vs_margin_harder_variable,1.2730301620312954,965,insert,400,42,358,0.895
margin_vs_margin_harder_variable,1.2730301620312954,966,insert,400,0,400,1.0
margin_vs_margin_harder_variable,1.2730301620312954,967,insert,400,212,188,0.47
margin_vs_margin_harder_variable,1.2730301620312954,968,tighten,400,199,201,0.5025
margin_vs_margin_harder_variable,1.2730301620312954,969,tighten,400,171,229,0.5725
margin_vs_margin_harder_variable,1.2730301620312954,970,tighten,400,0,400,1.0
margin_vs_margin_harder_variable,1.2730301620312954,971,tighten,400,138,262,0.655
margin_vs_margin_harder_variable,1.2730378559481312,972,insert,400,304,96,0.24
margin_vs_margin_harder_variable,1.2730378559481312,973,insert,400,0,400,1.0
margin_vs_margin_harder_variable,1.2730378559481312,974,insert,400,0,400,1.0
margin_vs_margin_harder_variable,1.2730378559481312,975,insert,400,214,186,0.465
margin_vs_margin_harder_variable,1.2730378559481312,976,tighten,400,0,400,1.0
margin_vs_margin_harder_variable,1.2730378559481312,977,tighten,400,0,400,1.0
margin_vs_margin_harder_variable,1.2730378559481312,978,tighten,400,196,204,0.51
margin_vs_margin_harder_variable,1.2730378559481312,979,tighten,400,92,308,0.77
margin_vs_margin_harder_variable,1.2730378559481312,980,tighten,400,232,168,0.42
margin_vs_margin_harder_variable,1.2730378559481312,981,tighten,400,0,400,1.0
margin_vs_margin_harder_variable,1.2730378559481312,982,tighten,400,292,108,0.27
margin_vs_margin_harder_variable,1.2730378559481312,983,tighten,400,0,400,1.0
margin_vs_margin_harder_variable,1.2730417029239869,984,insert,400,0,400,1.0
margin_vs_margin_harder_variable,1.2730417029239869,985,insert,400,0,400,1.0
margin_vs_margin_harder_variable,1.2730417029239869,986,insert,400,0,400,1.0
margin_vs_margin_harder_variable,1.2730417029239869,987,insert,400,0,400,1.0
margin_vs_margin_harder_variable,1.273039779434606,988,insert,400,214,186,0.465
margin_vs_margin_harder_variable,1.273039779434606,989,insert,400,0,400,1.0
margin_vs_margin_harder_variable,1.273039779434606,990,insert,400,0,400,1.0
margin_vs_margin_harder_variable,1.273039779434606,991,insert,400,0,400,1.0
margin_vs_margin_harder_variable,1.273039779434606,992,tighten,400,0,400,1.0
margin_vs_margin_harder_variable,1.273039779434606,993,tighten,400,0,400,1.0
margin_vs_margin_harder_variable,1.273039779434606,994,tighten,400,152,248,0.62
margin_vs_margin_harder_variable,1.273039779434606,995,tighten,400,307,93,0.2325
margin_vs_margin_harder_variable,1.273039779434606,996,tighten,400,0,400,1.0
margin_vs_margin_harder_variable,1.273039779434606,997,tighten,400,0,400,1.0
margin_vs_margin_harder_variable,1.273039779434606,998,tighten,400,0,400,1.0
margin_vs_margin_harder_variable,1.273039779434606,999,tighten,400,0,400,1.0
margin_vs_margin_harder_variable,1.2730301620312954,1000,tighten,400,0,400,1.0
margin_vs_margin_harder_variable,1.2730301620312954,1001,tighten,400,114,286,0.715
margin_vs_margin_harder_variable,1.2730301620312954,1002,tighten,400,0,400,1.0
margin_vs_margin_harder_variable,1.2730301620312954,1003,tighten,400,308,92,0.23
margin_vs_margin_harder_variable,1.2730378559481312,1004,tighten,400,0,400,1.0
margin_vs_margin_harder_variable,1.2730378559481312,1005,tighten,400,0,400,1.0
margin_vs_margin_harder_variable,1.2730378559481312,1006,tighten,400,3,397,0.9925
margin_vs_margin_harder_variable,1.2730378559481312,1007,tighten,400,194,206,0.515
margin_vs_margin_harder_variable,1.204018152215916,1008,tighten,400,310,90,0.225
margin_vs_margin_harder_variable,1.204018152215916,1009,tighten,400,306,94,0.235
margin_vs_margin_harder_variable,1.204018152215916,1010,tighten,400,327,73,0.1825
margin_vs_margin_harder_variable,1.204018152215916,1011,tighten,400,318,82,0.205
margin_vs_margin_harder_variable,1.160129386160163,1012,tighten,400,332,68,0.17
margin_vs_margin_harder_variable,1.160129386160163,1013,tighten,400,400,0,0.0
margin_vs_margin_harder_variable,1.160129386160163,1014,tighten,400,400,0,0.0
margin_vs_margin_harder_variable,1.160129386160163,1015,tighten,400,400,0,0.0
margin_vs_margin_harder_variable,1.2730301620312954,1016,tighten,400,0,400,1.0
margin_vs_margin_harder_variable,1.2730301620312954,1017,tighten,400,0,400,1.0
margin_vs_margin_harder_variable,1.2730301620312954,1018,tighten,400,0,400,1.0
margin_vs_margin_harder_variable,1.2730301620312954,1019,tighten,400,0,400,1.0
margin_vs_margin_harder_variable,1.273039779434606,1020,tighten,400,0,400,1.0
margin_vs_margin_harder_variable,1.273039779434606,1021,tighten,400,196,204,0.51
margin_vs_margin_harder_variable,1.273039779434606,1022,tighten,400,0,400,1.0
margin_vs_margin_harder_variable,1.273039779434606,1023,tighten,400,213,187,0.4675
margin_vs_margin_harder_variable,1.275941778396392,1024,tighten,400,0,400,1.0
margin_vs_margin_harder_variable,1.275941778396392,1025,tighten,400,271,129,0.3225
margin_vs_margin_harder_variable,1.275941778396392,1026,tighten,400,0,400,1.0
margin_vs_margin_harder_variable,1.275941778396392,1027,tighten,400,0,400,1.0
margin_vs_margin_harder_variable,1.2761885699630595,1028,tighten,400,0,400,1.0
margin_vs_margin_harder_variable,1.2761885699630595,1029,tighten,400,0,400,1.0
margin_vs_margin_harder_variable,1.2761885699630595,1030,tighten,400,203,197,0.4925
margin_vs_margin_harder_variable,1.2761885699630595,1031,tighten,400,151,249,0.6225
margin_vs_margin_harder_variable,1.273476486081544,1032,tighten,400,0,400,1.0
margin_vs_margin_harder_variable,1.273476486081544,1033,tighten,400,0,400,1.0
margin_vs_margin_harder_variable,1.273476486081544,1034,tighten,400,0,400,1.0
margin_vs_margin_harder_variable,1.273476486081544,1035,tighten,400,0,400,1.0
margin_vs_margin_harder_variable,1.272984480357774,1036,tighten,400,0,400,1.0
margin_vs_margin_harder_variable,1.272984480357774,1037,tighten,400,246,154,0.385
margin_vs_margin_harder_variable,1.272984480357774,1038,tighten,400,0,400,1.0
margin_vs_margin_harder_variable,1.272984480357774,1039,tighten,400,91,309,0.7725
margin_vs_margin_harder_variable,1.2731071032922048,1040,tighten,400,184,216,0.54
margin_vs_margin_harder_variable,1.2731071032922048,1041,tighten,400,0,400,1.0
margin_vs_margin_harder_variable,1.2731071032922048,1042,tighten,400,0,400,1.0
margin_vs_margin_harder_variable,1.2731071032922048,1043,tighten,400,0,400,1.0
margin_vs_margin_harder_variable,1.2729878463198787,1044,tighten,400,291,109,0.2725
margin_vs_margin_harder_variable,1.2729878463198787,1045,tighten,400,0,400,1.0
margin_vs_margin_harder_variable,1.2729878463198787,1046,tighten,400,0,400,1.0
margin_vs_margin_harder_variable,1.2729878463198787,1047,tighten,400,0,400,1.0
margin_vs_margin_harder_variable,1.2729993868289493,1048,tighten,400,0,400,1.0
margin_vs_margin_harder_variable,1.2729993868289493,1049,tighten,400,0,400,1.0
margin_vs_margin_harder_variable,1.2729993868289493,1050,tighten,400,182,218,0.545
margin_vs_margin_harder_variable,1.2729993868289493,1051,tighten,400,0,400,1.0
margin_vs_margin_harder_variable,1.2729888080249718,1052,tighten,400,0,400,1.0
margin_vs_margin_harder_variable,1.2729888080249718,1053,tighten,400,0,400,1.0
margin_vs_margin_harder_variable,1.2729888080249718,1054,tighten,400,0,400,1.0
margin_vs_margin_harder_variable,1.2729888080249718,1055,tighten,400,201,199,0.4975
margin_vs_margin_harder_variable,1.273040741178933,1056,insert,400,92,308,0.77
margin_vs_margin_harder_variable,1.273040741178933,1057,insert,400,98,302,0.755
margin_vs_margin_harder_variable,1.273040741178933,1058,insert,400,0,400,1.0
margin_vs_margin_harder_variable,1.273040741178933,1059,insert,400,0,400,1.0
margin_vs_margin_harder_variable,1.273040741178933,1060,tighten,400,0,400,1.0
margin_vs_margin_harder_variable,1.273040741178933,1061,tighten,400,0,400,1.0
margin_vs_margin_harder_variable,1.273040741178933,1062,tighten,400,0,400,1.0
margin_vs_margin_harder_variable,1.273040741178933,1063,tighten,400,300,100,0.25
margin_vs_margin_harder_variable,1.273040741178933,1064,tighten,400,0,400,1.0
margin_vs_margin_harder_variable,1.273040741178933,1065,tighten,400,0,400,1.0
margin_vs_margin_harder_variable,1.273040741178933,1066,tighten,400,0,400,1.0
margin_vs_margin_harder_variable,1.273040741178933,1067,tighten,400,0,400,1.0
margin_vs_margin_harder_variable,1.2495672708227517,1068,tighten,400,230,170,0.425
margin_vs_margin_harder_variable,1.2495672708227517,1069,tighten,400,321,79,0.1975
margin_vs_margin_harder_variable,1.2495672708227517,1070,tighten,400,275,125,0.3125
margin_vs_margin_harder_variable,1.2495672708227517,1071,tighten,400,183,217,0.5425
margin_vs_margin_harder_variable,1.2341959183938165,1072,tighten,400,304,96,0.24
margin_vs_margin_harder_variable,1.2341959183938165,1073,tighten,400,197,203,0.5075
margin_vs_margin_harder_variable,1.2341959183938165,1074,tighten,400,195,205,0.5125
margin_vs_margin_harder_variable,1.2341959183938165,1075,tighten,400,304,96,0.24
margin_vs_margin_harder_variable,1.2729859229118718,1076,tighten,400,0,400,1.0
margin_vs_margin_harder_variable,1.2729859229118718,1077,tighten,400,0,400,1.0
margin_vs_margin_harder_variable,1.2729859229118718,1078,tighten,400,0,400,1.0
margin_vs_margin_harder_variable,1.2729859229118718,1079,tighten,400,0,400,1.0
margin_vs_margin_harder_variable,1.2651300664998562,1080,tighten,400,0,400,1.0
margin_vs_margin_harder_variable,1.2651300664998562,1081,tighten,400,201,199,0.4975
margin_vs_margin_harder_variable,1.2651300664998562,1082,tighten,400,11,389,0.9725
margin_vs_margin_harder_variable,1.2651300664998562,1083,tighten,400,97,303,0.7575
margin_vs_margin_harder_variable,1.274955089287266,1084,tighten,400,297,103,0.2575
margin_vs_margin_harder_variable,1.274955089287266,1085,tighten,400,0,400,1.0
margin_vs_margin_harder_variable,1.274955089287266,1086,tighten,400,214,186,0.465
margin_vs_margin_harder_variable,1.274955089287266,1087,tighten,400,0,400,1.0
margin_vs_margin_harder_variable,1.272983999506771,1088,tighten,400,174,226,0.565
margin_vs_margin_harder_variable,1.272983999506771,1089,tighten,400,0,400,1.0
margin_vs_margin_harder_variable,1.272983999506771,1090,tighten,400,91,309,0.7725
margin_vs_margin_harder_variable,1.272983999506771,1091,tighten,400,0,400,1.0
margin_vs_margin_harder_variable,1.272984961208958,1092,tighten,400,183,217,0.5425
margin_vs_margin_harder_variable,1.272984961208958,1093,tighten,400,0,400,1.0
margin_vs_margin_harder_variable,1.272984961208958,1094,tighten,400,0,400,1.0
margin_vs_margin_harder_variable,1.272984961208958,1095,tighten,400,0,400,1.0
margin_vs_margin_harder_variable,1.2730378559481312,1096,tighten,400,0,400,1.0
margin_vs_margin_harder_variable,1.2730378559481312,1097,tighten,400,0,400,1.0
margin_vs_margin_harder_variable,1.2730378559481312,1098,tighten,400,366,34,0.085
margin_vs_margin_harder_variable,1.2730378559481312,1099,tighten,400,0,400,1.0
margin_vs_margin_harder_variable,1.2265812963214031,1100,tighten,400,335,65,0.1625
margin_vs_margin_harder_variable,1.2265812963214031,1101,tighten,400,233,167,0.4175
margin_vs_margin_harder_variable,1.2265812963214031,1102,tighten,400,0,400,1.0
margin_vs_margin_harder_variable,1.2265812963214031,1103,tighten,400,113,287,0.7175
margin_vs_margin_harder_variable,1.273040741178933,1104,tighten,400,0,400,1.0
margin_vs_margin_harder_variable,1.273040741178933,1105,tighten,400,0,400,1.0
margin_vs_margin_harder_variable,1.273040741178933,1106,tighten,400,328,72,0.18
margin_vs_margin_harder_variable,1.273040741178933,1107,tighten,400,314,86,0.215
margin_vs_margin_harder_variable,1.273040741178933,1108,tighten,400,319,81,0.2025
margin_vs_margin_harder_variable,1.273040741178933,1109,tighten,400,203,197,0.4925
margin_vs_margin_harder_variable,1.273040741178933,1110,tighten,400,0,400,1.0
margin_vs_margin_harder_variable,1.273040741178933,1111,tighten,400,198,202,0.505
margin_vs_margin_harder_variable,1.2739691631874048,1112,tighten,400,0,400,1.0
margin_vs_margin_harder_variable,1.2739691631874048,1113,tighten,400,0,400,1.0
margin_vs_margin_harder_variable,1.2739691631874048,1114,tighten,400,0,400,1.0
margin_vs_margin_harder_variable,1.2739691631874048,1115,tighten,400,0,400,1.0
margin_vs_margin_harder_variable,1.2732302189823774,1116,tighten,400,283,117,0.2925
margin_vs_margin_harder_variable,1.2732302189823774,1117,tighten,400,230,170,0.425
margin_vs_margin_harder_variable,1.2732302189823774,1118,tighten,400,63,337,0.8425
margin_vs_margin_harder_variable,1.2732302189823774,1119,tighten,400,0,400,1.0
margin_vs_margin_harder_variable,1.273039779434606,1120,tighten,400,0,400,1.0
margin_vs_margin_harder_variable,1.273039779434606,1121,tighten,400,303,97,0.2425
margin_vs_margin_harder_variable,1.273039779434606,1122,tighten,400,0,400,1.0
margin_vs_margin_harder_variable,1.273039779434606,1123,tighten,400,0,400,1.0
margin_vs_margin_harder_variable,1.189207115002721,1124,tighten,400,373,27,0.0675
margin_vs_margin_harder_variable,1.189207115002721,1125,tighten,400,400,0,0.0
margin_vs_margin_harder_variable,1.189207115002721,1126,tighten,400,184,216,0.54
margin_vs_margin_harder_variable,1.189207115002721,1127,tighten,400,316,84,0.21
margin_vs_margin_harder_variable,1.2730417029239869,1128,tighten,400,198,202,0.505
margin_vs_margin_harder_variable,1.2730417029239869,1129,tighten,400,0,400,1.0
margin_vs_margin_harder_variable,1.2730417029239869,1130,tighten,400,0,400,1.0
margin_vs_margin_harder_variable,1.2730417029239869,1131,tighten,400,0,400,1.0
margin_vs_margin_harder_variable,1.2762502753128366,1132,tighten,400,292,108,0.27
margin_vs_margin_harder_variable,1.2762502753128366,1133,tighten,400,113,287,0.7175
margin_vs_margin_harder_variable,1.2762502753128366,1134,tighten,400,0,400,1.0
margin_vs_margin_harder_variable,1.2762502753128366,1135,tighten,400,0,400,1.0
margin_vs_margin_harder_variable,1.2762502753128366,1136,tighten,400,0,400,1.0
margin_vs_margin_harder_variable,1.2762502753128366,1137,tighten,400,0,400,1.0
margin_vs_margin_harder_variable,1.2762502753128366,1138,tighten,400,0,400,1.0
margin_vs_margin_harder_variable,1.2762502753128366,1139,tighten,400,0,400,1.0
margin_vs_margin_harder_variable,1.2729897697307917,1140,tighten,400,0,400,1.0
margin_vs_margin_harder_variable,1.2729897697307917,1141,tighten,400,0,400,1.0
margin_vs_margin_harder_variable,1.2729897697307917,1142,tighten,400,0,400,1.0
margin_vs_margin_harder_variable,1.2729897697307917,1143,tighten,400,0,400,1.0
margin_vs_margin_harder_variable,1.189207115002721,1144,tighten,400,400,0,0.0
margin_vs_margin_harder_variable,1.189207115002721,1145,tighten,400,400,0,0.0
margin_vs_margin_harder_variable,1.189207115002721,1146,tighten,400,214,186,0.465
margin_vs_margin_harder_variable,1.189207115002721,1147,tighten,400,319,81,0.2025
margin_vs_margin_harder_variable,1.2730417029239869,1148,tighten,400,0,400,1.0
margin_vs_margin_harder_variable,1.2730417029239869,1149,tighten,400,0,400,1.0
margin_vs_margin_harder_variable,1.2730417029239869,1150,tighten,400,140,260,0.65
margin_vs_margin_harder_variable,1.2730417029239869,1151,tighten,400,203,197,0.4925
margin_vs_margin_harder_variable,1.2730455499114677,1152,tighten,400,293,107,0.2675
margin_vs_margin_harder_variable,1.2730455499114677,1153,tighten,400,0,400,1.0
margin_vs_margin_harder_variable,1.2730455499114677,1154,tighten,400,211,189,0.4725
margin_vs_margin_harder_variable,1.2730455499114677,1155,tighten,400,0,400,1.0
margin_vs_margin_harder_variable,1.2730455499114677,1156,tighten,400,0,400,1.0
margin_vs_margin_harder_variable,1.2730455499114677,1157,tighten,400,0,400,1.0
margin_vs_margin_harder_variable,1.2730455499114677,1158,tighten,400,0,400,1.0
margin_vs_margin_harder_variable,1.2730455499114677,1159,tighten,400,206,194,0.485
margin_vs_margin_harder_variable,1.2763119836461465,1160,tighten,400,317,83,0.2075
margin_vs_margin_harder_variable,1.2763119836461465,1161,tighten,400,0,400,1.0
margin_vs_margin_harder_variable,1.2763119836461465,1162,tighten,400,0,400,1.0
margin_vs_margin_harder_variable,1.2763119836461465,1163,tighten,400,0,400,1.0
margin_vs_margin_harder_variable,1.2763119836461465,1164,tighten,400,0,400,1.0
margin_vs_margin_harder_variable,1.2763119836461465,1165,tighten,400,0,400,1.0
margin_vs_margin_harder_variable,1.2763119836461465,1166,tighten,400,0,400,1.0
margin_vs_margin_harder_variable,1.2763119836461465,1167,tighten,400,199,201,0.5025
margin_vs_margin_harder_variable,1.2764354092639407,1168,tighten,400,196,204,0.51
margin_vs_margin_harder_variable,1.2764354092639407,1169,tighten,400,0,400,1.0
margin_vs_margin_harder_variable,1.2764354092639407,1170,tighten,400,0,400,1.0
margin_vs_margin_harder_variable,1.2764354092639407,1171,tighten,400,4,396,0.99
margin_vs_margin_harder_variable,1.2730455499114677,1172,tighten,400,265,135,0.3375
margin_vs_margin_harder_variable,1.2730455499114677,1173,tighten,400,0,400,1.0
margin_vs_margin_harder_variable,1.2730455499114677,1174,tighten,400,0,400,1.0
margin_vs_margin_harder_variable,1.2730455499114677,1175,tighten,400,42,358,0.895
margin_vs_margin_harder_variable,1.2764354092639407,1176,tighten,400,0,400,1.0
margin_vs_margin_harder_variable,1.2764354092639407,1177,tighten,400,0,400,1.0
margin_vs_margin_harder_variable,1.2764354092639407,1178,tighten,400,0,400,1.0
margin_vs_margin_harder_variable,1.2764354092639407,1179,tighten,400,0,400,1.0
margin_vs_margin_harder_variable,1.2730417029239869,1180,tighten,400,0,400,1.0
margin_vs_margin_harder_variable,1.2730417029239869,1181,tighten,400,126,274,0.685
margin_vs_margin_harder_variable,1.2730417029239869,1182,tighten,400,0,400,1.0
margin_vs_margin_harder_variable,1.2730417029239869,1183,tighten,400,81,319,0.7975
margin_vs_margin_harder_variable,1.2763119836461465,1184,tighten,400,0,400,1.0
margin_vs_margin_harder_variable,1.2763119836461465,1185,tighten,400,0,400,1.0
margin_vs_margin_harder_variable,1.2763119836461465,1186,tighten,400,0,400,1.0
margin_vs_margin_harder_variable,1.2763119836461465,1187,tighten,400,0,400,1.0
margin_vs_margin_harder_variable,1.1745782734008854,1188,tighten,400,400,0,0.0
margin_vs_margin_harder_variable,1.1745782734008854,1189,tighten,400,329,71,0.1775
margin_vs_margin_harder_variable,1.1745782734008854,1190,tighten,400,302,98,0.245
margin_vs_margin_harder_variable,1.1745782734008854,1191,tighten,400,273,127,0.3175
margin_vs_margin_harder_variable,1.2729916931446108,1192,tighten,400,192,208,0.52
margin_vs_margin_harder_variable,1.2729916931446108,1193,tighten,400,0,400,1.0
margin_vs_margin_harder_variable,1.2729916931446108,1194,tighten,400,289,111,0.2775
margin_vs_margin_harder_variable,1.2729916931446108,1195,tighten,400,0,400,1.0
margin_vs_margin_harder_variable,1.2729916931446108,1196,tighten,400,0,400,1.0
margin_vs_margin_harder_variable,1.2729916931446108,1197,tighten,400,20,380,0.95
margin_vs_margin_harder_variable,1.2729916931446108,1198,tighten,400,0,400,1.0
margin_vs_margin_harder_variable,1.2729916931446108,1199,tighten,400,25,375,0.9375
margin_vs_margin_harder_variable,1.2729916931446108,1200,tighten,400,212,188,0.47
margin_vs_margin_harder_variable,1.2729916931446108,1201,tighten,400,8,392,0.98
margin_vs_margin_harder_variable,1.2729916931446108,1202,tighten,400,0,400,1.0
margin_vs_margin_harder_variable,1.2729916931446108,1203,tighten,400,0,400,1.0
margin_vs_margin_harder_variable,1.2762502753128366,1204,tighten,400,0,400,1.0
margin_vs_margin_harder_variable,1.2762502753128366,1205,tighten,400,0,400,1.0
margin_vs_margin_harder_variable,1.2762502753128366,1206,tighten,400,301,99,0.2475
margin_vs_margin_harder_variable,1.2762502753128366,1207,tighten,400,0,400,1.0
margin_vs_margin_harder_variable,1.275941778396392,1208,tighten,400,0,400,1.0
margin_vs_margin_harder_variable,1.275941778396392,1209,tighten,400,0,400,1.0
margin_vs_margin_harder_variable,1.275941778396392,1210,tighten,400,0,400,1.0
margin_vs_margin_harder_variable,1.275941778396392,1211,tighten,400,165,235,0.5875
margin_vs_margin_harder_variable,1.241857812073484,1212,tighten,400,210,190,0.475
margin_vs_margin_harder_variable,1.241857812073484,1213,tighten,400,400,0,0.0
margin_vs_margin_harder_variable,1.241857812073484,1214,tighten,400,302,98,0.245
margin_vs_margin_harder_variable,1.241857812073484,1215,tighten,400,194,206,0.515
margin_vs_margin_harder_variable,1.2730301620312954,1216,tighten,400,0,400,1.0
margin_vs_margin_harder_variable,1.2730301620312954,1217,tighten,400,0,400,1.0
margin_vs_margin_harder_variable,1.2730301620312954,1218,tighten,400,0,400,1.0
margin_vs_margin_harder_variable,1.2730301620312954,1219,tighten,400,0,400,1.0
margin_vs_margin_harder_variable,1.2731071032922048,1220,tighten,400,0,400,1.0
margin_vs_margin_harder_variable,1.2731071032922048,1221,tighten,400,293,107,0.2675
margin_vs_margin_harder_variable,1.2731071032922048,1222,tighten,400,0,400,1.0
margin_vs_margin_harder_variable,1.2731071032922048,1223,tighten,400,0,400,1.0
margin_vs_margin_harder_variable,1.2730455499114677,1224,tighten,400,116,284,0.71
margin_vs_margin_harder_variable,1.2730455499114677,1225,tighten,400,310,90,0.225
margin_vs_margin_harder_variable,1.2730455499114677,1226,tighten,400,0,400,1.0
margin_vs_margin_harder_variable,1.2730455499114677,1227,tighten,400,0,400,1.0
margin_vs_margin_harder_variable,1.2729993868289493,1228,tighten,400,0,400,1.0
margin_vs_margin_harder_variable,1.2729993868289493,1229,tighten,400,192,208,0.52
margin_vs_margin_harder_variable,1.2729993868289493,1230,tighten,400,0,400,1.0
margin_vs_margin_harder_variable,1.2729993868289493,1231,tighten,400,0,400,1.0
margin_vs_margin_harder_variable,1.189207115002721,1232,tighten,400,323,77,0.1925
margin_vs_margin_harder_variable,1.189207115002721,1233,tighten,400,299,101,0.2525
margin_vs_margin_harder_variable,1.189207115002721,1234,tighten,400,305,95,0.2375
margin_vs_margin_harder_variable,1.189207115002721,1235,tighten,400,296,104,0.26
margin_vs_margin_harder_variable,1.2729888080249718,1236,tighten,400,0,400,1.0
margin_vs_margin_harder_variable,1.2729888080249718,1237,tighten,400,150,250,0.625
margin_vs_margin_harder_variable,1.2729888080249718,1238,tighten,400,0,400,1.0
margin_vs_margin_harder_variable,1.2729888080249718,1239,tighten,400,0,400,1.0
margin_vs_margin_harder_variable,1.2730147743371232,1240,tighten,400,198,202,0.505
margin_vs_margin_harder_variable,1.2730147743371232,1241,tighten,400,300,100,0.25
margin_vs_margin_harder_variable,1.2730147743371232,1242,tighten,400,88,312,0.78
margin_vs_margin_harder_variable,1.2730147743371232,1243,tighten,400,0,400,1.0
margin_vs_margin_harder_variable,1.272984480357774,1244,tighten,400,304,96,0.24
margin_vs_margin_harder_variable,1.272984480357774,1245,tighten,400,0,400,1.0
margin_vs_margin_harder_variable,1.272984480357774,1246,tighten,400,0,400,1.0
margin_vs_margin_harder_variable,1.272984480357774,1247,tighten,400,0,400,1.0
margin_vs_margin_harder_variable,1.2761885699630595,1248,tighten,400,0,400,1.0
margin_vs_margin_harder_variable,1.2761885699630595,1249,tighten,400,0,400,1.0
margin_vs_margin_harder_variable,1.2761885699630595,1250,tighten,400,0,400,1.0
margin_vs_margin_harder_variable,1.2761885699630595,1251,tighten,400,0,400,1.0
margin_vs_margin_harder_variable,1.2729878463198787,1252,tighten,400,204,196,0.49
margin_vs_margin_harder_variable,1.2729878463198787,1253,tighten,400,214,186,0.465
margin_vs_margin_harder_variable,1.2729878463198787,1254,tighten,400,232,168,0.42
margin_vs_margin_harder_variable,1.2729878463198787,1255,tighten,400,0,400,1.0
margin_vs_margin_harder_variable,1.2732302189823774,1256,tighten,400,0,400,1.0
margin_vs_margin_harder_variable,1.2732302189823774,1257,tighten,400,298,102,0.255
margin_vs_margin_harder_variable,1.2732302189823774,1258,tighten,400,218,182,0.455
margin_vs_margin_harder_variable,1.2732302189823774,1259,tighten,400,113,287,0.7175
margin_vs_margin_harder_variable,1.2762502753128366,1260,tighten,400,0,400,1.0
margin_vs_margin_harder_variable,1.2762502753128366,1261,tighten,400,0,400,1.0
margin_vs_margin_harder_variable,1.2762502753128366,1262,tighten,400,0,400,1.0
margin_vs_margin_harder_variable,1.2762502753128366,1263,tighten,400,0,400,1.0
margin_vs_margin_harder_variable,1.204018152215916,1264,tighten,400,122,278,0.695
margin_vs_margin_harder_variable,1.204018152215916,1265,tighten,400,202,198,0.495
margin_vs_margin_harder_variable,1.204018152215916,1266,tighten,400,312,88,0.22
margin_vs_margin_harder_variable,1.204018152215916,1267,tighten,400,220,180,0.45
margin_vs_margin_harder_variable,1.2769292311052765,1268,tighten,400,0,400,1.0
margin_vs_margin_harder_variable,1.2769292311052765,1269,tighten,400,35,365,0.9125
margin_vs_margin_harder_variable,1.2769292311052765,1270,tighten,400,0,400,1.0
margin_vs_margin_harder_variable,1.2769292311052765,1271,tighten,400,0,400,1.0
margin_vs_margin_harder_variable,1.2731071032922048,1272,tighten,400,0,400,1.0
margin_vs_margin_harder_variable,1.2731071032922048,1273,tighten,400,0,400,1.0
margin_vs_margin_harder_variable,1.2731071032922048,1274,tighten,400,0,400,1.0
margin_vs_margin_harder_variable,1.2731071032922048,1275,tighten,400,0,400,1.0
margin_vs_margin_harder_variable,1.273040741178933,1276,tighten,400,0,400,1.0
margin_vs_margin_harder_variable,1.273040741178933,1277,tighten,400,0,400,1.0
margin_vs_margin_harder_variable,1.273040741178933,1278,tighten,400,25,375,0.9375
margin_vs_margin_harder_variable,1.273040741178933,1279,tighten,400,0,400,1.0
margin_vs_margin_harder_variable,1.2730378559481312,1280,tighten,400,0,400,1.0
margin_vs_margin_harder_variable,1.2730378559481312,1281,tighten,400,0,400,1.0
margin_vs_margin_harder_variable,1.2730378559481312,1282,tighten,400,0,400,1.0
margin_vs_margin_harder_variable,1.2730378559481312,1283,tighten,400,0,400,1.0
margin_vs_margin_harder_variable,1.2495672708227517,1284,tighten,400,293,107,0.2675
margin_vs_margin_harder_variable,1.2495672708227517,1285,tighten,400,195,205,0.5125
margin_vs_margin_harder_variable,1.2495672708227517,1286,tighten,400,190,210,0.525
margin_vs_margin_harder_variable,1.2495672708227517,1287,tighten,400,296,104,0.26
margin_vs_margin_harder_variable,1.274955089287266,1288,tighten,400,0,400,1.0
margin_vs_margin_harder_variable,1.274955089287266,1289,tighten,400,47,353,0.8825
margin_vs_margin_harder_variable,1.274955089287266,1290,tighten,400,0,400,1.0
margin_vs_margin_harder_variable,1.274955089287266,1291,tighten,400,0,400,1.0
margin_vs_margin_harder_variable,1.273476486081544,1292,tighten,400,0,400,1.0
margin_vs_margin_harder_variable,1.273476486081544,1293,tighten,400,0,400,1.0
margin_vs_margin_harder_variable,1.273476486081544,1294,tighten,400,0,400,1.0
margin_vs_margin_harder_variable,1.273476486081544,1295,tighten,400,123,277,0.6925
margin_vs_margin_harder_variable,1.2341959183938165,1296,tighten,400,0,400,1.0
margin_vs_margin_harder_variable,1.2341959183938165,1297,tighten,400,219,181,0.4525
margin_vs_margin_harder_variable,1.2341959183938165,1298,tighten,400,184,216,0.54
margin_vs_margin_harder_variable,1.2341959183938165,1299,tighten,400,203,197,0.4925
margin_vs_margin_harder_variable,1.2729916931446108,1300,tighten,400,0,400,1.0
margin_vs_margin_harder_variable,1.2729916931446108,1301,tighten,400,0,400,1.0
margin_vs_margin_harder_variable,1.2729916931446108,1302,tighten,400,214,186,0.465
margin_vs_margin_harder_variable,1.2729916931446108,1303,tighten,400,0,400,1.0
margin_vs_margin_harder_variable,1.2729859229118718,1304,tighten,400,0,400,1.0
margin_vs_margin_harder_variable,1.2729859229118718,1305,tighten,400,0,400,1.0
margin_vs_margin_harder_variable,1.2729859229118718,1306,tighten,400,0,400,1.0
margin_vs_margin_harder_variable,1.2729859229118718,1307,tighten,400,5,395,0.9875
margin_vs_margin_harder_variable,1.2265812963214031,1308,tighten,400,206,194,0.485
margin_vs_margin_harder_variable,1.2265812963214031,1309,tighten,400,307,93,0.2325
margin_vs_margin_harder_variable,1.2265812963214031,1310,tighten,400,315,85,0.2125
margin_vs_margin_harder_variable,1.2265812963214031,1311,tighten,400,225,175,0.4375
margin_vs_margin_harder_variable,1.2651300664998562,1312,tighten,400,202,198,0.495
margin_vs_margin_harder_variable,1.2651300664998562,1313,tighten,400,0,400,1.0
margin_vs_margin_harder_variable,1.2651300664998562,1314,tighten,400,0,400,1.0
margin_vs_margin_harder_variable,1.2651300664998562,1315,tighten,400,0,400,1.0
margin_vs_margin_harder_variable,1.272983999506771,1316,tighten,400,0,400,1.0
margin_vs_margin_harder_variable,1.272983999506771,1317,tighten,400,0,400,1.0
margin_vs_margin_harder_variable,1.272983999506771,1318,tighten,400,0,400,1.0
margin_vs_margin_harder_variable,1.272983999506771,1319,tighten,400,0,400,1.0
margin_vs_margin_harder_variable,1.272984961208958,1320,tighten,400,0,400,1.0
margin_vs_margin_harder_variable,1.272984961208958,1321,tighten,400,293,107,0.2675
margin_vs_margin_harder_variable,1.272984961208958,1322,tighten,400,50,350,0.875
margin_vs_margin_harder_variable,1.272984961208958,1323,tighten,400,0,400,1.0
margin_vs_margin_harder_variable,1.2730417029239869,1324,tighten,400,101,299,0.7475
margin_vs_margin_harder_variable,1.2730417029239869,1325,tighten,400,195,205,0.5125
margin_vs_margin_harder_variable,1.2730417029239869,1326,tighten,400,134,266,0.665
margin_vs_margin_harder_variable,1.2730417029239869,1327,tighten,400,0,400,1.0
margin_vs_margin_harder_variable,1.273039779434606,1328,tighten,400,0,400,1.0
margin_vs_margin_harder_variable,1.273039779434606,1329,tighten,400,0,400,1.0
margin_vs_margin_harder_variable,1.273039779434606,1330,tighten,400,0,400,1.0
margin_vs_margin_harder_variable,1.273039779434606,1331,tighten,400,0,400,1.0
margin_vs_margin_harder_variable,1.241857812073484,1332,tighten,400,58,342,0.855
margin_vs_margin_harder_variable,1.241857812073484,1333,tighten,400,109,291,0.7275
margin_vs_margin_harder_variable,1.241857812073484,1334,tighten,400,0,400,1.0
margin_vs_margin_harder_variable,1.241857812073484,1335,tighten,400,203,197,0.4925
margin_vs_margin_harder_variable,1.160129386160163,1336,tighten,400,324,76,0.19
margin_vs_margin_harder_variable,1.160129386160163,1337,tighten,400,400,0,0.0
margin_vs_margin_harder_variable,1.160129386160163,1338,tighten,400,400,0,0.0
margin_vs_margin_harder_variable,1.160129386160163,1339,tighten,400,298,102,0.255
margin_vs_margin_harder_variable,1.204018152215916,1340,tighten,400,189,211,0.5275
margin_vs_margin_harder_variable,1.204018152215916,1341,tighten,400,297,103,0.2575
margin_vs_margin_harder_variable,1.204018152215916,1342,tighten,400,315,85,0.2125
margin_vs_margin_harder_variable,1.204018152215916,1343,tighten,400,299,101,0.2525
margin_vs_margin_harder_variable,1.1745782734008854,1344,tighten,400,317,83,0.2075
margin_vs_margin_harder_variable,1.1745782734008854,1345,tighten,400,400,0,0.0
margin_vs_margin_harder_variable,1.1745782734008854,1346,tighten,400,400,0,0.0
margin_vs_margin_harder_variable,1.1745782734008854,1347,tighten,400,327,73,0.1825
margin_vs_margin_harder_variable,1.2495672708227517,1348,tighten,400,160,240,0.6
margin_vs_margin_harder_variable,1.2495672708227517,1349,tighten,400,0,400,1.0
margin_vs_margin_harder_variable,1.2495672708227517,1350,tighten,400,317,83,0.2075
margin_vs_margin_harder_variable,1.2495672708227517,1351,tighten,400,326,74,0.185
margin_vs_margin_harder_variable,1.2651300664998562,1352,tighten,400,0,400,1.0
margin_vs_margin_harder_variable,1.2651300664998562,1353,tighten,400,310,90,0.225
margin_vs_margin_harder_variable,1.2651300664998562,1354,tighten,400,0,400,1.0
margin_vs_margin_harder_variable,1.2651300664998562,1355,tighten,400,0,400,1.0
margin_vs_margin_harder_variable,1.2573245899257803,1356,insert,400,0,400,1.0
margin_vs_margin_harder_variable,1.2573245899257803,1357,insert,400,0,400,1.0
margin_vs_margin_harder_variable,1.2573245899257803,1358,insert,400,213,187,0.4675
margin_vs_margin_harder_variable,1.2573245899257803,1359,insert,400,0,400,1.0
margin_vs_margin_harder_variable,1.2573245899257803,1360,tighten,400,170,230,0.575
margin_vs_margin_harder_variable,1.2573245899257803,1361,tighten,400,0,400,1.0
margin_vs_margin_harder_variable,1.2573245899257803,1362,tighten,400,189,211,0.5275
margin_vs_margin_harder_variable,1.2573245899257803,1363,tighten,400,186,214,0.535
margin_vs_margin_harder_variable,1.2573245899257803,1364,tighten,400,208,192,0.48
margin_vs_margin_harder_variable,1.2573245899257803,1365,tighten,400,304,96,0.24
margin_vs_margin_harder_variable,1.2573245899257803,1366,tighten,400,0,400,1.0
margin_vs_margin_harder_variable,1.2573245899257803,1367,tighten,400,0,400,1.0
margin_vs_margin_harder_variable,1.2573245899257803,1368,tighten,400,201,199,0.4975
margin_vs_margin_harder_variable,1.2573245899257803,1369,tighten,400,0,400,1.0
margin_vs_margin_harder_variable,1.2573245899257803,1370,tighten,400,0,400,1.0
margin_vs_margin_harder_variable,1.2573245899257803,1371,tighten,400,0,400,1.0
margin_vs_margin_harder_variable,1.2573245899257803,1372,tighten,400,0,400,1.0
margin_vs_margin_harder_variable,1.2573245899257803,1373,tighten,400,212,188,0.47
margin_vs_margin_harder_variable,1.2573245899257803,1374,tighten,400,107,293,0.7325
margin_vs_margin_harder_variable,1.2573245899257803,1375,tighten,400,203,197,0.4925
margin_vs_margin_harder_variable,1.2573245899257803,1376,tighten,400,0,400,1.0
margin_vs_margin_harder_variable,1.2573245899257803,1377,tighten,400,196,204,0.51
margin_vs_margin_harder_variable,1.2573245899257803,1378,tighten,400,0,400,1.0
margin_vs_margin_harder_variable,1.2573245899257803,1379,tighten,400,195,205,0.5125
margin_vs_margin_harder_variable,1.2534399293033125,1380,insert,400,0,400,1.0
margin_vs_margin_harder_variable,1.2534399293033125,1381,insert,400,0,400,1.0
margin_vs_margin_harder_variable,1.2534399293033125,1382,insert,400,299,101,0.2525
margin_vs_margin_harder_variable,1.2534399293033125,1383,insert,400,204,196,0.49
margin_vs_margin_harder_variable,1.2534399293033125,1384,tighten,400,0,400,1.0
margin_vs_margin_harder_variable,1.2534399293033125,1385,tighten,400,0,400,1.0
margin_vs_margin_harder_variable,1.2534399293033125,1386,tighten,400,137,263,0.6575
margin_vs_margin_harder_variable,1.2534399293033125,1387,tighten,400,202,198,0.495
margin_vs_margin_harder_variable,1.2534399293033125,1388,tighten,400,204,196,0.49
margin_vs_margin_harder_variable,1.2534399293033125,1389,tighten,400,96,304,0.76
margin_vs_margin_harder_variable,1.2534399293033125,1390,tighten,400,0,400,1.0
margin_vs_margin_harder_variable,1.2534399293033125,1391,tighten,400,0,400,1.0
margin_vs_margin_harder_variable,1.2534399293033125,1392,tighten,400,0,400,1.0
margin_vs_margin_harder_variable,1.2534399293033125,1393,tighten,400,0,400,1.0
margin_vs_margin_harder_variable,1.2534399293033125,1394,tighten,400,289,111,0.2775
margin_vs_margin_harder_variable,1.2534399293033125,1395,tighten,400,293,107,0.2675
margin_vs_margin_harder_variable,1.2534399293033125,1396,tighten,400,0,400,1.0
margin_vs_margin_harder_variable,1.2534399293033125,1397,tighten,400,0,400,1.0
margin_vs_margin_harder_variable,1.2534399293033125,1398,tighten,400,207,193,0.4825
margin_vs_margin_harder_variable,1.2534399293033125,1399,tighten,400,0,400,1.0
margin_vs_margin_harder_variable,1.2534399293033125,1400,tighten,400,0,400,1.0
margin_vs_margin_harder_variable,1.2534399293033125,1401,tighten,400,214,186,0.465
margin_vs_margin_harder_variable,1.2534399293033125,1402,tighten,400,111,289,0.7225
margin_vs_margin_harder_variable,1.2534399293033125,1403,tighten,400,0,400,1.0
margin_vs_margin_harder_variable,1.251502102115615,1404,insert,400,0,400,1.0
margin_vs_margin_harder_variable,1.251502102115615,1405,insert,400,154,246,0.615
margin_vs_margin_harder_variable,1.251502102115615,1406,insert,400,306,94,0.235
margin_vs_margin_harder_variable,1.251502102115615,1407,insert,400,185,215,0.5375
margin_vs_margin_harder_variable,1.2341959183938165,1408,tighten,400,0,400,1.0
margin_vs_margin_harder_variable,1.2341959183938165,1409,tighten,400,294,106,0.265
margin_vs_margin_harder_variable,1.2341959183938165,1410,tighten,400,317,83,0.2075
margin_vs_margin_harder_variable,1.2341959183938165,1411,tighten,400,313,87,0.2175
margin_vs_margin_harder_variable,1.272983999506771,1412,tighten,400,103,297,0.7425
margin_vs_margin_harder_variable,1.272983999506771,1413,tighten,400,0,400,1.0
margin_vs_margin_harder_variable,1.272983999506771,1414,tighten,400,207,193,0.4825
margin_vs_margin_harder_variable,1.272983999506771,1415,tighten,400,0,400,1.0
margin_vs_margin_harder_variable,1.2265812963214031,1416,tighten,400,307,93,0.2325
margin_vs_margin_harder_variable,1.2265812963214031,1417,tighten,400,0,400,1.0
margin_vs_margin_harder_variable,1.2265812963214031,1418,tighten,400,309,91,0.2275
margin_vs_margin_harder_variable,1.2265812963214031,1419,tighten,400,205,195,0.4875
margin_vs_margin_harder_variable,1.2534399293033125,1420,tighten,400,192,208,0.52
margin_vs_margin_harder_variable,1.2534399293033125,1421,tighten,400,0,400,1.0
margin_vs_margin_harder_variable,1.2534399293033125,1422,tighten,400,0,400,1.0
margin_vs_margin_harder_variable,1.2534399293033125,1423,tighten,400,312,88,0.22
margin_vs_margin_harder_variable,1.189207115002721,1424,tighten,400,336,64,0.16
margin_vs_margin_harder_variable,1.189207115002721,1425,tighten,400,400,0,0.0
margin_vs_margin_harder_variable,1.189207115002721,1426,tighten,400,400,0,0.0
margin_vs_margin_harder_variable,1.189207115002721,1427,tighten,400,301,99,0.2475
margin_vs_margin_harder_variable,1.241857812073484,1428,tighten,400,48,352,0.88
margin_vs_margin_harder_variable,1.241857812073484,1429,tighten,400,278,122,0.305
margin_vs_margin_harder_variable,1.241857812073484,1430,tighten,400,201,199,0.4975
margin_vs_margin_harder_variable,1.241857812073484,1431,tighten,400,220,180,0.45
margin_vs_margin_harder_variable,1.2573245899257803,1432,tighten,400,0,400,1.0
margin_vs_margin_harder_variable,1.2573245899257803,1433,tighten,400,196,204,0.51
margin_vs_margin_harder_variable,1.2573245899257803,1434,tighten,400,14,386,0.965
margin_vs_margin_harder_variable,1.2573245899257803,1435,tighten,400,0,400,1.0
margin_vs_margin_harder_variable,1.160129386160163,1436,tighten,400,321,79,0.1975
margin_vs_margin_harder_variable,1.160129386160163,1437,tighten,400,312,88,0.22
margin_vs_margin_harder_variable,1.160129386160163,1438,tighten,400,321,79,0.1975
margin_vs_margin_harder_variable,1.160129386160163,1439,tighten,400,384,16,0.04
margin_vs_margin_harder_variable,1.2341959183938165,1440,tighten,400,195,205,0.5125
margin_vs_margin_harder_variable,1.2341959183938165,1441,tighten,400,200,200,0.5
margin_vs_margin_harder_variable,1.2341959183938165,1442,tighten,400,299,101,0.2525
margin_vs_margin_harder_variable,1.2341959183938165,1443,tighten,400,129,271,0.6775
margin_vs_margin_harder_variable,1.2808866897642726,1444,tighten,400,1,399,0.9975
margin_vs_margin_harder_variable,1.2808866897642726,1445,tighten,400,193,207,0.5175
margin_vs_margin_harder_variable,1.2808866897642726,1446,tighten,400,0,400,1.0
margin_vs_margin_harder_variable,1.2808866897642726,1447,tighten,400,95,305,0.7625
margin_vs_margin_harder_variable,1.2808866897642726,1448,tighten,400,0,400,1.0
margin_vs_margin_harder_variable,1.2808866897642726,1449,tighten,400,0,400,1.0
margin_vs_margin_harder_variable,1.2808866897642726,1450,tighten,400,0,400,1.0
margin_vs_margin_harder_variable,1.2808866897642726,1451,tighten,400,0,400,1.0
margin_vs_margin_harder_variable,1.2495672708227517,1452,tighten,400,199,201,0.5025
margin_vs_margin_harder_variable,1.2495672708227517,1453,tighten,400,0,400,1.0
margin_vs_margin_harder_variable,1.2495672708227517,1454,tighten,400,0,400,1.0
margin_vs_margin_harder_variable,1.2495672708227517,1455,tighten,400,400,0,0.0
margin_vs_margin_harder_variable,1.2651300664998562,1456,tighten,400,0,400,1.0
margin_vs_margin_harder_variable,1.2651300664998562,1457,tighten,400,194,206,0.515
margin_vs_margin_harder_variable,1.2651300664998562,1458,tighten,400,0,400,1.0
margin_vs_margin_harder_variable,1.2651300664998562,1459,tighten,400,202,198,0.495
margin_vs_margin_harder_variable,1.2534399293033125,1460,tighten,400,0,400,1.0
margin_vs_margin_harder_variable,1.2534399293033125,1461,tighten,400,311,89,0.2225
margin_vs_margin_harder_variable,1.2534399293033125,1462,tighten,400,0,400,1.0
margin_vs_margin_harder_variable,1.2534399293033125,1463,tighten,400,290,110,0.275
margin_vs_margin_harder_variable,1.2265812963214031,1464,tighten,400,0,400,1.0
margin_vs_margin_harder_variable,1.2265812963214031,1465,tighten,400,230,170,0.425
margin_vs_margin_harder_variable,1.2265812963214031,1466,tighten,400,0,400,1.0
margin_vs_margin_harder_variable,1.2265812963214031,1467,tighten,400,400,0,0.0
margin_vs_margin_harder_variable,1.272983999506771,1468,tighten,400,61,339,0.8475
margin_vs_margin_harder_variable,1.272983999506771,1469,tighten,400,0,400,1.0
margin_vs_margin_harder_variable,1.272983999506771,1470,tighten,400,209,191,0.4775
margin_vs_margin_harder_variable,1.272983999506771,1471,tighten,400,0,400,1.0
margin_vs_margin_harder_variable,1.204018152215916,1472,tighten,400,311,89,0.2225
margin_vs_margin_harder_variable,1.204018152215916,1473,tighten,400,400,0,0.0
margin_vs_margin_harder_variable,1.204018152215916,1474,tighten,400,224,176,0.44
margin_vs_margin_harder_variable,1.204018152215916,1475,tighten,400,383,17,0.0425
margin_vs_margin_harder_variable,1.241857812073484,1476,tighten,400,202,198,0.495
margin_vs_margin_harder_variable,1.241857812073484,1477,tighten,400,204,196,0.49
margin_vs_margin_harder_variable,1.241857812073484,1478,tighten,400,0,400,1.0
margin_vs_margin_harder_variable,1.241857812073484,1479,tighten,400,298,102,0.255
margin_vs_margin_harder_variable,1.2808866897642726,1480,tighten,400,0,400,1.0
margin_vs_margin_harder_variable,1.2808866897642726,1481,tighten,400,73,327,0.8175
margin_vs_margin_harder_variable,1.2808866897642726,1482,tighten,400,0,400,1.0
margin_vs_margin_harder_variable,1.2808866897642726,1483,tighten,400,0,400,1.0
margin_vs_margin_harder_variable,1.2573245899257803,1484,tighten,400,285,115,0.2875
margin_vs_margin_harder_variable,1.2573245899257803,1485,tighten,400,0,400,1.0
margin_vs_margin_harder_variable,1.2573245899257803,1486,tighten,400,0,400,1.0
margin_vs_margin_harder_variable,1.2573245899257803,1487,tighten,400,0,400,1.0
margin_vs_margin_harder_variable,1.2495672708227517,1488,tighten,400,0,400,1.0
margin_vs_margin_harder_variable,1.2495672708227517,1489,tighten,400,203,197,0.4925
margin_vs_margin_harder_variable,1.2495672708227517,1490,tighten,400,219,181,0.4525
margin_vs_margin_harder_variable,1.2495672708227517,1491,tighten,400,214,186,0.465
margin_vs_margin_harder_variable,1.2265812963214031,1492,tighten,400,216,184,0.46
margin_vs_margin_harder_variable,1.2265812963214031,1493,tighten,400,0,400,1.0
margin_vs_margin_harder_variable,1.2265812963214031,1494,tighten,400,303,97,0.2425
margin_vs_margin_harder_variable,1.2265812963214031,1495,tighten,400,201,199,0.4975
margin_vs_margin_harder_variable,1.2227916209263197,1496,insert,400,309,91,0.2275
margin_vs_margin_harder_variable,1.2227916209263197,1497,insert,400,0,400,1.0
margin_vs_margin_harder_variable,1.2227916209263197,1498,insert,400,307,93,0.2325
margin_vs_margin_harder_variable,1.2227916209263197,1499,insert,400,324,76,0.19
margin_vs_margin_harder_variable,1.2227916209263197,1500,tighten,400,21,379,0.9475
margin_vs_margin_harder_variable,1.2227916209263197,1501,tighten,400,314,86,0.215
margin_vs_margin_harder_variable,1.2227916209263197,1502,tighten,400,312,88,0.22
margin_vs_margin_harder_variable,1.2227916209263197,1503,tighten,400,199,201,0.5025
margin_vs_margin_harder_variable,1.2227916209263197,1504,tighten,400,199,201,0.5025
margin_vs_margin_harder_variable,1.2227916209263197,1505,tighten,400,316,84,0.21
margin_vs_margin_harder_variable,1.2227916209263197,1506,tighten,400,210,190,0.475
margin_vs_margin_harder_variable,1.2227916209263197,1507,tighten,400,0,400,1.0
margin_vs_margin_harder_variable,1.2227916209263197,1508,tighten,400,269,131,0.3275
margin_vs_margin_harder_variable,1.2227916209263197,1509,tighten,400,376,24,0.06
margin_vs_margin_harder_variable,1.2227916209263197,1510,tighten,400,0,400,1.0
margin_vs_margin_harder_variable,1.2227916209263197,1511,tighten,400,309,91,0.2275
margin_vs_margin_harder_variable,1.2227916209263197,1512,tighten,400,220,180,0.45
margin_vs_margin_harder_variable,1.2227916209263197,1513,tighten,400,249,151,0.3775
margin_vs_margin_harder_variable,1.2227916209263197,1514,tighten,400,317,83,0.2075
margin_vs_margin_harder_variable,1.2227916209263197,1515,tighten,400,84,316,0.79
margin_vs_margin_harder_variable,1.2227916209263197,1516,tighten,400,291,109,0.2725
margin_vs_margin_harder_variable,1.2227916209263197,1517,tighten,400,0,400,1.0
margin_vs_margin_harder_variable,1.2227916209263197,1518,tighten,400,288,112,0.28
margin_vs_margin_harder_variable,1.2227916209263197,1519,tighten,400,301,99,0.2475
margin_vs_margin_harder_variable,1.2227916209263197,1520,tighten,400,309,91,0.2275
margin_vs_margin_harder_variable,1.2227916209263197,1521,tighten,400,121,279,0.6975
margin_vs_margin_harder_variable,1.2227916209263197,1522,tighten,400,298,102,0.255
margin_vs_margin_harder_variable,1.2227916209263197,1523,tighten,400,320,80,0.2
margin_vs_margin_harder_variable,1.2227916209263197,1524,tighten,400,300,100,0.25
margin_vs_margin_harder_variable,1.2227916209263197,1525,tighten,400,207,193,0.4825
margin_vs_margin_harder_variable,1.2227916209263197,1526,tighten,400,79,321,0.8025
margin_vs_margin_harder_variable,1.2227916209263197,1527,tighten,400,301,99,0.2475
margin_vs_margin_harder_variable,1.2769292311052765,1528,tighten,400,0,400,1.0
margin_vs_margin_harder_variable,1.2769292311052765,1529,tighten,400,307,93,0.2325
margin_vs_margin_harder_variable,1.2769292311052765,1530,tighten,400,218,182,0.455
margin_vs_margin_harder_variable,1.2769292311052765,1531,tighten,400,0,400,1.0
margin_vs_margin_harder_variable,1.2769292311052765,1532,tighten,400,326,74,0.185
margin_vs_margin_harder_variable,1.2769292311052765,1533,tighten,400,191,209,0.5225
margin_vs_margin_harder_variable,1.2769292311052765,1534,tighten,400,0,400,1.0
margin_vs_margin_harder_variable,1.2769292311052765,1535,tighten,400,0,400,1.0
margin_vs_margin_harder_variable,1.2769292311052765,1536,tighten,400,0,400,1.0
margin_vs_margin_harder_variable,1.2769292311052765,1537,tighten,400,0,400,1.0
margin_vs_margin_harder_variable,1.2769292311052765,1538,tighten,400,0,400,1.0
margin_vs_margin_harder_variable,1.2769292311052765,1539,tighten,400,0,400,1.0
margin_vs_margin_harder_variable,1.2769292311052765,1540,tighten,400,0,400,1.0
margin_vs_margin_harder_variable,1.2769292311052765,1541,tighten,400,0,400,1.0
margin_vs_margin_harder_variable,1.2769292311052765,1542,tighten,400,0,400,1.0
margin_vs_margin_harder_variable,1.2769292311052765,1543,tighten,400,0,400,1.0
margin_vs_margin_harder_variable,1.2769292311052765,1544,tighten,400,0,400,1.0
margin_vs_margin_harder_variable,1.2769292311052765,1545,tighten,400,200,200,0.5
margin_vs_margin_harder_variable,1.2769292311052765,1546,tighten,400,213,187,0.4675
margin_vs_margin_harder_variable,1.2769292311052765,1547,tighten,400,70,330,0.825
margin_vs_margin_harder_variable,1.2534399293033125,1548,tighten,400,0,400,1.0
margin_vs_margin_harder_variable,1.2534399293033125,1549,tighten,400,0,400,1.0
margin_vs_margin_harder_variable,1.2534399293033125,1550,tighten,400,0,400,1.0
margin_vs_margin_harder_variable,1.2534399293033125,1551,tighten,400,189,211,0.5275
margin_vs_margin_harder_variable,1.189207115002721,1552,tighten,400,301,99,0.2475
margin_vs_margin_harder_variable,1.189207115002721,1553,tighten,400,400,0,0.0
margin_vs_margin_harder_variable,1.189207115002721,1554,tighten,400,204,196,0.49
margin_vs_margin_harder_variable,1.189207115002721,1555,tighten,400,324,76,0.19
margin_vs_margin_harder_variable,1.1745782734008854,1556,tighten,400,320,80,0.2
margin_vs_margin_harder_variable,1.1745782734008854,1557,tighten,400,400,0,0.0
margin_vs_margin_harder_variable,1.1745782734008854,1558,tighten,400,400,0,0.0
margin_vs_margin_harder_variable,1.1745782734008854,1559,tighten,400,320,80,0.2
margin_vs_margin_harder_variable,1.2769292311052765,1560,tighten,400,315,85,0.2125
margin_vs_margin_harder_variable,1.2769292311052765,1561,tighten,400,186,214,0.535
margin_vs_margin_harder_variable,1.2769292311052765,1562,tighten,400,0,400,1.0
margin_vs_margin_harder_variable,1.2769292311052765,1563,tighten,400,0,400,1.0
margin_vs_margin_harder_variable,1.2227916209263197,1564,tighten,400,0,400,1.0
margin_vs_margin_harder_variable,1.2227916209263197,1565,tighten,400,185,215,0.5375
margin_vs_margin_harder_variable,1.2227916209263197,1566,tighten,400,0,400,1.0
margin_vs_margin_harder_variable,1.2227916209263197,1567,tighten,400,95,305,0.7625
margin_vs_margin_harder_variable,1.2341959183938165,1568,tighten,400,186,214,0.535
margin_vs_margin_harder_variable,1.2341959183938165,1569,tighten,400,221,179,0.4475
margin_vs_margin_harder_variable,1.2341959183938165,1570,tighten,400,186,214,0.535
margin_vs_margin_harder_variable,1.2341959183938165,1571,tighten,400,213,187,0.4675
margin_vs_margin_harder_variable,1.2651300664998562,1572,tighten,400,131,269,0.6725
margin_vs_margin_harder_variable,1.2651300664998562,1573,tighten,400,0,400,1.0
margin_vs_margin_harder_variable,1.2651300664998562,1574,tighten,400,183,217,0.5425
margin_vs_margin_harder_variable,1.2651300664998562,1575,tighten,400,208,192,0.48
margin_vs_margin_harder_variable,1.2808866897642726,1576,tighten,400,0,400,1.0
margin_vs_margin_harder_variable,1.2808866897642726,1577,tighten,400,188,212,0.53
margin_vs_margin_harder_variable,1.2808866897642726,1578,tighten,400,0,400,1.0
margin_vs_margin_harder_variable,1.2808866897642726,1579,tighten,400,0,400,1.0
margin_vs_margin_harder_variable,1.160129386160163,1580,tighten,400,400,0,0.0
margin_vs_margin_harder_variable,1.160129386160163,1581,tighten,400,400,0,0.0
margin_vs_margin_harder_variable,1.160129386160163,1582,tighten,400,321,79,0.1975
margin_vs_margin_harder_variable,1.160129386160163,1583,tighten,400,400,0,0.0
margin_vs_margin_harder_variable,1.272983999506771,1584,tighten,400,0,400,1.0
margin_vs_margin_harder_variable,1.272983999506771,1585,tighten,400,0,400,1.0
margin_vs_margin_harder_variable,1.272983999506771,1586,tighten,400,201,199,0.4975
margin_vs_margin_harder_variable,1.272983999506771,1587,tighten,400,0,400,1.0
margin_vs_margin_harder_variable,1.2573245899257803,1588,tighten,400,0,400,1.0
margin_vs_margin_harder_variable,1.2573245899257803,1589,tighten,400,305,95,0.2375
margin_vs_margin_harder_variable,1.2573245899257803,1590,tighten,400,0,400,1.0
margin_vs_margin_harder_variable,1.2573245899257803,1591,tighten,400,301,99,0.2475
margin_vs_margin_harder_variable,1.241857812073484,1592,tighten,400,292,108,0.27
margin_vs_margin_harder_variable,1.241857812073484,1593,tighten,400,310,90,0.225
margin_vs_margin_harder_variable,1.241857812073484,1594,tighten,400,302,98,0.245
margin_vs_margin_harder_variable,1.241857812073484,1595,tighten,400,88,312,0.78
margin_vs_margin_harder_variable,1.204018152215916,1596,tighten,400,317,83,0.2075
margin_vs_margin_harder_variable,1.204018152215916,1597,tighten,400,280,120,0.3
margin_vs_margin_harder_variable,1.204018152215916,1598,tighten,400,400,0,0.0
margin_vs_margin_harder_variable,1.204018152215916,1599,tighten,400,315,85,0.2125
margin_vs_margin_harder_variable,1.2769292311052765,1600,tighten,400,0,400,1.0
margin_vs_margin_harder_variable,1.2769292311052765,1601,tighten,400,0,400,1.0
margin_vs_margin_harder_variable,1.2769292311052765,1602,tighten,400,0,400,1.0
margin_vs_margin_harder_variable,1.2769292311052765,1603,tighten,400,0,400,1.0
margin_vs_margin_harder_variable,1.2265812963214031,1604,tighten,400,313,87,0.2175
margin_vs_margin_harder_variable,1.2265812963214031,1605,tighten,400,186,214,0.535
margin_vs_margin_harder_variable,1.2265812963214031,1606,tighten,400,400,0,0.0
margin_vs_margin_harder_variable,1.2265812963214031,1607,tighten,400,288,112,0.28
margin_vs_margin_harder_variable,1.2495672708227517,1608,tighten,400,0,400,1.0
margin_vs_margin_harder_variable,1.2495672708227517,1609,tighten,400,193,207,0.5175
margin_vs_margin_harder_variable,1.2495672708227517,1610,tighten,400,300,100,0.25
margin_vs_margin_harder_variable,1.2495672708227517,1611,tighten,400,201,199,0.4975
margin_vs_margin_harder_variable,1.2227916209263197,1612,tighten,400,0,400,1.0
margin_vs_margin_harder_variable,1.2227916209263197,1613,tighten,400,342,58,0.145
margin_vs_margin_harder_variable,1.2227916209263197,1614,tighten,400,103,297,0.7425
margin_vs_margin_harder_variable,1.2227916209263197,1615,tighten,400,189,211,0.5275
margin_vs_margin_harder_variable,1.2534399293033125,1616,tighten,400,312,88,0.22
margin_vs_margin_harder_variable,1.2534399293033125,1617,tighten,400,319,81,0.2025
margin_vs_margin_harder_variable,1.2534399293033125,1618,tighten,400,304,96,0.24
margin_vs_margin_harder_variable,1.2534399293033125,1619,tighten,400,0,400,1.0
margin_vs_margin_harder_variable,1.2808866897642726,1620,tighten,400,31,369,0.9225
margin_vs_margin_harder_variable,1.2808866897642726,1621,tighten,400,189,211,0.5275
margin_vs_margin_harder_variable,1.2808866897642726,1622,tighten,400,0,400,1.0
margin_vs_margin_harder_variable,1.2808866897642726,1623,tighten,400,202,198,0.495
margin_vs_margin_harder_variable,1.3459001926323562,1624,tighten,400,0,400,1.0
margin_vs_margin_harder_variable,1.3459001926323562,1625,tighten,400,0,400,1.0
margin_vs_margin_harder_variable,1.3459001926323562,1626,tighten,400,0,400,1.0
margin_vs_margin_harder_variable,1.3459001926323562,1627,tighten,400,0,400,1.0
margin_vs_margin_harder_variable,1.2573245899257803,1628,tighten,400,0,400,1.0
margin_vs_margin_harder_variable,1.2573245899257803,1629,tighten,400,191,209,0.5225
margin_vs_margin_harder_variable,1.2573245899257803,1630,tighten,400,306,94,0.235
margin_vs_margin_harder_variable,1.2573245899257803,1631,tighten,400,316,84,0.21
margin_vs_margin_harder_variable,1.2651300664998562,1632,tighten,400,100,300,0.75
margin_vs_margin_harder_variable,1.2651300664998562,1633,tighten,400,92,308,0.77
margin_vs_margin_harder_variable,1.2651300664998562,1634,tighten,400,206,194,0.485
margin_vs_margin_harder_variable,1.2651300664998562,1635,tighten,400,1,399,0.9975
margin_vs_margin_harder_variable,1.189207115002721,1636,tighten,400,308,92,0.23
margin_vs_margin_harder_variable,1.189207115002721,1637,tighten,400,376,24,0.06
margin_vs_margin_harder_variable,1.189207115002721,1638,tighten,400,400,0,0.0
margin_vs_margin_harder_variable,1.189207115002721,1639,tighten,400,328,72,0.18
margin_vs_margin_harder_variable,1.2534399293033125,1640,tighten,400,0,400,1.0
margin_vs_margin_harder_variable,1.2534399293033125,1641,tighten,400,184,216,0.54
margin_vs_margin_harder_variable,1.2534399293033125,1642,tighten,400,308,92,0.23
margin_vs_margin_harder_variable,1.2534399293033125,1643,tighten,400,8,392,0.98
margin_vs_margin_harder_variable,1.2341959183938165,1644,tighten,400,342,58,0.145
margin_vs_margin_harder_variable,1.2341959183938165,1645,tighten,400,183,217,0.5425
margin_vs_margin_harder_variable,1.2341959183938165,1646,tighten,400,303,97,0.2425
margin_vs_margin_harder_variable,1.2341959183938165,1647,tighten,400,299,101,0.2525
margin_vs_margin_harder_variable,1.2209011762448287,1648,insert,400,321,79,0.1975
margin_vs_margin_harder_variable,1.2209011762448287,1649,insert,400,194,206,0.515
margin_vs_margin_harder_variable,1.2209011762448287,1650,insert,400,199,201,0.5025
margin_vs_margin_harder_variable,1.2209011762448287,1651,insert,400,207,193,0.4825
margin_vs_margin_harder_variable,1.241857812073484,1652,tighten,400,273,127,0.3175
margin_vs_margin_harder_variable,1.241857812073484,1653,tighten,400,315,85,0.2125
margin_vs_margin_harder_variable,1.241857812073484,1654,tighten,400,307,93,0.2325
margin_vs_margin_harder_variable,1.241857812073484,1655,tighten,400,204,196,0.49
margin_vs_margin_harder_variable,1.2227916209263197,1656,tighten,400,349,51,0.1275
margin_vs_margin_harder_variable,1.2227916209263197,1657,tighten,400,295,105,0.2625
margin_vs_margin_harder_variable,1.2227916209263197,1658,tighten,400,213,187,0.4675
margin_vs_margin_harder_variable,1.2227916209263197,1659,tighten,400,0,400,1.0
margin_vs_margin_harder_variable,1.272983999506771,1660,tighten,400,0,400,1.0
margin_vs_margin_harder_variable,1.272983999506771,1661,tighten,400,0,400,1.0
margin_vs_margin_harder_variable,1.272983999506771,1662,tighten,400,296,104,0.26
margin_vs_margin_harder_variable,1.272983999506771,1663,tighten,400,201,199,0.4975
margin_vs_margin_harder_variable,1.2265812963214031,1664,tighten,400,303,97,0.2425
margin_vs_margin_harder_variable,1.2265812963214031,1665,tighten,400,0,400,1.0
margin_vs_margin_harder_variable,1.2265812963214031,1666,tighten,400,290,110,0.275
margin_vs_margin_harder_variable,1.2265812963214031,1667,tighten,400,303,97,0.2425
margin_vs_margin_harder_variable,1.2808866897642726,1668,tighten,400,2,398,0.995
margin_vs_margin_harder_variable,1.2808866897642726,1669,tighten,400,0,400,1.0
margin_vs_margin_harder_variable,1.2808866897642726,1670,tighten,400,0,400,1.0
margin_vs_margin_harder_variable,1.2808866897642726,1671,tighten,400,0,400,1.0
margin_vs_margin_harder_variable,1.1745782734008854,1672,tighten,400,314,86,0.215
margin_vs_margin_harder_variable,1.1745782734008854,1673,tighten,400,372,28,0.07
margin_vs_margin_harder_variable,1.1745782734008854,1674,tighten,400,318,82,0.205
margin_vs_margin_harder_variable,1.1745782734008854,1675,tighten,400,228,172,0.43
margin_vs_margin_harder_variable,1.2495672708227517,1676,tighten,400,0,400,1.0
margin_vs_margin_harder_variable,1.2495672708227517,1677,tighten,400,189,211,0.5275
margin_vs_margin_harder_variable,1.2495672708227517,1678,tighten,400,310,90,0.225
margin_vs_margin_harder_variable,1.2495672708227517,1679,tighten,400,307,93,0.2325
margin_vs_margin_harder_variable,1.2573245899257803,1680,tighten,400,110,290,0.725
margin_vs_margin_harder_variable,1.2573245899257803,1681,tighten,400,194,206,0.515
margin_vs_margin_harder_variable,1.2573245899257803,1682,tighten,400,307,93,0.2325
margin_vs_margin_harder_variable,1.2573245899257803,1683,tighten,400,0,400,1.0
margin_vs_margin_harder_variable,1.2769292311052765,1684,tighten,400,0,400,1.0
margin_vs_margin_harder_variable,1.2769292311052765,1685,tighten,400,0,400,1.0
margin_vs_margin_harder_variable,1.2769292311052765,1686,tighten,400,0,400,1.0
margin_vs_margin_harder_variable,1.2769292311052765,1687,tighten,400,0,400,1.0
margin_vs_margin_harder_variable,1.204018152215916,1688,tighten,400,310,90,0.225
margin_vs_margin_harder_variable,1.204018152215916,1689,tighten,400,292,108,0.27
margin_vs_margin_harder_variable,1.204018152215916,1690,tighten,400,321,79,0.1975
margin_vs_margin_harder_variable,1.204018152215916,1691,tighten,400,302,98,0.245
margin_vs_margin_harder_variable,1.2534399293033125,1692,tighten,400,0,400,1.0
margin_vs_margin_harder_variable,1.2534399293033125,1693,tighten,400,0,400,1.0
margin_vs_margin_harder_variable,1.2534399293033125,1694,tighten,400,314,86,0.215
margin_vs_margin_harder_variable,1.2534399293033125,1695,tighten,400,0,400,1.0
margin_vs_margin_harder_variable,1.160129386160163,1696,tighten,400,318,82,0.205
margin_vs_margin_harder_variable,1.160129386160163,1697,tighten,400,400,0,0.0
margin_vs_margin_harder_variable,1.160129386160163,1698,tighten,400,400,0,0.0
margin_vs_margin_harder_variable,1.160129386160163,1699,tighten,400,400,0,0.0
margin_vs_margin_harder_variable,1.2341959183938165,1700,tighten,400,118,282,0.705
margin_vs_margin_harder_variable,1.2341959183938165,1701,tighten,400,91,309,0.7725
margin_vs_margin_harder_variable,1.2341959183938165,1702,tighten,400,0,400,1.0
margin_vs_margin_harder_variable,1.2341959183938165,1703,tighten,400,201,199,0.4975
margin_vs_margin_harder_variable,1.2651300664998562,1704,tighten,400,0,400,1.0
margin_vs_margin_harder_variable,1.2651300664998562,1705,tighten,400,280,120,0.3
margin_vs_margin_harder_variable,1.2651300664998562,1706,tighten,400,94,306,0.765
margin_vs_margin_harder_variable,1.2651300664998562,1707,tighten,400,0,400,1.0
margin_vs_margin_harder_variable,1.272983999506771,1708,tighten,400,0,400,1.0
margin_vs_margin_harder_variable,1.272983999506771,1709,tighten,400,0,400,1.0
margin_vs_margin_harder_variable,1.272983999506771,1710,tighten,400,0,400,1.0
margin_vs_margin_harder_variable,1.272983999506771,1711,tighten,400,0,400,1.0
margin_vs_margin_harder_variable,1.2227916209263197,1712,tighten,400,294,106,0.265
margin_vs_margin_harder_variable,1.2227916209263197,1713,tighten,400,308,92,0.23
margin_vs_margin_harder_variable,1.2227916209263197,1714,tighten,400,309,91,0.2275
margin_vs_margin_harder_variable,1.2227916209263197,1715,tighten,400,0,400,1.0
margin_vs_margin_harder_variable,1.2265812963214031,1716,tighten,400,0,400,1.0
margin_vs_margin_harder_variable,1.2265812963214031,1717,tighten,400,0,400,1.0
margin_vs_margin_harder_variable,1.2265812963214031,1718,tighten,400,285,115,0.2875
margin_vs_margin_harder_variable,1.2265812963214031,1719,tighten,400,309,91,0.2275
margin_vs_margin_harder_variable,1.241857812073484,1720,tighten,400,207,193,0.4825
margin_vs_margin_harder_variable,1.241857812073484,1721,tighten,400,0,400,1.0
margin_vs_margin_harder_variable,1.241857812073484,1722,tighten,400,307,93,0.2325
margin_vs_margin_harder_variable,1.241857812073484,1723,tighten,400,305,95,0.2375
margin_vs_margin_harder_variable,1.2495672708227517,1724,tighten,400,61,339,0.8475
margin_vs_margin_harder_variable,1.2495672708227517,1725,tighten,400,207,193,0.4825
margin_vs_margin_harder_variable,1.2495672708227517,1726,tighten,400,310,90,0.225
margin_vs_margin_harder_variable,1.2495672708227517,1727,tighten,400,0,400,1.0
margin_vs_margin_harder_variable,1.2573245899257803,1728,tighten,400,0,400,1.0
margin_vs_margin_harder_variable,1.2573245899257803,1729,tighten,400,312,88,0.22
margin_vs_margin_harder_variable,1.2573245899257803,1730,tighten,400,65,335,0.8375
margin_vs_margin_harder_variable,1.2573245899257803,1731,tighten,400,0,400,1.0
margin_vs_margin_harder_variable,1.189207115002721,1732,tighten,400,304,96,0.24
margin_vs_margin_harder_variable,1.189207115002721,1733,tighten,400,400,0,0.0
margin_vs_margin_harder_variable,1.189207115002721,1734,tighten,400,386,14,0.035
margin_vs_margin_harder_variable,1.189207115002721,1735,tighten,400,195,205,0.5125
margin_vs_margin_harder_variable,1.1745782734008854,1736,tighten,400,314,86,0.215
margin_vs_margin_harder_variable,1.1745782734008854,1737,tighten,400,400,0,0.0
margin_vs_margin_harder_variable,1.1745782734008854,1738,tighten,400,400,0,0.0
margin_vs_margin_harder_variable,1.1745782734008854,1739,tighten,400,309,91,0.2275
margin_vs_margin_harder_variable,1.2534399293033125,1740,tighten,400,0,400,1.0
margin_vs_margin_harder_variable,1.2534399293033125,1741,tighten,400,0,400,1.0
margin_vs_margin_harder_variable,1.2534399293033125,1742,tighten,400,207,193,0.4825
margin_vs_margin_harder_variable,1.2534399293033125,1743,tighten,400,0,400,1.0
margin_vs_margin_harder_variable,1.2769292311052765,1744,tighten,400,0,400,1.0
margin_vs_margin_harder_variable,1.2769292311052765,1745,tighten,400,177,223,0.5575
margin_vs_margin_harder_variable,1.2769292311052765,1746,tighten,400,0,400,1.0
margin_vs_margin_harder_variable,1.2769292311052765,1747,tighten,400,173,227,0.5675
margin_vs_margin_harder_variable,1.2265812963214031,1748,tighten,400,316,84,0.21
margin_vs_margin_harder_variable,1.2265812963214031,1749,tighten,400,157,243,0.6075
margin_vs_margin_harder_variable,1.2265812963214031,1750,tighten,400,0,400,1.0
margin_vs_margin_harder_variable,1.2265812963214031,1751,tighten,400,213,187,0.4675
margin_vs_margin_harder_variable,1.2227916209263197,1752,tighten,400,0,400,1.0
margin_vs_margin_harder_variable,1.2227916209263197,1753,tighten,400,259,141,0.3525
margin_vs_margin_harder_variable,1.2227916209263197,1754,tighten,400,0,400,1.0
margin_vs_margin_harder_variable,1.2227916209263197,1755,tighten,400,127,273,0.6825
margin_vs_margin_harder_variable,1.2341959183938165,1756,tighten,400,303,97,0.2425
margin_vs_margin_harder_variable,1.2341959183938165,1757,tighten,400,0,400,1.0
margin_vs_margin_harder_variable,1.2341959183938165,1758,tighten,400,196,204,0.51
margin_vs_margin_harder_variable,1.2341959183938165,1759,tighten,400,202,198,0.495
margin_vs_margin_harder_variable,1.2651300664998562,1760,tighten,400,0,400,1.0
margin_vs_margin_harder_variable,1.2651300664998562,1761,tighten,400,0,400,1.0
margin_vs_margin_harder_variable,1.2651300664998562,1762,tighten,400,0,400,1.0
margin_vs_margin_harder_variable,1.2651300664998562,1763,tighten,400,95,305,0.7625
margin_vs_margin_harder_variable,1.2808866897642726,1764,tighten,400,0,400,1.0
margin_vs_margin_harder_variable,1.2808866897642726,1765,tighten,400,0,400,1.0
margin_vs_margin_harder_variable,1.2808866897642726,1766,tighten,400,0,400,1.0
margin_vs_margin_harder_variable,1.2808866897642726,1767,tighten,400,219,181,0.4525
margin_vs_margin_harder_variable,1.204018152215916,1768,tighten,400,214,186,0.465
margin_vs_margin_harder_variable,1.204018152215916,1769,tighten,400,233,167,0.4175
margin_vs_margin_harder_variable,1.204018152215916,1770,tighten,400,400,0,0.0
margin_vs_margin_harder_variable,1.204018152215916,1771,tighten,400,0,400,1.0
margin_vs_margin_harder_variable,1.241857812073484,1772,tighten,400,0,400,1.0
margin_vs_margin_harder_variable,1.241857812073484,1773,tighten,400,0,400,1.0
margin_vs_margin_harder_variable,1.241857812073484,1774,tighten,400,0,400,1.0
margin_vs_margin_harder_variable,1.241857812073484,1775,tighten,400,123,277,0.6925
margin_vs_margin_harder_variable,1.2495672708227517,1776,tighten,400,308,92,0.23
margin_vs_margin_harder_variable,1.2495672708227517,1777,tighten,400,216,184,0.46
margin_vs_margin_harder_variable,1.2495672708227517,1778,tighten,400,215,185,0.4625
margin_vs_margin_harder_variable,1.2495672708227517,1779,tighten,400,203,197,0.4925
margin_vs_margin_harder_variable,1.272983999506771,1780,tighten,400,33,367,0.9175
margin_vs_margin_harder_variable,1.272983999506771,1781,tighten,400,0,400,1.0
margin_vs_margin_harder_variable,1.272983999506771,1782,tighten,400,92,308,0.77
margin_vs_margin_harder_variable,1.272983999506771,1783,tighten,400,0,400,1.0
margin_vs_margin_harder_variable,1.2573245899257803,1784,tighten,400,192,208,0.52
margin_vs_margin_harder_variable,1.2573245899257803,1785,tighten,400,0,400,1.0
margin_vs_margin_harder_variable,1.2573245899257803,1786,tighten,400,194,206,0.515
margin_vs_margin_harder_variable,1.2573245899257803,1787,tighten,400,293,107,0.2675
margin_vs_margin_harder_variable,1.1040895136738125,1788,tighten,400,400,0,0.0
margin_vs_margin_harder_variable,1.1040895136738125,1789,tighten,400,400,0,0.0
margin_vs_margin_harder_variable,1.1040895136738125,1790,tighten,400,400,0,0.0
margin_vs_margin_harder_variable,1.1040895136738125,1791,tighten,400,400,0,0.0
margin_vs_margin_harder_variable,1.1317626472738322,1792,insert,400,400,0,0.0
margin_vs_margin_harder_variable,1.1317626472738322,1793,insert,400,400,0,0.0
margin_vs_margin_harder_variable,1.1317626472738322,1794,insert,400,400,0,0.0
margin_vs_margin_harder_variable,1.1317626472738322,1795,insert,400,400,0,0.0
margin_vs_margin_harder_variable,1.1317626472738322,1796,tighten,400,400,0,0.0
margin_vs_margin_harder_variable,1.1317626472738322,1797,tighten,400,400,0,0.0
margin_vs_margin_harder_variable,1.1317626472738322,1798,tighten,400,400,0,0.0
margin_vs_margin_harder_variable,1.1317626472738322,1799,tighten,400,400,0,0.0
margin_vs_margin_harder_variable,1.204018152215916,1800,tighten,400,306,94,0.235
margin_vs_margin_harder_variable,1.204018152215916,1801,tighten,400,307,93,0.2325
margin_vs_margin_harder_variable,1.204018152215916,1802,tighten,400,0,400,1.0
margin_vs_margin_harder_variable,1.204018152215916,1803,tighten,400,308,92,0.23
margin_vs_margin_harder_variable,1.189207115002721,1804,tighten,400,303,97,0.2425
margin_vs_margin_harder_variable,1.189207115002721,1805,tighten,400,205,195,0.4875
margin_vs_margin_harder_variable,1.189207115002721,1806,tighten,400,400,0,0.0
margin_vs_margin_harder_variable,1.189207115002721,1807,tighten,400,296,104,0.26
margin_vs_margin_harder_variable,1.1317626472738322,1808,tighten,400,400,0,0.0
margin_vs_margin_harder_variable,1.1317626472738322,1809,tighten,400,400,0,0.0
margin_vs_margin_harder_variable,1.1317626472738322,1810,tighten,400,400,0,0.0
margin_vs_margin_harder_variable,1.1317626472738322,1811,tighten,400,400,0,0.0
margin_vs_margin_harder_variable,1.1458582396006898,1812,insert,400,400,0,0.0
margin_vs_margin_harder_variable,1.1458582396006898,1813,insert,400,322,78,0.195
margin_vs_margin_harder_variable,1.1458582396006898,1814,insert,400,400,0,0.0
margin_vs_margin_harder_variable,1.1458582396006898,1815,insert,400,400,0,0.0
margin_vs_margin_harder_variable,1.1458582396006898,1816,tighten,400,400,0,0.0
margin_vs_margin_harder_variable,1.1458582396006898,1817,tighten,400,400,0,0.0
margin_vs_margin_harder_variable,1.1458582396006898,1818,tighten,400,400,0,0.0
margin_vs_margin_harder_variable,1.1458582396006898,1819,tighten,400,400,0,0.0
margin_vs_margin_harder_variable,1.1458582396006898,1820,tighten,400,329,71,0.1775
margin_vs_margin_harder_variable,1.1458582396006898,1821,tighten,400,400,0,0.0
margin_vs_margin_harder_variable,1.1458582396006898,1822,tighten,400,400,0,0.0
margin_vs_margin_harder_variable,1.1458582396006898,1823,tighten,400,370,30,0.075
margin_vs_margin_harder_variable,1.1458582396006898,1824,tighten,400,400,0,0.0
margin_vs_margin_harder_variable,1.1458582396006898,1825,tighten,400,400,0,0.0
margin_vs_margin_harder_variable,1.1458582396006898,1826,tighten,400,400,0,0.0
margin_vs_margin_harder_variable,1.1458582396006898,1827,tighten,400,400,0,0.0
margin_vs_margin_harder_variable,1.1458582396006898,1828,tighten,400,400,0,0.0
margin_vs_margin_harder_variable,1.1458582396006898,1829,tighten,400,400,0,0.0
margin_vs_margin_harder_variable,1.1458582396006898,1830,tighten,400,335,65,0.1625
margin_vs_margin_harder_variable,1.1458582396006898,1831,tighten,400,400,0,0.0
margin_vs_margin_harder_variable,1.241857812073484,1832,tighten,400,294,106,0.265
margin_vs_margin_harder_variable,1.241857812073484,1833,tighten,400,197,203,0.5075
margin_vs_margin_harder_variable,1.241857812073484,1834,tighten,400,201,199,0.4975
margin_vs_margin_harder_variable,1.241857812073484,1835,tighten,400,178,222,0.555
margin_vs_margin_harder_variable,1.2227916209263197,1836,tighten,400,244,156,0.39
margin_vs_margin_harder_variable,1.2227916209263197,1837,tighten,400,195,205,0.5125
margin_vs_margin_harder_variable,1.2227916209263197,1838,tighten,400,209,191,0.4775
margin_vs_margin_harder_variable,1.2227916209263197,1839,tighten,400,400,0,0.0
margin_vs_margin_harder_variable,1.2534399293033125,1840,tighten,400,0,400,1.0
margin_vs_margin_harder_variable,1.2534399293033125,1841,tighten,400,0,400,1.0
margin_vs_margin_harder_variable,1.2534399293033125,1842,tighten,400,0,400,1.0
margin_vs_margin_harder_variable,1.2534399293033125,1843,tighten,400,0,400,1.0
margin_vs_margin_harder_variable,1.2265812963214031,1844,tighten,400,177,223,0.5575
margin_vs_margin_harder_variable,1.2265812963214031,1845,tighten,400,215,185,0.4625
margin_vs_margin_harder_variable,1.2265812963214031,1846,tighten,400,0,400,1.0
margin_vs_margin_harder_variable,1.2265812963214031,1847,tighten,400,311,89,0.2225
margin_vs_margin_harder_variable,1.2769292311052765,1848,tighten,400,0,400,1.0
margin_vs_margin_harder_variable,1.2769292311052765,1849,tighten,400,0,400,1.0
margin_vs_margin_harder_variable,1.2769292311052765,1850,tighten,400,78,322,0.805
margin_vs_margin_harder_variable,1.2769292311052765,1851,tighten,400,0,400,1.0
margin_vs_margin_harder_variable,1.3459001926323562,1852,tighten,400,0,400,1.0
margin_vs_margin_harder_variable,1.3459001926323562,1853,tighten,400,0,400,1.0
margin_vs_margin_harder_variable,1.3459001926323562,1854,tighten,400,0,400,1.0
margin_vs_margin_harder_variable,1.3459001926323562,1855,tighten,400,0,400,1.0
margin_vs_margin_harder_variable,1.2341959183938165,1856,tighten,400,208,192,0.48
margin_vs_margin_harder_variable,1.2341959183938165,1857,tighten,400,306,94,0.235
margin_vs_margin_harder_variable,1.2341959183938165,1858,tighten,400,324,76,0.19
margin_vs_margin_harder_variable,1.2341959183938165,1859,tighten,400,289,111,0.2775
margin_vs_margin_harder_variable,1.204018152215916,1860,tighten,400,306,94,0.235
margin_vs_margin_harder_variable,1.204018152215916,1861,tighten,400,332,68,0.17
margin_vs_margin_harder_variable,1.204018152215916,1862,tighten,400,296,104,0.26
margin_vs_margin_harder_variable,1.204018152215916,1863,tighten,400,289,111,0.2775
margin_vs_margin_harder_variable,1.2808866897642726,1864,tighten,400,0,400,1.0
margin_vs_margin_harder_variable,1.2808866897642726,1865,tighten,400,0,400,1.0
margin_vs_margin_harder_variable,1.2808866897642726,1866,tighten,400,179,221,0.5525
margin_vs_margin_harder_variable,1.2808866897642726,1867,tighten,400,0,400,1.0
margin_vs_margin_harder_variable,1.160129386160163,1868,tighten,400,331,69,0.1725
margin_vs_margin_harder_variable,1.160129386160163,1869,tighten,400,400,0,0.0
margin_vs_margin_harder_variable,1.160129386160163,1870,tighten,400,400,0,0.0
margin_vs_margin_harder_variable,1.160129386160163,1871,tighten,400,400,0,0.0
margin_vs_margin_harder_variable,1.2651300664998562,1872,tighten,400,13,387,0.9675
margin_vs_margin_harder_variable,1.2651300664998562,1873,tighten,400,112,288,0.72
margin_vs_margin_harder_variable,1.2651300664998562,1874,tighten,400,0,400,1.0
margin_vs_margin_harder_variable,1.2651300664998562,1875,tighten,400,292,108,0.27
margin_vs_margin_harder_variable,1.2573245899257803,1876,tighten,400,0,400,1.0
margin_vs_margin_harder_variable,1.2573245899257803,1877,tighten,400,0,400,1.0
margin_vs_margin_harder_variable,1.2573245899257803,1878,tighten,400,302,98,0.245
margin_vs_margin_harder_variable,1.2573245899257803,1879,tighten,400,298,102,0.255
margin_vs_margin_harder_variable,1.2495672708227517,1880,tighten,400,0,400,1.0
margin_vs_margin_harder_variable,1.2495672708227517,1881,tighten,400,311,89,0.2225
margin_vs_margin_harder_variable,1.2495672708227517,1882,tighten,400,400,0,0.0
margin_vs_margin_harder_variable,1.2495672708227517,1883,tighten,400,189,211,0.5275
margin_vs_margin_harder_variable,1.1745782734008854,1884,tighten,400,315,85,0.2125
margin_vs_margin_harder_variable,1.1745782734008854,1885,tighten,400,367,33,0.0825
margin_vs_margin_harder_variable,1.1745782734008854,1886,tighten,400,321,79,0.1975
margin_vs_margin_harder_variable,1.1745782734008854,1887,tighten,400,320,80,0.2
margin_vs_margin_harder_variable,1.1673314744825625,1888,insert,400,392,8,0.02
margin_vs_margin_harder_variable,1.1673314744825625,1889,insert,400,307,93,0.2325
margin_vs_margin_harder_variable,1.1673314744825625,1890,insert,400,360,40,0.1
margin_vs_margin_harder_variable,1.1673314744825625,1891,insert,400,323,77,0.1925
margin_vs_margin_harder_variable,1.1673314744825625,1892,tighten,400,400,0,0.0
margin_vs_margin_harder_variable,1.1673314744825625,1893,tighten,400,400,0,0.0
margin_vs_margin_harder_variable,1.1673314744825625,1894,tighten,400,389,11,0.0275
margin_vs_margin_harder_variable,1.1673314744825625,1895,tighten,400,393,7,0.0175
margin_vs_margin_harder_variable,1.1673314744825625,1896,tighten,400,311,89,0.2225
margin_vs_margin_harder_variable,1.1673314744825625,1897,tighten,400,335,65,0.1625
margin_vs_margin_harder_variable,1.1673314744825625,1898,tighten,400,400,0,0.0
margin_vs_margin_harder_variable,1.1673314744825625,1899,tighten,400,400,0,0.0
margin_vs_margin_harder_variable,1.1673314744825625,1900,tighten,400,343,57,0.1425
margin_vs_margin_harder_variable,1.1673314744825625,1901,tighten,400,400,0,0.0
margin_vs_margin_harder_variable,1.1673314744825625,1902,tighten,400,400,0,0.0
margin_vs_margin_harder_variable,1.1673314744825625,1903,tighten,400,400,0,0.0
margin_vs_margin_harder_variable,1.1673314744825625,1904,tighten,400,400,0,0.0
margin_vs_margin_harder_variable,1.1673314744825625,1905,tighten,400,323,77,0.1925
margin_vs_margin_harder_variable,1.1673314744825625,1906,tighten,400,400,0,0.0
margin_vs_margin_harder_variable,1.1673314744825625,1907,tighten,400,400,0,0.0
margin_vs_margin_harder_variable,1.1709492678097706,1908,insert,400,336,64,0.16
margin_vs_margin_harder_variable,1.1709492678097706,1909,insert,400,318,82,0.205
margin_vs_margin_harder_variable,1.1709492678097706,1910,insert,400,338,62,0.155
margin_vs_margin_harder_variable,1.1709492678097706,1911,insert,400,352,48,0.12
margin_vs_margin_harder_variable,1.1709492678097706,1912,tighten,400,118,282,0.705
margin_vs_margin_harder_variable,1.1709492678097706,1913,tighten,400,314,86,0.215
margin_vs_margin_harder_variable,1.1709492678097706,1914,tighten,400,300,100,0.25
margin_vs_margin_harder_variable,1.1709492678097706,1915,tighten,400,334,66,0.165
margin_vs_margin_harder_variable,1.1709492678097706,1916,tighten,400,400,0,0.0
margin_vs_margin_harder_variable,1.1709492678097706,1917,tighten,400,400,0,0.0
margin_vs_margin_harder_variable,1.1709492678097706,1918,tighten,400,400,0,0.0
margin_vs_margin_harder_variable,1.1709492678097706,1919,tighten,400,320,80,0.2
margin_vs_margin_harder_variable,1.1709492678097706,1920,tighten,400,400,0,0.0
margin_vs_margin_harder_variable,1.1709492678097706,1921,tighten,400,321,79,0.1975
margin_vs_margin_harder_variable,1.1709492678097706,1922,tighten,400,323,77,0.1925
margin_vs_margin_harder_variable,1.1709492678097706,1923,tighten,400,400,0,0.0
margin_vs_margin_harder_variable,1.1709492678097706,1924,tighten,400,217,183,0.4575
margin_vs_margin_harder_variable,1.1709492678097706,1925,tighten,400,400,0,0.0
margin_vs_margin_harder_variable,1.1709492678097706,1926,tighten,400,400,0,0.0
margin_vs_margin_harder_variable,1.1709492678097706,1927,tighten,400,211,189,0.4725
margin_vs_margin_harder_variable,1.1709492678097706,1928,tighten,400,400,0,0.0
margin_vs_margin_harder_variable,1.1709492678097706,1929,tighten,400,400,0,0.0
margin_vs_margin_harder_variable,1.1709492678097706,1930,tighten,400,400,0,0.0
margin_vs_margin_harder_variable,1.1709492678097706,1931,tighten,400,343,57,0.1425
margin_vs_margin_harder_variable,1.1709492678097706,1932,tighten,400,400,0,0.0
margin_vs_margin_harder_variable,1.1709492678097706,1933,tighten,400,400,0,0.0
margin_vs_margin_harder_variable,1.1709492678097706,1934,tighten,400,312,88,0.22
margin_vs_margin_harder_variable,1.1709492678097706,1935,tighten,400,294,106,0.265
margin_vs_margin_harder_variable,1.1709492678097706,1936,tighten,400,400,0,0.0
margin_vs_margin_harder_variable,1.1709492678097706,1937,tighten,400,393,7,0.0175
margin_vs_margin_harder_variable,1.1709492678097706,1938,tighten,400,400,0,0.0
margin_vs_margin_harder_variable,1.1709492678097706,1939,tighten,400,400,0,0.0
margin_vs_margin_harder_variable,1.1673314744825625,1940,tighten,400,400,0,0.0
margin_vs_margin_harder_variable,1.1673314744825625,1941,tighten,400,400,0,0.0
margin_vs_margin_harder_variable,1.1673314744825625,1942,tighten,400,400,0,0.0
margin_vs_margin_harder_variable,1.1673314744825625,1943,tighten,400,400,0,0.0
margin_vs_margin_harder_variable,1.1709492678097706,1944,tighten,400,309,91,0.2275
margin_vs_margin_harder_variable,1.1709492678097706,1945,tighten,400,400,0,0.0
margin_vs_margin_harder_variable,1.1709492678097706,1946,tighten,400,400,0,0.0
margin_vs_margin_harder_variable,1.1709492678097706,1947,tighten,400,400,0,0.0
margin_vs_margin_harder_variable,1.272983999506771,1948,tighten,400,0,400,1.0
margin_vs_margin_harder_variable,1.272983999506771,1949,tighten,400,0,400,1.0
margin_vs_margin_harder_variable,1.272983999506771,1950,tighten,400,0,400,1.0
margin_vs_margin_harder_variable,1.272983999506771,1951,tighten,400,2,398,0.995
margin_vs_margin_harder_variable,1.2227916209263197,1952,tighten,400,194,206,0.515
margin_vs_margin_harder_variable,1.2227916209263197,1953,tighten,400,307,93,0.2325
margin_vs_margin_harder_variable,1.2227916209263197,1954,tighten,400,201,199,0.4975
margin_vs_margin_harder_variable,1.2227916209263197,1955,tighten,400,396,4,0.01
margin_vs_margin_harder_variable,1.2534399293033125,1956,tighten,400,0,400,1.0
margin_vs_margin_harder_variable,1.2534399293033125,1957,tighten,400,89,311,0.7775
margin_vs_margin_harder_variable,1.2534399293033125,1958,tighten,400,183,217,0.5425
margin_vs_margin_harder_variable,1.2534399293033125,1959,tighten,400,186,214,0.535
margin_vs_margin_harder_variable,1.1673314744825625,1960,tighten,400,315,85,0.2125
margin_vs_margin_harder_variable,1.1673314744825625,1961,tighten,400,400,0,0.0
margin_vs_margin_harder_variable,1.1673314744825625,1962,tighten,400,400,0,0.0
margin_vs_margin_harder_variable,1.1673314744825625,1963,tighten,400,321,79,0.1975
margin_vs_margin_harder_variable,1.2265812963214031,1964,tighten,400,302,98,0.245
margin_vs_margin_harder_variable,1.2265812963214031,1965,tighten,400,224,176,0.44
margin_vs_margin_harder_variable,1.2265812963214031,1966,tighten,400,211,189,0.4725
margin_vs_margin_harder_variable,1.2265812963214031,1967,tighten,400,211,189,0.4725
margin_vs_margin_harder_variable,1.189207115002721,1968,tighten,400,319,81,0.2025
margin_vs_margin_harder_variable,1.189207115002721,1969,tighten,400,309,91,0.2275
margin_vs_margin_harder_variable,1.189207115002721,1970,tighten,400,308,92,0.23
margin_vs_margin_harder_variable,1.189207115002721,1971,tighten,400,400,0,0.0
margin_vs_margin_harder_variable,1.241857812073484,1972,tighten,400,0,400,1.0
margin_vs_margin_harder_variable,1.241857812073484,1973,tighten,400,0,400,1.0
margin_vs_margin_harder_variable,1.241857812073484,1974,tighten,400,299,101,0.2525
margin_vs_margin_harder_variable,1.241857812073484,1975,tighten,400,109,291,0.7275
margin_vs_margin_harder_variable,1.2573245899257803,1976,tighten,400,0,400,1.0
margin_vs_margin_harder_variable,1.2573245899257803,1977,tighten,400,285,115,0.2875
margin_vs_margin_harder_variable,1.2573245899257803,1978,tighten,400,0,400,1.0
margin_vs_margin_harder_variable,1.2573245899257803,1979,tighten,400,200,200,0.5
margin_vs_margin_harder_variable,1.2341959183938165,1980,tighten,400,307,93,0.2325
margin_vs_margin_harder_variable,1.2341959183938165,1981,tighten,400,328,72,0.18
margin_vs_margin_harder_variable,1.2341959183938165,1982,tighten,400,0,400,1.0
margin_vs_margin_harder_variable,1.2341959183938165,1983,tighten,400,2,398,0.995
margin_vs_margin_harder_variable,1.2495672708227517,1984,tighten,400,346,54,0.135
margin_vs_margin_harder_variable,1.2495672708227517,1985,tighten,400,209,191,0.4775
margin_vs_margin_harder_variable,1.2495672708227517,1986,tighten,400,0,400,1.0
margin_vs_margin_harder_variable,1.2495672708227517,1987,tighten,400,0,400,1.0
margin_vs_margin_harder_variable,1.2651300664998562,1988,tighten,400,0,400,1.0
margin_vs_margin_harder_variable,1.2651300664998562,1989,tighten,400,108,292,0.73
margin_vs_margin_harder_variable,1.2651300664998562,1990,tighten,400,60,340,0.85
margin_vs_margin_harder_variable,1.2651300664998562,1991,tighten,400,0,400,1.0
margin_vs_margin_harder_variable,1.1709492678097706,1992,tighten,400,400,0,0.0
margin_vs_margin_harder_variable,1.1709492678097706,1993,tighten,400,396,4,0.01
margin_vs_margin_harder_variable,1.1709492678097706,1994,tighten,400,315,85,0.2125
margin_vs_margin_harder_variable,1.1709492678097706,1995,tighten,400,334,66,0.165
margin_vs_margin_harder_variable,1.1458582396006898,1996,tighten,400,400,0,0.0
margin_vs_margin_harder_variable,1.1458582396006898,1997,tighten,400,400,0,0.0
margin_vs_margin_harder_variable,1.1458582396006898,1998,tighten,400,323,77,0.1925
margin_vs_margin_harder_variable,1.1458582396006898,1999,tighten,400,328,72,0.18
margin_vs_margin_harder_variable,1.2769292311052765,2000,tighten,400,198,202,0.505
margin_vs_margin_harder_variable,1.2769292311052765,2001,tighten,400,0,400,1.0
margin_vs_margin_harder_variable,1.2769292311052765,2002,tighten,400,266,134,0.335
margin_vs_margin_harder_variable,1.2769292311052765,2003,tighten,400,0,400,1.0
margin_vs_margin_harder_variable,1.2808866897642726,2004,tighten,400,207,193,0.4825
margin_vs_margin_harder_variable,1.2808866897642726,2005,tighten,400,0,400,1.0
margin_vs_margin_harder_variable,1.2808866897642726,2006,tighten,400,0,400,1.0
margin_vs_margin_harder_variable,1.2808866897642726,2007,tighten,400,92,308,0.77
margin_vs_margin_harder_variable,1.3129911052607917,2008,insert,400,0,400,1.0
margin_vs_margin_harder_variable,1.3129911052607917,2009,insert,400,0,400,1.0
margin_vs_margin_harder_variable,1.3129911052607917,2010,insert,400,0,400,1.0
margin_vs_margin_harder_variable,1.3129911052607917,2011,insert,400,0,400,1.0
margin_vs_margin_harder_variable,1.3129911052607917,2012,tighten,400,0,400,1.0
margin_vs_margin_harder_variable,1.3129911052607917,2013,tighten,400,0,400,1.0
margin_vs_margin_harder_variable,1.3129911052607917,2014,tighten,400,0,400,1.0
margin_vs_margin_harder_variable,1.3129911052607917,2015,tighten,400,0,400,1.0
margin_vs_margin_harder_variable,1.3129911052607917,2016,tighten,400,161,239,0.5975
margin_vs_margin_harder_variable,1.3129911052607917,2017,tighten,400,0,400,1.0
margin_vs_margin_harder_variable,1.3129911052607917,2018,tighten,400,0,400,1.0
margin_vs_margin_harder_variable,1.3129911052607917,2019,tighten,400,158,242,0.605
margin_vs_margin_harder_variable,1.3129911052607917,2020,tighten,400,0,400,1.0
margin_vs_margin_harder_variable,1.3129911052607917,2021,tighten,400,0,400,1.0
margin_vs_margin_harder_variable,1.3129911052607917,2022,tighten,400,0,400,1.0
margin_vs_margin_harder_variable,1.3129911052607917,2023,tighten,400,0,400,1.0
margin_vs_margin_harder_variable,1.3129911052607917,2024,tighten,400,0,400,1.0
margin_vs_margin_harder_variable,1.3129911052607917,2025,tighten,400,196,204,0.51
margin_vs_margin_harder_variable,1.3129911052607917,2026,tighten,400,0,400,1.0
margin_vs_margin_harder_variable,1.3129911052607917,2027,tighten,400,0,400,1.0
margin_vs_margin_harder_variable,1.3129911052607917,2028,tighten,400,0,400,1.0
margin_vs_margin_harder_variable,1.3129911052607917,2029,tighten,400,0,400,1.0
margin_vs_margin_harder_variable,1.3129911052607917,2030,tighten,400,0,400,1.0
margin_vs_margin_harder_variable,1.3129911052607917,2031,tighten,400,0,400,1.0
margin_vs_margin_harder_variable,1.3129911052607917,2032,tighten,400,0,400,1.0
margin_vs_margin_harder_variable,1.3129911052607917,2033,tighten,400,142,258,0.645
margin_vs_margin_harder_variable,1.3129911052607917,2034,tighten,400,0,400,1.0
margin_vs_margin_harder_variable,1.3129911052607917,2035,tighten,400,0,400,1.0
margin_vs_margin_harder_variable,1.3129911052607917,2036,tighten,400,0,400,1.0
margin_vs_margin_harder_variable,1.3129911052607917,2037,tighten,400,0,400,1.0
margin_vs_margin_harder_variable,1.3129911052607917,2038,tighten,400,0,400,1.0
margin_vs_margin_harder_variable,1.3129911052607917,2039,tighten,400,0,400,1.0
margin_vs_margin_harder_variable,1.3129911052607917,2040,tighten,400,0,400,1.0
margin_vs_margin_harder_variable,1.3129911052607917,2041,tighten,400,0,400,1.0
margin_vs_margin_harder_variable,1.3129911052607917,2042,tighten,400,196,204,0.51
margin_vs_margin_harder_variable,1.3129911052607917,2043,tighten,400,0,400,1.0
margin_vs_margin_harder_variable,1.204018152215916,2044,tighten,400,311,89,0.2225
margin_vs_margin_harder_variable,1.204018152215916,2045,tighten,400,304,96,0.24
margin_vs_margin_harder_variable,1.204018152215916,2046,tighten,400,324,76,0.19
margin_vs_margin_harder_variable,1.204018152215916,2047,tighten,400,400,0,0.0
margin_vs_margin_harder_variable,1.3129911052607917,2048,tighten,400,0,400,1.0
margin_vs_margin_harder_variable,1.3129911052607917,2049,tighten,400,0,400,1.0
margin_vs_margin_harder_variable,1.3129911052607917,2050,tighten,400,0,400,1.0
margin_vs_margin_harder_variable,1.3129911052607917,2051,tighten,400,0,400,1.0
margin_vs_margin_harder_variable,1.2341959183938165,2052,tighten,400,192,208,0.52
margin_vs_margin_harder_variable,1.2341959183938165,2053,tighten,400,303,97,0.2425
margin_vs_margin_harder_variable,1.2341959183938165,2054,tighten,400,0,400,1.0
margin_vs_margin_harder_variable,1.2341959183938165,2055,tighten,400,304,96,0.24
margin_vs_margin_harder_variable,1.241857812073484,2056,tighten,400,100,300,0.75
margin_vs_margin_harder_variable,1.241857812073484,2057,tighten,400,213,187,0.4675
margin_vs_margin_harder_variable,1.241857812073484,2058,tighten,400,99,301,0.7525
margin_vs_margin_harder_variable,1.241857812073484,2059,tighten,400,0,400,1.0
margin_vs_margin_harder_variable,1.272983999506771,2060,tighten,400,0,400,1.0
margin_vs_margin_harder_variable,1.272983999506771,2061,tighten,400,0,400,1.0
margin_vs_margin_harder_variable,1.272983999506771,2062,tighten,400,0,400,1.0
margin_vs_margin_harder_variable,1.272983999506771,2063,tighten,400,203,197,0.4925
margin_vs_margin_harder_variable,1.2227916209263197,2064,tighten,400,191,209,0.5225
margin_vs_margin_harder_variable,1.2227916209263197,2065,tighten,400,0,400,1.0
margin_vs_margin_harder_variable,1.2227916209263197,2066,tighten,400,0,400,1.0
margin_vs_margin_harder_variable,1.2227916209263197,2067,tighten,400,0,400,1.0
margin_vs_margin_harder_variable,1.2495672708227517,2068,tighten,400,277,123,0.3075
margin_vs_margin_harder_variable,1.2495672708227517,2069,tighten,400,0,400,1.0
margin_vs_margin_harder_variable,1.2495672708227517,2070,tighten,400,197,203,0.5075
margin_vs_margin_harder_variable,1.2495672708227517,2071,tighten,400,203,197,0.4925
margin_vs_margin_harder_variable,1.2534399293033125,2072,tighten,400,0,400,1.0
margin_vs_margin_harder_variable,1.2534399293033125,2073,tighten,400,0,400,1.0
margin_vs_margin_harder_variable,1.2534399293033125,2074,tighten,400,63,337,0.8425
margin_vs_margin_harder_variable,1.2534399293033125,2075,tighten,400,0,400,1.0
margin_vs_margin_harder_variable,1.2573245899257803,2076,tighten,400,0,400,1.0
margin_vs_margin_harder_variable,1.2573245899257803,2077,tighten,400,197,203,0.5075
margin_vs_margin_harder_variable,1.2573245899257803,2078,tighten,400,0,400,1.0
margin_vs_margin_harder_variable,1.2573245899257803,2079,tighten,400,0,400,1.0
margin_vs_margin_harder_variable,1.2265812963214031,2080,tighten,400,317,83,0.2075
margin_vs_margin_harder_variable,1.2265812963214031,2081,tighten,400,0,400,1.0
margin_vs_margin_harder_variable,1.2265812963214031,2082,tighten,400,298,102,0.255
margin_vs_margin_harder_variable,1.2265812963214031,2083,tighten,400,281,119,0.2975
margin_vs_margin_harder_variable,1.2769292311052765,2084,tighten,400,0,400,1.0
margin_vs_margin_harder_variable,1.2769292311052765,2085,tighten,400,0,400,1.0
margin_vs_margin_harder_variable,1.2769292311052765,2086,tighten,400,0,400,1.0
margin_vs_margin_harder_variable,1.2769292311052765,2087,tighten,400,0,400,1.0
margin_vs_margin_harder_variable,1.2651300664998562,2088,tighten,400,0,400,1.0
margin_vs_margin_harder_variable,1.2651300664998562,2089,tighten,400,307,93,0.2325
margin_vs_margin_harder_variable,1.2651300664998562,2090,tighten,400,0,400,1.0
margin_vs_margin_harder_variable,1.2651300664998562,2091,tighten,400,188,212,0.53
margin_vs_margin_harder_variable,1.2227916209263197,2092,tighten,400,196,204,0.51
margin_vs_margin_harder_variable,1.2227916209263197,2093,tighten,400,317,83,0.2075
margin_vs_margin_harder_variable,1.2227916209263197,2094,tighten,400,290,110,0.275
margin_vs_margin_harder_variable,1.2227916209263197,2095,tighten,400,0,400,1.0
margin_vs_margin_harder_variable,1.2808866897642726,2096,tighten,400,0,400,1.0
margin_vs_margin_harder_variable,1.2808866897642726,2097,tighten,400,210,190,0.475
margin_vs_margin_harder_variable,1.2808866897642726,2098,tighten,400,0,400,1.0
margin_vs_margin_harder_variable,1.2808866897642726,2099,tighten,400,0,400,1.0
margin_vs_margin_harder_variable,1.1745782734008854,2100,tighten,400,312,88,0.22
margin_vs_margin_harder_variable,1.1745782734008854,2101,tighten,400,210,190,0.475
margin_vs_margin_harder_variable,1.1745782734008854,2102,tighten,400,322,78,0.195
margin_vs_margin_harder_variable,1.1745782734008854,2103,tighten,400,279,121,0.3025
margin_vs_margin_harder_variable,1.2341959183938165,2104,tighten,400,259,141,0.3525
margin_vs_margin_harder_variable,1.2341959183938165,2105,tighten,400,305,95,0.2375
margin_vs_margin_harder_variable,1.2341959183938165,2106,tighten,400,304,96,0.24
margin_vs_margin_harder_variable,1.2341959183938165,2107,tighten,400,0,400,1.0
margin_vs_margin_harder_variable,1.1673314744825625,2108,tighten,400,400,0,0.0
margin_vs_margin_harder_variable,1.1673314744825625,2109,tighten,400,400,0,0.0
margin_vs_margin_harder_variable,1.1673314744825625,2110,tighten,400,339,61,0.1525
margin_vs_margin_harder_variable,1.1673314744825625,2111,tighten,400,319,81,0.2025
margin_vs_margin_harder_variable,1.189207115002721,2112,tighten,400,241,159,0.3975
margin_vs_margin_harder_variable,1.189207115002721,2113,tighten,400,400,0,0.0
margin_vs_margin_harder_variable,1.189207115002721,2114,tighten,400,351,49,0.1225
margin_vs_margin_harder_variable,1.189207115002721,2115,tighten,400,307,93,0.2325
margin_vs_margin_harder_variable,1.1458582396006898,2116,tighten,400,384,16,0.04
margin_vs_margin_harder_variable,1.1458582396006898,2117,tighten,400,400,0,0.0
margin_vs_margin_harder_variable,1.1458582396006898,2118,tighten,400,400,0,0.0
margin_vs_margin_harder_variable,1.1458582396006898,2119,tighten,400,400,0,0.0
margin_vs_margin_harder_variable,1.241857812073484,2120,tighten,400,230,170,0.425
margin_vs_margin_harder_variable,1.241857812073484,2121,tighten,400,219,181,0.4525
margin_vs_margin_harder_variable,1.241857812073484,2122,tighten,400,300,100,0.25
margin_vs_margin_harder_variable,1.241857812073484,2123,tighten,400,110,290,0.725
margin_vs_margin_harder_variable,1.160129386160163,2124,tighten,400,400,0,0.0
margin_vs_margin_harder_variable,1.160129386160163,2125,tighten,400,321,79,0.1975
margin_vs_margin_harder_variable,1.160129386160163,2126,tighten,400,400,0,0.0
margin_vs_margin_harder_variable,1.160129386160163,2127,tighten,400,400,0,0.0
margin_vs_margin_harder_variable,1.204018152215916,2128,tighten,400,324,76,0.19
margin_vs_margin_harder_variable,1.204018152215916,2129,tighten,400,216,184,0.46
margin_vs_margin_harder_variable,1.204018152215916,2130,tighten,400,222,178,0.445
margin_vs_margin_harder_variable,1.204018152215916,2131,tighten,400,307,93,0.2325
margin_vs_margin_harder_variable,1.2495672708227517,2132,tighten,400,0,400,1.0
margin_vs_margin_harder_variable,1.2495672708227517,2133,tighten,400,329,71,0.1775
margin_vs_margin_harder_variable,1.2495672708227517,2134,tighten,400,0,400,1.0
margin_vs_margin_harder_variable,1.2495672708227517,2135,tighten,400,94,306,0.765
margin_vs_margin_harder_variable,1.2265812963214031,2136,tighten,400,205,195,0.4875
margin_vs_margin_harder_variable,1.2265812963214031,2137,tighten,400,0,400,1.0
margin_vs_margin_harder_variable,1.2265812963214031,2138,tighten,400,294,106,0.265
margin_vs_margin_harder_variable,1.2265812963214031,2139,tighten,400,311,89,0.2225
margin_vs_margin_harder_variable,1.272983999506771,2140,tighten,400,8,392,0.98
margin_vs_margin_harder_variable,1.272983999506771,2141,tighten,400,303,97,0.2425
margin_vs_margin_harder_variable,1.272983999506771,2142,tighten,400,0,400,1.0
margin_vs_margin_harder_variable,1.272983999506771,2143,tighten,400,0,400,1.0
margin_vs_margin_harder_variable,1.1709492678097706,2144,tighten,400,400,0,0.0
margin_vs_margin_harder_variable,1.1709492678097706,2145,tighten,400,400,0,0.0
margin_vs_margin_harder_variable,1.1709492678097706,2146,tighten,400,400,0,0.0
margin_vs_margin_harder_variable,1.1709492678097706,2147,tighten,400,400,0,0.0
margin_vs_margin_harder_variable,1.2573245899257803,2148,tighten,400,194,206,0.515
margin_vs_margin_harder_variable,1.2573245899257803,2149,tighten,400,0,400,1.0
margin_vs_margin_harder_variable,1.2573245899257803,2150,tighten,400,0,400,1.0
margin_vs_margin_harder_variable,1.2573245899257803,2151,tighten,400,272,128,0.32
margin_vs_margin_harder_variable,1.2534399293033125,2152,tighten,400,2,398,0.995
margin_vs_margin_harder_variable,1.2534399293033125,2153,tighten,400,286,114,0.285
margin_vs_margin_harder_variable,1.2534399293033125,2154,tighten,400,320,80,0.2
margin_vs_margin_harder_variable,1.2534399293033125,2155,tighten,400,0,400,1.0
margin_vs_margin_harder_variable,1.2651300664998562,2156,tighten,400,290,110,0.275
margin_vs_margin_harder_variable,1.2651300664998562,2157,tighten,400,303,97,0.2425
margin_vs_margin_harder_variable,1.2651300664998562,2158,tighten,400,214,186,0.465
margin_vs_margin_harder_variable,1.2651300664998562,2159,tighten,400,0,400,1.0
margin_vs_margin_harder_variable,1.2227916209263197,2160,tighten,400,180,220,0.55
margin_vs_margin_harder_variable,1.2227916209263197,2161,tighten,400,209,191,0.4775
margin_vs_margin_harder_variable,1.2227916209263197,2162,tighten,400,311,89,0.2225
margin_vs_margin_harder_variable,1.2227916209263197,2163,tighten,400,321,79,0.1975
margin_vs_margin_harder_variable,1.2769292311052765,2164,tighten,400,0,400,1.0
margin_vs_margin_harder_variable,1.2769292311052765,2165,tighten,400,0,400,1.0
margin_vs_margin_harder_variable,1.2769292311052765,2166,tighten,400,73,327,0.8175
margin_vs_margin_harder_variable,1.2769292311052765,2167,tighten,400,0,400,1.0
margin_vs_margin_harder_variable,1.2341959183938165,2168,tighten,400,317,83,0.2075
margin_vs_margin_harder_variable,1.2341959183938165,2169,tighten,400,177,223,0.5575
margin_vs_margin_harder_variable,1.2341959183938165,2170,tighten,400,300,100,0.25
margin_vs_margin_harder_variable,1.2341959183938165,2171,tighten,400,190,210,0.525
margin_vs_margin_harder_variable,1.3129911052607917,2172,tighten,400,0,400,1.0
margin_vs_margin_harder_variable,1.3129911052607917,2173,tighten,400,0,400,1.0
margin_vs_margin_harder_variable,1.3129911052607917,2174,tighten,400,0,400,1.0
margin_vs_margin_harder_variable,1.3129911052607917,2175,tighten,400,0,400,1.0
margin_vs_margin_harder_variable,1.2808866897642726,2176,tighten,400,0,400,1.0
margin_vs_margin_harder_variable,1.2808866897642726,2177,tighten,400,0,400,1.0
margin_vs_margin_harder_variable,1.2808866897642726,2178,tighten,400,0,400,1.0
margin_vs_margin_harder_variable,1.2808866897642726,2179,tighten,400,0,400,1.0
margin_vs_margin_harder_variable,1.2495672708227517,2180,tighten,400,223,177,0.4425
margin_vs_margin_harder_variable,1.2495672708227517,2181,tighten,400,0,400,1.0
margin_vs_margin_harder_variable,1.2495672708227517,2182,tighten,400,96,304,0.76
margin_vs_margin_harder_variable,1.2495672708227517,2183,tighten,400,103,297,0.7425
margin_vs_margin_harder_variable,1.1745782734008854,2184,tighten,400,320,80,0.2
margin_vs_margin_harder_variable,1.1745782734008854,2185,tighten,400,400,0,0.0
margin_vs_margin_harder_variable,1.1745782734008854,2186,tighten,400,400,0,0.0
margin_vs_margin_harder_variable,1.1745782734008854,2187,tighten,400,383,17,0.0425
margin_vs_margin_harder_variable,1.2534399293033125,2188,tighten,400,222,178,0.445
margin_vs_margin_harder_variable,1.2534399293033125,2189,tighten,400,0,400,1.0
margin_vs_margin_harder_variable,1.2534399293033125,2190,tighten,400,0,400,1.0
margin_vs_margin_harder_variable,1.2534399293033125,2191,tighten,400,0,400,1.0
margin_vs_margin_harder_variable,1.272983999506771,2192,tighten,400,0,400,1.0
margin_vs_margin_harder_variable,1.272983999506771,2193,tighten,400,0,400,1.0
margin_vs_margin_harder_variable,1.272983999506771,2194,tighten,400,291,109,0.2725
margin_vs_margin_harder_variable,1.272983999506771,2195,tighten,400,0,400,1.0
margin_vs_margin_harder_variable,1.2651300664998562,2196,tighten,400,0,400,1.0
margin_vs_margin_harder_variable,1.2651300664998562,2197,tighten,400,0,400,1.0
margin_vs_margin_harder_variable,1.2651300664998562,2198,tighten,400,0,400,1.0
margin_vs_margin_harder_variable,1.2651300664998562,2199,tighten,400,316,84,0.21
margin_vs_margin_harder_variable,1.2265812963214031,2200,tighten,400,319,81,0.2025
margin_vs_margin_harder_variable,1.2265812963214031,2201,tighten,400,242,158,0.395
margin_vs_margin_harder_variable,1.2265812963214031,2202,tighten,400,210,190,0.475
margin_vs_margin_harder_variable,1.2265812963214031,2203,tighten,400,297,103,0.2575
margin_vs_margin_harder_variable,1.2573245899257803,2204,tighten,400,0,400,1.0
margin_vs_margin_harder_variable,1.2573245899257803,2205,tighten,400,206,194,0.485
margin_vs_margin_harder_variable,1.2573245899257803,2206,tighten,400,0,400,1.0
margin_vs_margin_harder_variable,1.2573245899257803,2207,tighten,400,187,213,0.5325
margin_vs_margin_harder_variable,1.241857812073484,2208,tighten,400,320,80,0.2
margin_vs_margin_harder_variable,1.241857812073484,2209,tighten,400,0,400,1.0
margin_vs_margin_harder_variable,1.241857812073484,2210,tighten,400,0,400,1.0
margin_vs_margin_harder_variable,1.241857812073484,2211,tighten,400,191,209,0.5225
margin_vs_margin_harder_variable,1.189207115002721,2212,tighten,400,196,204,0.51
margin_vs_margin_harder_variable,1.189207115002721,2213,tighten,400,385,15,0.0375
margin_vs_margin_harder_variable,1.189207115002721,2214,tighten,400,311,89,0.2225
margin_vs_margin_harder_variable,1.189207115002721,2215,tighten,400,330,70,0.175
margin_vs_margin_harder_variable,1.204018152215916,2216,tighten,400,306,94,0.235
margin_vs_margin_harder_variable,1.204018152215916,2217,tighten,400,400,0,0.0
margin_vs_margin_harder_variable,1.204018152215916,2218,tighten,400,109,291,0.7275
margin_vs_margin_harder_variable,1.204018152215916,2219,tighten,400,284,116,0.29
margin_vs_margin_harder_variable,1.2227916209263197,2220,tighten,400,0,400,1.0
margin_vs_margin_harder_variable,1.2227916209263197,2221,tighten,400,306,94,0.235
margin_vs_margin_harder_variable,1.2227916209263197,2222,tighten,400,0,400,1.0
margin_vs_margin_harder_variable,1.2227916209263197,2223,tighten,400,292,108,0.27
margin_vs_margin_harder_variable,1.272983999506771,2224,tighten,400,293,107,0.2675
margin_vs_margin_harder_variable,1.272983999506771,2225,tighten,400,195,205,0.5125
margin_vs_margin_harder_variable,1.272983999506771,2226,tighten,400,0,400,1.0
margin_vs_margin_harder_variable,1.272983999506771,2227,tighten,400,0,400,1.0
margin_vs_margin_harder_variable,1.2495672708227517,2228,tighten,400,0,400,1.0
margin_vs_margin_harder_variable,1.2495672708227517,2229,tighten,400,0,400,1.0
margin_vs_margin_harder_variable,1.2495672708227517,2230,tighten,400,199,201,0.5025
margin_vs_margin_harder_variable,1.2495672708227517,2231,tighten,400,118,282,0.705
margin_vs_margin_harder_variable,1.1709492678097706,2232,tighten,400,304,96,0.24
margin_vs_margin_harder_variable,1.1709492678097706,2233,tighten,400,336,64,0.16
margin_vs_margin_harder_variable,1.1709492678097706,2234,tighten,400,400,0,0.0
margin_vs_margin_harder_variable,1.1709492678097706,2235,tighten,400,368,32,0.08
margin_vs_margin_harder_variable,1.2341959183938165,2236,tighten,400,299,101,0.2525
margin_vs_margin_harder_variable,1.2341959183938165,2237,tighten,400,321,79,0.1975
margin_vs_margin_harder_variable,1.2341959183938165,2238,tighten,400,399,1,0.0025
margin_vs_margin_harder_variable,1.2341959183938165,2239,tighten,400,0,400,1.0
margin_vs_margin_harder_variable,1.241857812073484,2240,tighten,400,207,193,0.4825
margin_vs_margin_harder_variable,1.241857812073484,2241,tighten,400,349,51,0.1275
margin_vs_margin_harder_variable,1.241857812073484,2242,tighten,400,0,400,1.0
margin_vs_margin_harder_variable,1.241857812073484,2243,tighten,400,0,400,1.0
margin_vs_margin_harder_variable,1.2651300664998562,2244,tighten,400,0,400,1.0
margin_vs_margin_harder_variable,1.2651300664998562,2245,tighten,400,0,400,1.0
margin_vs_margin_harder_variable,1.2651300664998562,2246,tighten,400,0,400,1.0
margin_vs_margin_harder_variable,1.2651300664998562,2247,tighten,400,0,400,1.0
margin_vs_margin_harder_variable,1.2534399293033125,2248,tighten,400,0,400,1.0
margin_vs_margin_harder_variable,1.2534399293033125,2249,tighten,400,0,400,1.0
margin_vs_margin_harder_variable,1.2534399293033125,2250,tighten,400,178,222,0.555
margin_vs_margin_harder_variable,1.2534399293033125,2251,tighten,400,281,119,0.2975
margin_vs_margin_harder_variable,1.2769292311052765,2252,tighten,400,0,400,1.0
margin_vs_margin_harder_variable,1.2769292311052765,2253,tighten,400,0,400,1.0
margin_vs_margin_harder_variable,1.2769292311052765,2254,tighten,400,0,400,1.0
margin_vs_margin_harder_variable,1.2769292311052765,2255,tighten,400,0,400,1.0
margin_vs_margin_harder_variable,1.1673314744825625,2256,tighten,400,399,1,0.0025
margin_vs_margin_harder_variable,1.1673314744825625,2257,tighten,400,400,0,0.0
margin_vs_margin_harder_variable,1.1673314744825625,2258,tighten,400,400,0,0.0
margin_vs_margin_harder_variable,1.1673314744825625,2259,tighten,400,292,108,0.27
margin_vs_margin_harder_variable,1.160129386160163,2260,tighten,400,296,104,0.26
margin_vs_margin_harder_variable,1.160129386160163,2261,tighten,400,400,0,0.0
margin_vs_margin_harder_variable,1.160129386160163,2262,tighten,400,400,0,0.0
margin_vs_margin_harder_variable,1.160129386160163,2263,tighten,400,400,0,0.0
margin_vs_margin_harder_variable,1.2573245899257803,2264,tighten,400,0,400,1.0
margin_vs_margin_harder_variable,1.2573245899257803,2265,tighten,400,300,100,0.25
margin_vs_margin_harder_variable,1.2573245899257803,2266,tighten,400,202,198,0.495
margin_vs_margin_harder_variable,1.2573245899257803,2267,tighten,400,194,206,0.515
margin_vs_margin_harder_variable,1.2265812963214031,2268,tighten,400,325,75,0.1875
margin_vs_margin_harder_variable,1.2265812963214031,2269,tighten,400,305,95,0.2375
margin_vs_margin_harder_variable,1.2265812963214031,2270,tighten,400,305,95,0.2375
margin_vs_margin_harder_variable,1.2265812963214031,2271,tighten,400,302,98,0.245
margin_vs_margin_harder_variable,1.2227916209263197,2272,tighten,400,0,400,1.0
margin_vs_margin_harder_variable,1.2227916209263197,2273,tighten,400,290,110,0.275
margin_vs_margin_harder_variable,1.2227916209263197,2274,tighten,400,300,100,0.25
margin_vs_margin_harder_variable,1.2227916209263197,2275,tighten,400,295,105,0.2625
margin_vs_margin_harder_variable,1.2808866897642726,2276,tighten,400,0,400,1.0
margin_vs_margin_harder_variable,1.2808866897642726,2277,tighten,400,0,400,1.0
margin_vs_margin_harder_variable,1.2808866897642726,2278,tighten,400,0,400,1.0
margin_vs_margin_harder_variable,1.2808866897642726,2279,tighten,400,185,215,0.5375
margin_vs_margin_harder_variable,1.204018152215916,2280,tighten,400,307,93,0.2325
margin_vs_margin_harder_variable,1.204018152215916,2281,tighten,400,299,101,0.2525
margin_vs_margin_harder_variable,1.204018152215916,2282,tighten,400,321,79,0.1975
margin_vs_margin_harder_variable,1.204018152215916,2283,tighten,400,311,89,0.2225
margin_vs_margin_harder_variable,1.2341959183938165,2284,tighten,400,211,189,0.4725
margin_vs_margin_harder_variable,1.2341959183938165,2285,tighten,400,319,81,0.2025
margin_vs_margin_harder_variable,1.2341959183938165,2286,tighten,400,0,400,1.0
margin_vs_margin_harder_variable,1.2341959183938165,2287,tighten,400,203,197,0.4925
margin_vs_margin_harder_variable,1.1745782734008854,2288,tighten,400,400,0,0.0
margin_vs_margin_harder_variable,1.1745782734008854,2289,tighten,400,400,0,0.0
margin_vs_margin_harder_variable,1.1745782734008854,2290,tighten,400,400,0,0.0
margin_vs_margin_harder_variable,1.1745782734008854,2291,tighten,400,321,79,0.1975
margin_vs_margin_harder_variable,1.241857812073484,2292,tighten,400,0,400,1.0
margin_vs_margin_harder_variable,1.241857812073484,2293,tighten,400,308,92,0.23
margin_vs_margin_harder_variable,1.241857812073484,2294,tighten,400,298,102,0.255
margin_vs_margin_harder_variable,1.241857812073484,2295,tighten,400,292,108,0.27
margin_vs_margin_harder_variable,1.272983999506771,2296,tighten,400,0,400,1.0
margin_vs_margin_harder_variable,1.272983999506771,2297,tighten,400,0,400,1.0
margin_vs_margin_harder_variable,1.272983999506771,2298,tighten,400,0,400,1.0
margin_vs_margin_harder_variable,1.272983999506771,2299,tighten,400,0,400,1.0
margin_vs_margin_harder_variable,1.2495672708227517,2300,tighten,400,205,195,0.4875
margin_vs_margin_harder_variable,1.2495672708227517,2301,tighten,400,258,142,0.355
margin_vs_margin_harder_variable,1.2495672708227517,2302,tighten,400,0,400,1.0
margin_vs_margin_harder_variable,1.2495672708227517,2303,tighten,400,301,99,0.2475
margin_vs_margin_harder_variable,1.189207115002721,2304,tighten,400,293,107,0.2675
margin_vs_margin_harder_variable,1.189207115002721,2305,tighten,400,315,85,0.2125
margin_vs_margin_harder_variable,1.189207115002721,2306,tighten,400,332,68,0.17
margin_vs_margin_harder_variable,1.189207115002721,2307,tighten,400,186,214,0.535
margin_vs_margin_harder_variable,1.3129911052607917,2308,tighten,400,0,400,1.0
margin_vs_margin_harder_variable,1.3129911052607917,2309,tighten,400,0,400,1.0
margin_vs_margin_harder_variable,1.3129911052607917,2310,tighten,400,0,400,1.0
margin_vs_margin_harder_variable,1.3129911052607917,2311,tighten,400,0,400,1.0
margin_vs_margin_harder_variable,1.1458582396006898,2312,tighten,400,341,59,0.1475
margin_vs_margin_harder_variable,1.1458582396006898,2313,tighten,400,400,0,0.0
margin_vs_margin_harder_variable,1.1458582396006898,2314,tighten,400,400,0,0.0
margin_vs_margin_harder_variable,1.1458582396006898,2315,tighten,400,400,0,0.0
margin_vs_margin_harder_variable,1.2534399293033125,2316,tighten,400,37,363,0.9075
margin_vs_margin_harder_variable,1.2534399293033125,2317,tighten,400,0,400,1.0
margin_vs_margin_harder_variable,1.2534399293033125,2318,tighten,400,195,205,0.5125
margin_vs_margin_harder_variable,1.2534399293033125,2319,tighten,400,196,204,0.51
margin_vs_margin_harder_variable,1.2651300664998562,2320,tighten,400,0,400,1.0
margin_vs_margin_harder_variable,1.2651300664998562,2321,tighten,400,0,400,1.0
margin_vs_margin_harder_variable,1.2651300664998562,2322,tighten,400,0,400,1.0
margin_vs_margin_harder_variable,1.2651300664998562,2323,tighten,400,282,118,0.295
margin_vs_margin_harder_variable,1.2573245899257803,2324,tighten,400,101,299,0.7475
margin_vs_margin_harder_variable,1.2573245899257803,2325,tighten,400,210,190,0.475
margin_vs_margin_harder_variable,1.2573245899257803,2326,tighten,400,293,107,0.2675
margin_vs_margin_harder_variable,1.2573245899257803,2327,tighten,400,160,240,0.6
margin_vs_margin_harder_variable,1.2265812963214031,2328,tighten,400,261,139,0.3475
margin_vs_margin_harder_variable,1.2265812963214031,2329,tighten,400,308,92,0.23
margin_vs_margin_harder_variable,1.2265812963214031,2330,tighten,400,314,86,0.215
margin_vs_margin_harder_variable,1.2265812963214031,2331,tighten,400,309,91,0.2275
margin_vs_margin_harder_variable,1.2227916209263197,2332,tighten,400,0,400,1.0
margin_vs_margin_harder_variable,1.2227916209263197,2333,tighten,400,68,332,0.83
margin_vs_margin_harder_variable,1.2227916209263197,2334,tighten,400,309,91,0.2275
margin_vs_margin_harder_variable,1.2227916209263197,2335,tighten,400,300,100,0.25
margin_vs_margin_harder_variable,1.2769292311052765,2336,tighten,400,197,203,0.5075
margin_vs_margin_harder_variable,1.2769292311052765,2337,tighten,400,0,400,1.0
margin_vs_margin_harder_variable,1.2769292311052765,2338,tighten,400,293,107,0.2675
margin_vs_margin_harder_variable,1.2769292311052765,2339,tighten,400,0,400,1.0
margin_vs_margin_harder_variable,1.241857812073484,2340,tighten,400,196,204,0.51
margin_vs_margin_harder_variable,1.241857812073484,2341,tighten,400,110,290,0.725
margin_vs_margin_harder_variable,1.241857812073484,2342,tighten,400,0,400,1.0
margin_vs_margin_harder_variable,1.241857812073484,2343,tighten,400,303,97,0.2425
margin_vs_margin_harder_variable,1.2341959183938165,2344,tighten,400,329,71,0.1775
margin_vs_margin_harder_variable,1.2341959183938165,2345,tighten,400,283,117,0.2925
margin_vs_margin_harder_variable,1.2341959183938165,2346,tighten,400,331,69,0.1725
margin_vs_margin_harder_variable,1.2341959183938165,2347,tighten,400,200,200,0.5
margin_vs_margin_harder_variable,1.2808866897642726,2348,tighten,400,0,400,1.0
margin_vs_margin_harder_variable,1.2808866897642726,2349,tighten,400,0,400,1.0
margin_vs_margin_harder_variable,1.2808866897642726,2350,tighten,400,0,400,1.0
margin_vs_margin_harder_variable,1.2808866897642726,2351,tighten,400,3,397,0.9925
margin_vs_margin_harder_variable,1.1709492678097706,2352,tighten,400,316,84,0.21
margin_vs_margin_harder_variable,1.1709492678097706,2353,tighten,400,294,106,0.265
margin_vs_margin_harder_variable,1.1709492678097706,2354,tighten,400,400,0,0.0
margin_vs_margin_harder_variable,1.1709492678097706,2355,tighten,400,313,87,0.2175
margin_vs_margin_harder_variable,1.2495672708227517,2356,tighten,400,0,400,1.0
margin_vs_margin_harder_variable,1.2495672708227517,2357,tighten,400,0,400,1.0
margin_vs_margin_harder_variable,1.2495672708227517,2358,tighten,400,110,290,0.725
margin_vs_margin_harder_variable,1.2495672708227517,2359,tighten,400,265,135,0.3375
margin_vs_margin_harder_variable,1.1673314744825625,2360,tighten,400,400,0,0.0
margin_vs_margin_harder_variable,1.1673314744825625,2361,tighten,400,400,0,0.0
margin_vs_margin_harder_variable,1.1673314744825625,2362,tighten,400,400,0,0.0
margin_vs_margin_harder_variable,1.1673314744825625,2363,tighten,400,400,0,0.0
margin_vs_margin_harder_variable,1.272983999506771,2364,tighten,400,0,400,1.0
margin_vs_margin_harder_variable,1.272983999506771,2365,tighten,400,0,400,1.0
margin_vs_margin_harder_variable,1.272983999506771,2366,tighten,400,0,400,1.0
margin_vs_margin_harder_variable,1.272983999506771,2367,tighten,400,0,400,1.0
margin_vs_margin_harder_variable,1.2651300664998562,2368,tighten,400,0,400,1.0
margin_vs_margin_harder_variable,1.2651300664998562,2369,tighten,400,0,400,1.0
margin_vs_margin_harder_variable,1.2651300664998562,2370,tighten,400,0,400,1.0
margin_vs_margin_harder_variable,1.2651300664998562,2371,tighten,400,312,88,0.22
margin_vs_margin_harder_variable,1.160129386160163,2372,tighten,400,362,38,0.095
margin_vs_margin_harder_variable,1.160129386160163,2373,tighten,400,400,0,0.0
margin_vs_margin_harder_variable,1.160129386160163,2374,tighten,400,400,0,0.0
margin_vs_margin_harder_variable,1.160129386160163,2375,tighten,400,400,0,0.0
margin_vs_margin_harder_variable,1.204018152215916,2376,tighten,400,210,190,0.475
margin_vs_margin_harder_variable,1.204018152215916,2377,tighten,400,320,80,0.2
margin_vs_margin_harder_variable,1.204018152215916,2378,tighten,400,299,101,0.2525
margin_vs_margin_harder_variable,1.204018152215916,2379,tighten,400,226,174,0.435
margin_vs_margin_harder_variable,1.2534399293033125,2380,tighten,400,0,400,1.0
margin_vs_margin_harder_variable,1.2534399293033125,2381,tighten,400,201,199,0.4975
margin_vs_margin_harder_variable,1.2534399293033125,2382,tighten,400,300,100,0.25
margin_vs_margin_harder_variable,1.2534399293033125,2383,tighten,400,0,400,1.0
margin_vs_margin_harder_variable,1.2769292311052765,2384,tighten,400,0,400,1.0
margin_vs_margin_harder_variable,1.2769292311052765,2385,tighten,400,0,400,1.0
margin_vs_margin_harder_variable,1.2769292311052765,2386,tighten,400,0,400,1.0
margin_vs_margin_harder_variable,1.2769292311052765,2387,tighten,400,181,219,0.5475
margin_vs_margin_harder_variable,1.2573245899257803,2388,tighten,400,0,400,1.0
margin_vs_margin_harder_variable,1.2573245899257803,2389,tighten,400,0,400,1.0
margin_vs_margin_harder_variable,1.2573245899257803,2390,tighten,400,0,400,1.0
margin_vs_margin_harder_variable,1.2573245899257803,2391,tighten,400,0,400,1.0
margin_vs_margin_harder_variable,1.189207115002721,2392,tighten,400,400,0,0.0
margin_vs_margin_harder_variable,1.189207115002721,2393,tighten,400,314,86,0.215
margin_vs_margin_harder_variable,1.189207115002721,2394,tighten,400,309,91,0.2275
margin_vs_margin_harder_variable,1.189207115002721,2395,tighten,400,386,14,0.035
margin_vs_margin_harder_variable,1.19658971799343,2396,insert,400,307,93,0.2325
margin_vs_margin_harder_variable,1.19658971799343,2397,insert,400,307,93,0.2325
margin_vs_margin_harder_variable,1.19658971799343,2398,insert,400,304,96,0.24
margin_vs_margin_harder_variable,1.19658971799343,2399,insert,400,302,98,0.245
margin_vs_margin_harder_variable,1.19658971799343,2400,tighten,400,282,118,0.295
margin_vs_margin_harder_variable,1.19658971799343,2401,tighten,400,318,82,0.205
margin_vs_margin_harder_variable,1.19658971799343,2402,tighten,400,400,0,0.0
margin_vs_margin_harder_variable,1.19658971799343,2403,tighten,400,400,0,0.0
margin_vs_margin_harder_variable,1.19658971799343,2404,tighten,400,400,0,0.0
margin_vs_margin_harder_variable,1.19658971799343,2405,tighten,400,302,98,0.245
margin_vs_margin_harder_variable,1.19658971799343,2406,tighten,400,400,0,0.0
margin_vs_margin_harder_variable,1.19658971799343,2407,tighten,400,322,78,0.195
margin_vs_margin_harder_variable,1.19658971799343,2408,tighten,400,320,80,0.2
margin_vs_margin_harder_variable,1.19658971799343,2409,tighten,400,296,104,0.26
margin_vs_margin_harder_variable,1.19658971799343,2410,tighten,400,296,104,0.26
margin_vs_margin_harder_variable,1.19658971799343,2411,tighten,400,298,102,0.255
margin_vs_margin_harder_variable,1.19658971799343,2412,tighten,400,326,74,0.185
margin_vs_margin_harder_variable,1.19658971799343,2413,tighten,400,308,92,0.23
margin_vs_margin_harder_variable,1.19658971799343,2414,tighten,400,400,0,0.0
margin_vs_margin_harder_variable,1.19658971799343,2415,tighten,400,320,80,0.2
margin_vs_margin_harder_variable,1.20029818845944,2416,insert,400,316,84,0.21
margin_vs_margin_harder_variable,1.20029818845944,2417,insert,400,329,71,0.1775
margin_vs_margin_harder_variable,1.20029818845944,2418,insert,400,400,0,0.0
margin_vs_margin_harder_variable,1.20029818845944,2419,insert,400,0,400,1.0
margin_vs_margin_harder_variable,1.20029818845944,2420,tighten,400,308,92,0.23
margin_vs_margin_harder_variable,1.20029818845944,2421,tighten,400,288,112,0.28
margin_vs_margin_harder_variable,1.20029818845944,2422,tighten,400,400,0,0.0
margin_vs_margin_harder_variable,1.20029818845944,2423,tighten,400,400,0,0.0
margin_vs_margin_harder_variable,1.20029818845944,2424,tighten,400,344,56,0.14
margin_vs_margin_harder_variable,1.20029818845944,2425,tighten,400,318,82,0.205
margin_vs_margin_harder_variable,1.20029818845944,2426,tighten,400,315,85,0.2125
margin_vs_margin_harder_variable,1.20029818845944,2427,tighten,400,322,78,0.195
margin_vs_margin_harder_variable,1.20029818845944,2428,tighten,400,0,400,1.0
margin_vs_margin_harder_variable,1.20029818845944,2429,tighten,400,332,68,0.17
margin_vs_margin_harder_variable,1.20029818845944,2430,tighten,400,311,89,0.2225
margin_vs_margin_harder_variable,1.20029818845944,2431,tighten,400,303,97,0.2425
margin_vs_margin_harder_variable,1.20029818845944,2432,tighten,400,282,118,0.295
margin_vs_margin_harder_variable,1.20029818845944,2433,tighten,400,400,0,0.0
margin_vs_margin_harder_variable,1.20029818845944,2434,tighten,400,306,94,0.235
margin_vs_margin_harder_variable,1.20029818845944,2435,tighten,400,400,0,0.0
margin_vs_margin_harder_variable,1.20029818845944,2436,tighten,400,386,14,0.035
margin_vs_margin_harder_variable,1.20029818845944,2437,tighten,400,101,299,0.7475
margin_vs_margin_harder_variable,1.20029818845944,2438,tighten,400,310,90,0.225
margin_vs_margin_harder_variable,1.20029818845944,2439,tighten,400,400,0,0.0
margin_vs_margin_harder_variable,1.20029818845944,2440,tighten,400,395,5,0.0125
margin_vs_margin_harder_variable,1.20029818845944,2441,tighten,400,295,105,0.2625
margin_vs_margin_harder_variable,1.20029818845944,2442,tighten,400,205,195,0.4875
margin_vs_margin_harder_variable,1.20029818845944,2443,tighten,400,325,75,0.1875
margin_vs_margin_harder_variable,1.20029818845944,2444,tighten,400,244,156,0.39
margin_vs_margin_harder_variable,1.20029818845944,2445,tighten,400,243,157,0.3925
margin_vs_margin_harder_variable,1.20029818845944,2446,tighten,400,183,217,0.5425
margin_vs_margin_harder_variable,1.20029818845944,2447,tighten,400,305,95,0.2375
margin_vs_margin_harder_variable,1.20029818845944,2448,tighten,400,0,400,1.0
margin_vs_margin_harder_variable,1.20029818845944,2449,tighten,400,226,174,0.435
margin_vs_margin_harder_variable,1.20029818845944,2450,tighten,400,311,89,0.2225
margin_vs_margin_harder_variable,1.20029818845944,2451,tighten,400,0,400,1.0
margin_vs_margin_harder_variable,1.19658971799343,2452,tighten,400,314,86,0.215
margin_vs_margin_harder_variable,1.19658971799343,2453,tighten,400,298,102,0.255
margin_vs_margin_harder_variable,1.19658971799343,2454,tighten,400,309,91,0.2275
margin_vs_margin_harder_variable,1.19658971799343,2455,tighten,400,327,73,0.1825
margin_vs_margin_harder_variable,1.20029818845944,2456,tighten,400,336,64,0.16
margin_vs_margin_harder_variable,1.20029818845944,2457,tighten,400,250,150,0.375
margin_vs_margin_harder_variable,1.20029818845944,2458,tighten,400,271,129,0.3225
margin_vs_margin_harder_variable,1.20029818845944,2459,tighten,400,400,0,0.0
margin_vs_margin_harder_variable,1.20029818845944,2460,tighten,400,399,1,0.0025
margin_vs_margin_harder_variable,1.20029818845944,2461,tighten,400,185,215,0.5375
margin_vs_margin_harder_variable,1.20029818845944,2462,tighten,400,400,0,0.0
margin_vs_margin_harder_variable,1.20029818845944,2463,tighten,400,314,86,0.215
margin_vs_margin_harder_variable,1.19658971799343,2464,tighten,400,298,102,0.255
margin_vs_margin_harder_variable,1.19658971799343,2465,tighten,400,400,0,0.0
margin_vs_margin_harder_variable,1.19658971799343,2466,tighten,400,400,0,0.0
margin_vs_margin_harder_variable,1.19658971799343,2467,tighten,400,400,0,0.0
margin_vs_margin_harder_variable,1.20029818845944,2468,tighten,400,105,295,0.7375
margin_vs_margin_harder_variable,1.20029818845944,2469,tighten,400,309,91,0.2275
margin_vs_margin_harder_variable,1.20029818845944,2470,tighten,400,315,85,0.2125
margin_vs_margin_harder_variable,1.20029818845944,2471,tighten,400,51,349,0.8725
margin_vs_margin_harder_variable,1.198442518787074,2472,insert,400,400,0,0.0
margin_vs_margin_harder_variable,1.198442518787074,2473,insert,400,316,84,0.21
margin_vs_margin_harder_variable,1.198442518787074,2474,insert,400,201,199,0.4975
margin_vs_margin_harder_variable,1.198442518787074,2475,insert,400,309,91,0.2275
margin_vs_margin_harder_variable,1.20029818845944,2476,tighten,400,320,80,0.2
margin_vs_margin_harder_variable,1.20029818845944,2477,tighten,400,400,0,0.0
margin_vs_margin_harder_variable,1.20029818845944,2478,tighten,400,0,400,1.0
margin_vs_margin_harder_variable,1.20029818845944,2479,tighten,400,348,52,0.13
margin_vs_margin_harder_variable,1.20029818845944,2480,tighten,400,337,63,0.1575
margin_vs_margin_harder_variable,1.20029818845944,2481,tighten,400,200,200,0.5
margin_vs_margin_harder_variable,1.20029818845944,2482,tighten,400,400,0,0.0
margin_vs_margin_harder_variable,1.20029818845944,2483,tighten,400,321,79,0.1975
margin_vs_margin_harder_variable,1.19658971799343,2484,tighten,400,400,0,0.0
margin_vs_margin_harder_variable,1.19658971799343,2485,tighten,400,188,212,0.53
margin_vs_margin_harder_variable,1.19658971799343,2486,tighten,400,199,201,0.5025
margin_vs_margin_harder_variable,1.19658971799343,2487,tighten,400,400,0,0.0
margin_vs_margin_harder_variable,1.19658971799343,2488,tighten,400,322,78,0.195
margin_vs_margin_harder_variable,1.19658971799343,2489,tighten,400,370,30,0.075
margin_vs_margin_harder_variable,1.19658971799343,2490,tighten,400,250,150,0.375
margin_vs_margin_harder_variable,1.19658971799343,2491,tighten,400,400,0,0.0
margin_vs_margin_harder_variable,1.20029818845944,2492,tighten,400,318,82,0.205
margin_vs_margin_harder_variable,1.20029818845944,2493,tighten,400,287,113,0.2825
margin_vs_margin_harder_variable,1.20029818845944,2494,tighten,400,303,97,0.2425
margin_vs_margin_harder_variable,1.20029818845944,2495,tighten,400,400,0,0.0
margin_vs_margin_harder_variable,1.19658971799343,2496,tighten,400,330,70,0.175
margin_vs_margin_harder_variable,1.19658971799343,2497,tighten,400,295,105,0.2625
margin_vs_margin_harder_variable,1.19658971799343,2498,tighten,400,198,202,0.505
margin_vs_margin_harder_variable,1.19658971799343,2499,tighten,400,215,185,0.4625
margin_vs_margin_harder_variable,1.20029818845944,2500,tighten,400,316,84,0.21
margin_vs_margin_harder_variable,1.20029818845944,2501,tighten,400,314,86,0.215
margin_vs_margin_harder_variable,1.20029818845944,2502,tighten,400,283,117,0.2925
margin_vs_margin_harder_variable,1.20029818845944,2503,tighten,400,400,0,0.0
margin_vs_margin_harder_variable,1.19658971799343,2504,tighten,400,202,198,0.495
margin_vs_margin_harder_variable,1.19658971799343,2505,tighten,400,400,0,0.0
margin_vs_margin_harder_variable,1.19658971799343,2506,tighten,400,400,0,0.0
margin_vs_margin_harder_variable,1.19658971799343,2507,tighten,400,321,79,0.1975
margin_vs_margin_harder_variable,1.20029818845944,2508,tighten,400,307,93,0.2325
margin_vs_margin_harder_variable,1.20029818845944,2509,tighten,400,314,86,0.215
margin_vs_margin_harder_variable,1.20029818845944,2510,tighten,400,322,78,0.195
margin_vs_margin_harder_variable,1.20029818845944,2511,tighten,400,308,92,0.23
margin_vs_margin_harder_variable,1.19658971799343,2512,tighten,400,305,95,0.2375
margin_vs_margin_harder_variable,1.19658971799343,2513,tighten,400,337,63,0.1575
margin_vs_margin_harder_variable,1.19658971799343,2514,tighten,400,400,0,0.0
margin_vs_margin_harder_variable,1.19658971799343,2515,tighten,400,317,83,0.2075
margin_vs_margin_harder_variable,1.20029818845944,2516,tighten,400,314,86,0.215
margin_vs_margin_harder_variable,1.20029818845944,2517,tighten,400,313,87,0.2175
margin_vs_margin_harder_variable,1.20029818845944,2518,tighten,400,400,0,0.0
margin_vs_margin_harder_variable,1.20029818845944,2519,tighten,400,326,74,0.185
margin_vs_margin_harder_variable,1.19658971799343,2520,tighten,400,317,83,0.2075
margin_vs_margin_harder_variable,1.19658971799343,2521,tighten,400,306,94,0.235
margin_vs_margin_harder_variable,1.19658971799343,2522,tighten,400,297,103,0.2575
margin_vs_margin_harder_variable,1.19658971799343,2523,tighten,400,199,201,0.5025
margin_vs_margin_harder_variable,1.20029818845944,2524,tighten,400,400,0,0.0
margin_vs_margin_harder_variable,1.20029818845944,2525,tighten,400,317,83,0.2075
margin_vs_margin_harder_variable,1.20029818845944,2526,tighten,400,317,83,0.2075
margin_vs_margin_harder_variable,1.20029818845944,2527,tighten,400,304,96,0.24
margin_vs_margin_harder_variable,1.1745782734008854,2528,tighten,400,323,77,0.1925
margin_vs_margin_harder_variable,1.1745782734008854,2529,tighten,400,400,0,0.0
margin_vs_margin_harder_variable,1.1745782734008854,2530,tighten,400,400,0,0.0
margin_vs_margin_harder_variable,1.1745782734008854,2531,tighten,400,314,86,0.215
margin_vs_margin_harder_variable,1.2227916209263197,2532,tighten,400,304,96,0.24
margin_vs_margin_harder_variable,1.2227916209263197,2533,tighten,400,42,358,0.895
margin_vs_margin_harder_variable,1.2227916209263197,2534,tighten,400,219,181,0.4525
margin_vs_margin_harder_variable,1.2227916209263197,2535,tighten,400,314,86,0.215
margin_vs_margin_harder_variable,1.2265812963214031,2536,tighten,400,0,400,1.0
margin_vs_margin_harder_variable,1.2265812963214031,2537,tighten,400,0,400,1.0
margin_vs_margin_harder_variable,1.2265812963214031,2538,tighten,400,18,382,0.955
margin_vs_margin_harder_variable,1.2265812963214031,2539,tighten,400,198,202,0.505
margin_vs_margin_harder_variable,1.241857812073484,2540,tighten,400,64,336,0.84
margin_vs_margin_harder_variable,1.241857812073484,2541,tighten,400,304,96,0.24
margin_vs_margin_harder_variable,1.241857812073484,2542,tighten,400,193,207,0.5175
margin_vs_margin_harder_variable,1.241857812073484,2543,tighten,400,214,186,0.465
margin_vs_margin_harder_variable,1.2341959183938165,2544,tighten,400,148,252,0.63
margin_vs_margin_harder_variable,1.2341959183938165,2545,tighten,400,0,400,1.0
margin_vs_margin_harder_variable,1.2341959183938165,2546,tighten,400,329,71,0.1775
margin_vs_margin_harder_variable,1.2341959183938165,2547,tighten,400,159,241,0.6025
margin_vs_margin_harder_variable,1.2495672708227517,2548,tighten,400,293,107,0.2675
margin_vs_margin_harder_variable,1.2495672708227517,2549,tighten,400,0,400,1.0
margin_vs_margin_harder_variable,1.2495672708227517,2550,tighten,400,0,400,1.0
margin_vs_margin_harder_variable,1.2495672708227517,2551,tighten,400,0,400,1.0
margin_vs_margin_harder_variable,1.2651300664998562,2552,tighten,400,185,215,0.5375
margin_vs_margin_harder_variable,1.2651300664998562,2553,tighten,400,37,363,0.9075
margin_vs_margin_harder_variable,1.2651300664998562,2554,tighten,400,140,260,0.65
margin_vs_margin_harder_variable,1.2651300664998562,2555,tighten,400,0,400,1.0
margin_vs_margin_harder_variable,1.19658971799343,2556,tighten,400,230,170,0.425
margin_vs_margin_harder_variable,1.19658971799343,2557,tighten,400,210,190,0.475
margin_vs_margin_harder_variable,1.19658971799343,2558,tighten,400,309,91,0.2275
margin_vs_margin_harder_variable,1.19658971799343,2559,tighten,400,206,194,0.485
margin_vs_margin_harder_variable,1.2534399293033125,2560,tighten,400,302,98,0.245
margin_vs_margin_harder_variable,1.2534399293033125,2561,tighten,400,298,102,0.255
margin_vs_margin_harder_variable,1.2534399293033125,2562,tighten,400,0,400,1.0
margin_vs_margin_harder_variable,1.2534399293033125,2563,tighten,400,0,400,1.0
margin_vs_margin_harder_variable,1.3129911052607917,2564,tighten,400,0,400,1.0
margin_vs_margin_harder_variable,1.3129911052607917,2565,tighten,400,0,400,1.0
margin_vs_margin_harder_variable,1.3129911052607917,2566,tighten,400,0,400,1.0
margin_vs_margin_harder_variable,1.3129911052607917,2567,tighten,400,0,400,1.0
margin_vs_margin_harder_variable,1.2265812963214031,2568,tighten,400,201,199,0.4975
margin_vs_margin_harder_variable,1.2265812963214031,2569,tighten,400,92,308,0.77
margin_vs_margin_harder_variable,1.2265812963214031,2570,tighten,400,305,95,0.2375
margin_vs_margin_harder_variable,1.2265812963214031,2571,tighten,400,241,159,0.3975
margin_vs_margin_harder_variable,1.20029818845944,2572,tighten,400,317,83,0.2075
margin_vs_margin_harder_variable,1.20029818845944,2573,tighten,400,329,71,0.1775
margin_vs_margin_harder_variable,1.20029818845944,2574,tighten,400,317,83,0.2075
margin_vs_margin_harder_variable,1.20029818845944,2575,tighten,400,330,70,0.175
margin_vs_margin_harder_variable,1.2573245899257803,2576,tighten,400,218,182,0.455
margin_vs_margin_harder_variable,1.2573245899257803,2577,tighten,400,232,168,0.42
margin_vs_margin_harder_variable,1.2573245899257803,2578,tighten,400,0,400,1.0
margin_vs_margin_harder_variable,1.2573245899257803,2579,tighten,400,37,363,0.9075
margin_vs_margin_harder_variable,1.272983999506771,2580,tighten,400,0,400,1.0
margin_vs_margin_harder_variable,1.272983999506771,2581,tighten,400,0,400,1.0
margin_vs_margin_harder_variable,1.272983999506771,2582,tighten,400,0,400,1.0
margin_vs_margin_harder_variable,1.272983999506771,2583,tighten,400,0,400,1.0
margin_vs_margin_harder_variable,1.2227916209263197,2584,tighten,400,400,0,0.0
margin_vs_margin_harder_variable,1.2227916209263197,2585,tighten,400,212,188,0.47
margin_vs_margin_harder_variable,1.2227916209263197,2586,tighten,400,0,400,1.0
margin_vs_margin_harder_variable,1.2227916209263197,2587,tighten,400,302,98,0.245
margin_vs_margin_harder_variable,1.2769292311052765,2588,tighten,400,0,400,1.0
margin_vs_margin_harder_variable,1.2769292311052765,2589,tighten,400,217,183,0.4575
margin_vs_margin_harder_variable,1.2769292311052765,2590,tighten,400,0,400,1.0
margin_vs_margin_harder_variable,1.2769292311052765,2591,tighten,400,0,400,1.0
margin_vs_margin_harder_variable,1.2808866897642726,2592,tighten,400,186,214,0.535
margin_vs_margin_harder_variable,1.2808866897642726,2593,tighten,400,0,400,1.0
margin_vs_margin_harder_variable,1.2808866897642726,2594,tighten,400,0,400,1.0
margin_vs_margin_harder_variable,1.2808866897642726,2595,tighten,400,14,386,0.965
margin_vs_margin_harder_variable,1.2495672708227517,2596,tighten,400,0,400,1.0
margin_vs_margin_harder_variable,1.2495672708227517,2597,tighten,400,0,400,1.0
margin_vs_margin_harder_variable,1.2495672708227517,2598,tighten,400,0,400,1.0
margin_vs_margin_harder_variable,1.2495672708227517,2599,tighten,400,0,400,1.0
margin_vs_margin_harder_variable,1.204018152215916,2600,tighten,400,208,192,0.48
margin_vs_margin_harder_variable,1.204018152215916,2601,tighten,400,224,176,0.44
margin_vs_margin_harder_variable,1.204018152215916,2602,tighten,400,314,86,0.215
margin_vs_margin_harder_variable,1.204018152215916,2603,tighten,400,298,102,0.255
margin_vs_margin_harder_variable,1.1709492678097706,2604,tighten,400,310,90,0.225
margin_vs_margin_harder_variable,1.1709492678097706,2605,tighten,400,313,87,0.2175
margin_vs_margin_harder_variable,1.1709492678097706,2606,tighten,400,346,54,0.135
margin_vs_margin_harder_variable,1.1709492678097706,2607,tighten,400,400,0,0.0
margin_vs_margin_harder_variable,1.2341959183938165,2608,tighten,400,187,213,0.5325
margin_vs_margin_harder_variable,1.2341959183938165,2609,tighten,400,325,75,0.1875
margin_vs_margin_harder_variable,1.2341959183938165,2610,tighten,400,264,136,0.34
margin_vs_margin_harder_variable,1.2341959183938165,2611,tighten,400,240,160,0.4
margin_vs_margin_harder_variable,1.241857812073484,2612,tighten,400,200,200,0.5
margin_vs_margin_harder_variable,1.241857812073484,2613,tighten,400,206,194,0.485
margin_vs_margin_harder_variable,1.241857812073484,2614,tighten,400,0,400,1.0
margin_vs_margin_harder_variable,1.241857812073484,2615,tighten,400,222,178,0.445
margin_vs_margin_harder_variable,1.1458582396006898,2616,tighten,400,400,0,0.0
margin_vs_margin_harder_variable,1.1458582396006898,2617,tighten,400,400,0,0.0
margin_vs_margin_harder_variable,1.1458582396006898,2618,tighten,400,337,63,0.1575
margin_vs_margin_harder_variable,1.1458582396006898,2619,tighten,400,328,72,0.18
margin_vs_margin_harder_variable,1.2534399293033125,2620,tighten,400,0,400,1.0
margin_vs_margin_harder_variable,1.2534399293033125,2621,tighten,400,0,400,1.0
margin_vs_margin_harder_variable,1.2534399293033125,2622,tighten,400,317,83,0.2075
margin_vs_margin_harder_variable,1.2534399293033125,2623,tighten,400,188,212,0.53
margin_vs_margin_harder_variable,1.19658971799343,2624,tighten,400,199,201,0.5025
margin_vs_margin_harder_variable,1.19658971799343,2625,tighten,400,218,182,0.455
margin_vs_margin_harder_variable,1.19658971799343,2626,tighten,400,400,0,0.0
margin_vs_margin_harder_variable,1.19658971799343,2627,tighten,400,195,205,0.5125
margin_vs_margin_harder_variable,1.2651300664998562,2628,tighten,400,301,99,0.2475
margin_vs_margin_harder_variable,1.2651300664998562,2629,tighten,400,198,202,0.505
margin_vs_margin_harder_variable,1.2651300664998562,2630,tighten,400,192,208,0.52
margin_vs_margin_harder_variable,1.2651300664998562,2631,tighten,400,0,400,1.0
margin_vs_margin_harder_variable,1.2227916209263197,2632,tighten,400,307,93,0.2325
margin_vs_margin_harder_variable,1.2227916209263197,2633,tighten,400,113,287,0.7175
margin_vs_margin_harder_variable,1.2227916209263197,2634,tighten,400,325,75,0.1875
margin_vs_margin_harder_variable,1.2227916209263197,2635,tighten,400,302,98,0.245
margin_vs_margin_harder_variable,1.1745782734008854,2636,tighten,400,400,0,0.0
margin_vs_margin_harder_variable,1.1745782734008854,2637,tighten,400,303,97,0.2425
margin_vs_margin_harder_variable,1.1745782734008854,2638,tighten,400,400,0,0.0
margin_vs_margin_harder_variable,1.1745782734008854,2639,tighten,400,315,85,0.2125
margin_vs_margin_harder_variable,1.3459001926323562,2640,tighten,400,0,400,1.0
margin_vs_margin_harder_variable,1.3459001926323562,2641,tighten,400,0,400,1.0
margin_vs_margin_harder_variable,1.3459001926323562,2642,tighten,400,0,400,1.0
margin_vs_margin_harder_variable,1.3459001926323562,2643,tighten,400,0,400,1.0
margin_vs_margin_harder_variable,1.2265812963214031,2644,tighten,400,298,102,0.255
margin_vs_margin_harder_variable,1.2265812963214031,2645,tighten,400,188,212,0.53
margin_vs_margin_harder_variable,1.2265812963214031,2646,tighten,400,291,109,0.2725
margin_vs_margin_harder_variable,1.2265812963214031,2647,tighten,400,291,109,0.2725
margin_vs_margin_harder_variable,1.189207115002721,2648,tighten,400,298,102,0.255
margin_vs_margin_harder_variable,1.189207115002721,2649,tighten,400,316,84,0.21
margin_vs_margin_harder_variable,1.189207115002721,2650,tighten,400,210,190,0.475
margin_vs_margin_harder_variable,1.189207115002721,2651,tighten,400,400,0,0.0
margin_vs_margin_harder_variable,1.2495672708227517,2652,tighten,400,301,99,0.2475
margin_vs_margin_harder_variable,1.2495672708227517,2653,tighten,400,210,190,0.475
margin_vs_margin_harder_variable,1.2495672708227517,2654,tighten,400,0,400,1.0
margin_vs_margin_harder_variable,1.2495672708227517,2655,tighten,400,0,400,1.0
margin_vs_margin_harder_variable,1.2573245899257803,2656,tighten,400,0,400,1.0
margin_vs_margin_harder_variable,1.2573245899257803,2657,tighten,400,207,193,0.4825
margin_vs_margin_harder_variable,1.2573245899257803,2658,tighten,400,289,111,0.2775
margin_vs_margin_harder_variable,1.2573245899257803,2659,tighten,400,0,400,1.0
margin_vs_margin_harder_variable,1.1673314744825625,2660,tighten,400,400,0,0.0
margin_vs_margin_harder_variable,1.1673314744825625,2661,tighten,400,319,81,0.2025
margin_vs_margin_harder_variable,1.1673314744825625,2662,tighten,400,400,0,0.0
margin_vs_margin_harder_variable,1.1673314744825625,2663,tighten,400,309,91,0.2275
margin_vs_margin_harder_variable,1.160129386160163,2664,tighten,400,400,0,0.0
margin_vs_margin_harder_variable,1.160129386160163,2665,tighten,400,400,0,0.0
margin_vs_margin_harder_variable,1.160129386160163,2666,tighten,400,328,72,0.18
margin_vs_margin_harder_variable,1.160129386160163,2667,tighten,400,400,0,0.0
margin_vs_margin_harder_variable,1.2769292311052765,2668,tighten,400,0,400,1.0
margin_vs_margin_harder_variable,1.2769292311052765,2669,tighten,400,0,400,1.0
margin_vs_margin_harder_variable,1.2769292311052765,2670,tighten,400,200,200,0.5
margin_vs_margin_harder_variable,1.2769292311052765,2671,tighten,400,193,207,0.5175
margin_vs_margin_harder_variable,1.272983999506771,2672,tighten,400,0,400,1.0
margin_vs_margin_harder_variable,1.272983999506771,2673,tighten,400,0,400,1.0
margin_vs_margin_harder_variable,1.272983999506771,2674,tighten,400,0,400,1.0
margin_vs_margin_harder_variable,1.272983999506771,2675,tighten,400,26,374,0.935
margin_vs_margin_harder_variable,1.19658971799343,2676,tighten,400,400,0,0.0
margin_vs_margin_harder_variable,1.19658971799343,2677,tighten,400,197,203,0.5075
margin_vs_margin_harder_variable,1.19658971799343,2678,tighten,400,296,104,0.26
margin_vs_margin_harder_variable,1.19658971799343,2679,tighten,400,314,86,0.215
margin_vs_margin_harder_variable,1.20029818845944,2680,tighten,400,317,83,0.2075
margin_vs_margin_harder_variable,1.20029818845944,2681,tighten,400,357,43,0.1075
margin_vs_margin_harder_variable,1.20029818845944,2682,tighten,400,397,3,0.0075
margin_vs_margin_harder_variable,1.20029818845944,2683,tighten,400,313,87,0.2175
margin_vs_margin_harder_variable,1.2534399293033125,2684,tighten,400,0,400,1.0
margin_vs_margin_harder_variable,1.2534399293033125,2685,tighten,400,221,179,0.4475
margin_vs_margin_harder_variable,1.2534399293033125,2686,tighten,400,196,204,0.51
margin_vs_margin_harder_variable,1.2534399293033125,2687,tighten,400,320,80,0.2
margin_vs_margin_harder_variable,1.2808866897642726,2688,tighten,400,0,400,1.0
margin_vs_margin_harder_variable,1.2808866897642726,2689,tighten,400,0,400,1.0
margin_vs_margin_harder_variable,1.2808866897642726,2690,tighten,400,0,400,1.0
margin_vs_margin_harder_variable,1.2808866897642726,2691,tighten,400,0,400,1.0
margin_vs_margin_harder_variable,1.241857812073484,2692,tighten,400,306,94,0.235
margin_vs_margin_harder_variable,1.241857812073484,2693,tighten,400,198,202,0.505
margin_vs_margin_harder_variable,1.241857812073484,2694,tighten,400,284,116,0.29
margin_vs_margin_harder_variable,1.241857812073484,2695,tighten,400,319,81,0.2025
margin_vs_margin_harder_variable,1.2341959183938165,2696,tighten,400,0,400,1.0
margin_vs_margin_harder_variable,1.2341959183938165,2697,tighten,400,266,134,0.335
margin_vs_margin_harder_variable,1.2341959183938165,2698,tighten,400,312,88,0.22
margin_vs_margin_harder_variable,1.2341959183938165,2699,tighten,400,1,399,0.9975
margin_vs_margin_harder_variable,1.2651300664998562,2700,tighten,400,0,400,1.0
margin_vs_margin_harder_variable,1.2651300664998562,2701,tighten,400,0,400,1.0
margin_vs_margin_harder_variable,1.2651300664998562,2702,tighten,400,0,400,1.0
margin_vs_margin_harder_variable,1.2651300664998562,2703,tighten,400,201,199,0.4975
margin_vs_margin_harder_variable,1.204018152215916,2704,tighten,400,400,0,0.0
margin_vs_margin_harder_variable,1.204018152215916,2705,tighten,400,292,108,0.27
margin_vs_margin_harder_variable,1.204018152215916,2706,tighten,400,321,79,0.1975
margin_vs_margin_harder_variable,1.204018152215916,2707,tighten,400,301,99,0.2475
margin_vs_margin_harder_variable,1.211492702190667,2708,insert,400,112,288,0.72
margin_vs_margin_harder_variable,1.211492702190667,2709,insert,400,298,102,0.255
margin_vs_margin_harder_variable,1.211492702190667,2710,insert,400,400,0,0.0
margin_vs_margin_harder_variable,1.211492702190667,2711,insert,400,194,206,0.515
margin_vs_margin_harder_variable,1.211492702190667,2712,tighten,400,287,113,0.2825
margin_vs_margin_harder_variable,1.211492702190667,2713,tighten,400,0,400,1.0
margin_vs_margin_harder_variable,1.211492702190667,2714,tighten,400,204,196,0.49
margin_vs_margin_harder_variable,1.211492702190667,2715,tighten,400,315,85,0.2125
margin_vs_margin_harder_variable,1.211492702190667,2716,tighten,400,303,97,0.2425
margin_vs_margin_harder_variable,1.211492702190667,2717,tighten,400,223,177,0.4425
margin_vs_margin_harder_variable,1.211492702190667,2718,tighten,400,214,186,0.465
margin_vs_margin_harder_variable,1.211492702190667,2719,tighten,400,1,399,0.9975
margin_vs_margin_harder_variable,1.211492702190667,2720,tighten,400,313,87,0.2175
margin_vs_margin_harder_variable,1.211492702190667,2721,tighten,400,309,91,0.2275
margin_vs_margin_harder_variable,1.211492702190667,2722,tighten,400,315,85,0.2125
margin_vs_margin_harder_variable,1.211492702190667,2723,tighten,400,217,183,0.4575
margin_vs_margin_harder_variable,1.211492702190667,2724,tighten,400,178,222,0.555
margin_vs_margin_harder_variable,1.211492702190667,2725,tighten,400,299,101,0.2525
margin_vs_margin_harder_variable,1.211492702190667,2726,tighten,400,298,102,0.255
margin_vs_margin_harder_variable,1.211492702190667,2727,tighten,400,321,79,0.1975
margin_vs_margin_harder_variable,1.211492702190667,2728,tighten,400,400,0,0.0
margin_vs_margin_harder_variable,1.211492702190667,2729,tighten,400,295,105,0.2625
margin_vs_margin_harder_variable,1.211492702190667,2730,tighten,400,298,102,0.255
margin_vs_margin_harder_variable,1.211492702190667,2731,tighten,400,309,91,0.2275
margin_vs_margin_harder_variable,1.211492702190667,2732,tighten,400,247,153,0.3825
margin_vs_margin_harder_variable,1.211492702190667,2733,tighten,400,327,73,0.1825
margin_vs_margin_harder_variable,1.211492702190667,2734,tighten,400,400,0,0.0
margin_vs_margin_harder_variable,1.211492702190667,2735,tighten,400,309,91,0.2275
margin_vs_margin_harder_variable,1.211492702190667,2736,tighten,400,0,400,1.0
margin_vs_margin_harder_variable,1.211492702190667,2737,tighten,400,224,176,0.44
margin_vs_margin_harder_variable,1.211492702190667,2738,tighten,400,211,189,0.4725
margin_vs_margin_harder_variable,1.211492702190667,2739,tighten,400,317,83,0.2075
margin_vs_margin_harder_variable,1.211492702190667,2740,tighten,400,310,90,0.225
margin_vs_margin_harder_variable,1.211492702190667,2741,tighten,400,339,61,0.1525
margin_vs_margin_harder_variable,1.211492702190667,2742,tighten,400,196,204,0.51
margin_vs_margin_harder_variable,1.211492702190667,2743,tighten,400,0,400,1.0
margin_vs_margin_harder_variable,1.211492702190667,2744,tighten,400,299,101,0.2525
margin_vs_margin_harder_variable,1.211492702190667,2745,tighten,400,319,81,0.2025
margin_vs_margin_harder_variable,1.211492702190667,2746,tighten,400,203,197,0.4925
margin_vs_margin_harder_variable,1.211492702190667,2747,tighten,400,287,113,0.2825
margin_vs_margin_harder_variable,1.211492702190667,2748,tighten,400,0,400,1.0
margin_vs_margin_harder_variable,1.211492702190667,2749,tighten,400,334,66,0.165
margin_vs_margin_harder_variable,1.211492702190667,2750,tighten,400,304,96,0.24
margin_vs_margin_harder_variable,1.211492702190667,2751,tighten,400,391,9,0.0225
margin_vs_margin_harder_variable,1.211492702190667,2752,tighten,400,191,209,0.5225
margin_vs_margin_harder_variable,1.211492702190667,2753,tighten,400,312,88,0.22
margin_vs_margin_harder_variable,1.211492702190667,2754,tighten,400,309,91,0.2275
margin_vs_margin_harder_variable,1.211492702190667,2755,tighten,400,305,95,0.2375
margin_vs_margin_harder_variable,1.211492702190667,2756,tighten,400,310,90,0.225
margin_vs_margin_harder_variable,1.211492702190667,2757,tighten,400,303,97,0.2425
margin_vs_margin_harder_variable,1.211492702190667,2758,tighten,400,2,398,0.995
margin_vs_margin_harder_variable,1.211492702190667,2759,tighten,400,291,109,0.2725
margin_vs_margin_harder_variable,1.211492702190667,2760,tighten,400,317,83,0.2075
margin_vs_margin_harder_variable,1.211492702190667,2761,tighten,400,247,153,0.3825
margin_vs_margin_harder_variable,1.211492702190667,2762,tighten,400,338,62,0.155
margin_vs_margin_harder_variable,1.211492702190667,2763,tighten,400,305,95,0.2375
margin_vs_margin_harder_variable,1.211492702190667,2764,tighten,400,202,198,0.495
margin_vs_margin_harder_variable,1.211492702190667,2765,tighten,400,300,100,0.25
margin_vs_margin_harder_variable,1.211492702190667,2766,tighten,400,110,290,0.725
margin_vs_margin_harder_variable,1.211492702190667,2767,tighten,400,206,194,0.485
margin_vs_margin_harder_variable,1.211492702190667,2768,tighten,400,302,98,0.245
margin_vs_margin_harder_variable,1.211492702190667,2769,tighten,400,210,190,0.475
margin_vs_margin_harder_variable,1.211492702190667,2770,tighten,400,295,105,0.2625
margin_vs_margin_harder_variable,1.211492702190667,2771,tighten,400,297,103,0.2575
margin_vs_margin_harder_variable,1.211492702190667,2772,tighten,400,318,82,0.205
margin_vs_margin_harder_variable,1.211492702190667,2773,tighten,400,192,208,0.52
margin_vs_margin_harder_variable,1.211492702190667,2774,tighten,400,400,0,0.0
margin_vs_margin_harder_variable,1.211492702190667,2775,tighten,400,315,85,0.2125
margin_vs_margin_harder_variable,1.211492702190667,2776,tighten,400,0,400,1.0
margin_vs_margin_harder_variable,1.211492702190667,2777,tighten,400,302,98,0.245
margin_vs_margin_harder_variable,1.211492702190667,2778,tighten,400,214,186,0.465
margin_vs_margin_harder_variable,1.211492702190667,2779,tighten,400,311,89,0.2225
margin_vs_margin_harder_variable,1.211492702190667,2780,tighten,400,315,85,0.2125
margin_vs_margin_harder_variable,1.211492702190667,2781,tighten,400,320,80,0.2
margin_vs_margin_harder_variable,1.211492702190667,2782,tighten,400,300,100,0.25
margin_vs_margin_harder_variable,1.211492702190667,2783,tighten,400,308,92,0.23
margin_vs_margin_harder_variable,1.211492702190667,2784,tighten,400,301,99,0.2475
margin_vs_margin_harder_variable,1.211492702190667,2785,tighten,400,400,0,0.0
margin_vs_margin_harder_variable,1.211492702190667,2786,tighten,400,400,0,0.0
margin_vs_margin_harder_variable,1.211492702190667,2787,tighten,400,65,335,0.8375
margin_vs_margin_harder_variable,1.211492702190667,2788,tighten,400,297,103,0.2575
margin_vs_margin_harder_variable,1.211492702190667,2789,tighten,400,308,92,0.23
margin_vs_margin_harder_variable,1.211492702190667,2790,tighten,400,300,100,0.25
margin_vs_margin_harder_variable,1.211492702190667,2791,tighten,400,203,197,0.4925
margin_vs_margin_harder_variable,1.2495672708227517,2792,tighten,400,0,400,1.0
margin_vs_margin_harder_variable,1.2495672708227517,2793,tighten,400,94,306,0.765
margin_vs_margin_harder_variable,1.2495672708227517,2794,tighten,400,400,0,0.0
margin_vs_margin_harder_variable,1.2495672708227517,2795,tighten,400,13,387,0.9675
margin_vs_margin_harder_variable,1.2227916209263197,2796,tighten,400,199,201,0.5025
margin_vs_margin_harder_variable,1.2227916209263197,2797,tighten,400,172,228,0.57
margin_vs_margin_harder_variable,1.2227916209263197,2798,tighten,400,0,400,1.0
margin_vs_margin_harder_variable,1.2227916209263197,2799,tighten,400,400,0,0.0
margin_vs_margin_harder_variable,1.2573245899257803,2800,tighten,400,300,100,0.25
margin_vs_margin_harder_variable,1.2573245899257803,2801,tighten,400,297,103,0.2575
margin_vs_margin_harder_variable,1.2573245899257803,2802,tighten,400,0,400,1.0
margin_vs_margin_harder_variable,1.2573245899257803,2803,tighten,400,291,109,0.2725
margin_vs_margin_harder_variable,1.3129911052607917,2804,tighten,400,0,400,1.0
margin_vs_margin_harder_variable,1.3129911052607917,2805,tighten,400,116,284,0.71
margin_vs_margin_harder_variable,1.3129911052607917,2806,tighten,400,0,400,1.0
margin_vs_margin_harder_variable,1.3129911052607917,2807,tighten,400,0,400,1.0
margin_vs_margin_harder_variable,1.2265812963214031,2808,tighten,400,204,196,0.49
margin_vs_margin_harder_variable,1.2265812963214031,2809,tighten,400,201,199,0.4975
margin_vs_margin_harder_variable,1.2265812963214031,2810,tighten,400,194,206,0.515
margin_vs_margin_harder_variable,1.2265812963214031,2811,tighten,400,198,202,0.505
margin_vs_margin_harder_variable,1.1709492678097706,2812,tighten,400,331,69,0.1725
margin_vs_margin_harder_variable,1.1709492678097706,2813,tighten,400,300,100,0.25
margin_vs_margin_harder_variable,1.1709492678097706,2814,tighten,400,400,0,0.0
margin_vs_margin_harder_variable,1.1709492678097706,2815,tighten,400,321,79,0.1975
margin_vs_margin_harder_variable,1.2534399293033125,2816,tighten,400,99,301,0.7525
margin_vs_margin_harder_variable,1.2534399293033125,2817,tighten,400,170,230,0.575
margin_vs_margin_harder_variable,1.2534399293033125,2818,tighten,400,0,400,1.0
margin_vs_margin_harder_variable,1.2534399293033125,2819,tighten,400,302,98,0.245
margin_vs_margin_harder_variable,1.2769292311052765,2820,tighten,400,122,278,0.695
margin_vs_margin_harder_variable,1.2769292311052765,2821,tighten,400,210,190,0.475
margin_vs_margin_harder_variable,1.2769292311052765,2822,tighten,400,0,400,1.0
margin_vs_margin_harder_variable,1.2769292311052765,2823,tighten,400,0,400,1.0
margin_vs_margin_harder_variable,1.189207115002721,2824,tighten,400,400,0,0.0
margin_vs_margin_harder_variable,1.189207115002721,2825,tighten,400,310,90,0.225
margin_vs_margin_harder_variable,1.189207115002721,2826,tighten,400,388,12,0.03
margin_vs_margin_harder_variable,1.189207115002721,2827,tighten,400,287,113,0.2825
margin_vs_margin_harder_variable,1.2341959183938165,2828,tighten,400,257,143,0.3575
margin_vs_margin_harder_variable,1.2341959183938165,2829,tighten,400,69,331,0.8275
margin_vs_margin_harder_variable,1.2341959183938165,2830,tighten,400,282,118,0.295
margin_vs_margin_harder_variable,1.2341959183938165,2831,tighten,400,203,197,0.4925
margin_vs_margin_harder_variable,1.1458582396006898,2832,tighten,400,387,13,0.0325
margin_vs_margin_harder_variable,1.1458582396006898,2833,tighten,400,326,74,0.185
margin_vs_margin_harder_variable,1.1458582396006898,2834,tighten,400,324,76,0.19
margin_vs_margin_harder_variable,1.1458582396006898,2835,tighten,400,400,0,0.0
margin_vs_margin_harder_variable,1.1387886347566918,2836,insert,400,400,0,0.0
margin_vs_margin_harder_variable,1.1387886347566918,2837,insert,400,400,0,0.0
margin_vs_margin_harder_variable,1.1387886347566918,2838,insert,400,400,0,0.0
margin_vs_margin_harder_variable,1.1387886347566918,2839,insert,400,400,0,0.0
margin_vs_margin_harder_variable,1.1387886347566918,2840,tighten,400,400,0,0.0
margin_vs_margin_harder_variable,1.1387886347566918,2841,tighten,400,400,0,0.0
margin_vs_margin_harder_variable,1.1387886347566918,2842,tighten,400,400,0,0.0
margin_vs_margin_harder_variable,1.1387886347566918,2843,tighten,400,400,0,0.0
margin_vs_margin_harder_variable,1.1387886347566918,2844,tighten,400,400,0,0.0
margin_vs_margin_harder_variable,1.1387886347566918,2845,tighten,400,400,0,0.0
margin_vs_margin_harder_variable,1.1387886347566918,2846,tighten,400,400,0,0.0
margin_vs_margin_harder_variable,1.1387886347566918,2847,tighten,400,313,87,0.2175
margin_vs_margin_harder_variable,1.1387886347566918,2848,tighten,400,400,0,0.0
margin_vs_margin_harder_variable,1.1387886347566918,2849,tighten,400,400,0,0.0
margin_vs_margin_harder_variable,1.1387886347566918,2850,tighten,400,400,0,0.0
margin_vs_margin_harder_variable,1.1387886347566918,2851,tighten,400,400,0,0.0
margin_vs_margin_harder_variable,1.1387886347566918,2852,tighten,400,400,0,0.0
margin_vs_margin_harder_variable,1.1387886347566918,2853,tighten,400,400,0,0.0
margin_vs_margin_harder_variable,1.1387886347566918,2854,tighten,400,400,0,0.0
margin_vs_margin_harder_variable,1.1387886347566918,2855,tighten,400,400,0,0.0
margin_vs_margin_harder_variable,1.1387886347566918,2856,tighten,400,400,0,0.0
margin_vs_margin_harder_variable,1.1387886347566918,2857,tighten,400,400,0,0.0
margin_vs_margin_harder_variable,1.1387886347566918,2858,tighten,400,334,66,0.165
margin_vs_margin_harder_variable,1.1387886347566918,2859,tighten,400,400,0,0.0
margin_vs_margin_harder_variable,1.1387886347566918,2860,tighten,400,400,0,0.0
margin_vs_margin_harder_variable,1.1387886347566918,2861,tighten,400,400,0,0.0
margin_vs_margin_harder_variable,1.1387886347566918,2862,tighten,400,400,0,0.0
margin_vs_margin_harder_variable,1.1387886347566918,2863,tighten,400,400,0,0.0
margin_vs_margin_harder_variable,1.211492702190667,2864,tighten,400,302,98,0.245
margin_vs_margin_harder_variable,1.211492702190667,2865,tighten,400,221,179,0.4475
margin_vs_margin_harder_variable,1.211492702190667,2866,tighten,400,314,86,0.215
margin_vs_margin_harder_variable,1.211492702190667,2867,tighten,400,339,61,0.1525
margin_vs_margin_harder_variable,1.241857812073484,2868,tighten,400,4,396,0.99
margin_vs_margin_harder_variable,1.241857812073484,2869,tighten,400,0,400,1.0
margin_vs_margin_harder_variable,1.241857812073484,2870,tighten,400,306,94,0.235
margin_vs_margin_harder_variable,1.241857812073484,2871,tighten,400,0,400,1.0
margin_vs_margin_harder_variable,1.2495672708227517,2872,tighten,400,0,400,1.0
margin_vs_margin_harder_variable,1.2495672708227517,2873,tighten,400,217,183,0.4575
margin_vs_margin_harder_variable,1.2495672708227517,2874,tighten,400,204,196,0.49
margin_vs_margin_harder_variable,1.2495672708227517,2875,tighten,400,196,204,0.51
margin_vs_margin_harder_variable,1.2573245899257803,2876,tighten,400,0,400,1.0
margin_vs_margin_harder_variable,1.2573245899257803,2877,tighten,400,304,96,0.24
margin_vs_margin_harder_variable,1.2573245899257803,2878,tighten,400,0,400,1.0
margin_vs_margin_harder_variable,1.2573245899257803,2879,tighten,400,0,400,1.0
margin_vs_margin_harder_variable,1.272983999506771,2880,tighten,400,79,321,0.8025
margin_vs_margin_harder_variable,1.272983999506771,2881,tighten,400,0,400,1.0
margin_vs_margin_harder_variable,1.272983999506771,2882,tighten,400,0,400,1.0
margin_vs_margin_harder_variable,1.272983999506771,2883,tighten,400,0,400,1.0
margin_vs_margin_harder_variable,1.20029818845944,2884,tighten,400,329,71,0.1775
margin_vs_margin_harder_variable,1.20029818845944,2885,tighten,400,0,400,1.0
margin_vs_margin_harder_variable,1.20029818845944,2886,tighten,400,318,82,0.205
margin_vs_margin_harder_variable,1.20029818845944,2887,tighten,400,212,188,0.47
margin_vs_margin_harder_variable,1.19658971799343,2888,tighten,400,316,84,0.21
margin_vs_margin_harder_variable,1.19658971799343,2889,tighten,400,400,0,0.0
margin_vs_margin_harder_variable,1.19658971799343,2890,tighten,400,291,109,0.2725
margin_vs_margin_harder_variable,1.19658971799343,2891,tighten,400,400,0,0.0
margin_vs_margin_harder_variable,1.1745782734008854,2892,tighten,400,307,93,0.2325
margin_vs_margin_harder_variable,1.1745782734008854,2893,tighten,400,322,78,0.195
margin_vs_margin_harder_variable,1.1745782734008854,2894,tighten,400,400,0,0.0
margin_vs_margin_harder_variable,1.1745782734008854,2895,tighten,400,336,64,0.16
margin_vs_margin_harder_variable,1.2651300664998562,2896,tighten,400,0,400,1.0
margin_vs_margin_harder_variable,1.2651300664998562,2897,tighten,400,0,400,1.0
margin_vs_margin_harder_variable,1.2651300664998562,2898,tighten,400,0,400,1.0
margin_vs_margin_harder_variable,1.2651300664998562,2899,tighten,400,296,104,0.26
margin_vs_margin_harder_variable,1.2227916209263197,2900,tighten,400,304,96,0.24
margin_vs_margin_harder_variable,1.2227916209263197,2901,tighten,400,194,206,0.515
margin_vs_margin_harder_variable,1.2227916209263197,2902,tighten,400,328,72,0.18
margin_vs_margin_harder_variable,1.2227916209263197,2903,tighten,400,298,102,0.255
margin_vs_margin_harder_variable,1.1673314744825625,2904,tighten,400,400,0,0.0
margin_vs_margin_harder_variable,1.1673314744825625,2905,tighten,400,400,0,0.0
margin_vs_margin_harder_variable,1.1673314744825625,2906,tighten,400,400,0,0.0
margin_vs_margin_harder_variable,1.1673314744825625,2907,tighten,400,347,53,0.1325
margin_vs_margin_harder_variable,1.2808866897642726,2908,tighten,400,0,400,1.0
margin_vs_margin_harder_variable,1.2808866897642726,2909,tighten,400,114,286,0.715
margin_vs_margin_harder_variable,1.2808866897642726,2910,tighten,400,0,400,1.0
margin_vs_margin_harder_variable,1.2808866897642726,2911,tighten,400,0,400,1.0
margin_vs_margin_harder_variable,1.204018152215916,2912,tighten,400,400,0,0.0
margin_vs_margin_harder_variable,1.204018152215916,2913,tighten,400,315,85,0.2125
margin_vs_margin_harder_variable,1.204018152215916,2914,tighten,400,329,71,0.1775
margin_vs_margin_harder_variable,1.204018152215916,2915,tighten,400,301,99,0.2475
margin_vs_margin_harder_variable,1.2534399293033125,2916,tighten,400,301,99,0.2475
margin_vs_margin_harder_variable,1.2534399293033125,2917,tighten,400,311,89,0.2225
margin_vs_margin_harder_variable,1.2534399293033125,2918,tighten,400,208,192,0.48
margin_vs_margin_harder_variable,1.2534399293033125,2919,tighten,400,26,374,0.935
margin_vs_margin_harder_variable,1.241857812073484,2920,tighten,400,112,288,0.72
margin_vs_margin_harder_variable,1.241857812073484,2921,tighten,400,298,102,0.255
margin_vs_margin_harder_variable,1.241857812073484,2922,tighten,400,205,195,0.4875
margin_vs_margin_harder_variable,1.241857812073484,2923,tighten,400,1,399,0.9975
margin_vs_margin_harder_variable,1.20029818845944,2924,tighten,400,400,0,0.0
margin_vs_margin_harder_variable,1.20029818845944,2925,tighten,400,0,400,1.0
margin_vs_margin_harder_variable,1.20029818845944,2926,tighten,400,110,290,0.725
margin_vs_margin_harder_variable,1.20029818845944,2927,tighten,400,186,214,0.535
margin_vs_margin_harder_variable,1.2265812963214031,2928,tighten,400,198,202,0.505
margin_vs_margin_harder_variable,1.2265812963214031,2929,tighten,400,284,116,0.29
margin_vs_margin_harder_variable,1.2265812963214031,2930,tighten,400,311,89,0.2225
margin_vs_margin_harder_variable,1.2265812963214031,2931,tighten,400,138,262,0.655
margin_vs_margin_harder_variable,1.2769292311052765,2932,tighten,400,0,400,1.0
margin_vs_margin_harder_variable,1.2769292311052765,2933,tighten,400,199,201,0.5025
margin_vs_margin_harder_variable,1.2769292311052765,2934,tighten,400,0,400,1.0
margin_vs_margin_harder_variable,1.2769292311052765,2935,tighten,400,307,93,0.2325
margin_vs_margin_harder_variable,1.2341959183938165,2936,tighten,400,218,182,0.455
margin_vs_margin_harder_variable,1.2341959183938165,2937,tighten,400,197,203,0.5075
margin_vs_margin_harder_variable,1.2341959183938165,2938,tighten,400,197,203,0.5075
margin_vs_margin_harder_variable,1.2341959183938165,2939,tighten,400,298,102,0.255
margin_vs_margin_harder_variable,1.2573245899257803,2940,tighten,400,0,400,1.0
margin_vs_margin_harder_variable,1.2573245899257803,2941,tighten,400,0,400,1.0
margin_vs_margin_harder_variable,1.2573245899257803,2942,tighten,400,296,104,0.26
margin_vs_margin_harder_variable,1.2573245899257803,2943,tighten,400,291,109,0.2725
margin_vs_margin_harder_variable,1.160129386160163,2944,tighten,400,307,93,0.2325
margin_vs_margin_harder_variable,1.160129386160163,2945,tighten,400,393,7,0.0175
margin_vs_margin_harder_variable,1.160129386160163,2946,tighten,400,400,0,0.0
margin_vs_margin_harder_variable,1.160129386160163,2947,tighten,400,306,94,0.235
margin_vs_margin_harder_variable,1.20029818845944,2948,tighten,400,342,58,0.145
margin_vs_margin_harder_variable,1.20029818845944,2949,tighten,400,292,108,0.27
margin_vs_margin_harder_variable,1.20029818845944,2950,tighten,400,313,87,0.2175
margin_vs_margin_harder_variable,1.20029818845944,2951,tighten,400,329,71,0.1775
margin_vs_margin_harder_variable,1.2651300664998562,2952,tighten,400,111,289,0.7225
margin_vs_margin_harder_variable,1.2651300664998562,2953,tighten,400,0,400,1.0
margin_vs_margin_harder_variable,1.2651300664998562,2954,tighten,400,0,400,1.0
margin_vs_margin_harder_variable,1.2651300664998562,2955,tighten,400,212,188,0.47
margin_vs_margin_harder_variable,1.3129911052607917,2956,tighten,400,0,400,1.0
margin_vs_margin_harder_variable,1.3129911052607917,2957,tighten,400,0,400,1.0
margin_vs_margin_harder_variable,1.3129911052607917,2958,tighten,400,0,400,1.0
margin_vs_margin_harder_variable,1.3129911052607917,2959,tighten,400,0,400,1.0
margin_vs_margin_harder_variable,1.2495672708227517,2960,tighten,400,0,400,1.0
margin_vs_margin_harder_variable,1.2495672708227517,2961,tighten,400,0,400,1.0
margin_vs_margin_harder_variable,1.2495672708227517,2962,tighten,400,299,101,0.2525
margin_vs_margin_harder_variable,1.2495672708227517,2963,tighten,400,0,400,1.0
margin_vs_margin_harder_variable,1.211492702190667,2964,tighten,400,306,94,0.235
margin_vs_margin_harder_variable,1.211492702190667,2965,tighten,400,211,189,0.4725
margin_vs_margin_harder_variable,1.211492702190667,2966,tighten,400,307,93,0.2325
margin_vs_margin_harder_variable,1.211492702190667,2967,tighten,400,311,89,0.2225
margin_vs_margin_harder_variable,1.2227916209263197,2968,tighten,400,114,286,0.715
margin_vs_margin_harder_variable,1.2227916209263197,2969,tighten,400,215,185,0.4625
margin_vs_margin_harder_variable,1.2227916209263197,2970,tighten,400,0,400,1.0
margin_vs_margin_harder_variable,1.2227916209263197,2971,tighten,400,204,196,0.49
margin_vs_margin_harder_variable,1.189207115002721,2972,tighten,400,319,81,0.2025
margin_vs_margin_harder_variable,1.189207115002721,2973,tighten,400,400,0,0.0
margin_vs_margin_harder_variable,1.189207115002721,2974,tighten,400,335,65,0.1625
margin_vs_margin_harder_variable,1.189207115002721,2975,tighten,400,386,14,0.035
margin_vs_margin_harder_variable,1.2534399293033125,2976,tighten,400,0,400,1.0
margin_vs_margin_harder_variable,1.2534399293033125,2977,tighten,400,295,105,0.2625
margin_vs_margin_harder_variable,1.2534399293033125,2978,tighten,400,197,203,0.5075
margin_vs_margin_harder_variable,1.2534399293033125,2979,tighten,400,0,400,1.0
margin_vs_margin_harder_variable,1.1709492678097706,2980,tighten,400,400,0,0.0
margin_vs_margin_harder_variable,1.1709492678097706,2981,tighten,400,319,81,0.2025
margin_vs_margin_harder_variable,1.1709492678097706,2982,tighten,400,400,0,0.0
margin_vs_margin_harder_variable,1.1709492678097706,2983,tighten,400,400,0,0.0
margin_vs_margin_harder_variable,1.272983999506771,2984,tighten,400,4,396,0.99
margin_vs_margin_harder_variable,1.272983999506771,2985,tighten,400,0,400,1.0
margin_vs_margin_harder_variable,1.272983999506771,2986,tighten,400,176,224,0.56
margin_vs_margin_harder_variable,1.272983999506771,2987,tighten,400,324,76,0.19
margin_vs_margin_harder_variable,1.2769292311052765,2988,tighten,400,0,400,1.0
margin_vs_margin_harder_variable,1.2769292311052765,2989,tighten,400,295,105,0.2625
margin_vs_margin_harder_variable,1.2769292311052765,2990,tighten,400,0,400,1.0
margin_vs_margin_harder_variable,1.2769292311052765,2991,tighten,400,0,400,1.0
margin_vs_margin_harder_variable,1.19658971799343,2992,tighten,400,316,84,0.21
margin_vs_margin_harder_variable,1.19658971799343,2993,tighten,400,300,100,0.25
margin_vs_margin_harder_variable,1.19658971799343,2994,tighten,400,300,100,0.25
margin_vs_margin_harder_variable,1.19658971799343,2995,tighten,400,275,125,0.3125
margin_vs_margin_harder_variable,1.1458582396006898,2996,tighten,400,400,0,0.0
margin_vs_margin_harder_variable,1.1458582396006898,2997,tighten,400,335,65,0.1625
margin_vs_margin_harder_variable,1.1458582396006898,2998,tighten,400,400,0,0.0
margin_vs_margin_harder_variable,1.1458582396006898,2999,tighten,400,313,87,0.2175
margin_vs_margin_harder_variable,1.241857812073484,3000,tighten,400,173,227,0.5675
margin_vs_margin_harder_variable,1.241857812073484,3001,tighten,400,204,196,0.49
margin_vs_margin_harder_variable,1.241857812073484,3002,tighten,400,0,400,1.0
margin_vs_margin_harder_variable,1.241857812073484,3003,tighten,400,309,91,0.2275
margin_vs_margin_harder_variable,1.2573245899257803,3004,tighten,400,0,400,1.0
margin_vs_margin_harder_variable,1.2573245899257803,3005,tighten,400,0,400,1.0
margin_vs_margin_harder_variable,1.2573245899257803,3006,tighten,400,0,400,1.0
margin_vs_margin_harder_variable,1.2573245899257803,3007,tighten,400,0,400,1.0
margin_vs_margin_harder_variable,1.2495672708227517,3008,tighten,400,315,85,0.2125
margin_vs_margin_harder_variable,1.2495672708227517,3009,tighten,400,179,221,0.5525
margin_vs_margin_harder_variable,1.2495672708227517,3010,tighten,400,0,400,1.0
margin_vs_margin_harder_variable,1.2495672708227517,3011,tighten,400,289,111,0.2775
margin_vs_margin_harder_variable,1.204018152215916,3012,tighten,400,323,77,0.1925
margin_vs_margin_harder_variable,1.204018152215916,3013,tighten,400,0,400,1.0
margin_vs_margin_harder_variable,1.204018152215916,3014,tighten,400,320,80,0.2
margin_vs_margin_harder_variable,1.204018152215916,3015,tighten,400,316,84,0.21
margin_vs_margin_harder_variable,1.2265812963214031,3016,tighten,400,322,78,0.195
margin_vs_margin_harder_variable,1.2265812963214031,3017,tighten,400,0,400,1.0
margin_vs_margin_harder_variable,1.2265812963214031,3018,tighten,400,308,92,0.23
margin_vs_margin_harder_variable,1.2265812963214031,3019,tighten,400,307,93,0.2325
margin_vs_margin_harder_variable,1.272983999506771,3020,tighten,400,0,400,1.0
margin_vs_margin_harder_variable,1.272983999506771,3021,tighten,400,0,400,1.0
margin_vs_margin_harder_variable,1.272983999506771,3022,tighten,400,0,400,1.0
margin_vs_margin_harder_variable,1.272983999506771,3023,tighten,400,0,400,1.0
margin_vs_margin_harder_variable,1.2808866897642726,3024,tighten,400,0,400,1.0
margin_vs_margin_harder_variable,1.2808866897642726,3025,tighten,400,196,204,0.51
margin_vs_margin_harder_variable,1.2808866897642726,3026,tighten,400,103,297,0.7425
margin_vs_margin_harder_variable,1.2808866897642726,3027,tighten,400,0,400,1.0
margin_vs_margin_harder_variable,1.1387886347566918,3028,tighten,400,400,0,0.0
margin_vs_margin_harder_variable,1.1387886347566918,3029,tighten,400,400,0,0.0
margin_vs_margin_harder_variable,1.1387886347566918,3030,tighten,400,400,0,0.0
margin_vs_margin_harder_variable,1.1387886347566918,3031,tighten,400,400,0,0.0
margin_vs_margin_harder_variable,1.2341959183938165,3032,tighten,400,300,100,0.25
margin_vs_margin_harder_variable,1.2341959183938165,3033,tighten,400,0,400,1.0
margin_vs_margin_harder_variable,1.2341959183938165,3034,tighten,400,291,109,0.2725
margin_vs_margin_harder_variable,1.2341959183938165,3035,tighten,400,306,94,0.235
margin_vs_margin_harder_variable,1.1745782734008854,3036,tighten,400,400,0,0.0
margin_vs_margin_harder_variable,1.1745782734008854,3037,tighten,400,394,6,0.015
margin_vs_margin_harder_variable,1.1745782734008854,3038,tighten,400,333,67,0.1675
margin_vs_margin_harder_variable,1.1745782734008854,3039,tighten,400,400,0,0.0
margin_vs_margin_harder_variable,1.2651300664998562,3040,tighten,400,0,400,1.0
margin_vs_margin_harder_variable,1.2651300664998562,3041,tighten,400,0,400,1.0
margin_vs_margin_harder_variable,1.2651300664998562,3042,tighten,400,300,100,0.25
margin_vs_margin_harder_variable,1.2651300664998562,3043,tighten,400,0,400,1.0
margin_vs_margin_harder_variable,1.2227916209263197,3044,tighten,400,296,104,0.26
margin_vs_margin_harder_variable,1.2227916209263197,3045,tighten,400,306,94,0.235
margin_vs_margin_harder_variable,1.2227916209263197,3046,tighten,400,400,0,0.0
margin_vs_margin_harder_variable,1.2227916209263197,3047,tighten,400,201,199,0.4975
margin_vs_margin_harder_variable,1.2769292311052765,3048,tighten,400,0,400,1.0
margin_vs_margin_harder_variable,1.2769292311052765,3049,tighten,400,0,400,1.0
margin_vs_margin_harder_variable,1.2769292311052765,3050,tighten,400,11,389,0.9725
margin_vs_margin_harder_variable,1.2769292311052765,3051,tighten,400,197,203,0.5075
margin_vs_margin_harder_variable,1.2534399293033125,3052,tighten,400,208,192,0.48
margin_vs_margin_harder_variable,1.2534399293033125,3053,tighten,400,92,308,0.77
margin_vs_margin_harder_variable,1.2534399293033125,3054,tighten,400,192,208,0.52
margin_vs_margin_harder_variable,1.2534399293033125,3055,tighten,400,285,115,0.2875
margin_vs_margin_harder_variable,1.20029818845944,3056,tighten,400,205,195,0.4875
margin_vs_margin_harder_variable,1.20029818845944,3057,tighten,400,154,246,0.615
margin_vs_margin_harder_variable,1.20029818845944,3058,tighten,400,400,0,0.0
margin_vs_margin_harder_variable,1.20029818845944,3059,tighten,400,321,79,0.1975
margin_vs_margin_harder_variable,1.204018152215916,3060,tighten,400,324,76,0.19
margin_vs_margin_harder_variable,1.204018152215916,3061,tighten,400,311,89,0.2225
margin_vs_margin_harder_variable,1.204018152215916,3062,tighten,400,305,95,0.2375
margin_vs_margin_harder_variable,1.204018152215916,3063,tighten,400,317,83,0.2075
margin_vs_margin_harder_variable,1.160129386160163,3064,tighten,400,395,5,0.0125
margin_vs_margin_harder_variable,1.160129386160163,3065,tighten,400,400,0,0.0
margin_vs_margin_harder_variable,1.160129386160163,3066,tighten,400,400,0,0.0
margin_vs_margin_harder_variable,1.160129386160163,3067,tighten,400,307,93,0.2325
margin_vs_margin_harder_variable,1.211492702190667,3068,tighten,400,192,208,0.52
margin_vs_margin_harder_variable,1.211492702190667,3069,tighten,400,192,208,0.52
margin_vs_margin_harder_variable,1.211492702190667,3070,tighten,400,334,66,0.165
margin_vs_margin_harder_variable,1.211492702190667,3071,tighten,400,397,3,0.0075
margin_vs_margin_harder_variable,1.241857812073484,3072,tighten,400,302,98,0.245
margin_vs_margin_harder_variable,1.241857812073484,3073,tighten,400,0,400,1.0
margin_vs_margin_harder_variable,1.241857812073484,3074,tighten,400,299,101,0.2525
margin_vs_margin_harder_variable,1.241857812073484,3075,tighten,400,101,299,0.7475
margin_vs_margin_harder_variable,1.2573245899257803,3076,tighten,400,0,400,1.0
margin_vs_margin_harder_variable,1.2573245899257803,3077,tighten,400,195,205,0.5125
margin_vs_margin_harder_variable,1.2573245899257803,3078,tighten,400,210,190,0.475
margin_vs_margin_harder_variable,1.2573245899257803,3079,tighten,400,208,192,0.48
margin_vs_margin_harder_variable,1.1673314744825625,3080,tighten,400,322,78,0.195
margin_vs_margin_harder_variable,1.1673314744825625,3081,tighten,400,333,67,0.1675
margin_vs_margin_harder_variable,1.1673314744825625,3082,tighten,400,400,0,0.0
margin_vs_margin_harder_variable,1.1673314744825625,3083,tighten,400,400,0,0.0
margin_vs_margin_harder_variable,1.2495672708227517,3084,tighten,400,0,400,1.0
margin_vs_margin_harder_variable,1.2495672708227517,3085,tighten,400,0,400,1.0
margin_vs_margin_harder_variable,1.2495672708227517,3086,tighten,400,219,181,0.4525
margin_vs_margin_harder_variable,1.2495672708227517,3087,tighten,400,147,253,0.6325
margin_vs_margin_harder_variable,1.2265812963214031,3088,tighten,400,317,83,0.2075
margin_vs_margin_harder_variable,1.2265812963214031,3089,tighten,400,297,103,0.2575
margin_vs_margin_harder_variable,1.2265812963214031,3090,tighten,400,205,195,0.4875
margin_vs_margin_harder_variable,1.2265812963214031,3091,tighten,400,335,65,0.1625
margin_vs_margin_harder_variable,1.2341959183938165,3092,tighten,400,0,400,1.0
margin_vs_margin_harder_variable,1.2341959183938165,3093,tighten,400,293,107,0.2675
margin_vs_margin_harder_variable,1.2341959183938165,3094,tighten,400,200,200,0.5
margin_vs_margin_harder_variable,1.2341959183938165,3095,tighten,400,296,104,0.26
margin_vs_margin_harder_variable,1.189207115002721,3096,tighten,400,323,77,0.1925
margin_vs_margin_harder_variable,1.189207115002721,3097,tighten,400,102,298,0.745
margin_vs_margin_harder_variable,1.189207115002721,3098,tighten,400,329,71,0.1775
margin_vs_margin_harder_variable,1.189207115002721,3099,tighten,400,305,95,0.2375
margin_vs_margin_harder_variable,1.2651300664998562,3100,tighten,400,0,400,1.0
margin_vs_margin_harder_variable,1.2651300664998562,3101,tighten,400,297,103,0.2575
margin_vs_margin_harder_variable,1.2651300664998562,3102,tighten,400,0,400,1.0
margin_vs_margin_harder_variable,1.2651300664998562,3103,tighten,400,306,94,0.235
margin_vs_margin_harder_variable,1.2808866897642726,3104,tighten,400,0,400,1.0
margin_vs_margin_harder_variable,1.2808866897642726,3105,tighten,400,0,400,1.0
margin_vs_margin_harder_variable,1.2808866897642726,3106,tighten,400,0,400,1.0
margin_vs_margin_harder_variable,1.2808866897642726,3107,tighten,400,0,400,1.0
margin_vs_margin_harder_variable,1.2227916209263197,3108,tighten,400,314,86,0.215
margin_vs_margin_harder_variable,1.2227916209263197,3109,tighten,400,293,107,0.2675
margin_vs_margin_harder_variable,1.2227916209263197,3110,tighten,400,215,185,0.4625
margin_vs_margin_harder_variable,1.2227916209263197,3111,tighten,400,314,86,0.215
margin_vs_margin_harder_variable,1.1709492678097706,3112,tighten,400,306,94,0.235
margin_vs_margin_harder_variable,1.1709492678097706,3113,tighten,400,304,96,0.24
margin_vs_margin_harder_variable,1.1709492678097706,3114,tighten,400,400,0,0.0
margin_vs_margin_harder_variable,1.1709492678097706,3115,tighten,400,302,98,0.245
margin_vs_margin_harder_variable,1.3129911052607917,3116,tighten,400,0,400,1.0
margin_vs_margin_harder_variable,1.3129911052607917,3117,tighten,400,0,400,1.0
margin_vs_margin_harder_variable,1.3129911052607917,3118,tighten,400,0,400,1.0
margin_vs_margin_harder_variable,1.3129911052607917,3119,tighten,400,0,400,1.0
margin_vs_margin_harder_variable,1.1458582396006898,3120,tighten,400,356,44,0.11
margin_vs_margin_harder_variable,1.1458582396006898,3121,tighten,400,311,89,0.2225
margin_vs_margin_harder_variable,1.1458582396006898,3122,tighten,400,400,0,0.0
margin_vs_margin_harder_variable,1.1458582396006898,3123,tighten,400,400,0,0.0
margin_vs_margin_harder_variable,1.2534399293033125,3124,tighten,400,210,190,0.475
margin_vs_margin_harder_variable,1.2534399293033125,3125,tighten,400,0,400,1.0
margin_vs_margin_harder_variable,1.2534399293033125,3126,tighten,400,18,382,0.955
margin_vs_margin_harder_variable,1.2534399293033125,3127,tighten,400,190,210,0.525
margin_vs_margin_harder_variable,1.272983999506771,3128,tighten,400,0,400,1.0
margin_vs_margin_harder_variable,1.272983999506771,3129,tighten,400,0,400,1.0
margin_vs_margin_harder_variable,1.272983999506771,3130,tighten,400,99,301,0.7525
margin_vs_margin_harder_variable,1.272983999506771,3131,tighten,400,0,400,1.0
margin_vs_margin_harder_variable,1.19658971799343,3132,tighten,400,307,93,0.2325
margin_vs_margin_harder_variable,1.19658971799343,3133,tighten,400,400,0,0.0
margin_vs_margin_harder_variable,1.19658971799343,3134,tighten,400,400,0,0.0
margin_vs_margin_harder_variable,1.19658971799343,3135,tighten,400,398,2,0.005
margin_vs_margin_harder_variable,1.20029818845944,3136,tighten,400,300,100,0.25
margin_vs_margin_harder_variable,1.20029818845944,3137,tighten,400,400,0,0.0
margin_vs_margin_harder_variable,1.20029818845944,3138,tighten,400,318,82,0.205
margin_vs_margin_harder_variable,1.20029818845944,3139,tighten,400,196,204,0.51
margin_vs_margin_harder_variable,1.2769292311052765,3140,tighten,400,0,400,1.0
margin_vs_margin_harder_variable,1.2769292311052765,3141,tighten,400,0,400,1.0
margin_vs_margin_harder_variable,1.2769292311052765,3142,tighten,400,0,400,1.0
margin_vs_margin_harder_variable,1.2769292311052765,3143,tighten,400,0,400,1.0
margin_vs_margin_harder_variable,1.189207115002721,3144,tighten,400,400,0,0.0
margin_vs_margin_harder_variable,1.189207115002721,3145,tighten,400,0,400,1.0
margin_vs_margin_harder_variable,1.189207115002721,3146,tighten,400,400,0,0.0
margin_vs_margin_harder_variable,1.189207115002721,3147,tighten,400,197,203,0.5075
margin_vs_margin_harder_variable,1.189207115002721,3148,tighten,400,292,108,0.27
margin_vs_margin_harder_variable,1.189207115002721,3149,tighten,400,400,0,0.0
margin_vs_margin_harder_variable,1.189207115002721,3150,tighten,400,400,0,0.0
margin_vs_margin_harder_variable,1.189207115002721,3151,tighten,400,399,1,0.0025
margin_vs_margin_harder_variable,1.241857812073484,3152,tighten,400,317,83,0.2075
margin_vs_margin_harder_variable,1.241857812073484,3153,tighten,400,184,216,0.54
margin_vs_margin_harder_variable,1.241857812073484,3154,tighten,400,190,210,0.525
margin_vs_margin_harder_variable,1.241857812073484,3155,tighten,400,0,400,1.0
margin_vs_margin_harder_variable,1.1745782734008854,3156,tighten,400,315,85,0.2125
margin_vs_margin_harder_variable,1.1745782734008854,3157,tighten,400,400,0,0.0
margin_vs_margin_harder_variable,1.1745782734008854,3158,tighten,400,337,63,0.1575
margin_vs_margin_harder_variable,1.1745782734008854,3159,tighten,400,323,77,0.1925
margin_vs_margin_harder_variable,1.211492702190667,3160,tighten,400,311,89,0.2225
margin_vs_margin_harder_variable,1.211492702190667,3161,tighten,400,254,146,0.365
margin_vs_margin_harder_variable,1.211492702190667,3162,tighten,400,299,101,0.2525
margin_vs_margin_harder_variable,1.211492702190667,3163,tighten,400,368,32,0.08
margin_vs_margin_harder_variable,1.189207115002721,3164,tighten,400,239,161,0.4025
margin_vs_margin_harder_variable,1.189207115002721,3165,tighten,400,327,73,0.1825
margin_vs_margin_harder_variable,1.189207115002721,3166,tighten,400,197,203,0.5075
margin_vs_margin_harder_variable,1.189207115002721,3167,tighten,400,272,128,0.32
margin_vs_margin_harder_variable,1.2573245899257803,3168,tighten,400,172,228,0.57
margin_vs_margin_harder_variable,1.2573245899257803,3169,tighten,400,13,387,0.9675
margin_vs_margin_harder_variable,1.2573245899257803,3170,tighten,400,290,110,0.275
margin_vs_margin_harder_variable,1.2573245899257803,3171,tighten,400,293,107,0.2675
margin_vs_margin_harder_variable,1.2651300664998562,3172,tighten,400,204,196,0.49
margin_vs_margin_harder_variable,1.2651300664998562,3173,tighten,400,114,286,0.715
margin_vs_margin_harder_variable,1.2651300664998562,3174,tighten,400,313,87,0.2175
margin_vs_margin_harder_variable,1.2651300664998562,3175,tighten,400,311,89,0.2225
margin_vs_margin_harder_variable,1.2690509571917332,3176,insert,400,297,103,0.2575
margin_vs_margin_harder_variable,1.2690509571917332,3177,insert,400,133,267,0.6675
margin_vs_margin_harder_variable,1.2690509571917332,3178,insert,400,290,110,0.275
margin_vs_margin_harder_variable,1.2690509571917332,3179,insert,400,0,400,1.0
margin_vs_margin_harder_variable,1.2690509571917332,3180,tighten,400,0,400,1.0
margin_vs_margin_harder_variable,1.2690509571917332,3181,tighten,400,0,400,1.0
margin_vs_margin_harder_variable,1.2690509571917332,3182,tighten,400,0,400,1.0
margin_vs_margin_harder_variable,1.2690509571917332,3183,tighten,400,297,103,0.2575
margin_vs_margin_harder_variable,1.2690509571917332,3184,tighten,400,0,400,1.0
margin_vs_margin_harder_variable,1.2690509571917332,3185,tighten,400,0,400,1.0
margin_vs_margin_harder_variable,1.2690509571917332,3186,tighten,400,0,400,1.0
margin_vs_margin_harder_variable,1.2690509571917332,3187,tighten,400,0,400,1.0
margin_vs_margin_harder_variable,1.2690509571917332,3188,tighten,400,0,400,1.0
margin_vs_margin_harder_variable,1.2690509571917332,3189,tighten,400,0,400,1.0
margin_vs_margin_harder_variable,1.2690509571917332,3190,tighten,400,0,400,1.0
margin_vs_margin_harder_variable,1.2690509571917332,3191,tighten,400,0,400,1.0
margin_vs_margin_harder_variable,1.2690509571917332,3192,tighten,400,321,79,0.1975
margin_vs_margin_harder_variable,1.2690509571917332,3193,tighten,400,0,400,1.0
margin_vs_margin_harder_variable,1.2690509571917332,3194,tighten,400,0,400,1.0
margin_vs_margin_harder_variable,1.2690509571917332,3195,tighten,400,0,400,1.0
margin_vs_margin_harder_variable,1.2690509571917332,3196,tighten,400,0,400,1.0
margin_vs_margin_harder_variable,1.2690509571917332,3197,tighten,400,0,400,1.0
margin_vs_margin_harder_variable,1.2690509571917332,3198,tighten,400,0,400,1.0
margin_vs_margin_harder_variable,1.2690509571917332,3199,tighten,400,111,289,0.7225
margin_vs_margin_harder_variable,1.2690509571917332,3200,tighten,400,0,400,1.0
margin_vs_margin_harder_variable,1.2690509571917332,3201,tighten,400,0,400,1.0
margin_vs_margin_harder_variable,1.2690509571917332,3202,tighten,400,354,46,0.115
margin_vs_margin_harder_variable,1.2690509571917332,3203,tighten,400,204,196,0.49
margin_vs_margin_harder_variable,1.2690509571917332,3204,tighten,400,0,400,1.0
margin_vs_margin_harder_variable,1.2690509571917332,3205,tighten,400,0,400,1.0
margin_vs_margin_harder_variable,1.2690509571917332,3206,tighten,400,0,400,1.0
margin_vs_margin_harder_variable,1.2690509571917332,3207,tighten,400,191,209,0.5225
margin_vs_margin_harder_variable,1.2690509571917332,3208,tighten,400,204,196,0.49
margin_vs_margin_harder_variable,1.2690509571917332,3209,tighten,400,0,400,1.0
margin_vs_margin_harder_variable,1.2690509571917332,3210,tighten,400,0,400,1.0
margin_vs_margin_harder_variable,1.2690509571917332,3211,tighten,400,0,400,1.0
margin_vs_margin_harder_variable,1.2690509571917332,3212,tighten,400,0,400,1.0
margin_vs_margin_harder_variable,1.2690509571917332,3213,tighten,400,202,198,0.495
margin_vs_margin_harder_variable,1.2690509571917332,3214,tighten,400,0,400,1.0
margin_vs_margin_harder_variable,1.2690509571917332,3215,tighten,400,115,285,0.7125
margin_vs_margin_harder_variable,1.2690509571917332,3216,tighten,400,101,299,0.7475
margin_vs_margin_harder_variable,1.2690509571917332,3217,tighten,400,0,400,1.0
margin_vs_margin_harder_variable,1.2690509571917332,3218,tighten,400,0,400,1.0
margin_vs_margin_harder_variable,1.2690509571917332,3219,tighten,400,0,400,1.0
margin_vs_margin_harder_variable,1.2690509571917332,3220,tighten,400,0,400,1.0
margin_vs_margin_harder_variable,1.2690509571917332,3221,tighten,400,192,208,0.52
margin_vs_margin_harder_variable,1.2690509571917332,3222,tighten,400,9,391,0.9775
margin_vs_margin_harder_variable,1.2690509571917332,3223,tighten,400,0,400,1.0
margin_vs_margin_harder_variable,1.2690509571917332,3224,tighten,400,0,400,1.0
margin_vs_margin_harder_variable,1.2690509571917332,3225,tighten,400,0,400,1.0
margin_vs_margin_harder_variable,1.2690509571917332,3226,tighten,400,0,400,1.0
margin_vs_margin_harder_variable,1.2690509571917332,3227,tighten,400,0,400,1.0
margin_vs_margin_harder_variable,1.2690509571917332,3228,tighten,400,194,206,0.515
margin_vs_margin_harder_variable,1.2690509571917332,3229,tighten,400,298,102,0.255
margin_vs_margin_harder_variable,1.2690509571917332,3230,tighten,400,0,400,1.0
margin_vs_margin_harder_variable,1.2690509571917332,3231,tighten,400,208,192,0.48
margin_vs_margin_harder_variable,1.2690509571917332,3232,tighten,400,190,210,0.525
margin_vs_margin_harder_variable,1.2690509571917332,3233,tighten,400,264,136,0.34
margin_vs_margin_harder_variable,1.2690509571917332,3234,tighten,400,39,361,0.9025
margin_vs_margin_harder_variable,1.2690509571917332,3235,tighten,400,0,400,1.0
margin_vs_margin_harder_variable,1.2690509571917332,3236,tighten,400,0,400,1.0
margin_vs_margin_harder_variable,1.2690509571917332,3237,tighten,400,22,378,0.945
margin_vs_margin_harder_variable,1.2690509571917332,3238,tighten,400,81,319,0.7975
margin_vs_margin_harder_variable,1.2690509571917332,3239,tighten,400,0,400,1.0
margin_vs_margin_harder_variable,1.2690509571917332,3240,tighten,400,213,187,0.4675
margin_vs_margin_harder_variable,1.2690509571917332,3241,tighten,400,0,400,1.0
margin_vs_margin_harder_variable,1.2690509571917332,3242,tighten,400,0,400,1.0
margin_vs_margin_harder_variable,1.2690509571917332,3243,tighten,400,0,400,1.0
margin_vs_margin_harder_variable,1.2690509571917332,3244,tighten,400,1,399,0.9975
margin_vs_margin_harder_variable,1.2690509571917332,3245,tighten,400,0,400,1.0
margin_vs_margin_harder_variable,1.2690509571917332,3246,tighten,400,108,292,0.73
margin_vs_margin_harder_variable,1.2690509571917332,3247,tighten,400,0,400,1.0
margin_vs_margin_harder_variable,1.2690509571917332,3248,tighten,400,0,400,1.0
margin_vs_margin_harder_variable,1.2690509571917332,3249,tighten,400,0,400,1.0
margin_vs_margin_harder_variable,1.2690509571917332,3250,tighten,400,0,400,1.0
margin_vs_margin_harder_variable,1.2690509571917332,3251,tighten,400,304,96,0.24
margin_vs_margin_harder_variable,1.2690509571917332,3252,tighten,400,0,400,1.0
margin_vs_margin_harder_variable,1.2690509571917332,3253,tighten,400,0,400,1.0
margin_vs_margin_harder_variable,1.2690509571917332,3254,tighten,400,0,400,1.0
margin_vs_margin_harder_variable,1.2690509571917332,3255,tighten,400,102,298,0.745
margin_vs_margin_harder_variable,1.2690509571917332,3256,tighten,400,304,96,0.24
margin_vs_margin_harder_variable,1.2690509571917332,3257,tighten,400,0,400,1.0
margin_vs_margin_harder_variable,1.2690509571917332,3258,tighten,400,183,217,0.5425
margin_vs_margin_harder_variable,1.2690509571917332,3259,tighten,400,0,400,1.0
margin_vs_margin_harder_variable,1.2690509571917332,3260,tighten,400,0,400,1.0
margin_vs_margin_harder_variable,1.2690509571917332,3261,tighten,400,0,400,1.0
margin_vs_margin_harder_variable,1.2690509571917332,3262,tighten,400,0,400,1.0
margin_vs_margin_harder_variable,1.2690509571917332,3263,tighten,400,172,228,0.57
margin_vs_margin_harder_variable,1.2690509571917332,3264,tighten,400,0,400,1.0
margin_vs_margin_harder_variable,1.2690509571917332,3265,tighten,400,0,400,1.0
margin_vs_margin_harder_variable,1.2690509571917332,3266,tighten,400,108,292,0.73
margin_vs_margin_harder_variable,1.2690509571917332,3267,tighten,400,212,188,0.47
margin_vs_margin_harder_variable,1.2690509571917332,3268,tighten,400,0,400,1.0
margin_vs_margin_harder_variable,1.2690509571917332,3269,tighten,400,316,84,0.21
margin_vs_margin_harder_variable,1.2690509571917332,3270,tighten,400,192,208,0.52
margin_vs_margin_harder_variable,1.2690509571917332,3271,tighten,400,0,400,1.0
margin_vs_margin_harder_variable,1.2690509571917332,3272,tighten,400,0,400,1.0
margin_vs_margin_harder_variable,1.2690509571917332,3273,tighten,400,0,400,1.0
margin_vs_margin_harder_variable,1.2690509571917332,3274,tighten,400,0,400,1.0
margin_vs_margin_harder_variable,1.2690509571917332,3275,tighten,400,191,209,0.5225
margin_vs_margin_harder_variable,1.2690509571917332,3276,tighten,400,0,400,1.0
margin_vs_margin_harder_variable,1.2690509571917332,3277,tighten,400,0,400,1.0
margin_vs_margin_harder_variable,1.2690509571917332,3278,tighten,400,308,92,0.23
margin_vs_margin_harder_variable,1.2690509571917332,3279,tighten,400,0,400,1.0
margin_vs_margin_harder_variable,1.2495672708227517,3280,tighten,400,294,106,0.265
margin_vs_margin_harder_variable,1.2495672708227517,3281,tighten,400,0,400,1.0
margin_vs_margin_harder_variable,1.2495672708227517,3282,tighten,400,113,287,0.7175
margin_vs_margin_harder_variable,1.2495672708227517,3283,tighten,400,0,400,1.0
margin_vs_margin_harder_variable,1.204018152215916,3284,tighten,400,203,197,0.4925
margin_vs_margin_harder_variable,1.204018152215916,3285,tighten,400,299,101,0.2525
margin_vs_margin_harder_variable,1.204018152215916,3286,tighten,400,335,65,0.1625
margin_vs_margin_harder_variable,1.204018152215916,3287,tighten,400,184,216,0.54
margin_vs_margin_harder_variable,1.2341959183938165,3288,tighten,400,296,104,0.26
margin_vs_margin_harder_variable,1.2341959183938165,3289,tighten,400,0,400,1.0
margin_vs_margin_harder_variable,1.2341959183938165,3290,tighten,400,300,100,0.25
margin_vs_margin_harder_variable,1.2341959183938165,3291,tighten,400,189,211,0.5275
margin_vs_margin_harder_variable,1.2265812963214031,3292,tighten,400,193,207,0.5175
margin_vs_margin_harder_variable,1.2265812963214031,3293,tighten,400,318,82,0.205
margin_vs_margin_harder_variable,1.2265812963214031,3294,tighten,400,297,103,0.2575
margin_vs_margin_harder_variable,1.2265812963214031,3295,tighten,400,284,116,0.29
margin_vs_margin_harder_variable,1.2690509571917332,3296,tighten,400,199,201,0.5025
margin_vs_margin_harder_variable,1.2690509571917332,3297,tighten,400,0,400,1.0
margin_vs_margin_harder_variable,1.2690509571917332,3298,tighten,400,0,400,1.0
margin_vs_margin_harder_variable,1.2690509571917332,3299,tighten,400,168,232,0.58
margin_vs_margin_harder_variable,1.2227916209263197,3300,tighten,400,327,73,0.1825
margin_vs_margin_harder_variable,1.2227916209263197,3301,tighten,400,203,197,0.4925
margin_vs_margin_harder_variable,1.2227916209263197,3302,tighten,400,0,400,1.0
margin_vs_margin_harder_variable,1.2227916209263197,3303,tighten,400,400,0,0.0
margin_vs_margin_harder_variable,1.2534399293033125,3304,tighten,400,0,400,1.0
margin_vs_margin_harder_variable,1.2534399293033125,3305,tighten,400,295,105,0.2625
margin_vs_margin_harder_variable,1.2534399293033125,3306,tighten,400,203,197,0.4925
margin_vs_margin_harder_variable,1.2534399293033125,3307,tighten,400,296,104,0.26
margin_vs_margin_harder_variable,1.2651300664998562,3308,tighten,400,314,86,0.215
margin_vs_margin_harder_variable,1.2651300664998562,3309,tighten,400,1,399,0.9975
margin_vs_margin_harder_variable,1.2651300664998562,3310,tighten,400,0,400,1.0
margin_vs_margin_harder_variable,1.2651300664998562,3311,tighten,400,0,400,1.0
margin_vs_margin_harder_variable,1.160129386160163,3312,tighten,400,400,0,0.0
margin_vs_margin_harder_variable,1.160129386160163,3313,tighten,400,400,0,0.0
margin_vs_margin_harder_variable,1.160129386160163,3314,tighten,400,400,0,0.0
margin_vs_margin_harder_variable,1.160129386160163,3315,tighten,400,400,0,0.0
margin_vs_margin_harder_variable,1.241857812073484,3316,tighten,400,0,400,1.0
margin_vs_margin_harder_variable,1.241857812073484,3317,tighten,400,288,112,0.28
margin_vs_margin_harder_variable,1.241857812073484,3318,tighten,400,114,286,0.715
margin_vs_margin_harder_variable,1.241857812073484,3319,tighten,400,0,400,1.0
margin_vs_margin_harder_variable,1.19658971799343,3320,tighten,400,219,181,0.4525
margin_vs_margin_harder_variable,1.19658971799343,3321,tighten,400,306,94,0.235
margin_vs_margin_harder_variable,1.19658971799343,3322,tighten,400,292,108,0.27
margin_vs_margin_harder_variable,1.19658971799343,3323,tighten,400,317,83,0.2075
margin_vs_margin_harder_variable,1.2573245899257803,3324,tighten,400,0,400,1.0
margin_vs_margin_harder_variable,1.2573245899257803,3325,tighten,400,0,400,1.0
margin_vs_margin_harder_variable,1.2573245899257803,3326,tighten,400,0,400,1.0
margin_vs_margin_harder_variable,1.2573245899257803,3327,tighten,400,0,400,1.0
margin_vs_margin_harder_variable,1.20029818845944,3328,tighten,400,290,110,0.275
margin_vs_margin_harder_variable,1.20029818845944,3329,tighten,400,299,101,0.2525
margin_vs_margin_harder_variable,1.20029818845944,3330,tighten,400,400,0,0.0
margin_vs_margin_harder_variable,1.20029818845944,3331,tighten,400,185,215,0.5375
margin_vs_margin_harder_variable,1.2495672708227517,3332,tighten,400,305,95,0.2375
margin_vs_margin_harder_variable,1.2495672708227517,3333,tighten,400,204,196,0.49
margin_vs_margin_harder_variable,1.2495672708227517,3334,tighten,400,207,193,0.4825
margin_vs_margin_harder_variable,1.2495672708227517,3335,tighten,400,0,400,1.0
margin_vs_margin_harder_variable,1.272983999506771,3336,tighten,400,190,210,0.525
margin_vs_margin_harder_variable,1.272983999506771,3337,tighten,400,0,400,1.0
margin_vs_margin_harder_variable,1.272983999506771,3338,tighten,400,0,400,1.0
margin_vs_margin_harder_variable,1.272983999506771,3339,tighten,400,0,400,1.0
margin_vs_margin_harder_variable,1.2769292311052765,3340,tighten,400,0,400,1.0
margin_vs_margin_harder_variable,1.2769292311052765,3341,tighten,400,29,371,0.9275
margin_vs_margin_harder_variable,1.2769292311052765,3342,tighten,400,0,400,1.0
margin_vs_margin_harder_variable,1.2769292311052765,3343,tighten,400,0,400,1.0
margin_vs_margin_harder_variable,1.1673314744825625,3344,tighten,400,311,89,0.2225
margin_vs_margin_harder_variable,1.1673314744825625,3345,tighten,400,371,29,0.0725
margin_vs_margin_harder_variable,1.1673314744825625,3346,tighten,400,400,0,0.0
margin_vs_margin_harder_variable,1.1673314744825625,3347,tighten,400,400,0,0.0
margin_vs_margin_harder_variable,1.2808866897642726,3348,tighten,400,162,238,0.595
margin_vs_margin_harder_variable,1.2808866897642726,3349,tighten,400,0,400,1.0
margin_vs_margin_harder_variable,1.2808866897642726,3350,tighten,400,209,191,0.4775
margin_vs_margin_harder_variable,1.2808866897642726,3351,tighten,400,0,400,1.0
margin_vs_margin_harder_variable,1.2341959183938165,3352,tighten,400,208,192,0.48
margin_vs_margin_harder_variable,1.2341959183938165,3353,tighten,400,399,1,0.0025
margin_vs_margin_harder_variable,1.2341959183938165,3354,tighten,400,0,400,1.0
margin_vs_margin_harder_variable,1.2341959183938165,3355,tighten,400,299,101,0.2525
margin_vs_margin_harder_variable,1.1709492678097706,3356,tighten,400,384,16,0.04
margin_vs_margin_harder_variable,1.1709492678097706,3357,tighten,400,309,91,0.2275
margin_vs_margin_harder_variable,1.1709492678097706,3358,tighten,400,400,0,0.0
margin_vs_margin_harder_variable,1.1709492678097706,3359,tighten,400,307,93,0.2325
margin_vs_margin_harder_variable,1.189207115002721,3360,tighten,400,400,0,0.0
margin_vs_margin_harder_variable,1.189207115002721,3361,tighten,400,319,81,0.2025
margin_vs_margin_harder_variable,1.189207115002721,3362,tighten,400,400,0,0.0
margin_vs_margin_harder_variable,1.189207115002721,3363,tighten,400,190,210,0.525
margin_vs_margin_harder_variable,1.211492702190667,3364,tighten,400,214,186,0.465
margin_vs_margin_harder_variable,1.211492702190667,3365,tighten,400,213,187,0.4675
margin_vs_margin_harder_variable,1.211492702190667,3366,tighten,400,290,110,0.275
margin_vs_margin_harder_variable,1.211492702190667,3367,tighten,400,318,82,0.205
margin_vs_margin_harder_variable,1.2227916209263197,3368,tighten,400,59,341,0.8525
margin_vs_margin_harder_variable,1.2227916209263197,3369,tighten,400,315,85,0.2125
margin_vs_margin_harder_variable,1.2227916209263197,3370,tighten,400,300,100,0.25
margin_vs_margin_harder_variable,1.2227916209263197,3371,tighten,400,300,100,0.25
margin_vs_margin_harder_variable,1.2265812963214031,3372,tighten,400,209,191,0.4775
margin_vs_margin_harder_variable,1.2265812963214031,3373,tighten,400,315,85,0.2125
margin_vs_margin_harder_variable,1.2265812963214031,3374,tighten,400,316,84,0.21
margin_vs_margin_harder_variable,1.2265812963214031,3375,tighten,400,302,98,0.245
margin_vs_margin_harder_variable,1.2534399293033125,3376,tighten,400,190,210,0.525
margin_vs_margin_harder_variable,1.2534399293033125,3377,tighten,400,286,114,0.285
margin_vs_margin_harder_variable,1.2534399293033125,3378,tighten,400,91,309,0.7725
margin_vs_margin_harder_variable,1.2534399293033125,3379,tighten,400,209,191,0.4775
margin_vs_margin_harder_variable,1.2651300664998562,3380,tighten,400,0,400,1.0
margin_vs_margin_harder_variable,1.2651300664998562,3381,tighten,400,0,400,1.0
margin_vs_margin_harder_variable,1.2651300664998562,3382,tighten,400,0,400,1.0
margin_vs_margin_harder_variable,1.2651300664998562,3383,tighten,400,0,400,1.0
margin_vs_margin_harder_variable,1.204018152215916,3384,tighten,400,400,0,0.0
margin_vs_margin_harder_variable,1.204018152215916,3385,tighten,400,305,95,0.2375
margin_vs_margin_harder_variable,1.204018152215916,3386,tighten,400,197,203,0.5075
margin_vs_margin_harder_variable,1.204018152215916,3387,tighten,400,204,196,0.49
margin_vs_margin_harder_variable,1.2690509571917332,3388,tighten,400,0,400,1.0
margin_vs_margin_harder_variable,1.2690509571917332,3389,tighten,400,205,195,0.4875
margin_vs_margin_harder_variable,1.2690509571917332,3390,tighten,400,194,206,0.515
margin_vs_margin_harder_variable,1.2690509571917332,3391,tighten,400,62,338,0.845
margin_vs_margin_harder_variable,1.1458582396006898,3392,tighten,400,400,0,0.0
margin_vs_margin_harder_variable,1.1458582396006898,3393,tighten,400,400,0,0.0
margin_vs_margin_harder_variable,1.1458582396006898,3394,tighten,400,400,0,0.0
margin_vs_margin_harder_variable,1.1458582396006898,3395,tighten,400,400,0,0.0
margin_vs_margin_harder_variable,1.241857812073484,3396,tighten,400,336,64,0.16
margin_vs_margin_harder_variable,1.241857812073484,3397,tighten,400,204,196,0.49
margin_vs_margin_harder_variable,1.241857812073484,3398,tighten,400,194,206,0.515
margin_vs_margin_harder_variable,1.241857812073484,3399,tighten,400,400,0,0.0
margin_vs_margin_harder_variable,1.3129911052607917,3400,tighten,400,0,400,1.0
margin_vs_margin_harder_variable,1.3129911052607917,3401,tighten,400,0,400,1.0
margin_vs_margin_harder_variable,1.3129911052607917,3402,tighten,400,0,400,1.0
margin_vs_margin_harder_variable,1.3129911052607917,3403,tighten,400,0,400,1.0
margin_vs_margin_harder_variable,1.2573245899257803,3404,tighten,400,0,400,1.0
margin_vs_margin_harder_variable,1.2573245899257803,3405,tighten,400,0,400,1.0
margin_vs_margin_harder_variable,1.2573245899257803,3406,tighten,400,0,400,1.0
margin_vs_margin_harder_variable,1.2573245899257803,3407,tighten,400,0,400,1.0
margin_vs_margin_harder_variable,1.2808866897642726,3408,tighten,400,0,400,1.0
margin_vs_margin_harder_variable,1.2808866897642726,3409,tighten,400,0,400,1.0
margin_vs_margin_harder_variable,1.2808866897642726,3410,tighten,400,0,400,1.0
margin_vs_margin_harder_variable,1.2808866897642726,3411,tighten,400,0,400,1.0
margin_vs_margin_harder_variable,1.2341959183938165,3412,tighten,400,369,31,0.0775
margin_vs_margin_harder_variable,1.2341959183938165,3413,tighten,400,290,110,0.275
margin_vs_margin_harder_variable,1.2341959183938165,3414,tighten,400,0,400,1.0
margin_vs_margin_harder_variable,1.2341959183938165,3415,tighten,400,0,400,1.0
margin_vs_margin_harder_variable,1.2495672708227517,3416,tighten,400,0,400,1.0
margin_vs_margin_harder_variable,1.2495672708227517,3417,tighten,400,90,310,0.775
margin_vs_margin_harder_variable,1.2495672708227517,3418,tighten,400,159,241,0.6025
margin_vs_margin_harder_variable,1.2495672708227517,3419,tighten,400,300,100,0.25
margin_vs_margin_harder_variable,1.1745782734008854,3420,tighten,400,400,0,0.0
margin_vs_margin_harder_variable,1.1745782734008854,3421,tighten,400,334,66,0.165
margin_vs_margin_harder_variable,1.1745782734008854,3422,tighten,400,310,90,0.225
margin_vs_margin_harder_variable,1.1745782734008854,3423,tighten,400,400,0,0.0
margin_vs_margin_harder_variable,1.20029818845944,3424,tighten,400,186,214,0.535
margin_vs_margin_harder_variable,1.20029818845944,3425,tighten,400,316,84,0.21
margin_vs_margin_harder_variable,1.20029818845944,3426,tighten,400,317,83,0.2075
margin_vs_margin_harder_variable,1.20029818845944,3427,tighten,400,314,86,0.215
margin_vs_margin_harder_variable,1.272983999506771,3428,tighten,400,0,400,1.0
margin_vs_margin_harder_variable,1.272983999506771,3429,tighten,400,0,400,1.0
margin_vs_margin_harder_variable,1.272983999506771,3430,tighten,400,194,206,0.515
margin_vs_margin_harder_variable,1.272983999506771,3431,tighten,400,0,400,1.0
margin_vs_margin_harder_variable,1.2227916209263197,3432,tighten,400,214,186,0.465
margin_vs_margin_harder_variable,1.2227916209263197,3433,tighten,400,217,183,0.4575
margin_vs_margin_harder_variable,1.2227916209263197,3434,tighten,400,191,209,0.5225
margin_vs_margin_harder_variable,1.2227916209263197,3435,tighten,400,0,400,1.0
margin_vs_margin_harder_variable,1.19658971799343,3436,tighten,400,0,400,1.0
margin_vs_margin_harder_variable,1.19658971799343,3437,tighten,400,311,89,0.2225
margin_vs_margin_harder_variable,1.19658971799343,3438,tighten,400,307,93,0.2325
margin_vs_margin_harder_variable,1.19658971799343,3439,tighten,400,0,400,1.0
margin_vs_margin_harder_variable,1.19658971799343,3440,tighten,400,214,186,0.465
margin_vs_margin_harder_variable,1.19658971799343,3441,tighten,400,328,72,0.18
margin_vs_margin_harder_variable,1.19658971799343,3442,tighten,400,301,99,0.2475
margin_vs_margin_harder_variable,1.19658971799343,3443,tighten,400,400,0,0.0
margin_vs_margin_harder_variable,1.19658971799343,3444,tighten,400,318,82,0.205
margin_vs_margin_harder_variable,1.19658971799343,3445,tighten,400,400,0,0.0
margin_vs_margin_harder_variable,1.19658971799343,3446,tighten,400,308,92,0.23
margin_vs_margin_harder_variable,1.19658971799343,3447,tighten,400,400,0,0.0
margin_vs_margin_harder_variable,1.189207115002721,3448,tighten,400,400,0,0.0
margin_vs_margin_harder_variable,1.189207115002721,3449,tighten,400,333,67,0.1675
margin_vs_margin_harder_variable,1.189207115002721,3450,tighten,400,314,86,0.215
margin_vs_margin_harder_variable,1.189207115002721,3451,tighten,400,400,0,0.0
margin_vs_margin_harder_variable,1.2769292311052765,3452,tighten,400,0,400,1.0
margin_vs_margin_harder_variable,1.2769292311052765,3453,tighten,400,0,400,1.0
margin_vs_margin_harder_variable,1.2769292311052765,3454,tighten,400,0,400,1.0
margin_vs_margin_harder_variable,1.2769292311052765,3455,tighten,400,0,400,1.0
margin_vs_margin_harder_variable,1.3459001926323562,3456,tighten,400,0,400,1.0
margin_vs_margin_harder_variable,1.3459001926323562,3457,tighten,400,0,400,1.0
margin_vs_margin_harder_variable,1.3459001926323562,3458,tighten,400,0,400,1.0
margin_vs_margin_harder_variable,1.3459001926323562,3459,tighten,400,0,400,1.0
margin_vs_margin_harder_variable,1.241857812073484,3460,tighten,400,0,400,1.0
margin_vs_margin_harder_variable,1.241857812073484,3461,tighten,400,201,199,0.4975
margin_vs_margin_harder_variable,1.241857812073484,3462,tighten,400,300,100,0.25
margin_vs_margin_harder_variable,1.241857812073484,3463,tighten,400,0,400,1.0
margin_vs_margin_harder_variable,1.2534399293033125,3464,tighten,400,0,400,1.0
margin_vs_margin_harder_variable,1.2534399293033125,3465,tighten,400,205,195,0.4875
margin_vs_margin_harder_variable,1.2534399293033125,3466,tighten,400,199,201,0.5025
margin_vs_margin_harder_variable,1.2534399293033125,3467,tighten,400,0,400,1.0
margin_vs_margin_harder_variable,1.2341959183938165,3468,tighten,400,304,96,0.24
margin_vs_margin_harder_variable,1.2341959183938165,3469,tighten,400,0,400,1.0
margin_vs_margin_harder_variable,1.2341959183938165,3470,tighten,400,213,187,0.4675
margin_vs_margin_harder_variable,1.2341959183938165,3471,tighten,400,299,101,0.2525
margin_vs_margin_harder_variable,1.2265812963214031,3472,tighten,400,66,334,0.835
margin_vs_margin_harder_variable,1.2265812963214031,3473,tighten,400,400,0,0.0
margin_vs_margin_harder_variable,1.2265812963214031,3474,tighten,400,304,96,0.24
margin_vs_margin_harder_variable,1.2265812963214031,3475,tighten,400,0,400,1.0
margin_vs_margin_harder_variable,1.2651300664998562,3476,tighten,400,0,400,1.0
margin_vs_margin_harder_variable,1.2651300664998562,3477,tighten,400,96,304,0.76
margin_vs_margin_harder_variable,1.2651300664998562,3478,tighten,400,0,400,1.0
margin_vs_margin_harder_variable,1.2651300664998562,3479,tighten,400,0,400,1.0
margin_vs_margin_harder_variable,1.2690509571917332,3480,tighten,400,305,95,0.2375
margin_vs_margin_harder_variable,1.2690509571917332,3481,tighten,400,0,400,1.0
margin_vs_margin_harder_variable,1.2690509571917332,3482,tighten,400,0,400,1.0
margin_vs_margin_harder_variable,1.2690509571917332,3483,tighten,400,217,183,0.4575
margin_vs_margin_harder_variable,1.211492702190667,3484,tighten,400,306,94,0.235
margin_vs_margin_harder_variable,1.211492702190667,3485,tighten,400,309,91,0.2275
margin_vs_margin_harder_variable,1.211492702190667,3486,tighten,400,209,191,0.4775
margin_vs_margin_harder_variable,1.211492702190667,3487,tighten,400,214,186,0.465
margin_vs_margin_harder_variable,1.204018152215916,3488,tighten,400,304,96,0.24
margin_vs_margin_harder_variable,1.204018152215916,3489,tighten,400,321,79,0.1975
margin_vs_margin_harder_variable,1.204018152215916,3490,tighten,400,319,81,0.2025
margin_vs_margin_harder_variable,1.204018152215916,3491,tighten,400,284,116,0.29
margin_vs_margin_harder_variable,1.2573245899257803,3492,tighten,400,0,400,1.0
margin_vs_margin_harder_variable,1.2573245899257803,3493,tighten,400,0,400,1.0
margin_vs_margin_harder_variable,1.2573245899257803,3494,tighten,400,311,89,0.2225
margin_vs_margin_harder_variable,1.2573245899257803,3495,tighten,400,0,400,1.0
margin_vs_margin_harder_variable,1.1387886347566918,3496,tighten,400,400,0,0.0
margin_vs_margin_harder_variable,1.1387886347566918,3497,tighten,400,400,0,0.0
margin_vs_margin_harder_variable,1.1387886347566918,3498,tighten,400,400,0,0.0
margin_vs_margin_harder_variable,1.1387886347566918,3499,tighten,400,400,0,0.0
margin_vs_margin_harder_variable,1.1423179681242766,3500,insert,400,400,0,0.0
margin_vs_margin_harder_variable,1.1423179681242766,3501,insert,400,400,0,0.0
margin_vs_margin_harder_variable,1.1423179681242766,3502,insert,400,400,0,0.0
margin_vs_margin_harder_variable,1.1423179681242766,3503,insert,400,400,0,0.0
margin_vs_margin_harder_variable,1.1423179681242766,3504,tighten,400,400,0,0.0
margin_vs_margin_harder_variable,1.1423179681242766,3505,tighten,400,379,21,0.0525
margin_vs_margin_harder_variable,1.1423179681242766,3506,tighten,400,400,0,0.0
margin_vs_margin_harder_variable,1.1423179681242766,3507,tighten,400,391,9,0.0225
margin_vs_margin_harder_variable,1.1423179681242766,3508,tighten,400,331,69,0.1725
margin_vs_margin_harder_variable,1.1423179681242766,3509,tighten,400,400,0,0.0
margin_vs_margin_harder_variable,1.1423179681242766,3510,tighten,400,400,0,0.0
margin_vs_margin_harder_variable,1.1423179681242766,3511,tighten,400,400,0,0.0
margin_vs_margin_harder_variable,1.1423179681242766,3512,tighten,400,374,26,0.065
margin_vs_margin_harder_variable,1.1423179681242766,3513,tighten,400,400,0,0.0
margin_vs_margin_harder_variable,1.1423179681242766,3514,tighten,400,400,0,0.0
margin_vs_margin_harder_variable,1.1423179681242766,3515,tighten,400,400,0,0.0
margin_vs_margin_harder_variable,1.1423179681242766,3516,tighten,400,400,0,0.0
margin_vs_margin_harder_variable,1.1423179681242766,3517,tighten,400,400,0,0.0
margin_vs_margin_harder_variable,1.1423179681242766,3518,tighten,400,400,0,0.0
margin_vs_margin_harder_variable,1.1423179681242766,3519,tighten,400,400,0,0.0
margin_vs_margin_harder_variable,1.1423179681242766,3520,tighten,400,325,75,0.1875
margin_vs_margin_harder_variable,1.1423179681242766,3521,tighten,400,400,0,0.0
margin_vs_margin_harder_variable,1.1423179681242766,3522,tighten,400,400,0,0.0
margin_vs_margin_harder_variable,1.1423179681242766,3523,tighten,400,400,0,0.0
margin_vs_margin_harder_variable,1.1423179681242766,3524,tighten,400,339,61,0.1525
margin_vs_margin_harder_variable,1.1423179681242766,3525,tighten,400,400,0,0.0
margin_vs_margin_harder_variable,1.1423179681242766,3526,tighten,400,400,0,0.0
margin_vs_margin_harder_variable,1.1423179681242766,3527,tighten,400,400,0,0.0
margin_vs_margin_harder_variable,1.1423179681242766,3528,tighten,400,400,0,0.0
margin_vs_margin_harder_variable,1.1423179681242766,3529,tighten,400,400,0,0.0
margin_vs_margin_harder_variable,1.1423179681242766,3530,tighten,400,400,0,0.0
margin_vs_margin_harder_variable,1.1423179681242766,3531,tighten,400,328,72,0.18
margin_vs_margin_harder_variable,1.1423179681242766,3532,tighten,400,400,0,0.0
margin_vs_margin_harder_variable,1.1423179681242766,3533,tighten,400,400,0,0.0
margin_vs_margin_harder_variable,1.1423179681242766,3534,tighten,400,400,0,0.0
margin_vs_margin_harder_variable,1.1423179681242766,3535,tighten,400,322,78,0.195
margin_vs_margin_harder_variable,1.1423179681242766,3536,tighten,400,400,0,0.0
margin_vs_margin_harder_variable,1.1423179681242766,3537,tighten,400,400,0,0.0
margin_vs_margin_harder_variable,1.1423179681242766,3538,tighten,400,400,0,0.0
margin_vs_margin_harder_variable,1.1423179681242766,3539,tighten,400,400,0,0.0
margin_vs_margin_harder_variable,1.1423179681242766,3540,tighten,400,400,0,0.0
margin_vs_margin_harder_variable,1.1423179681242766,3541,tighten,400,400,0,0.0
margin_vs_margin_harder_variable,1.1423179681242766,3542,tighten,400,400,0,0.0
margin_vs_margin_harder_variable,1.1423179681242766,3543,tighten,400,400,0,0.0
margin_vs_margin_harder_variable,1.2495672708227517,3544,tighten,400,0,400,1.0
margin_vs_margin_harder_variable,1.2495672708227517,3545,tighten,400,293,107,0.2675
margin_vs_margin_harder_variable,1.2495672708227517,3546,tighten,400,178,222,0.555
margin_vs_margin_harder_variable,1.2495672708227517,3547,tighten,400,292,108,0.27
margin_vs_margin_harder_variable,1.19658971799343,3548,tighten,400,292,108,0.27
margin_vs_margin_harder_variable,1.19658971799343,3549,tighten,400,306,94,0.235
margin_vs_margin_harder_variable,1.19658971799343,3550,tighten,400,101,299,0.7475
margin_vs_margin_harder_variable,1.19658971799343,3551,tighten,400,326,74,0.185
margin_vs_margin_harder_variable,1.1709492678097706,3552,tighten,400,400,0,0.0
margin_vs_margin_harder_variable,1.1709492678097706,3553,tighten,400,400,0,0.0
margin_vs_margin_harder_variable,1.1709492678097706,3554,tighten,400,400,0,0.0
margin_vs_margin_harder_variable,1.1709492678097706,3555,tighten,400,400,0,0.0
margin_vs_margin_harder_variable,1.160129386160163,3556,tighten,400,400,0,0.0
margin_vs_margin_harder_variable,1.160129386160163,3557,tighten,400,400,0,0.0
margin_vs_margin_harder_variable,1.160129386160163,3558,tighten,400,400,0,0.0
margin_vs_margin_harder_variable,1.160129386160163,3559,tighten,400,400,0,0.0
margin_vs_margin_harder_variable,1.2265812963214031,3560,tighten,400,204,196,0.49
margin_vs_margin_harder_variable,1.2265812963214031,3561,tighten,400,307,93,0.2325
margin_vs_margin_harder_variable,1.2265812963214031,3562,tighten,400,233,167,0.4175
margin_vs_margin_harder_variable,1.2265812963214031,3563,tighten,400,0,400,1.0
margin_vs_margin_harder_variable,1.1673314744825625,3564,tighten,400,317,83,0.2075
margin_vs_margin_harder_variable,1.1673314744825625,3565,tighten,400,308,92,0.23
margin_vs_margin_harder_variable,1.1673314744825625,3566,tighten,400,334,66,0.165
margin_vs_margin_harder_variable,1.1673314744825625,3567,tighten,400,323,77,0.1925
margin_vs_margin_harder_variable,1.241857812073484,3568,tighten,400,104,296,0.74
margin_vs_margin_harder_variable,1.241857812073484,3569,tighten,400,0,400,1.0
margin_vs_margin_harder_variable,1.241857812073484,3570,tighten,400,224,176,0.44
margin_vs_margin_harder_variable,1.241857812073484,3571,tighten,400,0,400,1.0
margin_vs_margin_harder_variable,1.2227916209263197,3572,tighten,400,191,209,0.5225
margin_vs_margin_harder_variable,1.2227916209263197,3573,tighten,400,297,103,0.2575
margin_vs_margin_harder_variable,1.2227916209263197,3574,tighten,400,195,205,0.5125
margin_vs_margin_harder_variable,1.2227916209263197,3575,tighten,400,306,94,0.235
margin_vs_margin_harder_variable,1.2690509571917332,3576,tighten,400,0,400,1.0
margin_vs_margin_harder_variable,1.2690509571917332,3577,tighten,400,0,400,1.0
margin_vs_margin_harder_variable,1.2690509571917332,3578,tighten,400,0,400,1.0
margin_vs_margin_harder_variable,1.2690509571917332,3579,tighten,400,0,400,1.0
margin_vs_margin_harder_variable,1.272983999506771,3580,tighten,400,0,400,1.0
margin_vs_margin_harder_variable,1.272983999506771,3581,tighten,400,293,107,0.2675
margin_vs_margin_harder_variable,1.272983999506771,3582,tighten,400,199,201,0.5025
margin_vs_margin_harder_variable,1.272983999506771,3583,tighten,400,0,400,1.0
margin_vs_margin_harder_variable,1.20029818845944,3584,tighten,400,380,20,0.05
margin_vs_margin_harder_variable,1.20029818845944,3585,tighten,400,311,89,0.2225
margin_vs_margin_harder_variable,1.20029818845944,3586,tighten,400,302,98,0.245
margin_vs_margin_harder_variable,1.20029818845944,3587,tighten,400,299,101,0.2525
margin_vs_margin_harder_variable,1.2341959183938165,3588,tighten,400,0,400,1.0
margin_vs_margin_harder_variable,1.2341959183938165,3589,tighten,400,0,400,1.0
margin_vs_margin_harder_variable,1.2341959183938165,3590,tighten,400,207,193,0.4825
margin_vs_margin_harder_variable,1.2341959183938165,3591,tighten,400,279,121,0.3025
margin_vs_margin_harder_variable,1.2534399293033125,3592,tighten,400,319,81,0.2025
margin_vs_margin_harder_variable,1.2534399293033125,3593,tighten,400,207,193,0.4825
margin_vs_margin_harder_variable,1.2534399293033125,3594,tighten,400,306,94,0.235
margin_vs_margin_harder_variable,1.2534399293033125,3595,tighten,400,322,78,0.195
margin_vs_margin_harder_variable,1.2808866897642726,3596,tighten,400,0,400,1.0
margin_vs_margin_harder_variable,1.2808866897642726,3597,tighten,400,207,193,0.4825
margin_vs_margin_harder_variable,1.2808866897642726,3598,tighten,400,0,400,1.0
margin_vs_margin_harder_variable,1.2808866897642726,3599,tighten,400,0,400,1.0
margin_vs_margin_harder_variable,1.2573245899257803,3600,tighten,400,0,400,1.0
margin_vs_margin_harder_variable,1.2573245899257803,3601,tighten,400,291,109,0.2725
margin_vs_margin_harder_variable,1.2573245899257803,3602,tighten,400,0,400,1.0
margin_vs_margin_harder_variable,1.2573245899257803,3603,tighten,400,117,283,0.7075
margin_vs_margin_harder_variable,1.2651300664998562,3604,tighten,400,78,322,0.805
margin_vs_margin_harder_variable,1.2651300664998562,3605,tighten,400,297,103,0.2575
margin_vs_margin_harder_variable,1.2651300664998562,3606,tighten,400,100,300,0.75
margin_vs_margin_harder_variable,1.2651300664998562,3607,tighten,400,0,400,1.0
margin_vs_margin_harder_variable,1.2769292311052765,3608,tighten,400,0,400,1.0
margin_vs_margin_harder_variable,1.2769292311052765,3609,tighten,400,0,400,1.0
margin_vs_margin_harder_variable,1.2769292311052765,3610,tighten,400,0,400,1.0
margin_vs_margin_harder_variable,1.2769292311052765,3611,tighten,400,0,400,1.0
margin_vs_margin_harder_variable,1.189207115002721,3612,tighten,400,385,15,0.0375
margin_vs_margin_harder_variable,1.189207115002721,3613,tighten,400,203,197,0.4925
margin_vs_margin_harder_variable,1.189207115002721,3614,tighten,400,328,72,0.18
margin_vs_margin_harder_variable,1.189207115002721,3615,tighten,400,400,0,0.0
margin_vs_margin_harder_variable,1.1745782734008854,3616,tighten,400,400,0,0.0
margin_vs_margin_harder_variable,1.1745782734008854,3617,tighten,400,313,87,0.2175
margin_vs_margin_harder_variable,1.1745782734008854,3618,tighten,400,400,0,0.0
margin_vs_margin_harder_variable,1.1745782734008854,3619,tighten,400,299,101,0.2525
margin_vs_margin_harder_variable,1.2495672708227517,3620,tighten,400,0,400,1.0
margin_vs_margin_harder_variable,1.2495672708227517,3621,tighten,400,196,204,0.51
margin_vs_margin_harder_variable,1.2495672708227517,3622,tighten,400,285,115,0.2875
margin_vs_margin_harder_variable,1.2495672708227517,3623,tighten,400,0,400,1.0
margin_vs_margin_harder_variable,1.19658971799343,3624,tighten,400,368,32,0.08
margin_vs_margin_harder_variable,1.19658971799343,3625,tighten,400,315,85,0.2125
margin_vs_margin_harder_variable,1.19658971799343,3626,tighten,400,232,168,0.42
margin_vs_margin_harder_variable,1.19658971799343,3627,tighten,400,400,0,0.0
margin_vs_margin_harder_variable,1.3129911052607917,3628,tighten,400,0,400,1.0
margin_vs_margin_harder_variable,1.3129911052607917,3629,tighten,400,0,400,1.0
margin_vs_margin_harder_variable,1.3129911052607917,3630,tighten,400,0,400,1.0
margin_vs_margin_harder_variable,1.3129911052607917,3631,tighten,400,0,400,1.0
margin_vs_margin_harder_variable,1.211492702190667,3632,tighten,400,0,400,1.0
margin_vs_margin_harder_variable,1.211492702190667,3633,tighten,400,0,400,1.0
margin_vs_margin_harder_variable,1.211492702190667,3634,tighten,400,343,57,0.1425
margin_vs_margin_harder_variable,1.211492702190667,3635,tighten,400,294,106,0.265
margin_vs_margin_harder_variable,1.272983999506771,3636,tighten,400,201,199,0.4975
margin_vs_margin_harder_variable,1.272983999506771,3637,tighten,400,0,400,1.0
margin_vs_margin_harder_variable,1.272983999506771,3638,tighten,400,0,400,1.0
margin_vs_margin_harder_variable,1.272983999506771,3639,tighten,400,0,400,1.0
margin_vs_margin_harder_variable,1.211492702190667,3640,tighten,400,321,79,0.1975
margin_vs_margin_harder_variable,1.211492702190667,3641,tighten,400,304,96,0.24
margin_vs_margin_harder_variable,1.211492702190667,3642,tighten,400,302,98,0.245
margin_vs_margin_harder_variable,1.211492702190667,3643,tighten,400,298,102,0.255
margin_vs_margin_harder_variable,1.2265812963214031,3644,tighten,400,199,201,0.5025
margin_vs_margin_harder_variable,1.2265812963214031,3645,tighten,400,0,400,1.0
margin_vs_margin_harder_variable,1.2265812963214031,3646,tighten,400,341,59,0.1475
margin_vs_margin_harder_variable,1.2265812963214031,3647,tighten,400,0,400,1.0
margin_vs_margin_harder_variable,1.2534399293033125,3648,tighten,400,171,229,0.5725
margin_vs_margin_harder_variable,1.2534399293033125,3649,tighten,400,202,198,0.495
margin_vs_margin_harder_variable,1.2534399293033125,3650,tighten,400,99,301,0.7525
margin_vs_margin_harder_variable,1.2534399293033125,3651,tighten,400,205,195,0.4875
margin_vs_margin_harder_variable,1.241857812073484,3652,tighten,400,208,192,0.48
margin_vs_margin_harder_variable,1.241857812073484,3653,tighten,400,197,203,0.5075
margin_vs_margin_harder_variable,1.241857812073484,3654,tighten,400,211,189,0.4725
margin_vs_margin_harder_variable,1.241857812073484,3655,tighten,400,284,116,0.29
margin_vs_margin_harder_variable,1.2341959183938165,3656,tighten,400,113,287,0.7175
margin_vs_margin_harder_variable,1.2341959183938165,3657,tighten,400,394,6,0.015
margin_vs_margin_harder_variable,1.2341959183938165,3658,tighten,400,298,102,0.255
margin_vs_margin_harder_variable,1.2341959183938165,3659,tighten,400,0,400,1.0
margin_vs_margin_harder_variable,1.1458582396006898,3660,tighten,400,400,0,0.0
margin_vs_margin_harder_variable,1.1458582396006898,3661,tighten,400,319,81,0.2025
margin_vs_margin_harder_variable,1.1458582396006898,3662,tighten,400,400,0,0.0
margin_vs_margin_harder_variable,1.1458582396006898,3663,tighten,400,400,0,0.0
margin_vs_margin_harder_variable,1.204018152215916,3664,tighten,400,400,0,0.0
margin_vs_margin_harder_variable,1.204018152215916,3665,tighten,400,271,129,0.3225
margin_vs_margin_harder_variable,1.204018152215916,3666,tighten,400,287,113,0.2825
margin_vs_margin_harder_variable,1.204018152215916,3667,tighten,400,400,0,0.0
margin_vs_margin_harder_variable,1.2227916209263197,3668,tighten,400,213,187,0.4675
margin_vs_margin_harder_variable,1.2227916209263197,3669,tighten,400,307,93,0.2325
margin_vs_margin_harder_variable,1.2227916209263197,3670,tighten,400,195,205,0.5125
margin_vs_margin_harder_variable,1.2227916209263197,3671,tighten,400,400,0,0.0
margin_vs_margin_harder_variable,1.2690509571917332,3672,tighten,400,188,212,0.53
margin_vs_margin_harder_variable,1.2690509571917332,3673,tighten,400,0,400,1.0
margin_vs_margin_harder_variable,1.2690509571917332,3674,tighten,400,0,400,1.0
margin_vs_margin_harder_variable,1.2690509571917332,3675,tighten,400,92,308,0.77
margin_vs_margin_harder_variable,1.2573245899257803,3676,tighten,400,311,89,0.2225
margin_vs_margin_harder_variable,1.2573245899257803,3677,tighten,400,199,201,0.5025
margin_vs_margin_harder_variable,1.2573245899257803,3678,tighten,400,302,98,0.245
margin_vs_margin_harder_variable,1.2573245899257803,3679,tighten,400,204,196,0.49
margin_vs_margin_harder_variable,1.1673314744825625,3680,tighten,400,400,0,0.0
margin_vs_margin_harder_variable,1.1673314744825625,3681,tighten,400,400,0,0.0
margin_vs_margin_harder_variable,1.1673314744825625,3682,tighten,400,400,0,0.0
margin_vs_margin_harder_variable,1.1673314744825625,3683,tighten,400,334,66,0.165
margin_vs_margin_harder_variable,1.2808866897642726,3684,tighten,400,0,400,1.0
margin_vs_margin_harder_variable,1.2808866897642726,3685,tighten,400,0,400,1.0
margin_vs_margin_harder_variable,1.2808866897642726,3686,tighten,400,0,400,1.0
margin_vs_margin_harder_variable,1.2808866897642726,3687,tighten,400,0,400,1.0
margin_vs_margin_harder_variable,1.2651300664998562,3688,tighten,400,29,371,0.9275
margin_vs_margin_harder_variable,1.2651300664998562,3689,tighten,400,203,197,0.4925
margin_vs_margin_harder_variable,1.2651300664998562,3690,tighten,400,0,400,1.0
margin_vs_margin_harder_variable,1.2651300664998562,3691,tighten,400,0,400,1.0
margin_vs_margin_harder_variable,1.2495672708227517,3692,tighten,400,0,400,1.0
margin_vs_margin_harder_variable,1.2495672708227517,3693,tighten,400,316,84,0.21
margin_vs_margin_harder_variable,1.2495672708227517,3694,tighten,400,0,400,1.0
margin_vs_margin_harder_variable,1.2495672708227517,3695,tighten,400,0,400,1.0
margin_vs_margin_harder_variable,1.2265812963214031,3696,tighten,400,374,26,0.065
margin_vs_margin_harder_variable,1.2265812963214031,3697,tighten,400,0,400,1.0
margin_vs_margin_harder_variable,1.2265812963214031,3698,tighten,400,324,76,0.19
margin_vs_margin_harder_variable,1.2265812963214031,3699,tighten,400,303,97,0.2425
margin_vs_margin_harder_variable,1.20029818845944,3700,tighten,400,319,81,0.2025
margin_vs_margin_harder_variable,1.20029818845944,3701,tighten,400,310,90,0.225
margin_vs_margin_harder_variable,1.20029818845944,3702,tighten,400,378,22,0.055
margin_vs_margin_harder_variable,1.20029818845944,3703,tighten,400,400,0,0.0
margin_vs_margin_harder_variable,1.1709492678097706,3704,tighten,400,300,100,0.25
margin_vs_margin_harder_variable,1.1709492678097706,3705,tighten,400,400,0,0.0
margin_vs_margin_harder_variable,1.1709492678097706,3706,tighten,400,295,105,0.2625
margin_vs_margin_harder_variable,1.1709492678097706,3707,tighten,400,400,0,0.0
margin_vs_margin_harder_variable,1.2341959183938165,3708,tighten,400,73,327,0.8175
margin_vs_margin_harder_variable,1.2341959183938165,3709,tighten,400,293,107,0.2675
margin_vs_margin_harder_variable,1.2341959183938165,3710,tighten,400,212,188,0.47
margin_vs_margin_harder_variable,1.2341959183938165,3711,tighten,400,303,97,0.2425
margin_vs_margin_harder_variable,1.189207115002721,3712,tighten,400,308,92,0.23
margin_vs_margin_harder_variable,1.189207115002721,3713,tighten,400,400,0,0.0
margin_vs_margin_harder_variable,1.189207115002721,3714,tighten,400,316,84,0.21
margin_vs_margin_harder_variable,1.189207115002721,3715,tighten,400,355,45,0.1125
margin_vs_margin_harder_variable,1.2769292311052765,3716,tighten,400,0,400,1.0
margin_vs_margin_harder_variable,1.2769292311052765,3717,tighten,400,0,400,1.0
margin_vs_margin_harder_variable,1.2769292311052765,3718,tighten,400,194,206,0.515
margin_vs_margin_harder_variable,1.2769292311052765,3719,tighten,400,0,400,1.0
margin_vs_margin_harder_variable,1.272983999506771,3720,tighten,400,311,89,0.2225
margin_vs_margin_harder_variable,1.272983999506771,3721,tighten,400,0,400,1.0
margin_vs_margin_harder_variable,1.272983999506771,3722,tighten,400,205,195,0.4875
margin_vs_margin_harder_variable,1.272983999506771,3723,tighten,400,1,399,0.9975
margin_vs_margin_harder_variable,1.19658971799343,3724,tighten,400,197,203,0.5075
margin_vs_margin_harder_variable,1.19658971799343,3725,tighten,400,202,198,0.495
margin_vs_margin_harder_variable,1.19658971799343,3726,tighten,400,309,91,0.2275
margin_vs_margin_harder_variable,1.19658971799343,3727,tighten,400,400,0,0.0
margin_vs_margin_harder_variable,1.2534399293033125,3728,tighten,400,184,216,0.54
margin_vs_margin_harder_variable,1.2534399293033125,3729,tighten,400,209,191,0.4775
margin_vs_margin_harder_variable,1.2534399293033125,3730,tighten,400,202,198,0.495
margin_vs_margin_harder_variable,1.2534399293033125,3731,tighten,400,0,400,1.0
margin_vs_margin_harder_variable,1.241857812073484,3732,tighten,400,305,95,0.2375
margin_vs_margin_harder_variable,1.241857812073484,3733,tighten,400,315,85,0.2125
margin_vs_margin_harder_variable,1.241857812073484,3734,tighten,400,190,210,0.525
margin_vs_margin_harder_variable,1.241857812073484,3735,tighten,400,183,217,0.5425
margin_vs_margin_harder_variable,1.2573245899257803,3736,tighten,400,164,236,0.59
margin_vs_margin_harder_variable,1.2573245899257803,3737,tighten,400,301,99,0.2475
margin_vs_margin_harder_variable,1.2573245899257803,3738,tighten,400,297,103,0.2575
margin_vs_margin_harder_variable,1.2573245899257803,3739,tighten,400,104,296,0.74
margin_vs_margin_harder_variable,1.211492702190667,3740,tighten,400,308,92,0.23
margin_vs_margin_harder_variable,1.211492702190667,3741,tighten,400,312,88,0.22
margin_vs_margin_harder_variable,1.211492702190667,3742,tighten,400,203,197,0.4925
margin_vs_margin_harder_variable,1.211492702190667,3743,tighten,400,211,189,0.4725
margin_vs_margin_harder_variable,1.2227916209263197,3744,tighten,400,313,87,0.2175
margin_vs_margin_harder_variable,1.2227916209263197,3745,tighten,400,206,194,0.485
margin_vs_margin_harder_variable,1.2227916209263197,3746,tighten,400,400,0,0.0
margin_vs_margin_harder_variable,1.2227916209263197,3747,tighten,400,296,104,0.26
margin_vs_margin_harder_variable,1.2265812963214031,3748,tighten,400,192,208,0.52
margin_vs_margin_harder_variable,1.2265812963214031,3749,tighten,400,229,171,0.4275
margin_vs_margin_harder_variable,1.2265812963214031,3750,tighten,400,191,209,0.5225
margin_vs_margin_harder_variable,1.2265812963214031,3751,tighten,400,307,93,0.2325
margin_vs_margin_harder_variable,1.2495672708227517,3752,tighten,400,393,7,0.0175
margin_vs_margin_harder_variable,1.2495672708227517,3753,tighten,400,297,103,0.2575
margin_vs_margin_harder_variable,1.2495672708227517,3754,tighten,400,0,400,1.0
margin_vs_margin_harder_variable,1.2495672708227517,3755,tighten,400,219,181,0.4525
margin_vs_margin_harder_variable,1.204018152215916,3756,tighten,400,400,0,0.0
margin_vs_margin_harder_variable,1.204018152215916,3757,tighten,400,400,0,0.0
margin_vs_margin_harder_variable,1.204018152215916,3758,tighten,400,216,184,0.46
margin_vs_margin_harder_variable,1.204018152215916,3759,tighten,400,294,106,0.265
margin_vs_margin_harder_variable,1.160129386160163,3760,tighten,400,400,0,0.0
margin_vs_margin_harder_variable,1.160129386160163,3761,tighten,400,400,0,0.0
margin_vs_margin_harder_variable,1.160129386160163,3762,tighten,400,400,0,0.0
margin_vs_margin_harder_variable,1.160129386160163,3763,tighten,400,324,76,0.19
margin_vs_margin_harder_variable,1.1745782734008854,3764,tighten,400,321,79,0.1975
margin_vs_margin_harder_variable,1.1745782734008854,3765,tighten,400,321,79,0.1975
margin_vs_margin_harder_variable,1.1745782734008854,3766,tighten,400,400,0,0.0
margin_vs_margin_harder_variable,1.1745782734008854,3767,tighten,400,310,90,0.225
margin_vs_margin_harder_variable,1.1423179681242766,3768,tighten,400,316,84,0.21
margin_vs_margin_harder_variable,1.1423179681242766,3769,tighten,400,379,21,0.0525
margin_vs_margin_harder_variable,1.1423179681242766,3770,tighten,400,400,0,0.0
margin_vs_margin_harder_variable,1.1423179681242766,3771,tighten,400,400,0,0.0
margin_vs_margin_harder_variable,1.1317626472738322,3772,tighten,400,400,0,0.0
margin_vs_margin_harder_variable,1.1317626472738322,3773,tighten,400,400,0,0.0
margin_vs_margin_harder_variable,1.1317626472738322,3774,tighten,400,400,0,0.0
margin_vs_margin_harder_variable,1.1317626472738322,3775,tighten,400,400,0,0.0
margin_vs_margin_harder_variable,1.2690509571917332,3776,tighten,400,200,200,0.5
margin_vs_margin_harder_variable,1.2690509571917332,3777,tighten,400,139,261,0.6525
margin_vs_margin_harder_variable,1.2690509571917332,3778,tighten,400,167,233,0.5825
margin_vs_margin_harder_variable,1.2690509571917332,3779,tighten,400,0,400,1.0
margin_vs_margin_harder_variable,1.2651300664998562,3780,tighten,400,221,179,0.4475
margin_vs_margin_harder_variable,1.2651300664998562,3781,tighten,400,317,83,0.2075
margin_vs_margin_harder_variable,1.2651300664998562,3782,tighten,400,0,400,1.0
margin_vs_margin_harder_variable,1.2651300664998562,3783,tighten,400,0,400,1.0
margin_vs_margin_harder_variable,1.272983999506771,3784,tighten,400,0,400,1.0
margin_vs_margin_harder_variable,1.272983999506771,3785,tighten,400,2,398,0.995
margin_vs_margin_harder_variable,1.272983999506771,3786,tighten,400,311,89,0.2225
margin_vs_margin_harder_variable,1.272983999506771,3787,tighten,400,289,111,0.2775
margin_vs_margin_harder_variable,1.20029818845944,3788,tighten,400,330,70,0.175
margin_vs_margin_harder_variable,1.20029818845944,3789,tighten,400,400,0,0.0
margin_vs_margin_harder_variable,1.20029818845944,3790,tighten,400,304,96,0.24
margin_vs_margin_harder_variable,1.20029818845944,3791,tighten,400,301,99,0.2475
margin_vs_margin_harder_variable,1.2341959183938165,3792,tighten,400,0,400,1.0
margin_vs_margin_harder_variable,1.2341959183938165,3793,tighten,400,0,400,1.0
margin_vs_margin_harder_variable,1.2341959183938165,3794,tighten,400,0,400,1.0
margin_vs_margin_harder_variable,1.2341959183938165,3795,tighten,400,0,400,1.0
margin_vs_margin_harder_variable,1.2495672708227517,3796,tighten,400,0,400,1.0
margin_vs_margin_harder_variable,1.2495672708227517,3797,tighten,400,318,82,0.205
margin_vs_margin_harder_variable,1.2495672708227517,3798,tighten,400,0,400,1.0
margin_vs_margin_harder_variable,1.2495672708227517,3799,tighten,400,186,214,0.535
margin_vs_margin_harder_variable,1.272983999506771,3800,tighten,400,20,380,0.95
margin_vs_margin_harder_variable,1.272983999506771,3801,tighten,400,0,400,1.0
margin_vs_margin_harder_variable,1.272983999506771,3802,tighten,400,244,156,0.39
margin_vs_margin_harder_variable,1.272983999506771,3803,tighten,400,0,400,1.0
margin_vs_margin_harder_variable,1.3129911052607917,3804,tighten,400,0,400,1.0
margin_vs_margin_harder_variable,1.3129911052607917,3805,tighten,400,0,400,1.0
margin_vs_margin_harder_variable,1.3129911052607917,3806,tighten,400,208,192,0.48
margin_vs_margin_harder_variable,1.3129911052607917,3807,tighten,400,0,400,1.0
margin_vs_margin_harder_variable,1.2573245899257803,3808,tighten,400,0,400,1.0
margin_vs_margin_harder_variable,1.2573245899257803,3809,tighten,400,0,400,1.0
margin_vs_margin_harder_variable,1.2573245899257803,3810,tighten,400,0,400,1.0
margin_vs_margin_harder_variable,1.2573245899257803,3811,tighten,400,153,247,0.6175
margin_vs_margin_harder_variable,1.3129911052607917,3812,tighten,400,0,400,1.0
margin_vs_margin_harder_variable,1.3129911052607917,3813,tighten,400,0,400,1.0
margin_vs_margin_harder_variable,1.3129911052607917,3814,tighten,400,0,400,1.0
margin_vs_margin_harder_variable,1.3129911052607917,3815,tighten,400,0,400,1.0
margin_vs_margin_harder_variable,1.2769292311052765,3816,tighten,400,0,400,1.0
margin_vs_margin_harder_variable,1.2769292311052765,3817,tighten,400,308,92,0.23
margin_vs_margin_harder_variable,1.2769292311052765,3818,tighten,400,0,400,1.0
margin_vs_margin_harder_variable,1.2769292311052765,3819,tighten,400,0,400,1.0
margin_vs_margin_harder_variable,1.2808866897642726,3820,tighten,400,0,400,1.0
margin_vs_margin_harder_variable,1.2808866897642726,3821,tighten,400,0,400,1.0
margin_vs_margin_harder_variable,1.2808866897642726,3822,tighten,400,0,400,1.0
margin_vs_margin_harder_variable,1.2808866897642726,3823,tighten,400,0,400,1.0
margin_vs_margin_harder_variable,1.2534399293033125,3824,tighten,400,0,400,1.0
margin_vs_margin_harder_variable,1.2534399293033125,3825,tighten,400,40,360,0.9
margin_vs_margin_harder_variable,1.2534399293033125,3826,tighten,400,180,220,0.55
margin_vs_margin_harder_variable,1.2534399293033125,3827,tighten,400,295,105,0.2625
margin_vs_margin_harder_variable,1.241857812073484,3828,tighten,400,0,400,1.0
margin_vs_margin_harder_variable,1.241857812073484,3829,tighten,400,269,131,0.3275
margin_vs_margin_harder_variable,1.241857812073484,3830,tighten,400,298,102,0.255
margin_vs_margin_harder_variable,1.241857812073484,3831,tighten,400,286,114,0.285
margin_vs_margin_harder_variable,1.19658971799343,3832,tighten,400,301,99,0.2475
margin_vs_margin_harder_variable,1.19658971799343,3833,tighten,400,295,105,0.2625
margin_vs_margin_harder_variable,1.19658971799343,3834,tighten,400,320,80,0.2
margin_vs_margin_harder_variable,1.19658971799343,3835,tighten,400,303,97,0.2425
margin_vs_margin_harder_variable,1.2227916209263197,3836,tighten,400,0,400,1.0
margin_vs_margin_harder_variable,1.2227916209263197,3837,tighten,400,163,237,0.5925
margin_vs_margin_harder_variable,1.2227916209263197,3838,tighten,400,317,83,0.2075
margin_vs_margin_harder_variable,1.2227916209263197,3839,tighten,400,296,104,0.26
margin_vs_margin_harder_variable,1.1709492678097706,3840,tighten,400,257,143,0.3575
margin_vs_margin_harder_variable,1.1709492678097706,3841,tighten,400,400,0,0.0
margin_vs_margin_harder_variable,1.1709492678097706,3842,tighten,400,335,65,0.1625
margin_vs_margin_harder_variable,1.1709492678097706,3843,tighten,400,400,0,0.0
margin_vs_margin_harder_variable,1.1458582396006898,3844,tighten,400,400,0,0.0
margin_vs_margin_harder_variable,1.1458582396006898,3845,tighten,400,400,0,0.0
margin_vs_margin_harder_variable,1.1458582396006898,3846,tighten,400,400,0,0.0
margin_vs_margin_harder_variable,1.1458582396006898,3847,tighten,400,400,0,0.0
margin_vs_margin_harder_variable,1.2341959183938165,3848,tighten,400,284,116,0.29
margin_vs_margin_harder_variable,1.2341959183938165,3849,tighten,400,0,400,1.0
margin_vs_margin_harder_variable,1.2341959183938165,3850,tighten,400,225,175,0.4375
margin_vs_margin_harder_variable,1.2341959183938165,3851,tighten,400,198,202,0.505
margin_vs_margin_harder_variable,1.2651300664998562,3852,tighten,400,40,360,0.9
margin_vs_margin_harder_variable,1.2651300664998562,3853,tighten,400,0,400,1.0
margin_vs_margin_harder_variable,1.2651300664998562,3854,tighten,400,177,223,0.5575
margin_vs_margin_harder_variable,1.2651300664998562,3855,tighten,400,0,400,1.0
margin_vs_margin_harder_variable,1.189207115002721,3856,tighten,400,324,76,0.19
margin_vs_margin_harder_variable,1.189207115002721,3857,tighten,400,304,96,0.24
margin_vs_margin_harder_variable,1.189207115002721,3858,tighten,400,298,102,0.255
margin_vs_margin_harder_variable,1.189207115002721,3859,tighten,400,285,115,0.2875
margin_vs_margin_harder_variable,1.2265812963214031,3860,tighten,400,201,199,0.4975
margin_vs_margin_harder_variable,1.2265812963214031,3861,tighten,400,221,179,0.4475
margin_vs_margin_harder_variable,1.2265812963214031,3862,tighten,400,102,298,0.745
margin_vs_margin_harder_variable,1.2265812963214031,3863,tighten,400,0,400,1.0
margin_vs_margin_harder_variable,1.204018152215916,3864,tighten,400,287,113,0.2825
margin_vs_margin_harder_variable,1.204018152215916,3865,tighten,400,298,102,0.255
margin_vs_margin_harder_variable,1.204018152215916,3866,tighten,400,326,74,0.185
margin_vs_margin_harder_variable,1.204018152215916,3867,tighten,400,297,103,0.2575
margin_vs_margin_harder_variable,1.211492702190667,3868,tighten,400,308,92,0.23
margin_vs_margin_harder_variable,1.211492702190667,3869,tighten,400,299,101,0.2525
margin_vs_margin_harder_variable,1.211492702190667,3870,tighten,400,288,112,0.28
margin_vs_margin_harder_variable,1.211492702190667,3871,tighten,400,286,114,0.285
margin_vs_margin_harder_variable,1.2690509571917332,3872,tighten,400,0,400,1.0
margin_vs_margin_harder_variable,1.2690509571917332,3873,tighten,400,0,400,1.0
margin_vs_margin_harder_variable,1.2690509571917332,3874,tighten,400,0,400,1.0
margin_vs_margin_harder_variable,1.2690509571917332,3875,tighten,400,0,400,1.0
margin_vs_margin_harder_variable,1.1673314744825625,3876,tighten,400,400,0,0.0
margin_vs_margin_harder_variable,1.1673314744825625,3877,tighten,400,336,64,0.16
margin_vs_margin_harder_variable,1.1673314744825625,3878,tighten,400,400,0,0.0
margin_vs_margin_harder_variable,1.1673314744825625,3879,tighten,400,333,67,0.1675
margin_vs_margin_harder_variable,1.2769292311052765,3880,tighten,400,0,400,1.0
margin_vs_margin_harder_variable,1.2769292311052765,3881,tighten,400,0,400,1.0
margin_vs_margin_harder_variable,1.2769292311052765,3882,tighten,400,206,194,0.485
margin_vs_margin_harder_variable,1.2769292311052765,3883,tighten,400,199,201,0.5025
margin_vs_margin_harder_variable,1.2495672708227517,3884,tighten,400,0,400,1.0
margin_vs_margin_harder_variable,1.2495672708227517,3885,tighten,400,110,290,0.725
margin_vs_margin_harder_variable,1.2495672708227517,3886,tighten,400,193,207,0.5175
margin_vs_margin_harder_variable,1.2495672708227517,3887,tighten,400,383,17,0.0425
margin_vs_margin_harder_variable,1.1423179681242766,3888,tighten,400,400,0,0.0
margin_vs_margin_harder_variable,1.1423179681242766,3889,tighten,400,400,0,0.0
margin_vs_margin_harder_variable,1.1423179681242766,3890,tighten,400,400,0,0.0
margin_vs_margin_harder_variable,1.1423179681242766,3891,tighten,400,400,0,0.0
margin_vs_margin_harder_variable,1.272983999506771,3892,tighten,400,0,400,1.0
margin_vs_margin_harder_variable,1.272983999506771,3893,tighten,400,207,193,0.4825
margin_vs_margin_harder_variable,1.272983999506771,3894,tighten,400,202,198,0.495
margin_vs_margin_harder_variable,1.272983999506771,3895,tighten,400,0,400,1.0
margin_vs_margin_harder_variable,1.2573245899257803,3896,tighten,400,301,99,0.2475
margin_vs_margin_harder_variable,1.2573245899257803,3897,tighten,400,0,400,1.0
margin_vs_margin_harder_variable,1.2573245899257803,3898,tighten,400,0,400,1.0
margin_vs_margin_harder_variable,1.2573245899257803,3899,tighten,400,22,378,0.945
margin_vs_margin_harder_variable,1.20029818845944,3900,tighten,400,299,101,0.2525
margin_vs_margin_harder_variable,1.20029818845944,3901,tighten,400,310,90,0.225
margin_vs_margin_harder_variable,1.20029818845944,3902,tighten,400,400,0,0.0
margin_vs_margin_harder_variable,1.20029818845944,3903,tighten,400,303,97,0.2425
margin_vs_margin_harder_variable,1.241857812073484,3904,tighten,400,201,199,0.4975
margin_vs_margin_harder_variable,1.241857812073484,3905,tighten,400,287,113,0.2825
margin_vs_margin_harder_variable,1.241857812073484,3906,tighten,400,209,191,0.4775
margin_vs_margin_harder_variable,1.241857812073484,3907,tighten,400,0,400,1.0
margin_vs_margin_harder_variable,1.2534399293033125,3908,tighten,400,0,400,1.0
margin_vs_margin_harder_variable,1.2534399293033125,3909,tighten,400,212,188,0.47
margin_vs_margin_harder_variable,1.2534399293033125,3910,tighten,400,0,400,1.0
margin_vs_margin_harder_variable,1.2534399293033125,3911,tighten,400,0,400,1.0
margin_vs_margin_harder_variable,1.2227916209263197,3912,tighten,400,315,85,0.2125
margin_vs_margin_harder_variable,1.2227916209263197,3913,tighten,400,193,207,0.5175
margin_vs_margin_harder_variable,1.2227916209263197,3914,tighten,400,136,264,0.66
margin_vs_margin_harder_variable,1.2227916209263197,3915,tighten,400,191,209,0.5225
margin_vs_margin_harder_variable,1.2341959183938165,3916,tighten,400,0,400,1.0
margin_vs_margin_harder_variable,1.2341959183938165,3917,tighten,400,158,242,0.605
margin_vs_margin_harder_variable,1.2341959183938165,3918,tighten,400,0,400,1.0
margin_vs_margin_harder_variable,1.2341959183938165,3919,tighten,400,303,97,0.2425
margin_vs_margin_harder_variable,1.1745782734008854,3920,tighten,400,400,0,0.0
margin_vs_margin_harder_variable,1.1745782734008854,3921,tighten,400,400,0,0.0
margin_vs_margin_harder_variable,1.1745782734008854,3922,tighten,400,323,77,0.1925
margin_vs_margin_harder_variable,1.1745782734008854,3923,tighten,400,400,0,0.0
margin_vs_margin_harder_variable,1.1818700604787078,3924,insert,400,211,189,0.4725
margin_vs_margin_harder_variable,1.1818700604787078,3925,insert,400,299,101,0.2525
margin_vs_margin_harder_variable,1.1818700604787078,3926,insert,400,325,75,0.1875
margin_vs_margin_harder_variable,1.1818700604787078,3927,insert,400,209,191,0.4775
margin_vs_margin_harder_variable,1.1818700604787078,3928,tighten,400,305,95,0.2375
margin_vs_margin_harder_variable,1.1818700604787078,3929,tighten,400,366,34,0.085
margin_vs_margin_harder_variable,1.1818700604787078,3930,tighten,400,312,88,0.22
margin_vs_margin_harder_variable,1.1818700604787078,3931,tighten,400,312,88,0.22
margin_vs_margin_harder_variable,1.1818700604787078,3932,tighten,400,205,195,0.4875
margin_vs_margin_harder_variable,1.1818700604787078,3933,tighten,400,322,78,0.195
margin_vs_margin_harder_variable,1.1818700604787078,3934,tighten,400,318,82,0.205
margin_vs_margin_harder_variable,1.1818700604787078,3935,tighten,400,400,0,0.0
margin_vs_margin_harder_variable,1.1818700604787078,3936,tighten,400,400,0,0.0
margin_vs_margin_harder_variable,1.1818700604787078,3937,tighten,400,400,0,0.0
margin_vs_margin_harder_variable,1.1818700604787078,3938,tighten,400,303,97,0.2425
margin_vs_margin_harder_variable,1.1818700604787078,3939,tighten,400,198,202,0.505
margin_vs_margin_harder_variable,1.1818700604787078,3940,tighten,400,304,96,0.24
margin_vs_margin_harder_variable,1.1818700604787078,3941,tighten,400,323,77,0.1925
margin_vs_margin_harder_variable,1.1818700604787078,3942,tighten,400,298,102,0.255
margin_vs_margin_harder_variable,1.1818700604787078,3943,tighten,400,317,83,0.2075
margin_vs_margin_harder_variable,1.1818700604787078,3944,tighten,400,400,0,0.0
margin_vs_margin_harder_variable,1.1818700604787078,3945,tighten,400,334,66,0.165
margin_vs_margin_harder_variable,1.1818700604787078,3946,tighten,400,311,89,0.2225
margin_vs_margin_harder_variable,1.1818700604787078,3947,tighten,400,305,95,0.2375
margin_vs_margin_harder_variable,1.1818700604787078,3948,tighten,400,311,89,0.2225
margin_vs_margin_harder_variable,1.1818700604787078,3949,tighten,400,323,77,0.1925
margin_vs_margin_harder_variable,1.1818700604787078,3950,tighten,400,400,0,0.0
margin_vs_margin_harder_variable,1.1818700604787078,3951,tighten,400,400,0,0.0
margin_vs_margin_harder_variable,1.1818700604787078,3952,tighten,400,304,96,0.24
margin_vs_margin_harder_variable,1.1818700604787078,3953,tighten,400,340,60,0.15
margin_vs_margin_harder_variable,1.1818700604787078,3954,tighten,400,309,91,0.2275
margin_vs_margin_harder_variable,1.1818700604787078,3955,tighten,400,322,78,0.195
margin_vs_margin_harder_variable,1.1818700604787078,3956,tighten,400,310,90,0.225
margin_vs_margin_harder_variable,1.1818700604787078,3957,tighten,400,400,0,0.0
margin_vs_margin_harder_variable,1.1818700604787078,3958,tighten,400,400,0,0.0
margin_vs_margin_harder_variable,1.1818700604787078,3959,tighten,400,298,102,0.255
margin_vs_margin_harder_variable,1.1818700604787078,3960,tighten,400,384,16,0.04
margin_vs_margin_harder_variable,1.1818700604787078,3961,tighten,400,400,0,0.0
margin_vs_margin_harder_variable,1.1818700604787078,3962,tighten,400,399,1,0.0025
margin_vs_margin_harder_variable,1.1818700604787078,3963,tighten,400,307,93,0.2325
margin_vs_margin_harder_variable,1.1818700604787078,3964,tighten,400,326,74,0.185
margin_vs_margin_harder_variable,1.1818700604787078,3965,tighten,400,347,53,0.1325
margin_vs_margin_harder_variable,1.1818700604787078,3966,tighten,400,400,0,0.0
margin_vs_margin_harder_variable,1.1818700604787078,3967,tighten,400,400,0,0.0
margin_vs_margin_harder_variable,1.1818700604787078,3968,tighten,400,307,93,0.2325
margin_vs_margin_harder_variable,1.1818700604787078,3969,tighten,400,400,0,0.0
margin_vs_margin_harder_variable,1.1818700604787078,3970,tighten,400,287,113,0.2825
margin_vs_margin_harder_variable,1.1818700604787078,3971,tighten,400,331,69,0.1725
margin_vs_margin_harder_variable,1.1818700604787078,3972,tighten,400,376,24,0.06
margin_vs_margin_harder_variable,1.1818700604787078,3973,tighten,400,400,0,0.0
margin_vs_margin_harder_variable,1.1818700604787078,3974,tighten,400,328,72,0.18
margin_vs_margin_harder_variable,1.1818700604787078,3975,tighten,400,221,179,0.4475
margin_vs_margin_harder_variable,1.1818700604787078,3976,tighten,400,400,0,0.0
margin_vs_margin_harder_variable,1.1818700604787078,3977,tighten,400,333,67,0.1675
margin_vs_margin_harder_variable,1.1818700604787078,3978,tighten,400,323,77,0.1925
margin_vs_margin_harder_variable,1.1818700604787078,3979,tighten,400,360,40,0.1
margin_vs_margin_harder_variable,1.1818700604787078,3980,tighten,400,400,0,0.0
margin_vs_margin_harder_variable,1.1818700604787078,3981,tighten,400,400,0,0.0
margin_vs_margin_harder_variable,1.1818700604787078,3982,tighten,400,318,82,0.205
margin_vs_margin_harder_variable,1.1818700604787078,3983,tighten,400,307,93,0.2325
margin_vs_margin_harder_variable,1.1818700604787078,3984,tighten,400,330,70,0.175
margin_vs_margin_harder_variable,1.1818700604787078,3985,tighten,400,400,0,0.0
margin_vs_margin_harder_variable,1.1818700604787078,3986,tighten,400,400,0,0.0
margin_vs_margin_harder_variable,1.1818700604787078,3987,tighten,400,312,88,0.22
margin_vs_margin_harder_variable,1.1818700604787078,3988,tighten,400,333,67,0.1675
margin_vs_margin_harder_variable,1.1818700604787078,3989,tighten,400,400,0,0.0
margin_vs_margin_harder_variable,1.1818700604787078,3990,tighten,400,312,88,0.22
margin_vs_margin_harder_variable,1.1818700604787078,3991,tighten,400,314,86,0.215
margin_vs_margin_harder_variable,1.1818700604787078,3992,tighten,400,308,92,0.23
margin_vs_margin_harder_variable,1.1818700604787078,3993,tighten,400,400,0,0.0
margin_vs_margin_harder_variable,1.1818700604787078,3994,tighten,400,315,85,0.2125
margin_vs_margin_harder_variable,1.1818700604787078,3995,tighten,400,324,76,0.19
margin_vs_margin_harder_variable,1.1818700604787078,3996,tighten,400,324,76,0.19
margin_vs_margin_harder_variable,1.1818700604787078,3997,tighten,400,305,95,0.2375
margin_vs_margin_harder_variable,1.1818700604787078,3998,tighten,400,315,85,0.2125
margin_vs_margin_harder_variable,1.1818700604787078,3999,tighten,400,400,0,0.0
margin_vs_margin_harder_variable,1.1818700604787078,4000,tighten,400,195,205,0.5125
margin_vs_margin_harder_variable,1.1818700604787078,4001,tighten,400,308,92,0.23
margin_vs_margin_harder_variable,1.1818700604787078,4002,tighten,400,386,14,0.035
margin_vs_margin_harder_variable,1.1818700604787078,4003,tighten,400,318,82,0.205
margin_vs_margin_harder_variable,1.1818700604787078,4004,tighten,400,328,72,0.18
margin_vs_margin_harder_variable,1.1818700604787078,4005,tighten,400,400,0,0.0
margin_vs_margin_harder_variable,1.1818700604787078,4006,tighten,400,308,92,0.23
margin_vs_margin_harder_variable,1.1818700604787078,4007,tighten,400,288,112,0.28
margin_vs_margin_harder_variable,1.2265812963214031,4008,tighten,400,208,192,0.48
margin_vs_margin_harder_variable,1.2265812963214031,4009,tighten,400,333,67,0.1675
margin_vs_margin_harder_variable,1.2265812963214031,4010,tighten,400,208,192,0.48
margin_vs_margin_harder_variable,1.2265812963214031,4011,tighten,400,0,400,1.0
margin_vs_margin_harder_variable,1.2651300664998562,4012,tighten,400,0,400,1.0
margin_vs_margin_harder_variable,1.2651300664998562,4013,tighten,400,0,400,1.0
margin_vs_margin_harder_variable,1.2651300664998562,4014,tighten,400,0,400,1.0
margin_vs_margin_harder_variable,1.2651300664998562,4015,tighten,400,0,400,1.0
margin_vs_margin_harder_variable,1.160129386160163,4016,tighten,400,383,17,0.0425
margin_vs_margin_harder_variable,1.160129386160163,4017,tighten,400,400,0,0.0
margin_vs_margin_harder_variable,1.160129386160163,4018,tighten,400,324,76,0.19
margin_vs_margin_harder_variable,1.160129386160163,4019,tighten,400,400,0,0.0
margin_vs_margin_harder_variable,1.2495672708227517,4020,tighten,400,62,338,0.845
margin_vs_margin_harder_variable,1.2495672708227517,4021,tighten,400,0,400,1.0
margin_vs_margin_harder_variable,1.2495672708227517,4022,tighten,400,105,295,0.7375
margin_vs_margin_harder_variable,1.2495672708227517,4023,tighten,400,0,400,1.0
margin_vs_margin_harder_variable,1.1709492678097706,4024,tighten,400,318,82,0.205
margin_vs_margin_harder_variable,1.1709492678097706,4025,tighten,400,180,220,0.55
margin_vs_margin_harder_variable,1.1709492678097706,4026,tighten,400,326,74,0.185
margin_vs_margin_harder_variable,1.1709492678097706,4027,tighten,400,400,0,0.0
margin_vs_margin_harder_variable,1.2808866897642726,4028,tighten,400,5,395,0.9875
margin_vs_margin_harder_variable,1.2808866897642726,4029,tighten,400,262,138,0.345
margin_vs_margin_harder_variable,1.2808866897642726,4030,tighten,400,0,400,1.0
margin_vs_margin_harder_variable,1.2808866897642726,4031,tighten,400,0,400,1.0
margin_vs_margin_harder_variable,1.2769292311052765,4032,tighten,400,0,400,1.0
margin_vs_margin_harder_variable,1.2769292311052765,4033,tighten,400,3,397,0.9925
margin_vs_margin_harder_variable,1.2769292311052765,4034,tighten,400,0,400,1.0
margin_vs_margin_harder_variable,1.2769292311052765,4035,tighten,400,0,400,1.0
margin_vs_margin_harder_variable,1.2690509571917332,4036,tighten,400,209,191,0.4775
margin_vs_margin_harder_variable,1.2690509571917332,4037,tighten,400,0,400,1.0
margin_vs_margin_harder_variable,1.2690509571917332,4038,tighten,400,0,400,1.0
margin_vs_margin_harder_variable,1.2690509571917332,4039,tighten,400,288,112,0.28
margin_vs_margin_harder_variable,1.19658971799343,4040,tighten,400,400,0,0.0
margin_vs_margin_harder_variable,1.19658971799343,4041,tighten,400,400,0,0.0
margin_vs_margin_harder_variable,1.19658971799343,4042,tighten,400,329,71,0.1775
margin_vs_margin_harder_variable,1.19658971799343,4043,tighten,400,302,98,0.245
margin_vs_margin_harder_variable,1.2573245899257803,4044,tighten,400,205,195,0.4875
margin_vs_margin_harder_variable,1.2573245899257803,4045,tighten,400,204,196,0.49
margin_vs_margin_harder_variable,1.2573245899257803,4046,tighten,400,311,89,0.2225
margin_vs_margin_harder_variable,1.2573245899257803,4047,tighten,400,212,188,0.47
margin_vs_margin_harder_variable,1.211492702190667,4048,tighten,400,286,114,0.285
margin_vs_margin_harder_variable,1.211492702190667,4049,tighten,400,310,90,0.225
margin_vs_margin_harder_variable,1.211492702190667,4050,tighten,400,290,110,0.275
margin_vs_margin_harder_variable,1.211492702190667,4051,tighten,400,299,101,0.2525
margin_vs_margin_harder_variable,1.2534399293033125,4052,tighten,400,192,208,0.52
margin_vs_margin_harder_variable,1.2534399293033125,4053,tighten,400,24,376,0.94
margin_vs_margin_harder_variable,1.2534399293033125,4054,tighten,400,203,197,0.4925
margin_vs_margin_harder_variable,1.2534399293033125,4055,tighten,400,189,211,0.5275
margin_vs_margin_harder_variable,1.272983999506771,4056,tighten,400,0,400,1.0
margin_vs_margin_harder_variable,1.272983999506771,4057,tighten,400,190,210,0.525
margin_vs_margin_harder_variable,1.272983999506771,4058,tighten,400,0,400,1.0
margin_vs_margin_harder_variable,1.272983999506771,4059,tighten,400,0,400,1.0
margin_vs_margin_harder_variable,1.2341959183938165,4060,tighten,400,0,400,1.0
margin_vs_margin_harder_variable,1.2341959183938165,4061,tighten,400,0,400,1.0
margin_vs_margin_harder_variable,1.2341959183938165,4062,tighten,400,0,400,1.0
margin_vs_margin_harder_variable,1.2341959183938165,4063,tighten,400,0,400,1.0
margin_vs_margin_harder_variable,1.241857812073484,4064,tighten,400,300,100,0.25
margin_vs_margin_harder_variable,1.241857812073484,4065,tighten,400,227,173,0.4325
margin_vs_margin_harder_variable,1.241857812073484,4066,tighten,400,288,112,0.28
margin_vs_margin_harder_variable,1.241857812073484,4067,tighten,400,99,301,0.7525
margin_vs_margin_harder_variable,1.189207115002721,4068,tighten,400,321,79,0.1975
margin_vs_margin_harder_variable,1.189207115002721,4069,tighten,400,400,0,0.0
margin_vs_margin_harder_variable,1.189207115002721,4070,tighten,400,400,0,0.0
margin_vs_margin_harder_variable,1.189207115002721,4071,tighten,400,308,92,0.23
margin_vs_margin_harder_variable,1.204018152215916,4072,tighten,400,303,97,0.2425
margin_vs_margin_harder_variable,1.204018152215916,4073,tighten,400,195,205,0.5125
margin_vs_margin_harder_variable,1.204018152215916,4074,tighten,400,321,79,0.1975
margin_vs_margin_harder_variable,1.204018152215916,4075,tighten,400,231,169,0.4225
margin_vs_margin_harder_variable,1.1818700604787078,4076,tighten,400,322,78,0.195
margin_vs_margin_harder_variable,1.1818700604787078,4077,tighten,400,343,57,0.1425
margin_vs_margin_harder_variable,1.1818700604787078,4078,tighten,400,377,23,0.0575
margin_vs_margin_harder_variable,1.1818700604787078,4079,tighten,400,323,77,0.1925
margin_vs_margin_harder_variable,1.1387886347566918,4080,tighten,400,400,0,0.0
margin_vs_margin_harder_variable,1.1387886347566918,4081,tighten,400,400,0,0.0
margin_vs_margin_harder_variable,1.1387886347566918,4082,tighten,400,400,0,0.0
margin_vs_margin_harder_variable,1.1387886347566918,4083,tighten,400,400,0,0.0
margin_vs_margin_harder_variable,1.3129911052607917,4084,tighten,400,0,400,1.0
margin_vs_margin_harder_variable,1.3129911052607917,4085,tighten,400,0,400,1.0
margin_vs_margin_harder_variable,1.3129911052607917,4086,tighten,400,0,400,1.0
margin_vs_margin_harder_variable,1.3129911052607917,4087,tighten,400,0,400,1.0
margin_vs_margin_harder_variable,1.2227916209263197,4088,tighten,400,239,161,0.4025
margin_vs_margin_harder_variable,1.2227916209263197,4089,tighten,400,208,192,0.48
margin_vs_margin_harder_variable,1.2227916209263197,4090,tighten,400,309,91,0.2275
margin_vs_margin_harder_variable,1.2227916209263197,4091,tighten,400,215,185,0.4625
margin_vs_margin_harder_variable,1.2265812963214031,4092,tighten,400,299,101,0.2525
margin_vs_margin_harder_variable,1.2265812963214031,4093,tighten,400,307,93,0.2325
margin_vs_margin_harder_variable,1.2265812963214031,4094,tighten,400,400,0,0.0
margin_vs_margin_harder_variable,1.2265812963214031,4095,tighten,400,306,94,0.235
margin_vs_margin_harder_variable,1.2808866897642726,4096,tighten,400,94,306,0.765
margin_vs_margin_harder_variable,1.2808866897642726,4097,tighten,400,0,400,1.0
margin_vs_margin_harder_variable,1.2808866897642726,4098,tighten,400,0,400,1.0
margin_vs_margin_harder_variable,1.2808866897642726,4099,tighten,400,192,208,0.52
margin_vs_margin_harder_variable,1.1709492678097706,4100,tighten,400,400,0,0.0
margin_vs_margin_harder_variable,1.1709492678097706,4101,tighten,400,400,0,0.0
margin_vs_margin_harder_variable,1.1709492678097706,4102,tighten,400,400,0,0.0
margin_vs_margin_harder_variable,1.1709492678097706,4103,tighten,400,400,0,0.0
margin_vs_margin_harder_variable,1.20029818845944,4104,tighten,400,188,212,0.53
margin_vs_margin_harder_variable,1.20029818845944,4105,tighten,400,217,183,0.4575
margin_vs_margin_harder_variable,1.20029818845944,4106,tighten,400,318,82,0.205
margin_vs_margin_harder_variable,1.20029818845944,4107,tighten,400,400,0,0.0
margin_vs_margin_harder_variable,1.2651300664998562,4108,tighten,400,164,236,0.59
margin_vs_margin_harder_variable,1.2651300664998562,4109,tighten,400,0,400,1.0
margin_vs_margin_harder_variable,1.2651300664998562,4110,tighten,400,0,400,1.0
margin_vs_margin_harder_variable,1.2651300664998562,4111,tighten,400,0,400,1.0
margin_vs_margin_harder_variable,1.2341959183938165,4112,tighten,400,304,96,0.24
margin_vs_margin_harder_variable,1.2341959183938165,4113,tighten,400,96,304,0.76
margin_vs_margin_harder_variable,1.2341959183938165,4114,tighten,400,315,85,0.2125
margin_vs_margin_harder_variable,1.2341959183938165,4115,tighten,400,300,100,0.25
margin_vs_margin_harder_variable,1.2690509571917332,4116,tighten,400,0,400,1.0
margin_vs_margin_harder_variable,1.2690509571917332,4117,tighten,400,0,400,1.0
margin_vs_margin_harder_variable,1.2690509571917332,4118,tighten,400,0,400,1.0
margin_vs_margin_harder_variable,1.2690509571917332,4119,tighten,400,201,199,0.4975
margin_vs_margin_harder_variable,1.2495672708227517,4120,tighten,400,0,400,1.0
margin_vs_margin_harder_variable,1.2495672708227517,4121,tighten,400,197,203,0.5075
margin_vs_margin_harder_variable,1.2495672708227517,4122,tighten,400,86,314,0.785
margin_vs_margin_harder_variable,1.2495672708227517,4123,tighten,400,0,400,1.0
margin_vs_margin_harder_variable,1.3459001926323562,4124,tighten,400,0,400,1.0
margin_vs_margin_harder_variable,1.3459001926323562,4125,tighten,400,0,400,1.0
margin_vs_margin_harder_variable,1.3459001926323562,4126,tighten,400,0,400,1.0
margin_vs_margin_harder_variable,1.3459001926323562,4127,tighten,400,0,400,1.0
margin_vs_margin_harder_variable,1.1673314744825625,4128,tighten,400,315,85,0.2125
margin_vs_margin_harder_variable,1.1673314744825625,4129,tighten,400,329,71,0.1775
margin_vs_margin_harder_variable,1.1673314744825625,4130,tighten,400,297,103,0.2575
margin_vs_margin_harder_variable,1.1673314744825625,4131,tighten,400,307,93,0.2325
margin_vs_margin_harder_variable,1.2573245899257803,4132,tighten,400,0,400,1.0
margin_vs_margin_harder_variable,1.2573245899257803,4133,tighten,400,0,400,1.0
margin_vs_margin_harder_variable,1.2573245899257803,4134,tighten,400,0,400,1.0
margin_vs_margin_harder_variable,1.2573245899257803,4135,tighten,400,0,400,1.0
margin_vs_margin_harder_variable,1.1458582396006898,4136,tighten,400,400,0,0.0
margin_vs_margin_harder_variable,1.1458582396006898,4137,tighten,400,320,80,0.2
margin_vs_margin_harder_variable,1.1458582396006898,4138,tighten,400,400,0,0.0
margin_vs_margin_harder_variable,1.1458582396006898,4139,tighten,400,319,81,0.2025
margin_vs_margin_harder_variable,1.2769292311052765,4140,tighten,400,203,197,0.4925
margin_vs_margin_harder_variable,1.2769292311052765,4141,tighten,400,196,204,0.51
margin_vs_margin_harder_variable,1.2769292311052765,4142,tighten,400,0,400,1.0
margin_vs_margin_harder_variable,1.2769292311052765,4143,tighten,400,0,400,1.0
margin_vs_margin_harder_variable,1.2534399293033125,4144,tighten,400,0,400,1.0
margin_vs_margin_harder_variable,1.2534399293033125,4145,tighten,400,286,114,0.285
margin_vs_margin_harder_variable,1.2534399293033125,4146,tighten,400,212,188,0.47
margin_vs_margin_harder_variable,1.2534399293033125,4147,tighten,400,0,400,1.0
margin_vs_margin_harder_variable,1.241857812073484,4148,tighten,400,299,101,0.2525
margin_vs_margin_harder_variable,1.241857812073484,4149,tighten,400,302,98,0.245
margin_vs_margin_harder_variable,1.241857812073484,4150,tighten,400,308,92,0.23
margin_vs_margin_harder_variable,1.241857812073484,4151,tighten,400,0,400,1.0
margin_vs_margin_harder_variable,1.272983999506771,4152,tighten,400,0,400,1.0
margin_vs_margin_harder_variable,1.272983999506771,4153,tighten,400,0,400,1.0
margin_vs_margin_harder_variable,1.272983999506771,4154,tighten,400,0,400,1.0
margin_vs_margin_harder_variable,1.272983999506771,4155,tighten,400,147,253,0.6325
margin_vs_margin_harder_variable,1.19658971799343,4156,tighten,400,168,232,0.58
margin_vs_margin_harder_variable,1.19658971799343,4157,tighten,400,309,91,0.2275
margin_vs_margin_harder_variable,1.19658971799343,4158,tighten,400,296,104,0.26
margin_vs_margin_harder_variable,1.19658971799343,4159,tighten,400,303,97,0.2425
margin_vs_margin_harder_variable,1.2265812963214031,4160,tighten,400,177,223,0.5575
margin_vs_margin_harder_variable,1.2265812963214031,4161,tighten,400,174,226,0.565
margin_vs_margin_harder_variable,1.2265812963214031,4162,tighten,400,310,90,0.225
margin_vs_margin_harder_variable,1.2265812963214031,4163,tighten,400,106,294,0.735
margin_vs_margin_harder_variable,1.211492702190667,4164,tighten,400,298,102,0.255
margin_vs_margin_harder_variable,1.211492702190667,4165,tighten,400,311,89,0.2225
margin_vs_margin_harder_variable,1.211492702190667,4166,tighten,400,181,219,0.5475
margin_vs_margin_harder_variable,1.211492702190667,4167,tighten,400,400,0,0.0
margin_vs_margin_harder_variable,1.2227916209263197,4168,tighten,400,314,86,0.215
margin_vs_margin_harder_variable,1.2227916209263197,4169,tighten,400,209,191,0.4775
margin_vs_margin_harder_variable,1.2227916209263197,4170,tighten,400,310,90,0.225
margin_vs_margin_harder_variable,1.2227916209263197,4171,tighten,400,342,58,0.145
margin_vs_margin_harder_variable,1.2808866897642726,4172,tighten,400,0,400,1.0
margin_vs_margin_harder_variable,1.2808866897642726,4173,tighten,400,0,400,1.0
margin_vs_margin_harder_variable,1.2808866897642726,4174,tighten,400,0,400,1.0
margin_vs_margin_harder_variable,1.2808866897642726,4175,tighten,400,0,400,1.0
margin_vs_margin_harder_variable,1.1745782734008854,4176,tighten,400,310,90,0.225
margin_vs_margin_harder_variable,1.1745782734008854,4177,tighten,400,335,65,0.1625
margin_vs_margin_harder_variable,1.1745782734008854,4178,tighten,400,302,98,0.245
margin_vs_margin_harder_variable,1.1745782734008854,4179,tighten,400,400,0,0.0
margin_vs_margin_harder_variable,1.204018152215916,4180,tighten,400,334,66,0.165
margin_vs_margin_harder_variable,1.204018152215916,4181,tighten,400,297,103,0.2575
margin_vs_margin_harder_variable,1.204018152215916,4182,tighten,400,303,97,0.2425
margin_vs_margin_harder_variable,1.204018152215916,4183,tighten,400,330,70,0.175
margin_vs_margin_harder_variable,1.2341959183938165,4184,tighten,400,0,400,1.0
margin_vs_margin_harder_variable,1.2341959183938165,4185,tighten,400,187,213,0.5325
margin_vs_margin_harder_variable,1.2341959183938165,4186,tighten,400,107,293,0.7325
margin_vs_margin_harder_variable,1.2341959183938165,4187,tighten,400,65,335,0.8375
margin_vs_margin_harder_variable,1.20029818845944,4188,tighten,400,73,327,0.8175
margin_vs_margin_harder_variable,1.20029818845944,4189,tighten,400,310,90,0.225
margin_vs_margin_harder_variable,1.20029818845944,4190,tighten,400,295,105,0.2625
margin_vs_margin_harder_variable,1.20029818845944,4191,tighten,400,314,86,0.215
margin_vs_margin_harder_variable,1.189207115002721,4192,tighten,400,303,97,0.2425
margin_vs_margin_harder_variable,1.189207115002721,4193,tighten,400,224,176,0.44
margin_vs_margin_harder_variable,1.189207115002721,4194,tighten,400,318,82,0.205
margin_vs_margin_harder_variable,1.189207115002721,4195,tighten,400,326,74,0.185
margin_vs_margin_harder_variable,1.2495672708227517,4196,tighten,400,0,400,1.0
margin_vs_margin_harder_variable,1.2495672708227517,4197,tighten,400,186,214,0.535
margin_vs_margin_harder_variable,1.2495672708227517,4198,tighten,400,0,400,1.0
margin_vs_margin_harder_variable,1.2495672708227517,4199,tighten,400,1,399,0.9975
margin_vs_margin_harder_variable,1.2651300664998562,4200,tighten,400,0,400,1.0
margin_vs_margin_harder_variable,1.2651300664998562,4201,tighten,400,0,400,1.0
margin_vs_margin_harder_variable,1.2651300664998562,4202,tighten,400,196,204,0.51
margin_vs_margin_harder_variable,1.2651300664998562,4203,tighten,400,180,220,0.55
margin_vs_margin_harder_variable,1.2690509571917332,4204,tighten,400,0,400,1.0
margin_vs_margin_harder_variable,1.2690509571917332,4205,tighten,400,0,400,1.0
margin_vs_margin_harder_variable,1.2690509571917332,4206,tighten,400,0,400,1.0
margin_vs_margin_harder_variable,1.2690509571917332,4207,tighten,400,0,400,1.0
margin_vs_margin_harder_variable,1.160129386160163,4208,tighten,400,400,0,0.0
margin_vs_margin_harder_variable,1.160129386160163,4209,tighten,400,323,77,0.1925
margin_vs_margin_harder_variable,1.160129386160163,4210,tighten,400,400,0,0.0
margin_vs_margin_harder_variable,1.160129386160163,4211,tighten,400,328,72,0.18
margin_vs_margin_harder_variable,1.2573245899257803,4212,tighten,400,287,113,0.2825
margin_vs_margin_harder_variable,1.2573245899257803,4213,tighten,400,0,400,1.0
margin_vs_margin_harder_variable,1.2573245899257803,4214,tighten,400,270,130,0.325
margin_vs_margin_harder_variable,1.2573245899257803,4215,tighten,400,0,400,1.0
margin_vs_margin_harder_variable,1.1673314744825625,4216,tighten,400,400,0,0.0
margin_vs_margin_harder_variable,1.1673314744825625,4217,tighten,400,296,104,0.26
margin_vs_margin_harder_variable,1.1673314744825625,4218,tighten,400,303,97,0.2425
margin_vs_margin_harder_variable,1.1673314744825625,4219,tighten,400,400,0,0.0
margin_vs_margin_harder_variable,1.241857812073484,4220,tighten,400,303,97,0.2425
margin_vs_margin_harder_variable,1.241857812073484,4221,tighten,400,0,400,1.0
margin_vs_margin_harder_variable,1.241857812073484,4222,tighten,400,254,146,0.365
margin_vs_margin_harder_variable,1.241857812073484,4223,tighten,400,292,108,0.27
margin_vs_margin_harder_variable,1.2534399293033125,4224,tighten,400,62,338,0.845
margin_vs_margin_harder_variable,1.2534399293033125,4225,tighten,400,0,400,1.0
margin_vs_margin_harder_variable,1.2534399293033125,4226,tighten,400,191,209,0.5225
margin_vs_margin_harder_variable,1.2534399293033125,4227,tighten,400,201,199,0.4975
margin_vs_margin_harder_variable,1.1709492678097706,4228,tighten,400,320,80,0.2
margin_vs_margin_harder_variable,1.1709492678097706,4229,tighten,400,330,70,0.175
margin_vs_margin_harder_variable,1.1709492678097706,4230,tighten,400,308,92,0.23
margin_vs_margin_harder_variable,1.1709492678097706,4231,tighten,400,278,122,0.305
margin_vs_margin_harder_variable,1.2769292311052765,4232,tighten,400,0,400,1.0
margin_vs_margin_harder_variable,1.2769292311052765,4233,tighten,400,0,400,1.0
margin_vs_margin_harder_variable,1.2769292311052765,4234,tighten,400,0,400,1.0
margin_vs_margin_harder_variable,1.2769292311052765,4235,tighten,400,0,400,1.0
margin_vs_margin_harder_variable,1.1818700604787078,4236,tighten,400,303,97,0.2425
margin_vs_margin_harder_variable,1.1818700604787078,4237,tighten,400,379,21,0.0525
margin_vs_margin_harder_variable,1.1818700604787078,4238,tighten,400,326,74,0.185
margin_vs_margin_harder_variable,1.1818700604787078,4239,tighten,400,400,0,0.0
margin_vs_margin_harder_variable,1.1423179681242766,4240,tighten,400,400,0,0.0
margin_vs_margin_harder_variable,1.1423179681242766,4241,tighten,400,400,0,0.0
margin_vs_margin_harder_variable,1.1423179681242766,4242,tighten,400,400,0,0.0
margin_vs_margin_harder_variable,1.1423179681242766,4243,tighten,400,400,0,0.0
margin_vs_margin_harder_variable,1.2265812963214031,4244,tighten,400,304,96,0.24
margin_vs_margin_harder_variable,1.2265812963214031,4245,tighten,400,111,289,0.7225
margin_vs_margin_harder_variable,1.2265812963214031,4246,tighten,400,0,400,1.0
margin_vs_margin_harder_variable,1.2265812963214031,4247,tighten,400,212,188,0.47
margin_vs_margin_harder_variable,1.3129911052607917,4248,tighten,400,0,400,1.0
margin_vs_margin_harder_variable,1.3129911052607917,4249,tighten,400,0,400,1.0
margin_vs_margin_harder_variable,1.3129911052607917,4250,tighten,400,0,400,1.0
margin_vs_margin_harder_variable,1.3129911052607917,4251,tighten,400,0,400,1.0
margin_vs_margin_harder_variable,1.272983999506771,4252,tighten,400,0,400,1.0
margin_vs_margin_harder_variable,1.272983999506771,4253,tighten,400,8,392,0.98
margin_vs_margin_harder_variable,1.272983999506771,4254,tighten,400,149,251,0.6275
margin_vs_margin_harder_variable,1.272983999506771,4255,tighten,400,0,400,1.0
margin_vs_margin_harder_variable,1.2227916209263197,4256,tighten,400,302,98,0.245
margin_vs_margin_harder_variable,1.2227916209263197,4257,tighten,400,281,119,0.2975
margin_vs_margin_harder_variable,1.2227916209263197,4258,tighten,400,313,87,0.2175
margin_vs_margin_harder_variable,1.2227916209263197,4259,tighten,400,288,112,0.28
margin_vs_margin_harder_variable,1.2341959183938165,4260,tighten,400,316,84,0.21
margin_vs_margin_harder_variable,1.2341959183938165,4261,tighten,400,0,400,1.0
margin_vs_margin_harder_variable,1.2341959183938165,4262,tighten,400,370,30,0.075
margin_vs_margin_harder_variable,1.2341959183938165,4263,tighten,400,208,192,0.48
margin_vs_margin_harder_variable,1.1458582396006898,4264,tighten,400,400,0,0.0
margin_vs_margin_harder_variable,1.1458582396006898,4265,tighten,400,400,0,0.0
margin_vs_margin_harder_variable,1.1458582396006898,4266,tighten,400,345,55,0.1375
margin_vs_margin_harder_variable,1.1458582396006898,4267,tighten,400,400,0,0.0
margin_vs_margin_harder_variable,1.2495672708227517,4268,tighten,400,0,400,1.0
margin_vs_margin_harder_variable,1.2495672708227517,4269,tighten,400,105,295,0.7375
margin_vs_margin_harder_variable,1.2495672708227517,4270,tighten,400,205,195,0.4875
margin_vs_margin_harder_variable,1.2495672708227517,4271,tighten,400,296,104,0.26
margin_vs_margin_harder_variable,1.20029818845944,4272,tighten,400,209,191,0.4775
margin_vs_margin_harder_variable,1.20029818845944,4273,tighten,400,313,87,0.2175
margin_vs_margin_harder_variable,1.20029818845944,4274,tighten,400,0,400,1.0
margin_vs_margin_harder_variable,1.20029818845944,4275,tighten,400,303,97,0.2425
margin_vs_margin_harder_variable,1.19658971799343,4276,tighten,400,313,87,0.2175
margin_vs_margin_harder_variable,1.19658971799343,4277,tighten,400,306,94,0.235
margin_vs_margin_harder_variable,1.19658971799343,4278,tighten,400,319,81,0.2025
margin_vs_margin_harder_variable,1.19658971799343,4279,tighten,400,400,0,0.0
margin_vs_margin_harder_variable,1.211492702190667,4280,tighten,400,364,36,0.09
margin_vs_margin_harder_variable,1.211492702190667,4281,tighten,400,386,14,0.035
margin_vs_margin_harder_variable,1.211492702190667,4282,tighten,400,400,0,0.0
margin_vs_margin_harder_variable,1.211492702190667,4283,tighten,400,293,107,0.2675
margin_vs_margin_harder_variable,1.2573245899257803,4284,tighten,400,303,97,0.2425
margin_vs_margin_harder_variable,1.2573245899257803,4285,tighten,400,186,214,0.535
margin_vs_margin_harder_variable,1.2573245899257803,4286,tighten,400,192,208,0.52
margin_vs_margin_harder_variable,1.2573245899257803,4287,tighten,400,0,400,1.0
margin_vs_margin_harder_variable,1.2651300664998562,4288,tighten,400,165,235,0.5875
margin_vs_margin_harder_variable,1.2651300664998562,4289,tighten,400,0,400,1.0
margin_vs_margin_harder_variable,1.2651300664998562,4290,tighten,400,0,400,1.0
margin_vs_margin_harder_variable,1.2651300664998562,4291,tighten,400,0,400,1.0
margin_vs_margin_harder_variable,1.241857812073484,4292,tighten,400,196,204,0.51
margin_vs_margin_harder_variable,1.241857812073484,4293,tighten,400,280,120,0.3
margin_vs_margin_harder_variable,1.241857812073484,4294,tighten,400,195,205,0.5125
margin_vs_margin_harder_variable,1.241857812073484,4295,tighten,400,0,400,1.0
margin_vs_margin_harder_variable,1.2690509571917332,4296,tighten,400,0,400,1.0
margin_vs_margin_harder_variable,1.2690509571917332,4297,tighten,400,0,400,1.0
margin_vs_margin_harder_variable,1.2690509571917332,4298,tighten,400,0,400,1.0
margin_vs_margin_harder_variable,1.2690509571917332,4299,tighten,400,196,204,0.51
margin_vs_margin_harder_variable,1.204018152215916,4300,tighten,400,308,92,0.23
margin_vs_margin_harder_variable,1.204018152215916,4301,tighten,400,334,66,0.165
margin_vs_margin_harder_variable,1.204018152215916,4302,tighten,400,313,87,0.2175
margin_vs_margin_harder_variable,1.204018152215916,4303,tighten,400,346,54,0.135
margin_vs_margin_harder_variable,1.2808866897642726,4304,tighten,400,0,400,1.0
margin_vs_margin_harder_variable,1.2808866897642726,4305,tighten,400,0,400,1.0
margin_vs_margin_harder_variable,1.2808866897642726,4306,tighten,400,0,400,1.0
margin_vs_margin_harder_variable,1.2808866897642726,4307,tighten,400,0,400,1.0
margin_vs_margin_harder_variable,1.2534399293033125,4308,tighten,400,0,400,1.0
margin_vs_margin_harder_variable,1.2534399293033125,4309,tighten,400,12,388,0.97
margin_vs_margin_harder_variable,1.2534399293033125,4310,tighten,400,0,400,1.0
margin_vs_margin_harder_variable,1.2534399293033125,4311,tighten,400,256,144,0.36
margin_vs_margin_harder_variable,1.189207115002721,4312,tighten,400,193,207,0.5175
margin_vs_margin_harder_variable,1.189207115002721,4313,tighten,400,400,0,0.0
margin_vs_margin_harder_variable,1.189207115002721,4314,tighten,400,298,102,0.255
margin_vs_margin_harder_variable,1.189207115002721,4315,tighten,400,400,0,0.0
margin_vs_margin_harder_variable,1.20029818845944,4316,tighten,400,279,121,0.3025
margin_vs_margin_harder_variable,1.20029818845944,4317,tighten,400,400,0,0.0
margin_vs_margin_harder_variable,1.20029818845944,4318,tighten,400,299,101,0.2525
margin_vs_margin_harder_variable,1.20029818845944,4319,tighten,400,252,148,0.37
margin_vs_margin_harder_variable,1.2265812963214031,4320,tighten,400,204,196,0.49
margin_vs_margin_harder_variable,1.2265812963214031,4321,tighten,400,307,93,0.2325
margin_vs_margin_harder_variable,1.2265812963214031,4322,tighten,400,0,400,1.0
margin_vs_margin_harder_variable,1.2265812963214031,4323,tighten,400,322,78,0.195
margin_vs_margin_harder_variable,1.2341959183938165,4324,tighten,400,190,210,0.525
margin_vs_margin_harder_variable,1.2341959183938165,4325,tighten,400,298,102,0.255
margin_vs_margin_harder_variable,1.2341959183938165,4326,tighten,400,324,76,0.19
margin_vs_margin_harder_variable,1.2341959183938165,4327,tighten,400,299,101,0.2525
margin_vs_margin_harder_variable,1.1673314744825625,4328,tighten,400,324,76,0.19
margin_vs_margin_harder_variable,1.1673314744825625,4329,tighten,400,326,74,0.185
margin_vs_margin_harder_variable,1.1673314744825625,4330,tighten,400,400,0,0.0
margin_vs_margin_harder_variable,1.1673314744825625,4331,tighten,400,388,12,0.03
margin_vs_margin_harder_variable,1.1745782734008854,4332,tighten,400,305,95,0.2375
margin_vs_margin_harder_variable,1.1745782734008854,4333,tighten,400,400,0,0.0
margin_vs_margin_harder_variable,1.1745782734008854,4334,tighten,400,293,107,0.2675
margin_vs_margin_harder_variable,1.1745782734008854,4335,tighten,400,317,83,0.2075
margin_vs_margin_harder_variable,1.2769292311052765,4336,tighten,400,0,400,1.0
margin_vs_margin_harder_variable,1.2769292311052765,4337,tighten,400,0,400,1.0
margin_vs_margin_harder_variable,1.2769292311052765,4338,tighten,400,0,400,1.0
margin_vs_margin_harder_variable,1.2769292311052765,4339,tighten,400,0,400,1.0
margin_vs_margin_harder_variable,1.2495672708227517,4340,tighten,400,188,212,0.53
margin_vs_margin_harder_variable,1.2495672708227517,4341,tighten,400,113,287,0.7175
margin_vs_margin_harder_variable,1.2495672708227517,4342,tighten,400,0,400,1.0
margin_vs_margin_harder_variable,1.2495672708227517,4343,tighten,400,0,400,1.0
margin_vs_margin_harder_variable,1.2573245899257803,4344,tighten,400,0,400,1.0
margin_vs_margin_harder_variable,1.2573245899257803,4345,tighten,400,303,97,0.2425
margin_vs_margin_harder_variable,1.2573245899257803,4346,tighten,400,127,273,0.6825
margin_vs_margin_harder_variable,1.2573245899257803,4347,tighten,400,0,400,1.0
margin_vs_margin_harder_variable,1.2227916209263197,4348,tighten,400,302,98,0.245
margin_vs_margin_harder_variable,1.2227916209263197,4349,tighten,400,301,99,0.2475
margin_vs_margin_harder_variable,1.2227916209263197,4350,tighten,400,292,108,0.27
margin_vs_margin_harder_variable,1.2227916209263197,4351,tighten,400,308,92,0.23
margin_vs_margin_harder_variable,1.211492702190667,4352,tighten,400,315,85,0.2125
margin_vs_margin_harder_variable,1.211492702190667,4353,tighten,400,307,93,0.2325
margin_vs_margin_harder_variable,1.211492702190667,4354,tighten,400,103,297,0.7425
margin_vs_margin_harder_variable,1.211492702190667,4355,tighten,400,291,109,0.2725
margin_vs_margin_harder_variable,1.272983999506771,4356,tighten,400,316,84,0.21
margin_vs_margin_harder_variable,1.272983999506771,4357,tighten,400,0,400,1.0
margin_vs_margin_harder_variable,1.272983999506771,4358,tighten,400,0,400,1.0
margin_vs_margin_harder_variable,1.272983999506771,4359,tighten,400,186,214,0.535
margin_vs_margin_harder_variable,1.160129386160163,4360,tighten,400,400,0,0.0
margin_vs_margin_harder_variable,1.160129386160163,4361,tighten,400,400,0,0.0
margin_vs_margin_harder_variable,1.160129386160163,4362,tighten,400,400,0,0.0
margin_vs_margin_harder_variable,1.160129386160163,4363,tighten,400,400,0,0.0
margin_vs_margin_harder_variable,1.1709492678097706,4364,tighten,400,305,95,0.2375
margin_vs_margin_harder_variable,1.1709492678097706,4365,tighten,400,329,71,0.1775
margin_vs_margin_harder_variable,1.1709492678097706,4366,tighten,400,400,0,0.0
margin_vs_margin_harder_variable,1.1709492678097706,4367,tighten,400,300,100,0.25
margin_vs_margin_harder_variable,1.2651300664998562,4368,tighten,400,0,400,1.0
margin_vs_margin_harder_variable,1.2651300664998562,4369,tighten,400,177,223,0.5575
margin_vs_margin_harder_variable,1.2651300664998562,4370,tighten,400,302,98,0.245
margin_vs_margin_harder_variable,1.2651300664998562,4371,tighten,400,0,400,1.0
margin_vs_margin_harder_variable,1.241857812073484,4372,tighten,400,0,400,1.0
margin_vs_margin_harder_variable,1.241857812073484,4373,tighten,400,216,184,0.46
margin_vs_margin_harder_variable,1.241857812073484,4374,tighten,400,203,197,0.4925
margin_vs_margin_harder_variable,1.241857812073484,4375,tighten,400,196,204,0.51
margin_vs_margin_harder_variable,1.1818700604787078,4376,tighten,400,400,0,0.0
margin_vs_margin_harder_variable,1.1818700604787078,4377,tighten,400,400,0,0.0
margin_vs_margin_harder_variable,1.1818700604787078,4378,tighten,400,310,90,0.225
margin_vs_margin_harder_variable,1.1818700604787078,4379,tighten,400,329,71,0.1775
margin_vs_margin_harder_variable,1.2534399293033125,4380,tighten,400,191,209,0.5225
margin_vs_margin_harder_variable,1.2534399293033125,4381,tighten,400,9,391,0.9775
margin_vs_margin_harder_variable,1.2534399293033125,4382,tighten,400,206,194,0.485
margin_vs_margin_harder_variable,1.2534399293033125,4383,tighten,400,239,161,0.4025
margin_vs_margin_harder_variable,1.19658971799343,4384,tighten,400,301,99,0.2475
margin_vs_margin_harder_variable,1.19658971799343,4385,tighten,400,321,79,0.1975
margin_vs_margin_harder_variable,1.19658971799343,4386,tighten,400,305,95,0.2375
margin_vs_margin_harder_variable,1.19658971799343,4387,tighten,400,309,91,0.2275
margin_vs_margin_harder_variable,1.2690509571917332,4388,tighten,400,0,400,1.0
margin_vs_margin_harder_variable,1.2690509571917332,4389,tighten,400,202,198,0.495
margin_vs_margin_harder_variable,1.2690509571917332,4390,tighten,400,0,400,1.0
margin_vs_margin_harder_variable,1.2690509571917332,4391,tighten,400,0,400,1.0
margin_vs_margin_harder_variable,1.2265812963214031,4392,tighten,400,288,112,0.28
margin_vs_margin_harder_variable,1.2265812963214031,4393,tighten,400,181,219,0.5475
margin_vs_margin_harder_variable,1.2265812963214031,4394,tighten,400,198,202,0.505
margin_vs_margin_harder_variable,1.2265812963214031,4395,tighten,400,311,89,0.2225
margin_vs_margin_harder_variable,1.189207115002721,4396,tighten,400,216,184,0.46
margin_vs_margin_harder_variable,1.189207115002721,4397,tighten,400,390,10,0.025
margin_vs_margin_harder_variable,1.189207115002721,4398,tighten,400,400,0,0.0
margin_vs_margin_harder_variable,1.189207115002721,4399,tighten,400,318,82,0.205
margin_vs_margin_harder_variable,1.2341959183938165,4400,tighten,400,222,178,0.445
margin_vs_margin_harder_variable,1.2341959183938165,4401,tighten,400,221,179,0.4475
margin_vs_margin_harder_variable,1.2341959183938165,4402,tighten,400,0,400,1.0
margin_vs_margin_harder_variable,1.2341959183938165,4403,tighten,400,326,74,0.185
margin_vs_margin_harder_variable,1.272983999506771,4404,tighten,400,0,400,1.0
margin_vs_margin_harder_variable,1.272983999506771,4405,tighten,400,127,273,0.6825
margin_vs_margin_harder_variable,1.272983999506771,4406,tighten,400,0,400,1.0
margin_vs_margin_harder_variable,1.272983999506771,4407,tighten,400,0,400,1.0
margin_vs_margin_harder_variable,1.20029818845944,4408,tighten,400,400,0,0.0
margin_vs_margin_harder_variable,1.20029818845944,4409,tighten,400,305,95,0.2375
margin_vs_margin_harder_variable,1.20029818845944,4410,tighten,400,302,98,0.245
margin_vs_margin_harder_variable,1.20029818845944,4411,tighten,400,320,80,0.2
margin_vs_margin_harder_variable,1.2573245899257803,4412,tighten,400,0,400,1.0
margin_vs_margin_harder_variable,1.2573245899257803,4413,tighten,400,330,70,0.175
margin_vs_margin_harder_variable,1.2573245899257803,4414,tighten,400,314,86,0.215
margin_vs_margin_harder_variable,1.2573245899257803,4415,tighten,400,0,400,1.0
margin_vs_margin_harder_variable,1.2495672708227517,4416,tighten,400,0,400,1.0
margin_vs_margin_harder_variable,1.2495672708227517,4417,tighten,400,295,105,0.2625
margin_vs_margin_harder_variable,1.2495672708227517,4418,tighten,400,195,205,0.5125
margin_vs_margin_harder_variable,1.2495672708227517,4419,tighten,400,0,400,1.0
margin_vs_margin_harder_variable,1.2457065774019889,4420,insert,400,400,0,0.0
margin_vs_margin_harder_variable,1.2457065774019889,4421,insert,400,0,400,1.0
margin_vs_margin_harder_variable,1.2457065774019889,4422,insert,400,289,111,0.2775
margin_vs_margin_harder_variable,1.2457065774019889,4423,insert,400,299,101,0.2525
margin_vs_margin_harder_variable,1.2457065774019889,4424,tighten,400,0,400,1.0
margin_vs_margin_harder_variable,1.2457065774019889,4425,tighten,400,297,103,0.2575
margin_vs_margin_harder_variable,1.2457065774019889,4426,tighten,400,304,96,0.24
margin_vs_margin_harder_variable,1.2457065774019889,4427,tighten,400,272,128,0.32
margin_vs_margin_harder_variable,1.2457065774019889,4428,tighten,400,208,192,0.48
margin_vs_margin_harder_variable,1.2457065774019889,4429,tighten,400,209,191,0.4775
margin_vs_margin_harder_variable,1.2457065774019889,4430,tighten,400,317,83,0.2075
margin_vs_margin_harder_variable,1.2457065774019889,4431,tighten,400,220,180,0.45
margin_vs_margin_harder_variable,1.2457065774019889,4432,tighten,400,0,400,1.0
margin_vs_margin_harder_variable,1.2457065774019889,4433,tighten,400,304,96,0.24
margin_vs_margin_harder_variable,1.2457065774019889,4434,tighten,400,210,190,0.475
margin_vs_margin_harder_variable,1.2457065774019889,4435,tighten,400,198,202,0.505
margin_vs_margin_harder_variable,1.2457065774019889,4436,tighten,400,224,176,0.44
margin_vs_margin_harder_variable,1.2457065774019889,4437,tighten,400,0,400,1.0
margin_vs_margin_harder_variable,1.2457065774019889,4438,tighten,400,207,193,0.4825
margin_vs_margin_harder_variable,1.2457065774019889,4439,tighten,400,205,195,0.4875
margin_vs_margin_harder_variable,1.2457065774019889,4440,tighten,400,231,169,0.4225
margin_vs_margin_harder_variable,1.2457065774019889,4441,tighten,400,0,400,1.0
margin_vs_margin_harder_variable,1.2457065774019889,4442,tighten,400,207,193,0.4825
margin_vs_margin_harder_variable,1.2457065774019889,4443,tighten,400,0,400,1.0
margin_vs_margin_harder_variable,1.2457065774019889,4444,tighten,400,208,192,0.48
margin_vs_margin_harder_variable,1.2457065774019889,4445,tighten,400,105,295,0.7375
margin_vs_margin_harder_variable,1.2457065774019889,4446,tighten,400,0,400,1.0
margin_vs_margin_harder_variable,1.2457065774019889,4447,tighten,400,0,400,1.0
margin_vs_margin_harder_variable,1.2457065774019889,4448,tighten,400,304,96,0.24
margin_vs_margin_harder_variable,1.2457065774019889,4449,tighten,400,304,96,0.24
margin_vs_margin_harder_variable,1.2457065774019889,4450,tighten,400,217,183,0.4575
margin_vs_margin_harder_variable,1.2457065774019889,4451,tighten,400,321,79,0.1975
margin_vs_margin_harder_variable,1.2457065774019889,4452,tighten,400,280,120,0.3
margin_vs_margin_harder_variable,1.2457065774019889,4453,tighten,400,190,210,0.525
margin_vs_margin_harder_variable,1.2457065774019889,4454,tighten,400,161,239,0.5975
margin_vs_margin_harder_variable,1.2457065774019889,4455,tighten,400,191,209,0.5225
margin_vs_margin_harder_variable,1.2457065774019889,4456,tighten,400,0,400,1.0
margin_vs_margin_harder_variable,1.2457065774019889,4457,tighten,400,188,212,0.53
margin_vs_margin_harder_variable,1.2457065774019889,4458,tighten,400,299,101,0.2525
margin_vs_margin_harder_variable,1.2457065774019889,4459,tighten,400,188,212,0.53
margin_vs_margin_harder_variable,1.2457065774019889,4460,tighten,400,200,200,0.5
margin_vs_margin_harder_variable,1.2457065774019889,4461,tighten,400,318,82,0.205
margin_vs_margin_harder_variable,1.2457065774019889,4462,tighten,400,264,136,0.34
margin_vs_margin_harder_variable,1.2457065774019889,4463,tighten,400,0,400,1.0
margin_vs_margin_harder_variable,1.2457065774019889,4464,tighten,400,309,91,0.2275
margin_vs_margin_harder_variable,1.2457065774019889,4465,tighten,400,221,179,0.4475
margin_vs_margin_harder_variable,1.2457065774019889,4466,tighten,400,264,136,0.34
margin_vs_margin_harder_variable,1.2457065774019889,4467,tighten,400,88,312,0.78
margin_vs_margin_harder_variable,1.2457065774019889,4468,tighten,400,0,400,1.0
margin_vs_margin_harder_variable,1.2457065774019889,4469,tighten,400,0,400,1.0
margin_vs_margin_harder_variable,1.2457065774019889,4470,tighten,400,203,197,0.4925
margin_vs_margin_harder_variable,1.2457065774019889,4471,tighten,400,0,400,1.0
margin_vs_margin_harder_variable,1.2457065774019889,4472,tighten,400,0,400,1.0
margin_vs_margin_harder_variable,1.2457065774019889,4473,tighten,400,214,186,0.465
margin_vs_margin_harder_variable,1.2457065774019889,4474,tighten,400,2,398,0.995
margin_vs_margin_harder_variable,1.2457065774019889,4475,tighten,400,0,400,1.0
margin_vs_margin_harder_variable,1.2457065774019889,4476,tighten,400,0,400,1.0
margin_vs_margin_harder_variable,1.2457065774019889,4477,tighten,400,364,36,0.09
margin_vs_margin_harder_variable,1.2457065774019889,4478,tighten,400,220,180,0.45
margin_vs_margin_harder_variable,1.2457065774019889,4479,tighten,400,309,91,0.2275
margin_vs_margin_harder_variable,1.2457065774019889,4480,tighten,400,209,191,0.4775
margin_vs_margin_harder_variable,1.2457065774019889,4481,tighten,400,314,86,0.215
margin_vs_margin_harder_variable,1.2457065774019889,4482,tighten,400,213,187,0.4675
margin_vs_margin_harder_variable,1.2457065774019889,4483,tighten,400,0,400,1.0
margin_vs_margin_harder_variable,1.2457065774019889,4484,tighten,400,0,400,1.0
margin_vs_margin_harder_variable,1.2457065774019889,4485,tighten,400,0,400,1.0
margin_vs_margin_harder_variable,1.2457065774019889,4486,tighten,400,0,400,1.0
margin_vs_margin_harder_variable,1.2457065774019889,4487,tighten,400,0,400,1.0
margin_vs_margin_harder_variable,1.2457065774019889,4488,tighten,400,293,107,0.2675
margin_vs_margin_harder_variable,1.2457065774019889,4489,tighten,400,0,400,1.0
margin_vs_margin_harder_variable,1.2457065774019889,4490,tighten,400,0,400,1.0
margin_vs_margin_harder_variable,1.2457065774019889,4491,tighten,400,308,92,0.23
margin_vs_margin_harder_variable,1.2457065774019889,4492,tighten,400,313,87,0.2175
margin_vs_margin_harder_variable,1.2457065774019889,4493,tighten,400,189,211,0.5275
margin_vs_margin_harder_variable,1.2457065774019889,4494,tighten,400,0,400,1.0
margin_vs_margin_harder_variable,1.2457065774019889,4495,tighten,400,202,198,0.495
margin_vs_margin_harder_variable,1.2457065774019889,4496,tighten,400,172,228,0.57
margin_vs_margin_harder_variable,1.2457065774019889,4497,tighten,400,0,400,1.0
margin_vs_margin_harder_variable,1.2457065774019889,4498,tighten,400,66,334,0.835
margin_vs_margin_harder_variable,1.2457065774019889,4499,tighten,400,215,185,0.4625
margin_vs_margin_harder_variable,1.2457065774019889,4500,tighten,400,199,201,0.5025
margin_vs_margin_harder_variable,1.2457065774019889,4501,tighten,400,0,400,1.0
margin_vs_margin_harder_variable,1.2457065774019889,4502,tighten,400,143,257,0.6425
margin_vs_margin_harder_variable,1.2457065774019889,4503,tighten,400,293,107,0.2675
margin_vs_margin_harder_variable,1.2457065774019889,4504,tighten,400,0,400,1.0
margin_vs_margin_harder_variable,1.2457065774019889,4505,tighten,400,0,400,1.0
margin_vs_margin_harder_variable,1.2457065774019889,4506,tighten,400,299,101,0.2525
margin_vs_margin_harder_variable,1.2457065774019889,4507,tighten,400,219,181,0.4525
margin_vs_margin_harder_variable,1.2457065774019889,4508,tighten,400,281,119,0.2975
margin_vs_margin_harder_variable,1.2457065774019889,4509,tighten,400,301,99,0.2475
margin_vs_margin_harder_variable,1.2457065774019889,4510,tighten,400,0,400,1.0
margin_vs_margin_harder_variable,1.2457065774019889,4511,tighten,400,400,0,0.0
margin_vs_margin_harder_variable,1.2457065774019889,4512,tighten,400,0,400,1.0
margin_vs_margin_harder_variable,1.2457065774019889,4513,tighten,400,206,194,0.485
margin_vs_margin_harder_variable,1.2457065774019889,4514,tighten,400,41,359,0.8975
margin_vs_margin_harder_variable,1.2457065774019889,4515,tighten,400,172,228,0.57
margin_vs_margin_harder_variable,1.2457065774019889,4516,tighten,400,310,90,0.225
margin_vs_margin_harder_variable,1.2457065774019889,4517,tighten,400,308,92,0.23
margin_vs_margin_harder_variable,1.2457065774019889,4518,tighten,400,185,215,0.5375
margin_vs_margin_harder_variable,1.2457065774019889,4519,tighten,400,211,189,0.4725
margin_vs_margin_harder_variable,1.2457065774019889,4520,tighten,400,290,110,0.275
margin_vs_margin_harder_variable,1.2457065774019889,4521,tighten,400,305,95,0.2375
margin_vs_margin_harder_variable,1.2457065774019889,4522,tighten,400,0,400,1.0
margin_vs_margin_harder_variable,1.2457065774019889,4523,tighten,400,294,106,0.265
margin_vs_margin_harder_variable,1.2457065774019889,4524,tighten,400,0,400,1.0
margin_vs_margin_harder_variable,1.2457065774019889,4525,tighten,400,202,198,0.495
margin_vs_margin_harder_variable,1.2457065774019889,4526,tighten,400,0,400,1.0
margin_vs_margin_harder_variable,1.2457065774019889,4527,tighten,400,0,400,1.0
margin_vs_margin_harder_variable,1.2457065774019889,4528,tighten,400,307,93,0.2325
margin_vs_margin_harder_variable,1.2457065774019889,4529,tighten,400,204,196,0.49
margin_vs_margin_harder_variable,1.2457065774019889,4530,tighten,400,297,103,0.2575
margin_vs_margin_harder_variable,1.2457065774019889,4531,tighten,400,208,192,0.48
margin_vs_margin_harder_variable,1.2457065774019889,4532,tighten,400,93,307,0.7675
margin_vs_margin_harder_variable,1.2457065774019889,4533,tighten,400,205,195,0.4875
margin_vs_margin_harder_variable,1.2457065774019889,4534,tighten,400,0,400,1.0
margin_vs_margin_harder_variable,1.2457065774019889,4535,tighten,400,299,101,0.2525
margin_vs_margin_harder_variable,1.2457065774019889,4536,tighten,400,301,99,0.2475
margin_vs_margin_harder_variable,1.2457065774019889,4537,tighten,400,0,400,1.0
margin_vs_margin_harder_variable,1.2457065774019889,4538,tighten,400,356,44,0.11
margin_vs_margin_harder_variable,1.2457065774019889,4539,tighten,400,0,400,1.0
margin_vs_margin_harder_variable,1.2457065774019889,4540,tighten,400,0,400,1.0
margin_vs_margin_harder_variable,1.2457065774019889,4541,tighten,400,0,400,1.0
margin_vs_margin_harder_variable,1.2457065774019889,4542,tighten,400,0,400,1.0
margin_vs_margin_harder_variable,1.2457065774019889,4543,tighten,400,0,400,1.0
margin_vs_margin_harder_variable,1.2457065774019889,4544,tighten,400,208,192,0.48
margin_vs_margin_harder_variable,1.2457065774019889,4545,tighten,400,307,93,0.2325
margin_vs_margin_harder_variable,1.2457065774019889,4546,tighten,400,211,189,0.4725
margin_vs_margin_harder_variable,1.2457065774019889,4547,tighten,400,214,186,0.465
margin_vs_margin_harder_variable,1.2457065774019889,4548,tighten,400,194,206,0.515
margin_vs_margin_harder_variable,1.2457065774019889,4549,tighten,400,363,37,0.0925
margin_vs_margin_harder_variable,1.2457065774019889,4550,tighten,400,296,104,0.26
margin_vs_margin_harder_variable,1.2457065774019889,4551,tighten,400,0,400,1.0
margin_vs_margin_harder_variable,1.2457065774019889,4552,tighten,400,0,400,1.0
margin_vs_margin_harder_variable,1.2457065774019889,4553,tighten,400,0,400,1.0
margin_vs_margin_harder_variable,1.2457065774019889,4554,tighten,400,300,100,0.25
margin_vs_margin_harder_variable,1.2457065774019889,4555,tighten,400,0,400,1.0
margin_vs_margin_harder_variable,1.2457065774019889,4556,tighten,400,300,100,0.25
margin_vs_margin_harder_variable,1.2457065774019889,4557,tighten,400,287,113,0.2825
margin_vs_margin_harder_variable,1.2457065774019889,4558,tighten,400,189,211,0.5275
margin_vs_margin_harder_variable,1.2457065774019889,4559,tighten,400,198,202,0.505
margin_vs_margin_harder_variable,1.2457065774019889,4560,tighten,400,0,400,1.0
margin_vs_margin_harder_variable,1.2457065774019889,4561,tighten,400,296,104,0.26
margin_vs_margin_harder_variable,1.2457065774019889,4562,tighten,400,149,251,0.6275
margin_vs_margin_harder_variable,1.2457065774019889,4563,tighten,400,195,205,0.5125
margin_vs_margin_harder_variable,1.2457065774019889,4564,tighten,400,211,189,0.4725
margin_vs_margin_harder_variable,1.2457065774019889,4565,tighten,400,32,368,0.92
margin_vs_margin_harder_variable,1.2457065774019889,4566,tighten,400,0,400,1.0
margin_vs_margin_harder_variable,1.2457065774019889,4567,tighten,400,313,87,0.2175
margin_vs_margin_harder_variable,1.2457065774019889,4568,tighten,400,0,400,1.0
margin_vs_margin_harder_variable,1.2457065774019889,4569,tighten,400,192,208,0.52
margin_vs_margin_harder_variable,1.2457065774019889,4570,tighten,400,305,95,0.2375
margin_vs_margin_harder_variable,1.2457065774019889,4571,tighten,400,273,127,0.3175
margin_vs_margin_harder_variable,1.2457065774019889,4572,tighten,400,0,400,1.0
margin_vs_margin_harder_variable,1.2457065774019889,4573,tighten,400,5,395,0.9875
margin_vs_margin_harder_variable,1.2457065774019889,4574,tighten,400,295,105,0.2625
margin_vs_margin_harder_variable,1.2457065774019889,4575,tighten,400,317,83,0.2075
margin_vs_margin_harder_variable,1.2457065774019889,4576,tighten,400,280,120,0.3
margin_vs_margin_harder_variable,1.2457065774019889,4577,tighten,400,209,191,0.4775
margin_vs_margin_harder_variable,1.2457065774019889,4578,tighten,400,368,32,0.08
margin_vs_margin_harder_variable,1.2457065774019889,4579,tighten,400,0,400,1.0
margin_vs_margin_harder_variable,1.2457065774019889,4580,tighten,400,0,400,1.0
margin_vs_margin_harder_variable,1.2457065774019889,4581,tighten,400,0,400,1.0
margin_vs_margin_harder_variable,1.2457065774019889,4582,tighten,400,198,202,0.505
margin_vs_margin_harder_variable,1.2457065774019889,4583,tighten,400,314,86,0.215
margin_vs_margin_harder_variable,1.2457065774019889,4584,tighten,400,0,400,1.0
margin_vs_margin_harder_variable,1.2457065774019889,4585,tighten,400,208,192,0.48
margin_vs_margin_harder_variable,1.2457065774019889,4586,tighten,400,143,257,0.6425
margin_vs_margin_harder_variable,1.2457065774019889,4587,tighten,400,214,186,0.465
margin_vs_margin_harder_variable,1.2457065774019889,4588,tighten,400,0,400,1.0
margin_vs_margin_harder_variable,1.2457065774019889,4589,tighten,400,218,182,0.455
margin_vs_margin_harder_variable,1.2457065774019889,4590,tighten,400,196,204,0.51
margin_vs_margin_harder_variable,1.2457065774019889,4591,tighten,400,0,400,1.0
margin_vs_margin_harder_variable,1.2457065774019889,4592,tighten,400,74,326,0.815
margin_vs_margin_harder_variable,1.2457065774019889,4593,tighten,400,307,93,0.2325
margin_vs_margin_harder_variable,1.2457065774019889,4594,tighten,400,213,187,0.4675
margin_vs_margin_harder_variable,1.2457065774019889,4595,tighten,400,209,191,0.4775
margin_vs_margin_harder_variable,1.204018152215916,4596,tighten,400,304,96,0.24
margin_vs_margin_harder_variable,1.204018152215916,4597,tighten,400,313,87,0.2175
margin_vs_margin_harder_variable,1.204018152215916,4598,tighten,400,321,79,0.1975
margin_vs_margin_harder_variable,1.204018152215916,4599,tighten,400,310,90,0.225
margin_vs_margin_harder_variable,1.3129911052607917,4600,tighten,400,211,189,0.4725
margin_vs_margin_harder_variable,1.3129911052607917,4601,tighten,400,0,400,1.0
margin_vs_margin_harder_variable,1.3129911052607917,4602,tighten,400,0,400,1.0
margin_vs_margin_harder_variable,1.3129911052607917,4603,tighten,400,0,400,1.0
margin_vs_margin_harder_variable,1.3129911052607917,4604,tighten,400,0,400,1.0
margin_vs_margin_harder_variable,1.3129911052607917,4605,tighten,400,0,400,1.0
margin_vs_margin_harder_variable,1.3129911052607917,4606,tighten,400,0,400,1.0
margin_vs_margin_harder_variable,1.3129911052607917,4607,tighten,400,0,400,1.0
margin_vs_margin_harder_variable,1.2227916209263197,4608,tighten,400,187,213,0.5325
margin_vs_margin_harder_variable,1.2227916209263197,4609,tighten,400,321,79,0.1975
margin_vs_margin_harder_variable,1.2227916209263197,4610,tighten,400,144,256,0.64
margin_vs_margin_harder_variable,1.2227916209263197,4611,tighten,400,312,88,0.22
margin_vs_margin_harder_variable,1.2651300664998562,4612,tighten,400,202,198,0.495
margin_vs_margin_harder_variable,1.2651300664998562,4613,tighten,400,171,229,0.5725
margin_vs_margin_harder_variable,1.2651300664998562,4614,tighten,400,0,400,1.0
margin_vs_margin_harder_variable,1.2651300664998562,4615,tighten,400,0,400,1.0
margin_vs_margin_harder_variable,1.211492702190667,4616,tighten,400,265,135,0.3375
margin_vs_margin_harder_variable,1.211492702190667,4617,tighten,400,303,97,0.2425
margin_vs_margin_harder_variable,1.211492702190667,4618,tighten,400,300,100,0.25
margin_vs_margin_harder_variable,1.211492702190667,4619,tighten,400,400,0,0.0
margin_vs_margin_harder_variable,1.2808866897642726,4620,tighten,400,0,400,1.0
margin_vs_margin_harder_variable,1.2808866897642726,4621,tighten,400,0,400,1.0
margin_vs_margin_harder_variable,1.2808866897642726,4622,tighten,400,0,400,1.0
margin_vs_margin_harder_variable,1.2808866897642726,4623,tighten,400,0,400,1.0
margin_vs_margin_harder_variable,1.2769292311052765,4624,tighten,400,0,400,1.0
margin_vs_margin_harder_variable,1.2769292311052765,4625,tighten,400,98,302,0.755
margin_vs_margin_harder_variable,1.2769292311052765,4626,tighten,400,0,400,1.0
margin_vs_margin_harder_variable,1.2769292311052765,4627,tighten,400,205,195,0.4875
margin_vs_margin_harder_variable,1.241857812073484,4628,tighten,400,0,400,1.0
margin_vs_margin_harder_variable,1.241857812073484,4629,tighten,400,0,400,1.0
margin_vs_margin_harder_variable,1.241857812073484,4630,tighten,400,0,400,1.0
margin_vs_margin_harder_variable,1.241857812073484,4631,tighten,400,195,205,0.5125
margin_vs_margin_harder_variable,1.2534399293033125,4632,tighten,400,225,175,0.4375
margin_vs_margin_harder_variable,1.2534399293033125,4633,tighten,400,0,400,1.0
margin_vs_margin_harder_variable,1.2534399293033125,4634,tighten,400,186,214,0.535
margin_vs_margin_harder_variable,1.2534399293033125,4635,tighten,400,0,400,1.0
margin_vs_margin_harder_variable,1.1458582396006898,4636,tighten,400,314,86,0.215
margin_vs_margin_harder_variable,1.1458582396006898,4637,tighten,400,367,33,0.0825
margin_vs_margin_harder_variable,1.1458582396006898,4638,tighten,400,323,77,0.1925
margin_vs_margin_harder_variable,1.1458582396006898,4639,tighten,400,400,0,0.0
margin_vs_margin_harder_variable,1.1387886347566918,4640,tighten,400,400,0,0.0
margin_vs_margin_harder_variable,1.1387886347566918,4641,tighten,400,400,0,0.0
margin_vs_margin_harder_variable,1.1387886347566918,4642,tighten,400,400,0,0.0
margin_vs_margin_harder_variable,1.1387886347566918,4643,tighten,400,400,0,0.0
margin_vs_margin_harder_variable,1.2573245899257803,4644,tighten,400,331,69,0.1725
margin_vs_margin_harder_variable,1.2573245899257803,4645,tighten,400,0,400,1.0
margin_vs_margin_harder_variable,1.2573245899257803,4646,tighten,400,0,400,1.0
margin_vs_margin_harder_variable,1.2573245899257803,4647,tighten,400,214,186,0.465
margin_vs_margin_harder_variable,1.2690509571917332,4648,tighten,400,0,400,1.0
margin_vs_margin_harder_variable,1.2690509571917332,4649,tighten,400,0,400,1.0
margin_vs_margin_harder_variable,1.2690509571917332,4650,tighten,400,94,306,0.765
margin_vs_margin_harder_variable,1.2690509571917332,4651,tighten,400,0,400,1.0
margin_vs_margin_harder_variable,1.1745782734008854,4652,tighten,400,400,0,0.0
margin_vs_margin_harder_variable,1.1745782734008854,4653,tighten,400,400,0,0.0
margin_vs_margin_harder_variable,1.1745782734008854,4654,tighten,400,323,77,0.1925
margin_vs_margin_harder_variable,1.1745782734008854,4655,tighten,400,311,89,0.2225
margin_vs_margin_harder_variable,1.2341959183938165,4656,tighten,400,295,105,0.2625
margin_vs_margin_harder_variable,1.2341959183938165,4657,tighten,400,295,105,0.2625
margin_vs_margin_harder_variable,1.2341959183938165,4658,tighten,400,305,95,0.2375
margin_vs_margin_harder_variable,1.2341959183938165,4659,tighten,400,113,287,0.7175
margin_vs_margin_harder_variable,1.2495672708227517,4660,tighten,400,0,400,1.0
margin_vs_margin_harder_variable,1.2495672708227517,4661,tighten,400,0,400,1.0
margin_vs_margin_harder_variable,1.2495672708227517,4662,tighten,400,291,109,0.2725
margin_vs_margin_harder_variable,1.2495672708227517,4663,tighten,400,303,97,0.2425
margin_vs_margin_harder_variable,1.2265812963214031,4664,tighten,400,279,121,0.3025
margin_vs_margin_harder_variable,1.2265812963214031,4665,tighten,400,0,400,1.0
margin_vs_margin_harder_variable,1.2265812963214031,4666,tighten,400,295,105,0.2625
margin_vs_margin_harder_variable,1.2265812963214031,4667,tighten,400,203,197,0.4925
margin_vs_margin_harder_variable,1.1673314744825625,4668,tighten,400,354,46,0.115
margin_vs_margin_harder_variable,1.1673314744825625,4669,tighten,400,400,0,0.0
margin_vs_margin_harder_variable,1.1673314744825625,4670,tighten,400,400,0,0.0
margin_vs_margin_harder_variable,1.1673314744825625,4671,tighten,400,390,10,0.025
margin_vs_margin_harder_variable,1.1709492678097706,4672,tighten,400,312,88,0.22
margin_vs_margin_harder_variable,1.1709492678097706,4673,tighten,400,400,0,0.0
margin_vs_margin_harder_variable,1.1709492678097706,4674,tighten,400,400,0,0.0
margin_vs_margin_harder_variable,1.1709492678097706,4675,tighten,400,336,64,0.16
margin_vs_margin_harder_variable,1.189207115002721,4676,tighten,400,400,0,0.0
margin_vs_margin_harder_variable,1.189207115002721,4677,tighten,400,202,198,0.495
margin_vs_margin_harder_variable,1.189207115002721,4678,tighten,400,302,98,0.245
margin_vs_margin_harder_variable,1.189207115002721,4679,tighten,400,302,98,0.245
margin_vs_margin_harder_variable,1.272983999506771,4680,tighten,400,0,400,1.0
margin_vs_margin_harder_variable,1.272983999506771,4681,tighten,400,212,188,0.47
margin_vs_margin_harder_variable,1.272983999506771,4682,tighten,400,0,400,1.0
margin_vs_margin_harder_variable,1.272983999506771,4683,tighten,400,0,400,1.0
margin_vs_margin_harder_variable,1.2457065774019889,4684,tighten,400,208,192,0.48
margin_vs_margin_harder_variable,1.2457065774019889,4685,tighten,400,301,99,0.2475
margin_vs_margin_harder_variable,1.2457065774019889,4686,tighten,400,0,400,1.0
margin_vs_margin_harder_variable,1.2457065774019889,4687,tighten,400,203,197,0.4925
margin_vs_margin_harder_variable,1.241857812073484,4688,tighten,400,297,103,0.2575
margin_vs_margin_harder_variable,1.241857812073484,4689,tighten,400,149,251,0.6275
margin_vs_margin_harder_variable,1.241857812073484,4690,tighten,400,319,81,0.2025
margin_vs_margin_harder_variable,1.241857812073484,4691,tighten,400,0,400,1.0
margin_vs_margin_harder_variable,1.20029818845944,4692,tighten,400,311,89,0.2225
margin_vs_margin_harder_variable,1.20029818845944,4693,tighten,400,312,88,0.22
margin_vs_margin_harder_variable,1.20029818845944,4694,tighten,400,400,0,0.0
margin_vs_margin_harder_variable,1.20029818845944,4695,tighten,400,305,95,0.2375
margin_vs_margin_harder_variable,1.1818700604787078,4696,tighten,400,308,92,0.23
margin_vs_margin_harder_variable,1.1818700604787078,4697,tighten,400,400,0,0.0
margin_vs_margin_harder_variable,1.1818700604787078,4698,tighten,400,295,105,0.2625
margin_vs_margin_harder_variable,1.1818700604787078,4699,tighten,400,377,23,0.0575
margin_vs_margin_harder_variable,1.19658971799343,4700,tighten,400,222,178,0.445
margin_vs_margin_harder_variable,1.19658971799343,4701,tighten,400,320,80,0.2
margin_vs_margin_harder_variable,1.19658971799343,4702,tighten,400,268,132,0.33
margin_vs_margin_harder_variable,1.19658971799343,4703,tighten,400,306,94,0.235
margin_vs_margin_harder_variable,1.2651300664998562,4704,tighten,400,304,96,0.24
margin_vs_margin_harder_variable,1.2651300664998562,4705,tighten,400,193,207,0.5175
margin_vs_margin_harder_variable,1.2651300664998562,4706,tighten,400,0,400,1.0
margin_vs_margin_harder_variable,1.2651300664998562,4707,tighten,400,0,400,1.0
margin_vs_margin_harder_variable,1.2227916209263197,4708,tighten,400,312,88,0.22
margin_vs_margin_harder_variable,1.2227916209263197,4709,tighten,400,199,201,0.5025
margin_vs_margin_harder_variable,1.2227916209263197,4710,tighten,400,306,94,0.235
margin_vs_margin_harder_variable,1.2227916209263197,4711,tighten,400,400,0,0.0
margin_vs_margin_harder_variable,1.1423179681242766,4712,tighten,400,400,0,0.0
margin_vs_margin_harder_variable,1.1423179681242766,4713,tighten,400,400,0,0.0
margin_vs_margin_harder_variable,1.1423179681242766,4714,tighten,400,400,0,0.0
margin_vs_margin_harder_variable,1.1423179681242766,4715,tighten,400,400,0,0.0
margin_vs_margin_harder_variable,1.2769292311052765,4716,tighten,400,166,234,0.585
margin_vs_margin_harder_variable,1.2769292311052765,4717,tighten,400,0,400,1.0
margin_vs_margin_harder_variable,1.2769292311052765,4718,tighten,400,0,400,1.0
margin_vs_margin_harder_variable,1.2769292311052765,4719,tighten,400,0,400,1.0
margin_vs_margin_harder_variable,1.2573245899257803,4720,tighten,400,0,400,1.0
margin_vs_margin_harder_variable,1.2573245899257803,4721,tighten,400,290,110,0.275
margin_vs_margin_harder_variable,1.2573245899257803,4722,tighten,400,100,300,0.75
margin_vs_margin_harder_variable,1.2573245899257803,4723,tighten,400,298,102,0.255
margin_vs_margin_harder_variable,1.211492702190667,4724,tighten,400,175,225,0.5625
margin_vs_margin_harder_variable,1.211492702190667,4725,tighten,400,300,100,0.25
margin_vs_margin_harder_variable,1.211492702190667,4726,tighten,400,306,94,0.235
margin_vs_margin_harder_variable,1.211492702190667,4727,tighten,400,4,396,0.99
margin_vs_margin_harder_variable,1.2534399293033125,4728,tighten,400,198,202,0.505
margin_vs_margin_harder_variable,1.2534399293033125,4729,tighten,400,0,400,1.0
margin_vs_margin_harder_variable,1.2534399293033125,4730,tighten,400,290,110,0.275
margin_vs_margin_harder_variable,1.2534399293033125,4731,tighten,400,192,208,0.52
margin_vs_margin_harder_variable,1.2495672708227517,4732,tighten,400,201,199,0.4975
margin_vs_margin_harder_variable,1.2495672708227517,4733,tighten,400,187,213,0.5325
margin_vs_margin_harder_variable,1.2495672708227517,4734,tighten,400,0,400,1.0
margin_vs_margin_harder_variable,1.2495672708227517,4735,tighten,400,0,400,1.0
margin_vs_margin_harder_variable,1.160129386160163,4736,tighten,400,400,0,0.0
margin_vs_margin_harder_variable,1.160129386160163,4737,tighten,400,334,66,0.165
margin_vs_margin_harder_variable,1.160129386160163,4738,tighten,400,400,0,0.0
margin_vs_margin_harder_variable,1.160129386160163,4739,tighten,400,400,0,0.0
margin_vs_margin_harder_variable,1.2341959183938165,4740,tighten,400,63,337,0.8425
margin_vs_margin_harder_variable,1.2341959183938165,4741,tighten,400,193,207,0.5175
margin_vs_margin_harder_variable,1.2341959183938165,4742,tighten,400,317,83,0.2075
margin_vs_margin_harder_variable,1.2341959183938165,4743,tighten,400,325,75,0.1875
margin_vs_margin_harder_variable,1.204018152215916,4744,tighten,400,308,92,0.23
margin_vs_margin_harder_variable,1.204018152215916,4745,tighten,400,303,97,0.2425
margin_vs_margin_harder_variable,1.204018152215916,4746,tighten,400,312,88,0.22
margin_vs_margin_harder_variable,1.204018152215916,4747,tighten,400,303,97,0.2425
margin_vs_margin_harder_variable,1.2265812963214031,4748,tighten,400,208,192,0.48
margin_vs_margin_harder_variable,1.2265812963214031,4749,tighten,400,268,132,0.33
margin_vs_margin_harder_variable,1.2265812963214031,4750,tighten,400,305,95,0.2375
margin_vs_margin_harder_variable,1.2265812963214031,4751,tighten,400,263,137,0.3425
margin_vs_margin_harder_variable,1.2808866897642726,4752,tighten,400,0,400,1.0
margin_vs_margin_harder_variable,1.2808866897642726,4753,tighten,400,0,400,1.0
margin_vs_margin_harder_variable,1.2808866897642726,4754,tighten,400,0,400,1.0
margin_vs_margin_harder_variable,1.2808866897642726,4755,tighten,400,0,400,1.0
margin_vs_margin_harder_variable,1.2690509571917332,4756,tighten,400,0,400,1.0
margin_vs_margin_harder_variable,1.2690509571917332,4757,tighten,400,0,400,1.0
margin_vs_margin_harder_variable,1.2690509571917332,4758,tighten,400,200,200,0.5
margin_vs_margin_harder_variable,1.2690509571917332,4759,tighten,400,194,206,0.515
margin_vs_margin_harder_variable,1.241857812073484,4760,tighten,400,199,201,0.5025
margin_vs_margin_harder_variable,1.241857812073484,4761,tighten,400,298,102,0.255
margin_vs_margin_harder_variable,1.241857812073484,4762,tighten,400,0,400,1.0
margin_vs_margin_harder_variable,1.241857812073484,4763,tighten,400,108,292,0.73
margin_vs_margin_harder_variable,1.2457065774019889,4764,tighten,400,303,97,0.2425
margin_vs_margin_harder_variable,1.2457065774019889,4765,tighten,400,0,400,1.0
margin_vs_margin_harder_variable,1.2457065774019889,4766,tighten,400,0,400,1.0
margin_vs_margin_harder_variable,1.2457065774019889,4767,tighten,400,0,400,1.0
margin_vs_margin_harder_variable,1.2651300664998562,4768,tighten,400,0,400,1.0
margin_vs_margin_harder_variable,1.2651300664998562,4769,tighten,400,270,130,0.325
margin_vs_margin_harder_variable,1.2651300664998562,4770,tighten,400,0,400,1.0
margin_vs_margin_harder_variable,1.2651300664998562,4771,tighten,400,0,400,1.0
margin_vs_margin_harder_variable,1.211492702190667,4772,tighten,400,220,180,0.45
margin_vs_margin_harder_variable,1.211492702190667,4773,tighten,400,220,180,0.45
margin_vs_margin_harder_variable,1.211492702190667,4774,tighten,400,301,99,0.2475
margin_vs_margin_harder_variable,1.211492702190667,4775,tighten,400,306,94,0.235
margin_vs_margin_harder_variable,1.1458582396006898,4776,tighten,400,400,0,0.0
margin_vs_margin_harder_variable,1.1458582396006898,4777,tighten,400,400,0,0.0
margin_vs_margin_harder_variable,1.1458582396006898,4778,tighten,400,332,68,0.17
margin_vs_margin_harder_variable,1.1458582396006898,4779,tighten,400,382,18,0.045
margin_vs_margin_harder_variable,1.272983999506771,4780,tighten,400,0,400,1.0
margin_vs_margin_harder_variable,1.272983999506771,4781,tighten,400,199,201,0.5025
margin_vs_margin_harder_variable,1.272983999506771,4782,tighten,400,297,103,0.2575
margin_vs_margin_harder_variable,1.272983999506771,4783,tighten,400,270,130,0.325
margin_vs_margin_harder_variable,1.2573245899257803,4784,tighten,400,158,242,0.605
margin_vs_margin_harder_variable,1.2573245899257803,4785,tighten,400,0,400,1.0
margin_vs_margin_harder_variable,1.2573245899257803,4786,tighten,400,0,400,1.0
margin_vs_margin_harder_variable,1.2573245899257803,4787,tighten,400,0,400,1.0
margin_vs_margin_harder_variable,1.2227916209263197,4788,tighten,400,185,215,0.5375
margin_vs_margin_harder_variable,1.2227916209263197,4789,tighten,400,0,400,1.0
margin_vs_margin_harder_variable,1.2227916209263197,4790,tighten,400,223,177,0.4425
margin_vs_margin_harder_variable,1.2227916209263197,4791,tighten,400,216,184,0.46
margin_vs_margin_harder_variable,1.189207115002721,4792,tighten,400,296,104,0.26
margin_vs_margin_harder_variable,1.189207115002721,4793,tighten,400,290,110,0.275
margin_vs_margin_harder_variable,1.189207115002721,4794,tighten,400,369,31,0.0775
margin_vs_margin_harder_variable,1.189207115002721,4795,tighten,400,323,77,0.1925
margin_vs_margin_harder_variable,1.3129911052607917,4796,tighten,400,0,400,1.0
margin_vs_margin_harder_variable,1.3129911052607917,4797,tighten,400,0,400,1.0
margin_vs_margin_harder_variable,1.3129911052607917,4798,tighten,400,0,400,1.0
margin_vs_margin_harder_variable,1.3129911052607917,4799,tighten,400,0,400,1.0
margin_vs_margin_harder_variable,1.2534399293033125,4800,tighten,400,0,400,1.0
margin_vs_margin_harder_variable,1.2534399293033125,4801,tighten,400,0,400,1.0
margin_vs_margin_harder_variable,1.2534399293033125,4802,tighten,400,290,110,0.275
margin_vs_margin_harder_variable,1.2534399293033125,4803,tighten,400,0,400,1.0
margin_vs_margin_harder_variable,1.20029818845944,4804,tighten,400,0,400,1.0
margin_vs_margin_harder_variable,1.20029818845944,4805,tighten,400,292,108,0.27
margin_vs_margin_harder_variable,1.20029818845944,4806,tighten,400,400,0,0.0
margin_vs_margin_harder_variable,1.20029818845944,4807,tighten,400,304,96,0.24
margin_vs_margin_harder_variable,1.1745782734008854,4808,tighten,400,400,0,0.0
margin_vs_margin_harder_variable,1.1745782734008854,4809,tighten,400,205,195,0.4875
margin_vs_margin_harder_variable,1.1745782734008854,4810,tighten,400,400,0,0.0
margin_vs_margin_harder_variable,1.1745782734008854,4811,tighten,400,327,73,0.1825
margin_vs_margin_harder_variable,1.2495672708227517,4812,tighten,400,400,0,0.0
margin_vs_margin_harder_variable,1.2495672708227517,4813,tighten,400,3,397,0.9925
margin_vs_margin_harder_variable,1.2495672708227517,4814,tighten,400,195,205,0.5125
margin_vs_margin_harder_variable,1.2495672708227517,4815,tighten,400,305,95,0.2375
margin_vs_margin_harder_variable,1.272983999506771,4816,tighten,400,194,206,0.515
margin_vs_margin_harder_variable,1.272983999506771,4817,tighten,400,304,96,0.24
margin_vs_margin_harder_variable,1.272983999506771,4818,tighten,400,303,97,0.2425
margin_vs_margin_harder_variable,1.272983999506771,4819,tighten,400,0,400,1.0
margin_vs_margin_harder_variable,1.2769292311052765,4820,tighten,400,196,204,0.51
margin_vs_margin_harder_variable,1.2769292311052765,4821,tighten,400,0,400,1.0
margin_vs_margin_harder_variable,1.2769292311052765,4822,tighten,400,0,400,1.0
margin_vs_margin_harder_variable,1.2769292311052765,4823,tighten,400,205,195,0.4875
margin_vs_margin_harder_variable,1.2341959183938165,4824,tighten,400,89,311,0.7775
margin_vs_margin_harder_variable,1.2341959183938165,4825,tighten,400,0,400,1.0
margin_vs_margin_harder_variable,1.2341959183938165,4826,tighten,400,396,4,0.01
margin_vs_margin_harder_variable,1.2341959183938165,4827,tighten,400,285,115,0.2875
margin_vs_margin_harder_variable,1.19658971799343,4828,tighten,400,400,0,0.0
margin_vs_margin_harder_variable,1.19658971799343,4829,tighten,400,310,90,0.225
margin_vs_margin_harder_variable,1.19658971799343,4830,tighten,400,400,0,0.0
margin_vs_margin_harder_variable,1.19658971799343,4831,tighten,400,392,8,0.02
margin_vs_margin_harder_variable,1.1709492678097706,4832,tighten,400,327,73,0.1825
margin_vs_margin_harder_variable,1.1709492678097706,4833,tighten,400,316,84,0.21
margin_vs_margin_harder_variable,1.1709492678097706,4834,tighten,400,314,86,0.215
margin_vs_margin_harder_variable,1.1709492678097706,4835,tighten,400,400,0,0.0
margin_vs_margin_harder_variable,1.2457065774019889,4836,tighten,400,0,400,1.0
margin_vs_margin_harder_variable,1.2457065774019889,4837,tighten,400,310,90,0.225
margin_vs_margin_harder_variable,1.2457065774019889,4838,tighten,400,304,96,0.24
margin_vs_margin_harder_variable,1.2457065774019889,4839,tighten,400,295,105,0.2625
margin_vs_margin_harder_variable,1.2690509571917332,4840,tighten,400,0,400,1.0
margin_vs_margin_harder_variable,1.2690509571917332,4841,tighten,400,0,400,1.0
margin_vs_margin_harder_variable,1.2690509571917332,4842,tighten,400,0,400,1.0
margin_vs_margin_harder_variable,1.2690509571917332,4843,tighten,400,0,400,1.0
margin_vs_margin_harder_variable,1.1818700604787078,4844,tighten,400,320,80,0.2
margin_vs_margin_harder_variable,1.1818700604787078,4845,tighten,400,208,192,0.48
margin_vs_margin_harder_variable,1.1818700604787078,4846,tighten,400,307,93,0.2325
margin_vs_margin_harder_variable,1.1818700604787078,4847,tighten,400,330,70,0.175
margin_vs_margin_harder_variable,1.3459001926323562,4848,tighten,400,0,400,1.0
margin_vs_margin_harder_variable,1.3459001926323562,4849,tighten,400,0,400,1.0
margin_vs_margin_harder_variable,1.3459001926323562,4850,tighten,400,0,400,1.0
margin_vs_margin_harder_variable,1.3459001926323562,4851,tighten,400,0,400,1.0
margin_vs_margin_harder_variable,1.272983999506771,4852,tighten,400,0,400,1.0
margin_vs_margin_harder_variable,1.272983999506771,4853,tighten,400,0,400,1.0
margin_vs_margin_harder_variable,1.272983999506771,4854,tighten,400,0,400,1.0
margin_vs_margin_harder_variable,1.272983999506771,4855,tighten,400,0,400,1.0
margin_vs_margin_harder_variable,1.2265812963214031,4856,tighten,400,295,105,0.2625
margin_vs_margin_harder_variable,1.2265812963214031,4857,tighten,400,196,204,0.51
margin_vs_margin_harder_variable,1.2265812963214031,4858,tighten,400,314,86,0.215
margin_vs_margin_harder_variable,1.2265812963214031,4859,tighten,400,292,108,0.27
margin_vs_margin_harder_variable,1.241857812073484,4860,tighten,400,189,211,0.5275
margin_vs_margin_harder_variable,1.241857812073484,4861,tighten,400,0,400,1.0
margin_vs_margin_harder_variable,1.241857812073484,4862,tighten,400,103,297,0.7425
margin_vs_margin_harder_variable,1.241857812073484,4863,tighten,400,195,205,0.5125
margin_vs_margin_harder_variable,1.2651300664998562,4864,tighten,400,286,114,0.285
margin_vs_margin_harder_variable,1.2651300664998562,4865,tighten,400,0,400,1.0
margin_vs_margin_harder_variable,1.2651300664998562,4866,tighten,400,0,400,1.0
margin_vs_margin_harder_variable,1.2651300664998562,4867,tighten,400,0,400,1.0
margin_vs_margin_harder_variable,1.20029818845944,4868,tighten,400,317,83,0.2075
margin_vs_margin_harder_variable,1.20029818845944,4869,tighten,400,339,61,0.1525
margin_vs_margin_harder_variable,1.20029818845944,4870,tighten,400,400,0,0.0
margin_vs_margin_harder_variable,1.20029818845944,4871,tighten,400,327,73,0.1825
margin_vs_margin_harder_variable,1.1745782734008854,4872,tighten,400,395,5,0.0125
margin_vs_margin_harder_variable,1.1745782734008854,4873,tighten,400,400,0,0.0
margin_vs_margin_harder_variable,1.1745782734008854,4874,tighten,400,400,0,0.0
margin_vs_margin_harder_variable,1.1745782734008854,4875,tighten,400,400,0,0.0
margin_vs_margin_harder_variable,1.2495672708227517,4876,tighten,400,284,116,0.29
margin_vs_margin_harder_variable,1.2495672708227517,4877,tighten,400,184,216,0.54
margin_vs_margin_harder_variable,1.2495672708227517,4878,tighten,400,0,400,1.0
margin_vs_margin_harder_variable,1.2495672708227517,4879,tighten,400,213,187,0.4675
margin_vs_margin_harder_variable,1.2227916209263197,4880,tighten,400,322,78,0.195
margin_vs_margin_harder_variable,1.2227916209263197,4881,tighten,400,305,95,0.2375
margin_vs_margin_harder_variable,1.2227916209263197,4882,tighten,400,308,92,0.23
margin_vs_margin_harder_variable,1.2227916209263197,4883,tighten,400,310,90,0.225
margin_vs_margin_harder_variable,1.1673314744825625,4884,tighten,400,400,0,0.0
margin_vs_margin_harder_variable,1.1673314744825625,4885,tighten,400,339,61,0.1525
margin_vs_margin_harder_variable,1.1673314744825625,4886,tighten,400,400,0,0.0
margin_vs_margin_harder_variable,1.1673314744825625,4887,tighten,400,400,0,0.0
margin_vs_margin_harder_variable,1.2573245899257803,4888,tighten,400,203,197,0.4925
margin_vs_margin_harder_variable,1.2573245899257803,4889,tighten,400,0,400,1.0
margin_vs_margin_harder_variable,1.2573245899257803,4890,tighten,400,0,400,1.0
margin_vs_margin_harder_variable,1.2573245899257803,4891,tighten,400,220,180,0.45
margin_vs_margin_harder_variable,1.2534399293033125,4892,tighten,400,0,400,1.0
margin_vs_margin_harder_variable,1.2534399293033125,4893,tighten,400,228,172,0.43
margin_vs_margin_harder_variable,1.2534399293033125,4894,tighten,400,0,400,1.0
margin_vs_margin_harder_variable,1.2534399293033125,4895,tighten,400,209,191,0.4775
margin_vs_margin_harder_variable,1.204018152215916,4896,tighten,400,202,198,0.495
margin_vs_margin_harder_variable,1.204018152215916,4897,tighten,400,232,168,0.42
margin_vs_margin_harder_variable,1.204018152215916,4898,tighten,400,309,91,0.2275
margin_vs_margin_harder_variable,1.204018152215916,4899,tighten,400,390,10,0.025
margin_vs_margin_harder_variable,1.2341959183938165,4900,tighten,400,226,174,0.435
margin_vs_margin_harder_variable,1.2341959183938165,4901,tighten,400,230,170,0.425
margin_vs_margin_harder_variable,1.2341959183938165,4902,tighten,400,299,101,0.2525
margin_vs_margin_harder_variable,1.2341959183938165,4903,tighten,400,303,97,0.2425
margin_vs_margin_harder_variable,1.211492702190667,4904,tighten,400,0,400,1.0
margin_vs_margin_harder_variable,1.211492702190667,4905,tighten,400,400,0,0.0
margin_vs_margin_harder_variable,1.211492702190667,4906,tighten,400,304,96,0.24
margin_vs_margin_harder_variable,1.211492702190667,4907,tighten,400,213,187,0.4675
margin_vs_margin_harder_variable,1.2769292311052765,4908,tighten,400,302,98,0.245
margin_vs_margin_harder_variable,1.2769292311052765,4909,tighten,400,0,400,1.0
margin_vs_margin_harder_variable,1.2769292311052765,4910,tighten,400,86,314,0.785
margin_vs_margin_harder_variable,1.2769292311052765,4911,tighten,400,293,107,0.2675
margin_vs_margin_harder_variable,1.2808866897642726,4912,tighten,400,306,94,0.235
margin_vs_margin_harder_variable,1.2808866897642726,4913,tighten,400,0,400,1.0
margin_vs_margin_harder_variable,1.2808866897642726,4914,tighten,400,0,400,1.0
margin_vs_margin_harder_variable,1.2808866897642726,4915,tighten,400,0,400,1.0
margin_vs_margin_harder_variable,1.2457065774019889,4916,tighten,400,199,201,0.5025
margin_vs_margin_harder_variable,1.2457065774019889,4917,tighten,400,0,400,1.0
margin_vs_margin_harder_variable,1.2457065774019889,4918,tighten,400,296,104,0.26
margin_vs_margin_harder_variable,1.2457065774019889,4919,tighten,400,400,0,0.0
margin_vs_margin_harder_variable,1.2808866897642726,4920,tighten,400,0,400,1.0
margin_vs_margin_harder_variable,1.2808866897642726,4921,tighten,400,0,400,1.0
margin_vs_margin_harder_variable,1.2808866897642726,4922,tighten,400,0,400,1.0
margin_vs_margin_harder_variable,1.2808866897642726,4923,tighten,400,0,400,1.0
margin_vs_margin_harder_variable,1.2769292311052765,4924,tighten,400,0,400,1.0
margin_vs_margin_harder_variable,1.2769292311052765,4925,tighten,400,0,400,1.0
margin_vs_margin_harder_variable,1.2769292311052765,4926,tighten,400,0,400,1.0
margin_vs_margin_harder_variable,1.2769292311052765,4927,tighten,400,0,400,1.0
margin_vs_margin_harder_variable,1.2651300664998562,4928,tighten,400,0,400,1.0
margin_vs_margin_harder_variable,1.2651300664998562,4929,tighten,400,0,400,1.0
margin_vs_margin_harder_variable,1.2651300664998562,4930,tighten,400,293,107,0.2675
margin_vs_margin_harder_variable,1.2651300664998562,4931,tighten,400,192,208,0.52
margin_vs_margin_harder_variable,1.160129386160163,4932,tighten,400,400,0,0.0
margin_vs_margin_harder_variable,1.160129386160163,4933,tighten,400,346,54,0.135
margin_vs_margin_harder_variable,1.160129386160163,4934,tighten,400,400,0,0.0
margin_vs_margin_harder_variable,1.160129386160163,4935,tighten,400,388,12,0.03
margin_vs_margin_harder_variable,1.189207115002721,4936,tighten,400,400,0,0.0
margin_vs_margin_harder_variable,1.189207115002721,4937,tighten,400,320,80,0.2
margin_vs_margin_harder_variable,1.189207115002721,4938,tighten,400,371,29,0.0725
margin_vs_margin_harder_variable,1.189207115002721,4939,tighten,400,399,1,0.0025
margin_vs_margin_harder_variable,1.19658971799343,4940,tighten,400,302,98,0.245
margin_vs_margin_harder_variable,1.19658971799343,4941,tighten,400,299,101,0.2525
margin_vs_margin_harder_variable,1.19658971799343,4942,tighten,400,348,52,0.13
margin_vs_margin_harder_variable,1.19658971799343,4943,tighten,400,317,83,0.2075
margin_vs_margin_harder_variable,1.211492702190667,4944,tighten,400,318,82,0.205
margin_vs_margin_harder_variable,1.211492702190667,4945,tighten,400,304,96,0.24
margin_vs_margin_harder_variable,1.211492702190667,4946,tighten,400,289,111,0.2775
margin_vs_margin_harder_variable,1.211492702190667,4947,tighten,400,327,73,0.1825
margin_vs_margin_harder_variable,1.241857812073484,4948,tighten,400,106,294,0.735
margin_vs_margin_harder_variable,1.241857812073484,4949,tighten,400,0,400,1.0
margin_vs_margin_harder_variable,1.241857812073484,4950,tighten,400,0,400,1.0
margin_vs_margin_harder_variable,1.241857812073484,4951,tighten,400,194,206,0.515
margin_vs_margin_harder_variable,1.2265812963214031,4952,tighten,400,319,81,0.2025
margin_vs_margin_harder_variable,1.2265812963214031,4953,tighten,400,297,103,0.2575
margin_vs_margin_harder_variable,1.2265812963214031,4954,tighten,400,303,97,0.2425
margin_vs_margin_harder_variable,1.2265812963214031,4955,tighten,400,294,106,0.265
margin_vs_margin_harder_variable,1.2690509571917332,4956,tighten,400,171,229,0.5725
margin_vs_margin_harder_variable,1.2690509571917332,4957,tighten,400,0,400,1.0
margin_vs_margin_harder_variable,1.2690509571917332,4958,tighten,400,0,400,1.0
margin_vs_margin_harder_variable,1.2690509571917332,4959,tighten,400,0,400,1.0
margin_vs_margin_harder_variable,1.272983999506771,4960,tighten,400,0,400,1.0
margin_vs_margin_harder_variable,1.272983999506771,4961,tighten,400,102,298,0.745
margin_vs_margin_harder_variable,1.272983999506771,4962,tighten,400,194,206,0.515
margin_vs_margin_harder_variable,1.272983999506771,4963,tighten,400,203,197,0.4925
margin_vs_margin_harder_variable,1.2495672708227517,4964,tighten,400,39,361,0.9025
margin_vs_margin_harder_variable,1.2495672708227517,4965,tighten,400,86,314,0.785
margin_vs_margin_harder_variable,1.2495672708227517,4966,tighten,400,0,400,1.0
margin_vs_margin_harder_variable,1.2495672708227517,4967,tighten,400,0,400,1.0
margin_vs_margin_harder_variable,1.1818700604787078,4968,tighten,400,400,0,0.0
margin_vs_margin_harder_variable,1.1818700604787078,4969,tighten,400,400,0,0.0
margin_vs_margin_harder_variable,1.1818700604787078,4970,tighten,400,400,0,0.0
margin_vs_margin_harder_variable,1.1818700604787078,4971,tighten,400,400,0,0.0
margin_vs_margin_harder_variable,1.2573245899257803,4972,tighten,400,174,226,0.565
margin_vs_margin_harder_variable,1.2573245899257803,4973,tighten,400,321,79,0.1975
margin_vs_margin_harder_variable,1.2573245899257803,4974,tighten,400,296,104,0.26
margin_vs_margin_harder_variable,1.2573245899257803,4975,tighten,400,0,400,1.0
margin_vs_margin_harder_variable,1.20029818845944,4976,tighten,400,302,98,0.245
margin_vs_margin_harder_variable,1.20029818845944,4977,tighten,400,400,0,0.0
margin_vs_margin_harder_variable,1.20029818845944,4978,tighten,400,359,41,0.1025
margin_vs_margin_harder_variable,1.20029818845944,4979,tighten,400,319,81,0.2025
margin_vs_margin_harder_variable,1.2534399293033125,4980,tighten,400,180,220,0.55
margin_vs_margin_harder_variable,1.2534399293033125,4981,tighten,400,0,400,1.0
margin_vs_margin_harder_variable,1.2534399293033125,4982,tighten,400,0,400,1.0
margin_vs_margin_harder_variable,1.2534399293033125,4983,tighten,400,196,204,0.51
margin_vs_margin_harder_variable,1.2227916209263197,4984,tighten,400,297,103,0.2575
margin_vs_margin_harder_variable,1.2227916209263197,4985,tighten,400,11,389,0.9725
margin_vs_margin_harder_variable,1.2227916209263197,4986,tighten,400,196,204,0.51
margin_vs_margin_harder_variable,1.2227916209263197,4987,tighten,400,0,400,1.0
margin_vs_margin_harder_variable,1.2457065774019889,4988,tighten,400,303,97,0.2425
margin_vs_margin_harder_variable,1.2457065774019889,4989,tighten,400,301,99,0.2475
margin_vs_margin_harder_variable,1.2457065774019889,4990,tighten,400,312,88,0.22
margin_vs_margin_harder_variable,1.2457065774019889,4991,tighten,400,201,199,0.4975
margin_vs_margin_harder_variable,1.3129911052607917,4992,tighten,400,0,400,1.0
margin_vs_margin_harder_variable,1.3129911052607917,4993,tighten,400,0,400,1.0
margin_vs_margin_harder_variable,1.3129911052607917,4994,tighten,400,0,400,1.0
margin_vs_margin_harder_variable,1.3129911052607917,4995,tighten,400,0,400,1.0
margin_vs_margin_harder_variable,1.2341959183938165,4996,tighten,400,312,88,0.22
margin_vs_margin_harder_variable,1.2341959183938165,4997,tighten,400,0,400,1.0
margin_vs_margin_harder_variable,1.2341959183938165,4998,tighten,400,284,116,0.29
margin_vs_margin_harder_variable,1.2341959183938165,4999,tighten,400,3,397,0.9925
margin_vs_margin_harder_variable,1.1458582396006898,5000,tighten,400,400,0,0.0
margin_vs_margin_harder_variable,1.1458582396006898,5001,tighten,400,400,0,0.0
margin_vs_margin_harder_variable,1.1458582396006898,5002,tighten,400,400,0,0.0
margin_vs_margin_harder_variable,1.1458582396006898,5003,tighten,400,400,0,0.0
margin_vs_margin_harder_variable,1.1709492678097706,5004,tighten,400,400,0,0.0
margin_vs_margin_harder_variable,1.1709492678097706,5005,tighten,400,400,0,0.0
margin_vs_margin_harder_variable,1.1709492678097706,5006,tighten,400,400,0,0.0
margin_vs_margin_harder_variable,1.1709492678097706,5007,tighten,400,351,49,0.1225
margin_vs_margin_harder_variable,1.204018152215916,5008,tighten,400,191,209,0.5225
margin_vs_margin_harder_variable,1.204018152215916,5009,tighten,400,314,86,0.215
margin_vs_margin_harder_variable,1.204018152215916,5010,tighten,400,102,298,0.745
margin_vs_margin_harder_variable,1.204018152215916,5011,tighten,400,305,95,0.2375
margin_vs_margin_harder_variable,1.1745782734008854,5012,tighten,400,324,76,0.19
margin_vs_margin_harder_variable,1.1745782734008854,5013,tighten,400,322,78,0.195
margin_vs_margin_harder_variable,1.1745782734008854,5014,tighten,400,400,0,0.0
margin_vs_margin_harder_variable,1.1745782734008854,5015,tighten,400,400,0,0.0
margin_vs_margin_harder_variable,1.2651300664998562,5016,tighten,400,0,400,1.0
margin_vs_margin_harder_variable,1.2651300664998562,5017,tighten,400,0,400,1.0
margin_vs_margin_harder_variable,1.2651300664998562,5018,tighten,400,297,103,0.2575
margin_vs_margin_harder_variable,1.2651300664998562,5019,tighten,400,185,215,0.5375
margin_vs_margin_harder_variable,1.1423179681242766,5020,tighten,400,400,0,0.0
margin_vs_margin_harder_variable,1.1423179681242766,5021,tighten,400,316,84,0.21
margin_vs_margin_harder_variable,1.1423179681242766,5022,tighten,400,308,92,0.23
margin_vs_margin_harder_variable,1.1423179681242766,5023,tighten,400,400,0,0.0
margin_vs_margin_harder_variable,1.1423179681242766,5024,tighten,400,400,0,0.0
margin_vs_margin_harder_variable,1.1423179681242766,5025,tighten,400,400,0,0.0
margin_vs_margin_harder_variable,1.1423179681242766,5026,tighten,400,400,0,0.0
margin_vs_margin_harder_variable,1.1423179681242766,5027,tighten,400,400,0,0.0
margin_vs_margin_harder_variable,1.241857812073484,5028,tighten,400,0,400,1.0
margin_vs_margin_harder_variable,1.241857812073484,5029,tighten,400,172,228,0.57
margin_vs_margin_harder_variable,1.241857812073484,5030,tighten,400,0,400,1.0
margin_vs_margin_harder_variable,1.241857812073484,5031,tighten,400,0,400,1.0
margin_vs_margin_harder_variable,1.2227916209263197,5032,tighten,400,0,400,1.0
margin_vs_margin_harder_variable,1.2227916209263197,5033,tighten,400,107,293,0.7325
margin_vs_margin_harder_variable,1.2227916209263197,5034,tighten,400,198,202,0.505
margin_vs_margin_harder_variable,1.2227916209263197,5035,tighten,400,144,256,0.64
margin_vs_margin_harder_variable,1.2573245899257803,5036,tighten,400,0,400,1.0
margin_vs_margin_harder_variable,1.2573245899257803,5037,tighten,400,306,94,0.235
margin_vs_margin_harder_variable,1.2573245899257803,5038,tighten,400,0,400,1.0
margin_vs_margin_harder_variable,1.2573245899257803,5039,tighten,400,272,128,0.32
margin_vs_margin_harder_variable,1.2769292311052765,5040,tighten,400,0,400,1.0
margin_vs_margin_harder_variable,1.2769292311052765,5041,tighten,400,0,400,1.0
margin_vs_margin_harder_variable,1.2769292311052765,5042,tighten,400,191,209,0.5225
margin_vs_margin_harder_variable,1.2769292311052765,5043,tighten,400,0,400,1.0
margin_vs_margin_harder_variable,1.2495672708227517,5044,tighten,400,208,192,0.48
margin_vs_margin_harder_variable,1.2495672708227517,5045,tighten,400,0,400,1.0
margin_vs_margin_harder_variable,1.2495672708227517,5046,tighten,400,312,88,0.22
margin_vs_margin_harder_variable,1.2495672708227517,5047,tighten,400,198,202,0.505
margin_vs_margin_harder_variable,1.2265812963214031,5048,tighten,400,293,107,0.2675
margin_vs_margin_harder_variable,1.2265812963214031,5049,tighten,400,0,400,1.0
margin_vs_margin_harder_variable,1.2265812963214031,5050,tighten,400,400,0,0.0
margin_vs_margin_harder_variable,1.2265812963214031,5051,tighten,400,302,98,0.245
margin_vs_margin_harder_variable,1.272983999506771,5052,tighten,400,0,400,1.0
margin_vs_margin_harder_variable,1.272983999506771,5053,tighten,400,0,400,1.0
margin_vs_margin_harder_variable,1.272983999506771,5054,tighten,400,0,400,1.0
margin_vs_margin_harder_variable,1.272983999506771,5055,tighten,400,0,400,1.0
margin_vs_margin_harder_variable,1.2341959183938165,5056,tighten,400,297,103,0.2575
margin_vs_margin_harder_variable,1.2341959183938165,5057,tighten,400,316,84,0.21
margin_vs_margin_harder_variable,1.2341959183938165,5058,tighten,400,295,105,0.2625
margin_vs_margin_harder_variable,1.2341959183938165,5059,tighten,400,196,204,0.51
margin_vs_margin_harder_variable,1.2457065774019889,5060,tighten,400,210,190,0.475
margin_vs_margin_harder_variable,1.2457065774019889,5061,tighten,400,203,197,0.4925
margin_vs_margin_harder_variable,1.2457065774019889,5062,tighten,400,143,257,0.6425
margin_vs_margin_harder_variable,1.2457065774019889,5063,tighten,400,163,237,0.5925
margin_vs_margin_harder_variable,1.2808866897642726,5064,tighten,400,0,400,1.0
margin_vs_margin_harder_variable,1.2808866897642726,5065,tighten,400,0,400,1.0
margin_vs_margin_harder_variable,1.2808866897642726,5066,tighten,400,17,383,0.9575
margin_vs_margin_harder_variable,1.2808866897642726,5067,tighten,400,0,400,1.0
margin_vs_margin_harder_variable,1.2534399293033125,5068,tighten,400,0,400,1.0
margin_vs_margin_harder_variable,1.2534399293033125,5069,tighten,400,146,254,0.635
margin_vs_margin_harder_variable,1.2534399293033125,5070,tighten,400,0,400,1.0
margin_vs_margin_harder_variable,1.2534399293033125,5071,tighten,400,0,400,1.0
margin_vs_margin_harder_variable,1.2690509571917332,5072,tighten,400,0,400,1.0
margin_vs_margin_harder_variable,1.2690509571917332,5073,tighten,400,197,203,0.5075
margin_vs_margin_harder_variable,1.2690509571917332,5074,tighten,400,0,400,1.0
margin_vs_margin_harder_variable,1.2690509571917332,5075,tighten,400,250,150,0.375
margin_vs_margin_harder_variable,1.211492702190667,5076,tighten,400,304,96,0.24
margin_vs_margin_harder_variable,1.211492702190667,5077,tighten,400,307,93,0.2325
margin_vs_margin_harder_variable,1.211492702190667,5078,tighten,400,294,106,0.265
margin_vs_margin_harder_variable,1.211492702190667,5079,tighten,400,400,0,0.0
margin_vs_margin_harder_variable,1.1387886347566918,5080,tighten,400,308,92,0.23
margin_vs_margin_harder_variable,1.1387886347566918,5081,tighten,400,400,0,0.0
margin_vs_margin_harder_variable,1.1387886347566918,5082,tighten,400,400,0,0.0
margin_vs_margin_harder_variable,1.1387886347566918,5083,tighten,400,400,0,0.0
margin_vs_margin_harder_variable,1.1387886347566918,5084,tighten,400,400,0,0.0
margin_vs_margin_harder_variable,1.1387886347566918,5085,tighten,400,400,0,0.0
margin_vs_margin_harder_variable,1.1387886347566918,5086,tighten,400,400,0,0.0
margin_vs_margin_harder_variable,1.1387886347566918,5087,tighten,400,400,0,0.0
margin_vs_margin_harder_variable,1.1317626472738322,5088,tighten,400,400,0,0.0
margin_vs_margin_harder_variable,1.1317626472738322,5089,tighten,400,400,0,0.0
margin_vs_margin_harder_variable,1.1317626472738322,5090,tighten,400,381,19,0.0475
margin_vs_margin_harder_variable,1.1317626472738322,5091,tighten,400,400,0,0.0
margin_vs_margin_harder_variable,1.1317626472738322,5092,tighten,400,400,0,0.0
margin_vs_margin_harder_variable,1.1317626472738322,5093,tighten,400,400,0,0.0
margin_vs_margin_harder_variable,1.1317626472738322,5094,tighten,400,400,0,0.0
margin_vs_margin_harder_variable,1.1317626472738322,5095,tighten,400,400,0,0.0
margin_vs_margin_harder_variable,1.1387886347566918,5096,tighten,400,400,0,0.0
margin_vs_margin_harder_variable,1.1387886347566918,5097,tighten,400,400,0,0.0
margin_vs_margin_harder_variable,1.1387886347566918,5098,tighten,400,400,0,0.0
margin_vs_margin_harder_variable,1.1387886347566918,5099,tighten,400,400,0,0.0
margin_vs_margin_harder_variable,1.189207115002721,5100,tighten,400,314,86,0.215
margin_vs_margin_harder_variable,1.189207115002721,5101,tighten,400,355,45,0.1125
margin_vs_margin_harder_variable,1.189207115002721,5102,tighten,400,376,24,0.06
margin_vs_margin_harder_variable,1.189207115002721,5103,tighten,400,400,0,0.0
margin_vs_margin_harder_variable,1.1673314744825625,5104,tighten,400,346,54,0.135
margin_vs_margin_harder_variable,1.1673314744825625,5105,tighten,400,400,0,0.0
margin_vs_margin_harder_variable,1.1673314744825625,5106,tighten,400,400,0,0.0
margin_vs_margin_harder_variable,1.1673314744825625,5107,tighten,400,400,0,0.0
margin_vs_margin_harder_variable,1.204018152215916,5108,tighten,400,311,89,0.2225
margin_vs_margin_harder_variable,1.204018152215916,5109,tighten,400,308,92,0.23
margin_vs_margin_harder_variable,1.204018152215916,5110,tighten,400,400,0,0.0
margin_vs_margin_harder_variable,1.204018152215916,5111,tighten,400,307,93,0.2325
margin_vs_margin_harder_variable,1.20029818845944,5112,tighten,400,115,285,0.7125
margin_vs_margin_harder_variable,1.20029818845944,5113,tighten,400,198,202,0.505
margin_vs_margin_harder_variable,1.20029818845944,5114,tighten,400,215,185,0.4625
margin_vs_margin_harder_variable,1.20029818845944,5115,tighten,400,311,89,0.2225
margin_vs_margin_harder_variable,1.1818700604787078,5116,tighten,400,312,88,0.22
margin_vs_margin_harder_variable,1.1818700604787078,5117,tighten,400,400,0,0.0
margin_vs_margin_harder_variable,1.1818700604787078,5118,tighten,400,305,95,0.2375
margin_vs_margin_harder_variable,1.1818700604787078,5119,tighten,400,310,90,0.225
margin_vs_margin_harder_variable,1.2651300664998562,5120,tighten,400,0,400,1.0
margin_vs_margin_harder_variable,1.2651300664998562,5121,tighten,400,236,164,0.41
margin_vs_margin_harder_variable,1.2651300664998562,5122,tighten,400,189,211,0.5275
margin_vs_margin_harder_variable,1.2651300664998562,5123,tighten,400,215,185,0.4625
margin_vs_margin_harder_variable,1.19658971799343,5124,tighten,400,400,0,0.0
margin_vs_margin_harder_variable,1.19658971799343,5125,tighten,400,314,86,0.215
margin_vs_margin_harder_variable,1.19658971799343,5126,tighten,400,322,78,0.195
margin_vs_margin_harder_variable,1.19658971799343,5127,tighten,400,279,121,0.3025
margin_vs_margin_harder_variable,1.241857812073484,5128,tighten,400,0,400,1.0
margin_vs_margin_harder_variable,1.241857812073484,5129,tighten,400,0,400,1.0
margin_vs_margin_harder_variable,1.241857812073484,5130,tighten,400,0,400,1.0
margin_vs_margin_harder_variable,1.241857812073484,5131,tighten,400,0,400,1.0
margin_vs_margin_harder_variable,1.2573245899257803,5132,tighten,400,307,93,0.2325
margin_vs_margin_harder_variable,1.2573245899257803,5133,tighten,400,308,92,0.23
margin_vs_margin_harder_variable,1.2573245899257803,5134,tighten,400,206,194,0.485
margin_vs_margin_harder_variable,1.2573245899257803,5135,tighten,400,196,204,0.51
margin_vs_margin_harder_variable,1.2227916209263197,5136,tighten,400,294,106,0.265
margin_vs_margin_harder_variable,1.2227916209263197,5137,tighten,400,180,220,0.55
margin_vs_margin_harder_variable,1.2227916209263197,5138,tighten,400,0,400,1.0
margin_vs_margin_harder_variable,1.2227916209263197,5139,tighten,400,298,102,0.255
margin_vs_margin_harder_variable,1.2265812963214031,5140,tighten,400,320,80,0.2
margin_vs_margin_harder_variable,1.2265812963214031,5141,tighten,400,0,400,1.0
margin_vs_margin_harder_variable,1.2265812963214031,5142,tighten,400,314,86,0.215
margin_vs_margin_harder_variable,1.2265812963214031,5143,tighten,400,319,81,0.2025
margin_vs_margin_harder_variable,1.2495672708227517,5144,tighten,400,295,105,0.2625
margin_vs_margin_harder_variable,1.2495672708227517,5145,tighten,400,302,98,0.245
margin_vs_margin_harder_variable,1.2495672708227517,5146,tighten,400,203,197,0.4925
margin_vs_margin_harder_variable,1.2495672708227517,5147,tighten,400,0,400,1.0
margin_vs_margin_harder_variable,1.2690509571917332,5148,tighten,400,0,400,1.0
margin_vs_margin_harder_variable,1.2690509571917332,5149,tighten,400,0,400,1.0
margin_vs_margin_harder_variable,1.2690509571917332,5150,tighten,400,0,400,1.0
margin_vs_margin_harder_variable,1.2690509571917332,5151,tighten,400,0,400,1.0
margin_vs_margin_harder_variable,1.2341959183938165,5152,tighten,400,313,87,0.2175
margin_vs_margin_harder_variable,1.2341959183938165,5153,tighten,400,299,101,0.2525
margin_vs_margin_harder_variable,1.2341959183938165,5154,tighten,400,0,400,1.0
margin_vs_margin_harder_variable,1.2341959183938165,5155,tighten,400,303,97,0.2425
margin_vs_margin_harder_variable,1.2769292311052765,5156,tighten,400,0,400,1.0
margin_vs_margin_harder_variable,1.2769292311052765,5157,tighten,400,0,400,1.0
margin_vs_margin_harder_variable,1.2769292311052765,5158,tighten,400,0,400,1.0
margin_vs_margin_harder_variable,1.2769292311052765,5159,tighten,400,0,400,1.0
margin_vs_margin_harder_variable,1.241857812073484,5160,tighten,400,0,400,1.0
margin_vs_margin_harder_variable,1.241857812073484,5161,tighten,400,206,194,0.485
margin_vs_margin_harder_variable,1.241857812073484,5162,tighten,400,292,108,0.27
margin_vs_margin_harder_variable,1.241857812073484,5163,tighten,400,300,100,0.25
margin_vs_margin_harder_variable,1.2534399293033125,5164,tighten,400,0,400,1.0
margin_vs_margin_harder_variable,1.2534399293033125,5165,tighten,400,196,204,0.51
margin_vs_margin_harder_variable,1.2534399293033125,5166,tighten,400,0,400,1.0
margin_vs_margin_harder_variable,1.2534399293033125,5167,tighten,400,305,95,0.2375
margin_vs_margin_harder_variable,1.1709492678097706,5168,tighten,400,400,0,0.0
margin_vs_margin_harder_variable,1.1709492678097706,5169,tighten,400,400,0,0.0
margin_vs_margin_harder_variable,1.1709492678097706,5170,tighten,400,321,79,0.1975
margin_vs_margin_harder_variable,1.1709492678097706,5171,tighten,400,312,88,0.22
margin_vs_margin_harder_variable,1.272983999506771,5172,tighten,400,69,331,0.8275
margin_vs_margin_harder_variable,1.272983999506771,5173,tighten,400,0,400,1.0
margin_vs_margin_harder_variable,1.272983999506771,5174,tighten,400,90,310,0.775
margin_vs_margin_harder_variable,1.272983999506771,5175,tighten,400,300,100,0.25
margin_vs_margin_harder_variable,1.2457065774019889,5176,tighten,400,0,400,1.0
margin_vs_margin_harder_variable,1.2457065774019889,5177,tighten,400,0,400,1.0
margin_vs_margin_harder_variable,1.2457065774019889,5178,tighten,400,0,400,1.0
margin_vs_margin_harder_variable,1.2457065774019889,5179,tighten,400,296,104,0.26
margin_vs_margin_harder_variable,1.160129386160163,5180,tighten,400,400,0,0.0
margin_vs_margin_harder_variable,1.160129386160163,5181,tighten,400,294,106,0.265
margin_vs_margin_harder_variable,1.160129386160163,5182,tighten,400,400,0,0.0
margin_vs_margin_harder_variable,1.160129386160163,5183,tighten,400,307,93,0.2325
margin_vs_margin_harder_variable,1.20029818845944,5184,tighten,400,311,89,0.2225
margin_vs_margin_harder_variable,1.20029818845944,5185,tighten,400,314,86,0.215
margin_vs_margin_harder_variable,1.20029818845944,5186,tighten,400,311,89,0.2225
margin_vs_margin_harder_variable,1.20029818845944,5187,tighten,400,394,6,0.015
margin_vs_margin_harder_variable,1.2651300664998562,5188,tighten,400,0,400,1.0
margin_vs_margin_harder_variable,1.2651300664998562,5189,tighten,400,196,204,0.51
margin_vs_margin_harder_variable,1.2651300664998562,5190,tighten,400,0,400,1.0
margin_vs_margin_harder_variable,1.2651300664998562,5191,tighten,400,0,400,1.0
