group_type,k,s,err,delta,noise_scale,n,weight_decay,hit_rate,proxy_hit_rate,correct,proxy_correct,episodes,mean_reward,wn_policy_net_0,wn_policy_net_2,wn_action_net,weight_norm_actor,wn_value_net_0,wn_value_net_2,wn_value_net_out,weight_norm_critic,weight_norm_total,fit_status,fit_L,fit_A,fit_tau,fit_L_err,fit_A_err,fit_tau_err,r_squared,rmse,fit_points_used,source_file
margin,1,1.0,0.0,1.0,,,0.0,1.0,1.0,500,500,500,1.0,4.720297875329615,11.772202103568713,2.772849837921335,12.98285987842314,2.896721653341403,7.950277939322443,1.0053968088160088,8.52107612878746,15.529436210479789,ok,1.0054360242414733,0.9681098129068938,13805.960846800464,9.033883653823136e-05,0.0005864781641425,12.901496791349672,0.959044710210442,0.0344569512134982,200704,per_layer_weight_norm_rerun_7.csv
margin,2,1.0,0.0,0.5,,,0.0,1.0,1.0,500,500,500,1.0,5.121583020474479,12.652965253620954,3.343682059484623,14.053766472368572,2.8245834020202047,7.949131913144307,1.0103968559035184,8.496344588936882,16.422430497153215,ok,1.0057172935529208,0.9622694789021642,16098.118300740867,0.0001003151908677,0.0005838010143473,15.356526690449838,0.9578583322544372,0.0370375479446149,200704,per_layer_weight_norm_rerun_7.csv
margin,3,1.0,0.0,0.3333333333333333,,,0.0,1.0,1.0,500,500,500,1.0,5.318003804749932,13.65436644844028,4.0337208311686,15.198479901602983,2.858319598467073,7.935731805387744,1.0319112386986873,8.497686215586938,17.412767222300026,ok,1.0049135135744731,0.9638641366935884,17827.808476860464,9.984643733015263e-05,0.0005380120775417,15.892614650215654,0.9633714639923894,0.0359191205610057,200704,per_layer_weight_norm_rerun_7.csv
margin,4,1.0,0.0,0.25,,,0.0,1.0,1.0,500,500,500,1.0,5.407251871582679,14.112453353000582,4.508878572321999,15.771166679205956,2.849289706878712,7.985485108910187,1.0379305643191954,8.541880595905054,17.93581396363141,ok,1.0040992307347854,0.9534846725819868,20163.59348546943,0.0001058932438508,0.0005169341792267,17.862396080731212,0.9644013519352634,0.0367029738683129,200704,per_layer_weight_norm_rerun_7.csv
margin,5,1.0,0.0,0.2,,,0.0,1.0,1.0,500,500,500,1.0,5.583564446301529,14.82540331745416,4.861974558451784,16.57128757997446,2.912653881722996,7.956924345059584,1.033018001402288,8.536001631849604,18.640571233660054,ok,1.0034830569550406,0.9444327666032294,21680.83330264375,0.000110980102445,0.0005092733457533,19.41269849548026,0.9641144040535764,0.0374954031468513,200704,per_layer_weight_norm_rerun_7.csv
margin,6,1.0,0.0,0.16666666666666666,,,0.0,1.0,1.0,500,500,500,1.0,5.715675509893403,15.267487590941538,5.2124152289238,17.115326359513737,2.846880887022328,8.00376551175316,1.0446151172270457,8.558984396244782,19.13610750094772,ok,1.0004968499718163,0.9260169569530056,23546.24368115561,0.0001075166019812,0.0004580898625763,19.751694014128415,0.9689131131408072,0.0351481500857511,200704,per_layer_weight_norm_rerun_7.csv
margin,7,1.0,0.0,0.14285714285714285,,,0.0,1.0,1.0,500,500,500,1.0,5.633761097241347,15.31334985009551,5.607932967329319,17.253604258191075,2.864926187053732,8.019998444829943,1.0562609202507132,8.581600331173075,19.26994354278857,ok,0.9954106532423772,0.9125346362981744,24716.58473335441,9.572066218976136e-05,0.0003895848349532,18.14354312197918,0.9763105254122976,0.0306256174130325,200704,per_layer_weight_norm_rerun_7.csv
margin,8,1.0,0.0,0.125,,,0.0,1.0,1.0,500,500,500,1.0,5.703951893263188,15.785254519920628,5.794585420376658,17.756310079894895,2.864424756891664,7.9915812915961,1.066423980269439,8.5561417025302,19.71025389200133,ok,0.9915897076439256,0.8957752181262437,26757.77190810543,0.0001032975647309,0.0003886093972244,20.4729949499958,0.9749044693682638,0.0317835407429953,200704,per_layer_weight_norm_rerun_7.csv
margin,9,1.0,0.0,0.1111111111111111,,,0.0,1.0,1.0,500,500,500,1.0,5.818828009421551,16.43098913633549,5.83877647097831,18.38280376002675,2.8393227861512798,7.961880067499849,1.0484075185726849,8.517772385912235,20.260304057389234,ok,0.9915782759900588,0.8957308938738191,28987.61741730059,0.0001043636386258,0.0003606561590692,21.207204554191133,0.9776547225340424,0.0307007729194254,200704,per_layer_weight_norm_rerun_7.csv
margin,10,1.0,0.0,0.1,,,0.0,1.0,1.0,500,500,500,1.0,5.806666066524279,16.565245487174234,6.036358825995803,18.56239092182492,2.882138920481818,7.976901509537495,1.0459490440139478,8.54585816945796,20.43511802234427,ok,0.9868641478573368,0.8740421076041787,31290.258308969183,0.0001064438638236,0.0003372829090572,22.666542027735264,0.9787851362556442,0.0298266178132798,200704,per_layer_weight_norm_rerun_7.csv
margin,11,1.0,0.0,0.09090909090909091,,,0.0,1.0,1.0,500,500,500,1.0,5.82022867590432,16.575929460385662,6.202567899764092,18.6308439923339,2.8292818258923624,8.040898166768736,1.064612011086444,8.59035957994886,20.515911522023664,ok,-43776.42280046279,-43776.97859323709,-15498830011.746998,26905.719332988378,26905.71940818852,9525504231.537409,0.6501538794248066,0.1200462102727798,200704,per_layer_weight_norm_rerun_7.csv
margin,12,1.0,0.0,0.08333333333333333,,,0.0,1.0,1.0,500,500,500,1.0,5.883828889704093,16.747750700620095,6.344983674113583,18.85113826160652,2.927257781526396,8.029960685149923,1.0471526981276615,8.610785997675027,20.724648350598414,ok,0.975505162464851,0.8459420774808564,34825.560175694045,0.0001151932604959,0.0003200084263709,26.079667368196105,0.9785752822687188,0.0298420088778582,200704,per_layer_weight_norm_rerun_7.csv
margin,13,1.0,0.0,0.07692307692307693,,,0.0,1.0,1.0,500,500,500,1.0,5.745871025452374,16.644094723301983,6.373837629060006,18.726097541159056,2.943757767474705,8.061086027038131,1.0397677712479605,8.644532072183145,20.625097911719266,ok,0.967451093704042,0.8189093546060986,37038.36599013325,0.000115676123747,0.0002962249891564,27.46377734088908,0.9797583289456668,0.0284733049554112,200704,per_layer_weight_norm_rerun_7.csv
margin,14,1.0,0.0,0.07142857142857142,,,0.0,1.0,1.0,500,500,500,1.0,5.800907539508548,16.924874731104566,6.511530025229636,19.039483612088222,2.884461972546535,8.050220950312319,1.0360069914213128,8.613912508621635,20.897402348645254,ok,0.9624902311487356,0.8302833625745746,37290.72233043197,0.0001185098323113,0.0003006946787514,27.79538671920945,0.9796399645142634,0.028998904671488,200704,per_layer_weight_norm_rerun_7.csv
margin,15,1.0,0.0,0.06666666666666667,,,0.0,1.0,1.0,500,500,500,1.0,5.714091761897211,16.801470389619634,6.579790025825861,18.92706762022592,2.893382061827782,8.089632381512704,1.0783978467142823,8.658911810356061,20.81371284610528,ok,0.9562951383114676,0.7920429266796065,40536.96981903764,0.0001277200688796,0.0002881316014399,31.99146039868544,0.9785185388535934,0.028928332360157,200704,per_layer_weight_norm_rerun_7.csv
margin,16,1.0,0.0,0.0625,,,0.0,1.0,1.0,500,500,500,1.0,5.8148330369589525,17.603533243788227,6.535943603940252,19.65744705465982,2.906623075494025,8.057459328408525,1.0609785871088602,8.631151956387711,21.46886137644494,ok,0.9579229414879094,0.7959831697373819,42748.6640437779,0.0001264167068275,0.0002636475305497,31.85407561189061,0.9815836307144882,0.0271367765808383,200704,per_layer_weight_norm_rerun_7.csv
margin,17,1.0,0.0,0.058823529411764705,,,0.0,1.0,1.0,500,500,500,1.0,5.858901747347205,18.220107762434694,6.556228205272562,20.2307484992378,2.919294115030973,8.058277067506932,1.042774234036118,8.633972754759666,21.996105800103454,ok,0.9586039731531036,0.7817746095467638,47151.778108414605,0.0001437199887845,0.0002576102159919,37.56086176694186,0.980722453551142,0.0276858632542449,200704,per_layer_weight_norm_rerun_7.csv
margin,18,1.0,0.0,0.05555555555555555,,,0.0,1.0,1.0,500,500,500,1.0,5.776560564585107,17.474347060684096,6.6621624894290905,19.573090358681604,2.97689526617699,8.1021232125854,1.0603128635753591,8.696583774469461,21.41813333452475,ok,0.941283937977278,0.762854067786802,47093.26794563884,0.0001458812854514,0.0002619882905735,39.062867970853056,0.9791092447976748,0.0281421109071277,200704,per_layer_weight_norm_rerun_7.csv
margin,19,1.0,0.0,0.05263157894736842,,,0.0,1.0,1.0,500,500,500,1.0,5.827595310839156,17.7557574407597,6.631210114637082,19.82928987600093,2.937770194451136,8.080988822737744,1.0422621179496416,8.661361578362301,21.638389990422205,ok,0.9362862870333402,0.7441759365303504,49299.89924096344,0.0001619554207524,0.0002704120909344,44.81496345040455,0.9760784968150128,0.0295845700636274,200704,per_layer_weight_norm_rerun_7.csv
margin,20,1.0,0.0,0.05,,,0.0,1.0,1.0,500,500,500,1.0,5.892014696232051,18.16120038853533,6.667930772130736,20.22390510052593,2.937569234417652,8.050379539029361,1.0547852378169196,8.63426288847729,21.989925719347365,ok,0.9409463779577,0.7477358696038658,52326.72381648791,0.000166118425123,0.0002520077678539,46.21085245570657,0.9787194873325612,0.0281598275722309,200704,per_layer_weight_norm_rerun_7.csv
margin,21,1.0,0.0,0.047619047619047616,,,0.0,1.0,1.0,500,500,500,1.0,5.840514837892617,18.342285398343392,6.679309109516474,20.37557894604212,2.9434611221274416,8.128016380536137,1.0554019813724689,8.708759211393115,22.15867108805082,ok,0.9380333243168516,0.7322783086171839,55713.12201196354,0.000186981526432,0.0002565084971744,53.66055850386842,0.9764454182722276,0.0291700814209198,200704,per_layer_weight_norm_rerun_7.csv
margin,22,1.0,0.0,0.045454545454545456,,,0.0,1.0,1.0,500,500,500,1.0,5.923639422139465,18.39018488983683,6.640900922812251,20.430124066008908,2.9898118929714537,8.124654519548878,1.0460593227722133,8.720276734378228,22.213356245211,ok,0.9297008248719624,0.7364389329702802,54421.9146481907,0.0001772190688983,0.0002523974248372,50.379062351862856,0.9776278302969068,0.0285340996776239,200704,per_layer_weight_norm_rerun_7.csv
margin,23,1.0,0.0,0.043478260869565216,,,0.0,1.0,1.0,500,500,500,1.0,5.709872069433046,18.07462247847335,6.6779764704181135,20.09701436850966,2.9992293222275315,8.117165425025508,1.0330417529345686,8.714982864460783,21.90527134860303,ok,0.9220013583525531,0.7120998546339181,59619.01344320513,0.0002164223990465,0.0002670826926099,64.57403100365539,0.9726183388911568,0.0307176026040564,200704,per_layer_weight_norm_rerun_7.csv
margin,24,1.0,0.0,0.041666666666666664,,,0.0,1.0,1.0,500,500,500,1.0,5.686642380390411,17.902481268351035,6.729376625669463,19.95297589073416,3.0141681551769217,8.036790170738792,1.019460085336793,8.643755247678014,21.744786770119862,ok,0.9063994841701118,0.6927835033341091,58177.84915624704,0.0002098157317349,0.0002688657601527,64.0938695316185,0.9708743262711936,0.0308304683966592,200704,per_layer_weight_norm_rerun_7.csv
margin,25,1.0,0.0,0.04,,,0.0,1.0,1.0,500,500,500,1.0,5.736159215978905,18.318234595457337,6.6544040203924295,20.316060989076718,2.960053417607409,8.085577556873117,1.041811813428238,8.67316853969172,22.089956691441994,ok,0.9049844709750025,0.7005955943986186,58976.69738715024,0.0002088463526122,0.0002620450655005,63.22559651807621,0.9728137574309036,0.0301033680494696,200704,per_layer_weight_norm_rerun_7.csv
margin,26,1.0,0.0,0.038461538461538464,,,0.0,1.0,1.0,500,500,500,1.0,5.890395936635566,19.2397374596349,6.5329711543228255,21.15523514190341,2.9495281739261068,8.060595404791039,1.0498586189478114,8.647260713561336,22.85430138414925,ok,0.918048018622202,0.6986825366311099,63940.503871700326,0.0002403335001821,0.0002676453816646,73.9316680593474,0.9714645573206964,0.0307872405512112,200704,per_layer_weight_norm_rerun_7.csv
margin,27,1.0,0.0,0.037037037037037035,,,0.0,1.0,1.0,500,500,500,1.0,5.7767004205543415,18.35322481424115,6.597735034942007,20.340630187440382,3.0103128617725137,8.088280696255387,1.0391679668029918,8.692648515291529,22.12020286147057,ok,0.894244234456316,0.6783931417872415,62731.51811362503,0.0002435469292885,0.000278675470824,76.91627133915262,0.967256797186431,0.0320984390638416,200704,per_layer_weight_norm_rerun_7.csv
margin,28,1.0,0.0,0.03571428571428571,,,0.0,1.0,1.0,500,500,500,1.0,5.726813517711632,18.34922520355645,6.669219681114502,20.34622691784501,2.918047218340096,8.025934567171147,1.0352028739523922,8.602457220772118,22.09007062070321,ok,0.8879118255035646,0.6711048232583682,63459.214727586485,0.0002420939652757,0.0002725069013532,77.43530587717314,0.968016324293172,0.0313671327636289,200704,per_layer_weight_norm_rerun_7.csv
margin,29,1.0,0.0,0.034482758620689655,,,0.0,1.0,1.0,500,500,500,1.0,5.913803734907144,19.216266445248905,6.662084677172912,21.180683250443614,2.973680194546145,8.11870149255817,1.0458227378077571,8.709180961698864,22.901335681117832,ok,0.9032019775049523,0.6809321708340059,67723.74913554925,0.0002654798600666,0.0002738984695159,84.62279892284178,0.9691925777754514,0.0311560556926771,200704,per_layer_weight_norm_rerun_7.csv
margin,30,1.0,0.0,0.03333333333333333,,,0.0,0.998,0.998,499,499,500,0.998,5.77958038810404,18.4366765678929,6.667449154207591,20.43940974088028,2.919149854276124,8.05967789012757,1.0705287307158984,8.638626935319044,22.18998300772696,ok,0.8793168491537587,0.654201863487968,65447.36212964031,0.0002561205477934,0.0002762486620186,84.47622421893251,0.9657125488944774,0.0316762967483211,200704,per_layer_weight_norm_rerun_7.csv
heatmap,,,,,1.0,3,0.0,1.0,,500,,500,1.0,5.343980731221434,9.660688803616896,2.7848439655977804,11.386061396669229,4.699225168073145,7.8451844052938515,0.8870170504144025,9.187841682410715,14.630749430899463,ok,1.0037490929225306,0.9540760309196646,12256.109171745482,7.624120714266598e-05,0.0005363696536782,10.502991279278945,0.9651274396775033,0.0296926118372193,200704,per_layer_weight_norm_rerun_7.csv
heatmap,,,,,1.05,3,0.0,1.0,,500,,500,1.0,5.408347279785858,9.843882808849033,2.802585688578059,11.576127832524277,4.739261795017119,7.839181935407218,0.8510452809724212,9.199872490876665,14.78662873826662,ok,1.0039473580125893,0.943688932604263,12713.366121092433,7.399243290731795e-05,0.0005080172527405,10.46849928262644,0.9677699288062788,0.0286426086978825,200704,per_layer_weight_norm_rerun_7.csv
heatmap,,,,,1.1,3,0.0,1.0,,500,,500,1.0,5.221024209027038,9.79477299037977,2.877215487180101,11.466256611640455,4.834318845332759,7.860023809237977,0.8889756073859794,9.27043098300476,14.745030732238,ok,1.0039733505659003,0.9395251104933926,12820.212223565792,7.68951469257376e-05,0.00052498926647,10.966604641267464,0.9653200481347852,0.0297237362097648,200704,per_layer_weight_norm_rerun_7.csv
heatmap,,,,,1.15,3,0.0,1.0,,500,,500,1.0,5.120664114428468,9.602407415941055,2.7292180618896604,11.219450092756777,4.6831613190691135,7.801563226521256,0.8148016815737549,9.135660375590223,14.468460556741666,ok,1.003761459750199,0.9623356111087068,12165.75294599021,7.580439795163294e-05,0.0005359117352277,10.320205189702897,0.9657935591626374,0.02955766350757,200704,per_layer_weight_norm_rerun_7.csv
heatmap,,,,,1.2,3,0.0,1.0,,500,,500,1.0,5.150841783966026,9.766339759228035,2.772749270085046,11.38423040397926,4.7403492514793655,7.83814210105687,0.8587366883796884,9.200261481193374,14.637127901785114,ok,1.003817607294836,0.9468414393386544,12602.965066669589,7.536432441356266e-05,0.0005204596079833,10.587588323350433,0.9664833096244232,0.0292165809320391,200704,per_layer_weight_norm_rerun_7.csv
heatmap,,,,,1.25,3,0.0,1.0,,500,,500,1.0,5.23056367926173,9.623279250513482,2.7159021585388428,11.284610071727393,4.697828145357951,7.779887701929439,0.8344213957273684,9.126472538916548,14.513267222597712,ok,1.004059784832358,0.9519486403494928,12789.26266266822,7.674761861597404e-05,0.0005248337597102,10.791552777445832,0.9662198966594784,0.0296790089925742,200704,per_layer_weight_norm_rerun_7.csv
heatmap,,,,,1.3,3,0.0,1.0,,500,,500,1.0,5.190862331499485,9.651302472138546,2.7977498104656413,11.310176619100536,4.7039667656234965,7.813695626441348,0.8014687839813609,9.155517182904283,14.55141196041484,ok,1.0040284105472594,0.9576527140077988,12656.048486966474,7.855467041472054e-05,0.0005409708474899,10.930841660544411,0.9646483031168394,0.0304318706090032,200704,per_layer_weight_norm_rerun_7.csv
heatmap,,,,,1.35,3,0.0,1.0,,500,,500,1.0,5.239743972221914,9.551359498865086,2.6934620382187666,11.222215597747256,4.720919522039562,7.830723354719399,0.8079338908102582,9.17932821962707,14.498213320473791,ok,1.0040811506449243,0.9516981626999772,12825.866528840928,7.744416025334948e-05,0.0005285822184599,10.905650227481294,0.9657210125704304,0.0299337084967196,200704,per_layer_weight_norm_rerun_7.csv
heatmap,,,,,1.4,3,0.0,1.0,,500,,500,1.0,5.163197535850467,9.597572220716645,2.8236689828644286,11.258112979130862,4.804420191609481,7.792689732227004,0.8465399884425043,9.19375312874635,14.5351368911066,ok,1.004182450941029,0.9515298742807512,12955.655713203992,7.85112021570205e-05,0.0005322469944538,11.1054499099419,0.965198908119485,0.0302933658208294,200704,per_layer_weight_norm_rerun_7.csv
heatmap,,,,,1.45,3,0.0,1.0,,500,,500,1.0,5.191234169570077,9.68210449438833,2.81418840778566,11.340710561427876,4.777151447022104,7.77690719237126,0.8170185111174703,9.163458990689586,14.580147348779832,ok,1.0042073814543195,0.9382705310661242,13071.63724904521,7.737446906416614e-05,0.0005213948084552,11.141496572004726,0.9655933575265594,0.029808213743796,200704,per_layer_weight_norm_rerun_7.csv
heatmap,,,,,1.5,3,0.0,1.0,,500,,500,1.0,5.212337548882802,9.548434000275236,2.77494074280393,11.2268139161197,4.76187438647908,7.813583129067411,0.7669389032046637,9.182359406421703,14.50369177057621,ok,1.003898675952672,0.9583790896036434,12676.598310120376,7.582573627726992e-05,0.0005216295807174,10.549971548096288,0.967091626448649,0.0293668986129674,200704,per_layer_weight_norm_rerun_7.csv
heatmap,,,,,1.55,3,0.0,1.0,,500,,500,1.0,5.149373173528737,9.635424522405293,2.80213008427946,11.278713703984629,4.835489628255184,7.838351173187852,0.8435772114840384,9.248423193761951,14.585702396092026,ok,1.004240124196874,0.9424069658571766,12996.77512704978,8.11636673600229e-05,0.00054905010793,11.607540667374874,0.962340101311334,0.0312994500877788,200704,per_layer_weight_norm_rerun_7.csv
heatmap,,,,,1.6,3,0.0,1.0,,500,,500,1.0,5.249943721560422,9.490813787766326,2.709299406722802,11.179345182472703,4.754054858659749,7.767773956986437,0.7597612705158024,9.138740998308185,14.439333285960071,ok,1.0039180682900306,0.9541727666271362,12803.798723872287,7.612757614063516e-05,0.0005201979242438,10.684571699192858,0.9669385856586934,0.0294335238568963,200704,per_layer_weight_norm_rerun_7.csv
heatmap,,,,,1.65,3,0.0,1.0,,500,,500,1.0,5.224742159002806,9.58498444245809,2.77390476331989,11.263410008793684,4.750870040687369,7.789977578538242,0.7206761810970121,9.15280781922301,14.5133833409658,ok,1.0042294585090288,0.9415400908306508,13262.08342184386,8.16608209251537e-05,0.0005449103239094,11.790049165900626,0.9627104554517552,0.0313786814508988,200704,per_layer_weight_norm_rerun_7.csv
heatmap,,,,,1.7,3,0.0,1.0,,500,,500,1.0,5.277879173907505,9.488223905299764,2.781266498633938,11.207936687360968,4.755762794030938,7.798513483989258,0.7525118992681656,9.16517138255425,14.47819779045318,ok,1.004029036314798,0.9449535351794623,13419.287876097278,7.958310840571946e-05,0.0005267978995611,11.505928062216295,0.9652453764087104,0.0305150726419889,200704,per_layer_weight_norm_rerun_7.csv
heatmap,,,,,1.75,3,0.0,1.0,,500,,500,1.0,5.305905428416025,9.56073519060498,2.6911111638409357,11.260655802230898,4.781757312239353,7.790850248611362,0.7978300888169948,9.176005854404409,14.52588904461205,ok,1.004439084601475,0.9346819196377496,13543.924841226017,7.996887585538582e-05,0.0005260210974869,11.734372013502409,0.9645569139310028,0.0306110366709411,200704,per_layer_weight_norm_rerun_7.csv
heatmap,,,,,1.8,3,0.0,1.0,,500,,500,1.0,5.326592118596888,9.529231642202506,2.794042262762257,11.268784826002916,4.8741393705111244,7.782631980923485,0.7969373908743145,9.21746735055965,14.558407049309574,ok,1.0042623986399035,0.9499255506959188,13962.536607778284,8.384069349914602e-05,0.0005400676197539,12.260556059533824,0.9636876183071944,0.0319095670725008,200704,per_layer_weight_norm_rerun_7.csv
heatmap,,,,,1.85,3,0.0,1.0,,500,,500,1.0,5.323558740576024,9.564009421481265,2.766129555111425,11.289908174746447,4.841386399098368,7.788299051914577,0.8075398410037526,9.205908156300309,14.567455906109457,ok,1.0042505441982448,0.9569476896118876,13553.609317399034,7.745159603140873e-05,0.0005092314191735,11.103428082250357,0.9681898506746868,0.02964381715085,200704,per_layer_weight_norm_rerun_7.csv
heatmap,,,,,1.9,3,0.0,1.0,,500,,500,1.0,5.380666123535577,9.447855988724385,2.658553670217588,11.192920009276667,4.795701026154783,7.750014124605551,0.7331404694991343,9.143246809086202,14.452695961166931,ok,1.004496715244555,0.9574728237861492,13548.559445670564,8.623386942113482e-05,0.000567098948859,12.35424288492015,0.9608901710698282,0.0330071170396066,200704,per_layer_weight_norm_rerun_7.csv
heatmap,,,,,1.95,3,0.0,1.0,,500,,500,1.0,5.308013887153122,9.379615772542754,2.6971621683431897,11.109765399372074,4.842821475215939,7.828794244228253,0.8565344368561136,9.24535507164514,14.453493613306074,ok,1.0043750671945628,0.9539505402495688,14053.853531521068,8.369385465680756e-05,0.0005366870297897,12.220849506132213,0.9643793264285496,0.0318134588258965,200704,per_layer_weight_norm_rerun_7.csv
heatmap,,,,,2.0,3,0.0,1.0,,500,,500,1.0,5.386954852179661,9.567136622547023,2.7136870153380426,11.309884303171131,4.819139051039016,7.747799734905667,0.7242852312625874,9.1529826298141,14.54959016511446,ok,1.004467476395522,0.9464810806067736,14282.998106757095,8.664443509195612e-05,0.0005493825500049,12.83801511508234,0.9620726667572777,0.0328304214234728,200704,per_layer_weight_norm_rerun_7.csv
heatmap,,,,,2.05,3,0.0,1.0,,500,,500,1.0,5.431251602479898,9.478701715629352,2.7745891325812515,11.271318691171556,4.836840431273708,7.811732316446489,0.8487409727763664,9.22705523882283,14.5664399706394,ok,1.00357935464552,0.9381629484398918,13724.975046018497,7.62597629746756e-05,0.0004970724457691,11.211124381503485,0.9683943212500592,0.0291190382005166,200704,per_layer_weight_norm_rerun_7.csv
heatmap,,,,,2.1,3,0.0,0.998,,499,,500,0.998,5.460333330953795,9.537463390381946,2.7318496941994788,11.324374188435256,4.886610016958632,7.809695393809348,0.831014371894527,9.24991267462686,14.621981235383984,ok,1.0040705000204049,0.9428005189040332,14388.984986763371,8.240981232581633e-05,0.0005198357674597,12.296063431953598,0.965608807864866,0.0311797655289947,200704,per_layer_weight_norm_rerun_7.csv
heatmap,,,,,2.15,3,0.0,1.0,,500,,500,1.0,5.48507016685841,9.58613588707664,2.791475797487992,11.391766022387396,4.777484030859072,7.692751890255901,0.6575298847528939,9.079379431408974,14.567342378358251,ok,1.0047083084653483,0.944144723424312,15000.673629635474,8.752135982834162e-05,0.0005360497934207,13.267546450459976,0.9633566531800932,0.0328293036178812,200704,per_layer_weight_norm_rerun_7.csv
heatmap,,,,,2.2,3,0.0,1.0,,500,,500,1.0,5.445690510653597,9.575559533101258,2.7905617321745693,11.363719474312369,4.903417391443766,7.811463164192256,0.8133015724192343,9.258721203705472,14.658036656346969,ok,1.0039027451601077,0.9428750115880422,14425.568477052597,8.302760928541376e-05,0.0005228009825837,12.40036460625001,0.9652200422093042,0.0313974540253981,200704,per_layer_weight_norm_rerun_7.csv
heatmap,,,,,2.25,3,0.0,1.0,,500,,500,1.0,5.502576466337337,9.472515450050585,2.764444012728461,11.298187793573211,4.785032236477457,7.736986223898864,0.7162353712880877,9.125266157215002,14.523068885702504,ok,1.003798448990152,0.9489802962767032,15011.945690812589,8.248744680601414e-05,0.0005049500564587,12.444509507053496,0.9676676020807364,0.0309361709001668,200704,per_layer_weight_norm_rerun_7.csv
heatmap,,,,,2.3,3,0.0,1.0,,500,,500,1.0,5.53003508619841,9.54509209312685,2.636730088346439,11.34206403965564,4.9520129458142375,7.829445980345432,0.8430246537690743,9.30233019955331,14.668870570741673,ok,1.0036109550904595,0.9415363401852668,15308.149009978451,8.122329832122518e-05,0.0004903118947536,12.449970215564552,0.9688850721642248,0.0303337754989278,200704,per_layer_weight_norm_rerun_7.csv
heatmap,,,,,2.35,3,0.0,1.0,,500,,500,1.0,5.490283450162104,9.39084552507544,2.786269960038838,11.229180394363969,4.796674818962767,7.762330924655115,0.7408810335343139,9.15482252195964,14.488107803911028,ok,1.0040344421318392,0.9514405677764192,14853.507221921407,8.812485480278369e-05,0.0005435418957003,13.202879126963598,0.9629787631415132,0.0331246425966005,200704,per_layer_weight_norm_rerun_7.csv
heatmap,,,,,2.4,3,0.0,1.0,,500,,500,1.0,5.531154007402005,9.44454977566356,2.69405424799893,11.271695232295226,4.877570161753537,7.767382756712126,0.7938187991863676,9.206143267299232,14.553493988310365,ok,1.004143963019462,0.944971190666424,15654.60016093191,8.725022724790362e-05,0.0005182234215813,13.448201880147186,0.9654731520186928,0.0324220912034485,200704,per_layer_weight_norm_rerun_7.csv
heatmap,,,,,2.45,3,0.0,1.0,,500,,500,1.0,5.575696515399817,9.522897686848468,2.751365754611921,11.372949727387208,4.879745197474166,7.786516052636051,0.788269924277043,9.222966708372685,14.642646632539748,ok,1.0042762256498965,0.937884526826557,16623.779464832038,8.847624821902719e-05,0.0005027806226892,14.077286824201748,0.9665889031204592,0.0324139663615003,200704,per_layer_weight_norm_rerun_7.csv
heatmap,,,,,2.5,3,0.0,0.998,,499,,500,0.998,5.595988584896542,9.524819011404857,2.6549407180391853,11.361600928505377,4.879598720358549,7.826522882704555,0.8518670775907553,9.26232269050835,14.658669696862674,ok,1.0040401827426362,0.9346054762534318,16577.843117822784,8.97796926008841e-05,0.0005112467905503,14.31878057191308,0.9652779777470044,0.0329140419772664,200704,per_layer_weight_norm_rerun_7.csv
heatmap,,,,,2.55,3,0.0,1.0,,500,,500,1.0,5.568250432281758,9.339128655747738,2.732480397229981,11.211208054730797,4.932461686478566,7.810655662153902,0.8236436100629233,9.274368385917894,14.550089175127894,ok,1.00332637873423,0.9322634850765428,16703.57413796933,8.797677414680925e-05,0.0004981529020364,14.109299503857148,0.9667665017883792,0.0321926696939786,200704,per_layer_weight_norm_rerun_7.csv
heatmap,,,,,2.6,3,0.0,1.0,,500,,500,1.0,5.600411746468247,9.48232474193855,2.6581829684808542,11.328946594254964,4.894362601246362,7.771713400862521,0.785386265327377,9.217979498967766,14.60534754734961,ok,1.0041789224768431,0.9439512360638892,16665.1454109941,8.8486071550908e-05,0.0005019118583201,14.002036067396016,0.967098084537978,0.0323978041930057,200704,per_layer_weight_norm_rerun_7.csv
heatmap,,,,,2.65,3,0.0,0.998,,499,,500,0.998,5.622580659651596,9.488042477806768,2.7193334130085924,11.359187362926043,4.907535359170348,7.834301015103593,0.8180947011443024,9.280595597094017,14.66835342439156,ok,1.0037036888654367,0.932392720654471,17434.362151038844,8.856487289021253e-05,0.0004854863167827,14.445519635052474,0.9681211905731064,0.0320530153222754,200704,per_layer_weight_norm_rerun_7.csv
heatmap,,,,,2.7,3,0.0,1.0,,500,,500,1.0,5.504351207380265,9.363136274666015,2.742877194046765,11.202213103390644,4.902107018761968,7.798295106258501,0.7834879213088121,9.244344925981908,14.524031517602284,ok,1.003504196934475,0.936067652452066,16885.13174510078,8.62641931239946e-05,0.0004844968895894,13.838349316561096,0.9686878941532332,0.0314802492781783,200704,per_layer_weight_norm_rerun_7.csv
heatmap,,,,,2.75,3,0.0,0.998,,499,,500,0.998,5.697386498095877,9.449843583337294,2.644642709657507,11.34697720628586,4.832220983519374,7.743281700081651,0.7317436840828578,9.156648947053691,14.580744550932588,ok,1.0024652491986292,0.924274074161405,17916.125487472014,8.884655950496819e-05,0.0004768899224656,14.7766815490613,0.9685010788252548,0.0319180322277251,200704,per_layer_weight_norm_rerun_7.csv
heatmap,,,,,2.8,3,0.0,1.0,,500,,500,1.0,5.666923715143912,9.440321630757422,2.7500185879081167,11.348845717483655,4.890105454511111,7.812576886990813,0.7960812211045171,9.251120704108104,14.641705276409056,ok,1.001579433873535,0.9312065756863822,17389.96534776605,8.317002357522077e-05,0.0004568052318233,13.569129254280568,0.971617741947876,0.0301209168529334,200704,per_layer_weight_norm_rerun_7.csv
heatmap,,,,,2.85,3,0.0,1.0,,500,,500,1.0,5.810068708988537,9.488482760342574,2.760957017853116,11.463467501193447,4.920265099462791,7.80538256791586,0.8039303177244863,9.26171202512111,14.73738093377488,ok,0.9998925484591388,0.9162694081067332,19003.70356901329,8.188686339075824e-05,0.0004195658813891,14.055024169888789,0.974699220809798,0.0289205272544781,200704,per_layer_weight_norm_rerun_7.csv
heatmap,,,,,2.9,3,0.0,1.0,,500,,500,1.0,5.579705046618413,9.422199193278177,2.7154848797100595,11.282056735232493,4.922754826699155,7.832792145138365,0.8308973377741572,9.288516472432574,14.61373814038202,ok,1.0030413934785594,0.9096214430069312,19379.50732922571,8.591364114295659e-05,0.0004333009101386,14.965198839670622,0.9725539109476364,0.0301607878941961,200704,per_layer_weight_norm_rerun_7.csv
heatmap,,,,,2.95,3,0.0,1.0,,500,,500,1.0,5.62914154122188,9.196975986572422,2.7252766812877853,11.12199329159439,4.85043554147754,7.727342192592123,0.7282337338148683,9.152533347358473,14.40373567699642,ok,1.0023536050147035,0.9350679601393306,19590.827789147195,8.943902844136596e-05,0.0004470898185933,15.218573083633183,0.9722817711503352,0.0312907766867386,200704,per_layer_weight_norm_rerun_7.csv
heatmap,,,,,3.0,3,0.0,1.0,,500,,500,1.0,5.604365890284307,9.379912839937774,2.744037590688841,11.265940893512852,4.866177193809642,7.730316736722723,0.7058151108008837,9.161640262651847,14.520918583835137,ok,1.002973260203033,0.9196457170598464,19847.609968899164,8.862319735113105e-05,0.0004383041671254,15.408208989737084,0.9723693681776902,0.0308761735513723,200704,per_layer_weight_norm_rerun_7.csv
heatmap,,,,,3.05,3,0.0,1.0,,500,,500,1.0,5.690461566679288,9.493825896860995,2.707046706566989,11.394831498240674,4.933459083005866,7.756995142806471,0.7749119640564722,9.22553416996838,14.661264119936996,ok,1.00325110171717,0.9244236938363548,20454.216820886053,8.728110275873817e-05,0.000420987804295,15.267735457819214,0.9745244292524208,0.030106213261623,200704,per_layer_weight_norm_rerun_7.csv
heatmap,,,,,3.1,3,0.0,0.998,,499,,500,0.998,5.662181416922024,9.342242152532222,2.727328741375973,11.259489726369594,4.853452783404195,7.711759938881807,0.733409891462918,9.14139679395725,14.503146011910465,ok,1.001226203031873,0.911667942509452,19949.861707657703,8.635565391136903e-05,0.0004252808642692,15.174723642064423,0.9734660723457064,0.0300358723427672,200704,per_layer_weight_norm_rerun_7.csv
heatmap,,,,,3.15,3,0.0,1.0,,500,,500,1.0,5.836623955764744,9.324263159274974,2.828528294388727,11.358196818887098,4.8872046621657805,7.761273163242752,0.7244296773682041,9.200376561957608,14.616961512516747,ok,0.9975781997038226,0.8841157567446611,23403.681859310956,8.146275283525015e-05,0.0003490422986784,15.641379162214603,0.9800110982647814,0.0266997940295607,200704,per_layer_weight_norm_rerun_7.csv
heatmap,,,,,3.2,3,0.0,0.998,,499,,500,0.998,5.794502166602027,9.454989152736747,2.6910304904490605,11.411166475766256,4.92915170692948,7.836109207274458,0.7859830437478023,9.290797242611443,14.715081846220498,ok,1.001744440424011,0.8933195635016076,23354.76336896324,8.906707083278951e-05,0.0003823699458132,16.91260882725063,0.9766005977013416,0.0292182163902691,200704,per_layer_weight_norm_rerun_7.csv
heatmap,,,,,3.25,3,0.0,1.0,,500,,500,1.0,5.71241241214203,9.129184743545077,2.6852899836003306,11.098849127012889,4.897441586335461,7.76233992313164,0.7502117291573897,9.208782374037115,14.421724056317656,ok,1.003371113031418,0.8971224474006392,22201.03337436495,8.245804449243203e-05,0.0003705731278257,15.314640449246058,0.9784866632436878,0.0276089760268144,200704,per_layer_weight_norm_rerun_7.csv
heatmap,,,,,3.3,3,0.0,1.0,,500,,500,1.0,5.658693597174159,9.364625990580926,2.767530561010156,11.286109098191847,4.915673080683302,7.784204788559966,0.758307448343713,9.237570904334532,14.584545751887395,ok,1.0003664690192369,0.8812303310690595,25677.627097209403,8.563696862882529e-05,0.0003358128743665,17.02391135227807,0.9807974190962306,0.0269063865606738,200704,per_layer_weight_norm_rerun_7.csv
heatmap,,,,,3.35,3,0.0,1.0,,500,,500,1.0,5.855327565054237,9.529370323667443,2.702758926723086,11.506461900847674,4.913584176074013,7.790596455333532,0.7695591161466058,9.242776845648969,14.758983342158896,ok,0.995146412495084,0.8538323542563485,27424.76747641832,8.819880735230248e-05,0.0003234417707287,18.483588917009083,0.9805797929155328,0.0267814710306751,200704,per_layer_weight_norm_rerun_7.csv
heatmap,,,,,3.4,3,0.0,1.0,,500,,500,1.0,5.712057341749695,9.267087339142323,2.7292725867951058,11.22298693217451,4.908126657408689,7.77412290366927,0.776346539764124,9.226559930782688,14.52875919808999,ok,0.9940074453035884,0.8594094379935832,26518.52974870476,8.723160663603423e-05,0.0003311820757619,17.968784343819607,0.9801548811938376,0.0269658174184226,200704,per_layer_weight_norm_rerun_7.csv
heatmap,,,,,3.45,3,0.0,1.0,,500,,500,1.0,5.764298303185503,9.445925995565451,2.697174244999787,11.38979375360663,4.884466072088912,7.788373871027828,0.7285926256574038,9.222126846799442,14.655204718056844,ok,1.0009697260561363,0.8756642910701173,25993.2284998612,8.62952032923853e-05,0.0003343079530659,17.332975416084277,0.980648660423882,0.0269495914571838,200704,per_layer_weight_norm_rerun_7.csv
heatmap,,,,,3.5,3,0.0,0.992,,496,,500,0.992,5.752478641279084,9.443443576078373,2.676741348911482,11.376931982829133,4.898648695902689,7.807931872211665,0.8196028421490249,9.253772635299974,14.665159028382442,ok,0.994411737511242,0.8516834758841232,26242.12379143656,8.766139054949003e-05,0.0003363643966313,18.159462457515925,0.9792518615141446,0.0272447993159747,200704,per_layer_weight_norm_rerun_7.csv
heatmap,,,,,3.55,3,0.0,1.0,,500,,500,1.0,5.684592833652129,9.288506277365574,2.8138937215403126,11.247619411466268,4.9136331094683,7.814842367691716,0.8090006141872363,9.26660852524201,14.573228056449288,ok,0.997773553431572,0.8505920135864949,30753.66932082137,9.284052124512138e-05,0.0003001663627985,20.21514471791969,0.9823269849565424,0.0263164620566742,200704,per_layer_weight_norm_rerun_7.csv
heatmap,,,,,3.6,3,0.0,1.0,,500,,500,1.0,5.740954681974197,9.444887099219187,2.73619439148954,11.386448644133838,4.881402588802601,7.825643328561136,0.8766794639597932,9.264844932450352,14.679528750877813,ok,1.0009564797405728,0.853651056284936,30160.56331088817,9.17777359446208e-05,0.0003034252705059,19.80039411986461,0.9822194806008998,0.0263451625948993,200704,per_layer_weight_norm_rerun_7.csv
heatmap,,,,,3.65,3,0.0,0.998,,499,,500,0.998,5.796945976969269,9.41049135426182,2.720551623746088,11.38258895533016,4.902846975449079,7.831639282544767,0.7675285746509545,9.271546927534487,14.680766797258183,ok,0.9951165562061084,0.8445269850613191,30763.791818164707,9.7339174116934e-05,0.0003145911202724,21.34893245831268,0.9803447105924932,0.0275856595037161,200704,per_layer_weight_norm_rerun_7.csv
heatmap,,,,,3.7,3,0.0,1.0,,500,,500,1.0,5.632518286435115,9.124008543714233,2.8069218632029207,11.083844301456187,4.892773660494792,7.77124066364977,0.7627670475712262,9.21483744371304,14.414049868547655,ok,1.0056758039701257,0.8777854939404531,32677.47082877683,9.271029194170254e-05,0.0002789207601553,19.894547329743435,0.9852358281171452,0.0252033850287476,200704,per_layer_weight_norm_rerun_7.csv
heatmap,,,,,3.75,3,0.0,1.0,,500,,500,1.0,5.823694319687606,9.268646072581872,2.63739562357916,11.259621273525305,4.882351011974708,7.775728436366084,0.726831479940719,9.210189363985704,14.546706133819402,ok,1.0016188670805088,0.8513919248509471,33256.36689186587,9.178305271041264e-05,0.0002702445451954,20.40173608426631,0.9851480029084476,0.0246330597680037,200704,per_layer_weight_norm_rerun_7.csv
heatmap,,,,,3.8,3,0.0,0.998,,499,,500,0.998,5.597514011961086,9.220692121478567,2.815647311504601,11.148147653129676,4.8547763269362685,7.844578662163347,0.7801862630752971,9.258237314766818,14.491244055377766,ok,1.002780799099111,0.8387860268434424,35308.106642741724,9.857708620561112e-05,0.0002690031324038,22.58627961965091,0.984402521523976,0.0252567337640586,200704,per_layer_weight_norm_rerun_7.csv
heatmap,,,,,3.85,3,0.0,1.0,,500,,500,1.0,5.85986345480426,9.231761553678526,2.6975988438865333,11.26234702961445,4.932915059839903,7.779127158387907,0.7900547912097917,9.245142341093358,14.570968311081543,ok,1.0011043198980565,0.8290816132463781,37078.48904460752,0.0001093802720454,0.0002796900227701,25.65699150060193,0.9823385714144433,0.0268982360145892,200704,per_layer_weight_norm_rerun_7.csv
heatmap,,,,,3.9,3,0.0,1.0,,500,,500,1.0,5.756932772403578,9.149337314654746,2.8605594578994578,11.18192508718808,4.885660431974834,7.798145704388869,0.8193868966610801,9.238622687926105,14.50474397655295,ok,0.9993102246699982,0.8433470869508615,33767.217640053546,9.285969786650556e-05,0.0002682721253024,20.921767302648654,0.9849778067938414,0.0246387734071479,200704,per_layer_weight_norm_rerun_7.csv
heatmap,,,,,3.95,3,0.0,0.998,,499,,500,0.998,5.877352222090191,9.353243497473224,2.753951541273718,11.384668732871305,4.90831075429648,7.785886380616122,0.7445072819704845,9.233949982835794,14.658666871265297,ok,0.9987162820750524,0.8114109023612381,43777.01227481241,0.0001265851568992,0.0002546559555107,31.436684492524947,0.9832075877447516,0.0264975363524928,200704,per_layer_weight_norm_rerun_7.csv
heatmap,,,,,4.0,3,0.0,1.0,,500,,500,1.0,5.815252343972126,9.515435553412496,2.8217848817111078,11.503179713186835,4.904942944325586,7.790625149176582,0.772570279719189,9.23846147035194,14.75372203388184,ok,0.9983532347972732,0.7994232309676054,44083.66465475618,0.0001400031409324,0.0002786614370485,35.33789029898802,0.9792835310826196,0.0290867668698496,200704,per_layer_weight_norm_rerun_7.csv
heatmap,,,,,0.0,3,0.0,1.0,,500,,500,1.0,6.86815461172069,10.492480591339527,2.7403031879320365,12.8363919499183,4.869165248326588,7.94933123872164,0.9996699635142728,9.37549878109851,15.895689217089863,ok,1.0045033171170366,0.9540260244353964,12821.262953336694,8.134455184821018e-05,0.0005553373568235,11.425206168749646,0.9624759007007376,0.0314432220614396,200704,per_layer_weight_norm_rerun_7.csv
heatmap,,,,,0.05,3,0.0,1.0,,500,,500,1.0,6.883197093874603,10.495711963128374,2.780061806325962,12.855625830470965,4.883068241288511,7.93388907973656,0.9838686576373484,9.367974643119217,15.906793027106277,ok,1.004271756504231,0.9413876432539292,12775.679772855272,8.063831358946648e-05,0.0005518282486161,11.460760566968846,0.9619857379698964,0.0311891681951572,200704,per_layer_weight_norm_rerun_7.csv
heatmap,,,,,0.1,3,0.0,1.0,,500,,500,1.0,6.927904549060775,10.487592639019487,2.7778557013490386,12.872526678955849,4.825361297615266,7.943616505774124,0.9857385055676549,9.346487856124842,15.907821294731695,ok,1.0046753582125023,0.9438132422594908,13127.354396446144,8.219314986993847e-05,0.0005522644788176,11.787406372852187,0.9619685909898172,0.0316406625314502,200704,per_layer_weight_norm_rerun_7.csv
heatmap,,,,,0.15,3,0.0,1.0,,500,,500,1.0,6.720094630513168,10.41972549310621,2.734990438466363,12.696870633870448,4.829406779549887,7.930884294443024,0.9745261984843752,9.33658378882436,15.760149768926045,ok,1.004446480831341,0.9564547793031556,12607.477814131027,8.09464033522397e-05,0.0005588707258312,11.25933703575829,0.9622884765124474,0.031378642707638,200704,per_layer_weight_norm_rerun_7.csv
heatmap,,,,,0.2,3,0.0,1.0,,500,,500,1.0,6.716186031996812,10.443039692483437,2.784510816079089,12.724689910565012,4.841301516067479,7.917959703262423,0.9779122692463148,9.332127230075,15.77993447256174,ok,1.0040272112250377,0.9425645272919372,12558.92078444902,7.643068264152679e-05,0.0005290550982074,10.770034608419962,0.9651186304204016,0.0296472951389013,200704,per_layer_weight_norm_rerun_7.csv
heatmap,,,,,0.25,3,0.0,1.0,,500,,500,1.0,6.603480869530078,10.30117536564052,2.68819265243726,12.527831146872412,4.817901841650558,7.908670821059756,0.9619167268541876,9.310453055628589,15.60868634272629,ok,1.0039375585234576,0.941091576216686,12466.574881586052,7.232241815340923e-05,0.0005031025350343,10.174354885863446,0.9682891667093834,0.0280883725783436,200704,per_layer_weight_norm_rerun_7.csv
heatmap,,,,,0.3,3,0.0,1.0,,500,,500,1.0,6.542667946804466,10.287356931171304,2.720387775646641,12.491466132578212,4.808309113563675,7.915001736740595,0.974954565293734,9.312229884865022,15.580576098781512,ok,1.0041753801191924,0.9466974731906762,12331.653539776093,7.6937003785166e-05,0.0005390803828669,10.709376305245543,0.9642269145871538,0.0299339185656132,200704,per_layer_weight_norm_rerun_7.csv
heatmap,,,,,0.35,3,0.0,1.0,,500,,500,1.0,6.490446975169332,10.15027834881742,2.728309815796778,12.353045249934508,4.766538926728845,7.912247271667394,0.945197312363114,9.285308190217918,15.453629836846016,ok,1.0043434894998704,0.9553467779707988,12540.801775264968,7.727567835547369e-05,0.0005354346285623,10.736371233989502,0.9652267600824412,0.0299824999828616,200704,per_layer_weight_norm_rerun_7.csv
heatmap,,,,,0.4,3,0.0,1.0,,500,,500,1.0,6.456023096582308,10.17300163276267,2.8302571408398403,12.376613104039048,4.821366309307635,7.917471402398634,0.9525424862643276,9.318758698692951,15.492572917741477,ok,1.0039186138069365,0.9413672945214528,12327.1961426848,7.472319167860106e-05,0.0005236781025124,10.458905078835109,0.9658028620269138,0.0290740826442981,200704,per_layer_weight_norm_rerun_7.csv
heatmap,,,,,0.45,3,0.0,1.0,,500,,500,1.0,6.322600934715113,10.11111954836248,2.762318148804721,12.240932262542517,4.761352783171823,7.90089816642815,0.9438530464309536,9.272838332212135,15.3566257163316,ok,1.004080596881889,0.942414864601025,12512.819780696698,7.853268393501316e-05,0.0005449367629655,11.050618157904164,0.9630786238430092,0.0304812842024717,200704,per_layer_weight_norm_rerun_7.csv
heatmap,,,,,0.5,3,0.0,1.0,,500,,500,1.0,6.261139424654302,10.003988620906018,2.644141639332789,12.094343315411177,4.7553066942989615,7.895032638141624,0.941759655563162,9.264523374843009,15.234977308615967,ok,1.004301019065139,0.9497316489336626,12692.30316245088,7.564550267009028e-05,0.000519941167491,10.62681125347978,0.9667116459252896,0.0292907091313616,200704,per_layer_weight_norm_rerun_7.csv
heatmap,,,,,0.55,3,0.0,1.0,,500,,500,1.0,6.123986187059527,10.064967572970229,2.7506645702373187,12.098468276695067,4.781693794809373,7.895960829011287,0.9331383616063562,9.27801380482377,15.246457778930075,ok,1.0041989736780106,0.9487480247386646,12427.197951868548,7.586960379708136e-05,0.0005288687763422,10.573405124391073,0.9656292603730992,0.0294811129211623,200704,per_layer_weight_norm_rerun_7.csv
heatmap,,,,,0.6,3,0.0,1.0,,500,,500,1.0,6.005160169140855,10.014477565503585,2.7551644724537843,11.997609796842116,4.759045058358803,7.898115142069898,0.9240625099072816,9.26728785498213,15.15998895198744,ok,1.0039755195742617,0.9411592571947968,12322.135370819682,7.391413579121979e-05,0.0005181729486816,10.345502530082676,0.9664839122427498,0.0287615354614896,200704,per_layer_weight_norm_rerun_7.csv
heatmap,,,,,0.65,3,0.0,1.0,,500,,500,1.0,5.931581865559115,9.876852927021249,2.8586605194282013,11.870460274781912,4.718886063205644,7.855611131787151,0.9189039265936682,9.209934655451358,15.024337705631469,ok,1.0041174274688018,0.9499646246242298,12752.021171312505,7.956972594638194e-05,0.0005451969732973,11.197802509523784,0.9635133021005552,0.0307856536266438,200704,per_layer_weight_norm_rerun_7.csv
heatmap,,,,,0.7,3,0.0,1.0,,500,,500,1.0,5.794743601053201,9.938689168219254,2.717453234886131,11.821216006326036,4.745775635972538,7.87622554052053,0.8896131026610735,9.238437455791145,15.002995517321985,ok,1.0042822252682653,0.9436330002610028,12644.345824741851,7.975864782801784e-05,0.0005495963603481,11.258951332264877,0.9625075509186096,0.0309030281057392,200704,per_layer_weight_norm_rerun_7.csv
heatmap,,,,,0.75,3,0.0,1.0,,500,,500,1.0,5.652252440384011,9.732287237762188,2.6787742076807874,11.568975917680511,4.749774518119733,7.882817668471235,0.9041741761789548,9.247524171810026,14.810736210333449,ok,1.0040056830245665,0.9458163354730086,12735.281904841102,7.719670038700779e-05,0.0005294042168789,10.905348093414682,0.965238653015312,0.0298742190028361,200704,per_layer_weight_norm_rerun_7.csv
heatmap,,,,,0.8,3,0.0,1.0,,500,,500,1.0,5.697871594770884,9.835243052872933,2.725713007625648,11.688766317260423,4.743128100771939,7.880061164539023,0.9153410841221756,9.242860890302875,14.90160177487683,ok,1.0041788612180846,0.9382469245164936,12595.630581274774,7.608998116831948e-05,0.0005256723566341,10.78483615860066,0.9652271760484358,0.0295007366302108,200704,per_layer_weight_norm_rerun_7.csv
heatmap,,,,,0.85,3,0.0,1.0,,500,,500,1.0,5.5481687648817966,9.907160297847144,2.701108157012507,11.671760239429537,4.720153055272986,7.85156635810985,0.8811032441670076,9.203438600212795,14.863824176658412,ok,1.0040393626020845,0.9608134916131892,12396.987175473949,7.557762325899935e-05,0.0005276907745462,10.389459054287189,0.966614092716845,0.0293794722823648,200704,per_layer_weight_norm_rerun_7.csv
heatmap,,,,,0.9,3,0.0,1.0,,500,,500,1.0,5.552076211486982,9.762236923716172,2.765520441121512,11.566110985252909,4.7205265980433975,7.820225344423752,0.8943573231357231,9.178189953463006,14.765300340495523,ok,1.0039299507798387,0.9443762282676704,12596.74064161399,7.725755443574335e-05,0.0005337100712402,10.879590243666035,0.9646407728339192,0.02995301265553,200704,per_layer_weight_norm_rerun_7.csv
heatmap,,,,,0.95,3,0.0,1.0,,500,,500,1.0,5.350247339854843,9.638659375384574,2.8066342754597478,11.375680072351642,4.678723552617579,7.866410091775033,0.8573038274781167,9.192705350788046,14.625728316049956,ok,1.004054591167378,0.958030320627258,12735.243130657078,7.988740612497062e-05,0.0005478580362611,11.141556817258978,0.963771374607976,0.0309155096041381,200704,per_layer_weight_norm_rerun_7.csv
margin,1,0.1,0.0,0.1,,,0.0,1.0,1.0,500,500,500,1.0,7.66545200438447,19.162249459534294,4.284173623207127,21.07854602231207,2.8141535242790647,8.151764677764007,1.1550040918102509,8.70084834208433,22.80372478975046,ok,1.0129767200685968,0.996154265214638,21745.14071543801,0.0001488510324988,0.000681284943493,24.7119604641349,0.9434644337937386,0.0502344642984893,200704,margin_scaled_weight_norm_sweep_small_s_11.csv
margin,2,0.1,0.0,0.05,,,0.0,1.0,1.0,500,500,500,1.0,8.614095793159272,22.19936585465692,5.343264750236036,24.404199820394577,2.8310755175916045,8.176982453760674,1.1466511098649774,8.728850978403234,25.91829099838409,ok,1.0173928337080105,0.9998615834022688,27295.449238552614,0.0001725780666395,0.0006359902652082,30.83912764498257,0.9471993341391582,0.0525374870026655,200704,margin_scaled_weight_norm_sweep_small_s_11.csv
margin,3,0.1,0.0,0.0333333333333333,,,0.0,1.0,1.0,500,500,500,1.0,9.119078479292822,24.687375886822423,6.117349602589207,27.019365030456605,2.813930592683437,8.195511937328451,1.1519796666122344,8.741377377028229,28.398200032690134,ok,1.01710238144553,0.9977125249270988,29202.447366547167,0.0001768260673546,0.0006061382512081,32.3303301723203,0.9504002728163592,0.0517872670168501,200704,margin_scaled_weight_norm_sweep_small_s_11.csv
margin,4,0.1,0.0,0.025,,,0.0,1.0,1.0,500,500,500,1.0,9.699533420164114,25.9078215431845,6.553465424919954,28.429633742945,2.8078087384767128,8.212357707429364,1.1543011272440042,8.755513698178849,29.747320801662024,ok,1.0228855637443977,0.9834827366682648,36288.18919208419,0.000211492608031,0.0005567043503757,41.60616722770598,0.9523328829675912,0.052976856334308,200704,margin_scaled_weight_norm_sweep_small_s_11.csv
margin,5,0.1,0.0,0.02,,,0.0,1.0,1.0,500,500,500,1.0,9.985350223531842,26.858122475198115,6.977005544944712,29.49143211771037,2.8303577911482365,8.235234648640136,1.165395227049114,8.785679312341498,30.772272085967657,ok,1.027459719273056,0.9699642736335856,41998.13308492231,0.0002296511621285,0.0004917824200474,47.31893830074108,0.958299457394938,0.0502052857530229,200704,margin_scaled_weight_norm_sweep_small_s_11.csv
margin,6,0.1,0.0,0.0166666666666666,,,0.0,1.0,1.0,500,500,500,1.0,10.13473055494015,27.93856750599352,7.352281654880492,30.615884165591016,2.8075475322541545,8.18808217426748,1.163421035610151,8.73387436047276,31.83728827311475,ok,1.0236495816799809,0.961050753327629,44526.36521616324,0.0002378427599147,0.0004662318757177,50.03166497068112,0.9604189640758592,0.0488823986719817,200704,margin_scaled_weight_norm_sweep_small_s_11.csv
margin,7,0.1,0.0,0.0142857142857142,,,0.0,1.0,1.0,500,500,500,1.0,10.194608383327608,28.22667252629742,7.586077068608536,30.95518772818404,2.8504039958563405,8.212404796460035,1.1684708928966985,8.771186904180095,32.17386154932566,ok,1.0321403223519687,0.9448804764525656,53131.3955744513,0.0002690479673452,0.0003982188437097,59.37808742179816,0.9668884903160652,0.0447113704713594,200704,margin_scaled_weight_norm_sweep_small_s_11.csv
margin,8,0.1,0.0,0.0125,,,0.0,1.0,1.0,500,500,500,1.0,9.91028129360039,28.86520306343989,7.67510610488632,31.469364101188454,2.815658579879086,8.221323440342493,1.1658730543037916,8.767973102600354,32.66800008052363,ok,1.0480849123869287,0.9364877365236236,64340.93661497489,0.0003392642020578,0.0003745324804782,77.94503326526642,0.9690107203573826,0.043053159667003,200704,margin_scaled_weight_norm_sweep_small_s_11.csv
margin,9,0.1,0.0,0.0111111111111111,,,0.0,1.0,1.0,500,500,500,1.0,10.06877108128982,29.42471204278913,7.951935015751387,32.1002663600041,2.8091760782418747,8.195352701046714,1.1570338219979326,8.740366319460941,33.26892098913907,ok,1.015825385707498,0.9093559867785954,55885.917966471294,0.0002594630962911,0.0003542253067194,59.991135773492985,0.9710028567603498,0.0403104810212182,200704,margin_scaled_weight_norm_sweep_small_s_11.csv
margin,10,0.1,0.0,0.01,,,0.0,1.0,1.0,500,500,500,1.0,9.999739962042955,29.949513139493124,7.851725485578509,32.5364062198337,2.892312474902149,8.229710667798278,1.172721859392994,8.801641079233208,33.705883987661245,ok,1.0678252871241742,0.9252686481477428,81684.75140754007,0.0004160079664788,0.0003600582007641,101.20812232266148,0.9767065849199204,0.0360159531777704,200704,margin_scaled_weight_norm_sweep_small_s_11.csv
margin,11,0.1,0.0,0.009090909090909,,,0.0,1.0,1.0,500,500,500,1.0,10.322867127850428,30.12939478447097,8.03634135779042,32.84699070290449,2.8158106471724875,8.202297059465904,1.1596766639433682,8.749360926224714,33.99229493361756,ok,1.0269716384398797,0.9000978104743556,70249.30055890053,0.0003556062259265,0.0003511152440374,86.31186410441147,0.9716084384344984,0.0394056405821144,200704,margin_scaled_weight_norm_sweep_small_s_11.csv
margin,12,0.1,0.0,0.0083333333333333,,,0.0,1.0,1.0,500,500,500,1.0,10.163959569083644,30.47329775591357,8.090453303133437,33.12677746012608,2.8245225086130703,8.195756047694646,1.161573908712601,8.746290558881926,34.261946579742144,ok,1.0162916511210334,0.8847729581956921,73437.46016900272,0.0003542240899876,0.0003336056989275,88.1884344855636,0.9744454769370255,0.0365687698657892,200704,margin_scaled_weight_norm_sweep_small_s_11.csv
margin,13,0.1,0.0,0.0076923076923076,,,0.0,1.0,1.0,500,500,500,1.0,10.193916262464166,30.594304341796903,7.954285902330844,33.21442534713861,2.8302090866610623,8.205265790340967,1.162447112982634,8.75715441538176,34.349465856043295,ok,1.0479943033507872,0.8969052372662166,89490.07910722341,0.0004901014659667,0.0004076433678308,125.6455757209132,0.974120517545328,0.0362808994719339,200704,margin_scaled_weight_norm_sweep_small_s_11.csv
margin,14,0.1,0.0,0.0071428571428571,,,0.0,1.0,1.0,500,500,500,1.0,10.293647317216422,30.62589034810394,8.197219684530948,33.33314784507735,2.8043359294381838,8.178938225392056,1.1648441763580224,8.724459436269532,34.45598551365056,ok,1.0063335510846234,0.8574946295402524,79186.93615952188,0.0004036504791942,0.0003565206165097,105.26201592135864,0.9720346606351372,0.0368168989643812,200704,margin_scaled_weight_norm_sweep_small_s_11.csv
margin,15,0.1,0.0,0.0066666666666666,,,0.0,1.0,1.0,500,500,500,1.0,10.101380483845412,30.36349146250103,7.906123063781722,32.96189138038725,2.826428080810882,8.165161438038462,1.1520039100484427,8.716975967271765,34.09504294448741,ok,1.075303567638525,0.9007614419483884,115578.42853316994,0.0007095206721298,0.0005890643074023,195.38308658432985,0.9754750141530764,0.0331621957961727,200704,margin_scaled_weight_norm_sweep_small_s_11.csv
margin,16,0.1,0.0,0.00625,,,0.0,0.998,0.998,499,499,500,0.998,10.132585265704316,30.72870410654562,8.172056352883398,33.37221966350312,2.8068202577789654,8.215303865245586,1.1471695405681082,8.757023210692358,34.50203618312561,ok,0.9947566147652094,0.8385634134888923,89401.41388122704,0.0004690203128972,0.0003902265029648,128.5746938884442,0.9728337490927168,0.0347836284231034,200704,margin_scaled_weight_norm_sweep_small_s_11.csv
margin,17,0.1,0.0,0.0058823529411764,,,0.0,1.0,1.0,500,500,500,1.0,10.077702693075429,30.915672704491534,8.215803703482097,33.53860970337639,2.811956384892368,8.210138718073322,1.150399477394148,8.754250135684515,34.66230281261684,ok,0.6576268244001053,-0.3423731755980073,0.012751914392918,inf,inf,inf,1.4081644778896065e-05,0.2036530341988608,200704,margin_scaled_weight_norm_sweep_small_s_11.csv
margin,18,0.1,0.0,0.0055555555555555,,,0.0,1.0,1.0,500,500,500,1.0,10.276945193401945,31.235221922872128,8.177449435416161,33.8839987361003,2.8048803759908894,8.165341715090484,1.147162105956805,8.709543050307454,34.98544712438596,ok,0.97877860952972,0.8066724564170012,93249.05899225354,0.0004893459527412,0.0004032464926446,140.95675950260434,0.9719715282242588,0.033710915233023,200704,margin_scaled_weight_norm_sweep_small_s_11.csv
margin,19,0.1,0.0,0.0052631578947368,,,0.0,1.0,1.0,500,500,500,1.0,10.153877615596604,30.550807617784837,8.208633340340343,33.22400845845608,2.8055112805777096,8.178448692102913,1.1582945211463431,8.723506333609569,34.350171772497546,ok,0.6336930242275126,-0.3663069757833821,0.0060796740536461,inf,inf,inf,1.7306931790028734e-05,0.1965406074978443,200704,margin_scaled_weight_norm_sweep_small_s_11.csv
margin,20,0.1,0.0,0.005,,,0.0,1.0,1.0,500,500,500,1.0,10.0118644356686,30.274260431979453,8.11841356598899,32.90405617868345,2.819639500764647,8.13811069327016,1.1486252144039424,8.688990301142875,34.03197710188627,ok,0.979118929476675,0.7919078179089,109893.16472307756,0.0006454101659224,0.0005318276373277,198.7498563529996,0.969561187696842,0.0330970483756793,200704,margin_scaled_weight_norm_sweep_small_s_11.csv
margin,21,0.1,0.0,0.0047619047619047,,,0.0,1.0,1.0,500,500,500,1.0,10.04327134257417,30.71829946222479,8.197077243260942,33.341765046911924,2.8278839393222848,8.186950287264512,1.1462965520809731,8.737109268272324,34.467526380771915,ok,0.9826786632761154,0.7867422192192604,114227.55148301469,0.0007054717515851,0.0005845707162707,221.52200338474952,0.9673379017080316,0.0336937013827111,200704,margin_scaled_weight_norm_sweep_small_s_11.csv
margin,22,0.1,0.0,0.0045454545454545,,,0.0,0.998,0.998,499,499,500,0.998,9.853526542438248,30.853924881805348,8.056741865880241,33.37615549202828,2.801019272738977,8.183998531718771,1.1338550986728837,8.724056872706452,34.49749155730408,ok,0.6033170663968439,-0.3966829336039432,0.0366934328822412,inf,inf,inf,2.4180715584409818e-05,0.1800630470772476,200704,margin_scaled_weight_norm_sweep_small_s_11.csv
margin,23,0.1,0.0,0.0043478260869565,,,0.0,1.0,1.0,500,500,500,1.0,10.010452195789066,31.094150905804156,8.001229455511137,33.63145917912035,2.801641861386714,8.13925245954602,1.1206879682289228,8.680585766054813,34.733666891917295,ok,0.9372855659793562,0.7469493156642459,109786.46574106216,0.0006469504039103,0.0005330340741801,211.1485274665155,0.9656633553506422,0.0332331945648297,200704,margin_scaled_weight_norm_sweep_small_s_11.csv
margin,24,0.1,0.0,0.0041666666666666,,,0.0,0.996,0.996,498,498,500,0.996,9.729467851736052,29.94564162505641,7.910576404938763,32.46507686842356,2.864101280776053,8.21958676151667,1.1305139990695845,8.77739964788749,33.63069967531728,ok,0.983250037631402,0.7580700694036833,150993.94709045748,0.0012701661747833,0.0011149326932871,462.92817584928,0.951294073960694,0.0358924094856416,200704,margin_scaled_weight_norm_sweep_small_s_11.csv
margin,25,0.1,0.0,0.004,,,0.0,0.72,0.72,360,360,500,0.72,9.127649537416778,29.4509295750784,7.081181543526781,31.63565031679476,3.0647199446502187,8.421509438880884,1.2095086261797796,9.04307694787012,32.902759939731745,ok,0.7124509042653021,0.5094615806586963,75946.7600602472,0.0003636914338132,0.0003319969805657,158.27847939212492,0.930030391233976,0.0355474197402943,200704,margin_scaled_weight_norm_sweep_small_s_11.csv
margin,1,0.01,0.0,0.01,,,0.0,1.0,1.0,500,500,500,1.0,14.452901848636168,33.16618874454532,7.921867027382452,37.03563722800844,3.599437626732519,8.478322887448824,1.2027960297196747,9.288951959273222,38.18275858795866,ok,1.1373086798338174,1.0687274896587966,77495.90540048252,0.0006390980672497,0.0005737449012418,133.12506960063052,0.9527157444746396,0.060429370824072,200704,margin_scaled_weight_norm_sweep_small_s_11.csv
margin,2,0.01,0.0,0.005,,,0.0,1.0,1.0,500,500,500,1.0,16.053809504679474,36.65669182527801,8.735045223544953,40.96021081785732,3.05186053721153,8.397245037454486,1.1976506583422473,9.01454070139298,41.94044365884065,ok,-42049.15428619158,-42049.39592967896,-9913199901.501425,14861.030106039094,14861.030085732156,3503475219.1152487,0.9288912254001428,0.067997817667764,200704,margin_scaled_weight_norm_sweep_small_s_11.csv
margin,3,0.01,0.0,0.0033333333333333,,,0.0,1.0,1.0,500,500,500,1.0,16.478591257744434,37.93013100571046,8.984189669845929,42.31967003621289,4.59783235389298,9.088201285298776,1.3178943499676128,10.26997129861072,43.54798253017266,ok,2.045766032569598,1.880266720560255,371454.547905812,0.0084523615942585,0.0082513097363323,2166.4400805210057,0.968267259447078,0.0409190379387106,200704,margin_scaled_weight_norm_sweep_small_s_11.csv
margin,4,0.01,0.0,0.0025,,,0.0,0.99,0.99,495,495,500,0.99,18.967253878701825,35.64269238209674,7.703840692020228,41.10361786208038,3.3264515194179327,8.330108816038884,1.1715040330034077,9.04590594122169,42.08724053260516,ok,41273.32436730518,41273.17751562507,11929814814.541466,11609.102775638325,11609.102672660514,3355575226.6655684,0.9492180589455412,0.0463625814536373,200704,margin_scaled_weight_norm_sweep_small_s_11.csv
margin,5,0.01,0.0,0.002,,,0.0,0.724,0.724,362,362,500,0.724,15.875412873424096,35.71827433268145,7.251677708490442,39.75437944169406,5.804331051114018,10.628232425141462,1.7184552204779238,12.23121710127584,41.59342924757143,ok,0.4542582064007649,-0.576928923672565,3.870277278540733,0.00033813528438,0.1220434834524061,1.2888374336460806,0.0001790771772278,0.1514776771138696,200704,margin_scaled_weight_norm_sweep_small_s_11.csv
margin,6,0.01,0.0,0.0016666666666666,,,0.0,0.722,0.722,361,361,500,0.722,17.148081584074028,34.41746810295256,7.089358482094834,39.10086720674448,6.067924754518735,10.640348349354976,1.6797810970566875,12.363591240256667,41.00897712301073,ok,21746.07447493582,21745.90029496077,8556371317.159002,11553.186313871434,11553.186384350614,4545906010.156514,0.9179299397875617,0.0440286694867821,200704,margin_scaled_weight_norm_sweep_small_s_11.csv
margin,7,0.01,0.0,0.0014285714285714,,,0.0,0.73,0.73,365,365,500,0.73,16.72731885760082,35.736411734311865,7.31292699520851,40.129455778086005,5.918600933297864,10.43196601617753,1.6095661337339695,12.101506315710475,41.91443279056202,ok,15705.172291335615,15704.982702509891,6665316315.881496,14479.588378329594,14479.588477663054,6145335428.166498,0.9176674264421684,0.0408901604075678,200704,margin_scaled_weight_norm_sweep_small_s_11.csv
margin,8,0.01,0.0,0.00125,,,0.0,0.508,0.508,254,254,500,0.508,14.17118800991694,30.37587935777523,5.564279217812593,33.97760762008282,6.140185376916797,11.475285858625998,1.964800543739532,13.162237772383683,36.4379242378195,ok,0.7256174718136688,0.5183457488053995,260558.3006600743,0.0038459565121354,0.0036651604739814,2785.4277910551564,0.8195111360291579,0.0375335689792604,200704,margin_scaled_weight_norm_sweep_small_s_11.csv
margin,9,0.01,0.0,0.0011111111111111,,,0.0,0.722,0.722,361,361,500,0.722,15.85199490814491,35.69581544592845,7.705612610275412,39.81021789210996,5.68428141884295,9.767313241894875,1.5275192338859505,11.403717736939551,41.41132969177713,ok,0.4151343819640966,-0.2353691384635021,0.5460781516287678,0.000272082827005,0.1218444170405786,0.9280988590906578,7.493853803708372e-05,0.1218913434018343,200704,margin_scaled_weight_norm_sweep_small_s_11.csv
margin,10,0.01,0.0,0.001,,,0.0,0.702,0.702,351,351,500,0.702,15.937617716050648,36.39857836503861,7.527853095564624,40.44172026122566,5.366102307342142,9.629889409349545,1.5022382627056756,11.125940131382253,41.944240146822686,ok,2.9459797330370274,2.73911239209207,1295576.8835644796,0.0894762505166006,0.0892974470938047,45693.30880494026,0.9091561109607796,0.0358631892323793,200704,margin_scaled_weight_norm_sweep_small_s_11.csv
margin,11,0.01,0.0,0.0009090909090909,,,0.0,0.728,0.728,364,364,500,0.728,17.154902424592148,35.50660249093068,7.287792128071991,40.10138914985652,5.528982541192099,9.50675023407161,1.4474600567496194,11.09247891905652,41.60726499444471,ok,7484.660996787588,7484.473030157006,3460262106.034167,14209.091516229144,14209.091553467148,6569416706.724809,0.9014270206860976,0.0414399073807572,200704,margin_scaled_weight_norm_sweep_small_s_11.csv
margin,12,0.01,0.0,0.0008333333333333,,,0.0,0.524,0.524,262,262,500,0.524,14.283895677113843,30.697441994777545,5.981794210884975,34.38232805844858,6.200618088542417,10.854077556179528,1.8160789847152357,12.631579756873004,36.62924091314239,ok,0.6053226090996998,0.3950105183510896,181126.58567597787,0.0018325098955842,0.0016656741679872,1402.6027987687569,0.8110799444731974,0.0364936097490135,200704,margin_scaled_weight_norm_sweep_small_s_11.csv
margin,13,0.01,0.0,0.0007692307692307,,,0.0,0.644,0.644,322,322,500,0.644,16.7342785313018,34.813653775651495,6.81966501138757,39.224155797692646,5.131780123202947,9.16074182320344,1.373623175982081,10.58967415050551,40.62850719206343,ok,3572.4731380451576,3572.268623735991,2080022003.563936,12932.494583471274,12932.49462578074,7530558601.886598,0.8651177716481366,0.0392880452198486,200704,margin_scaled_weight_norm_sweep_small_s_11.csv
margin,14,0.01,0.0,0.0007142857142857,,,0.0,0.766,0.766,383,383,500,0.766,15.028393207769629,35.38994238407768,7.920972187656924,39.256113215056175,5.130373397925384,9.177015242498094,1.3842978715478336,10.604462294730208,40.66321489151667,ok,4.069611314860027,3.856534568814101,1993981.6441509344,0.2217650116876669,0.2215775751370086,120538.83622001635,0.8894965021057506,0.0375705197593058,200704,margin_scaled_weight_norm_sweep_small_s_11.csv
margin,15,0.01,0.0,0.0006666666666666,,,0.0,0.566,0.566,283,283,500,0.566,16.047571103195253,31.176995019032734,6.0382032159369645,35.580745562816006,5.56928027193925,9.910039227958736,1.5100666326326382,11.467609231312478,37.38309131529834,ok,1.8560260451083077,1.6383503928076182,1158915.9420072534,0.0739385412524874,0.0737539852740316,56975.12541396218,0.8048150511409412,0.0370274282197533,200704,margin_scaled_weight_norm_sweep_small_s_11.csv
margin,16,0.01,0.0,0.000625,,,0.0,0.528,0.528,264,264,500,0.528,15.049985685857305,32.43403976623601,6.68939785621254,36.37605047804104,5.632000109305604,9.979823771583424,1.558367213810416,11.56480938520645,38.17016982536427,ok,0.6596312355486098,0.4455669380809092,227496.4488929749,0.0027817888835658,0.002613167467155,2150.5833328667327,0.8166605460062097,0.0354935065581133,200704,margin_scaled_weight_norm_sweep_small_s_11.csv
margin,17,0.01,0.0,0.0005882352941176,,,0.0,0.436,0.436,218,218,500,0.436,14.191781836783631,29.720059178662435,5.197128568080007,33.342146521170655,5.534425130850105,9.777188687227484,1.5400247321557448,11.339971619465617,35.21780360796934,ok,0.8549369146516803,0.6365500323306867,488583.46246536175,0.0127401687593255,0.0125630513375906,11940.786450745914,0.7489228656303103,0.0357917925757621,200704,margin_scaled_weight_norm_sweep_small_s_11.csv
margin,18,0.01,0.0,0.0005555555555555,,,0.0,0.52,0.52,260,260,500,0.52,14.192419091581677,28.94601929023053,5.762882453298816,32.74916192197946,6.023743841684781,10.55643807762974,1.688630349857598,12.27091468536582,34.97260290295184,ok,0.6392567644558627,0.4215201292346989,246311.71649143263,0.0033547227857251,0.0031794442301235,2881.057764019526,0.772735149873013,0.0365747234857433,200704,margin_scaled_weight_norm_sweep_small_s_11.csv
margin,19,0.01,0.0,0.0005263157894736,,,0.0,0.476,0.476,238,238,500,0.476,15.07864897637796,28.950219788832925,5.647293501272781,33.12661776674575,6.001218106194124,10.701052309361916,1.6730375337230856,12.38249546234758,35.36522300988831,ok,1.6392831885571646,1.421185038604207,1102733.601848426,0.0687933507768636,0.0686034947599237,58399.42007979702,0.7624405015168109,0.0380965996353601,200704,margin_scaled_weight_norm_sweep_small_s_11.csv
margin,20,0.01,0.0,0.0005,,,0.0,0.404,0.404,202,202,500,0.404,15.418355217369264,30.72242972923029,5.75718322880049,34.85309921379235,4.99560215708198,9.289532612445724,1.3895036293192031,10.638711266193196,36.44064629245588,ok,1.2355914178131784,1.017927957268738,839413.049407869,0.0375351532261952,0.0373574482531894,34816.75276712606,0.7537705287000718,0.0356997138688752,200704,margin_scaled_weight_norm_sweep_small_s_11.csv
margin,21,0.01,0.0,0.0004761904761904,,,0.0,0.686,0.686,343,343,500,0.686,17.077106257633236,29.95312896860571,6.523771668629495,35.090983028818606,4.621147036144437,8.759172518398664,1.269194675353206,9.984435800819286,36.48377787715408,ok,9838.013558107245,9837.81592981216,6616542044.953412,9434.765595021068,9434.765598234331,6345536445.109803,0.828553386672634,0.0391860077226397,200704,margin_scaled_weight_norm_sweep_small_s_11.csv
margin,22,0.01,0.0,0.0004545454545454,,,0.0,0.536,0.536,268,268,500,0.536,14.708788198161471,28.477308688702458,5.307805481056264,32.488126437742665,5.553186307852881,10.393342968390892,1.7010858657120431,11.906013159359873,34.60103334852305,ok,3567.736160221305,3567.517737466805,3139178427.8314075,12401.90752312798,12401.907489311776,10913210499.985847,0.7532637803510922,0.0376829456570762,200704,margin_scaled_weight_norm_sweep_small_s_11.csv
margin,23,0.01,0.0,0.0004347826086956,,,0.0,0.67,0.67,335,335,500,0.67,16.111426075575068,33.9733765207647,7.079771600993879,38.26083543694003,4.01220980278886,8.488868424917733,1.193162179323472,9.464795329183206,39.41413298495775,ok,0.359835720046222,-0.6463987262166198,4.119648544623244,0.0002171005607175,0.0766352832749043,0.7777850101599111,0.0005719228912209,0.0972563080504277,200704,margin_scaled_weight_norm_sweep_small_s_11.csv
margin,24,0.01,0.0,0.0004166666666666,,,0.0,0.488,0.488,244,244,500,0.488,14.542164653139375,29.659787887208484,5.650146425530125,33.51270990151566,5.824726637842368,10.25150639840589,1.6537299660886278,11.906118034140553,35.56483335524058,ok,1.5941676920111043,1.373260633670766,1125685.870662535,0.0690316786520989,0.0688501915099131,61797.106593999306,0.7595546629057268,0.0364144611267566,200704,margin_scaled_weight_norm_sweep_small_s_11.csv
margin,25,0.01,0.0,0.0004,,,0.0,0.55,0.55,275,275,500,0.55,16.013100296632057,31.340508090341388,6.05961705726957,35.71226382283128,4.594041381850908,9.072085774305098,1.2781389860497676,10.248980231328767,37.15383403006575,ok,8793.346883986622,8793.130864054108,7410172502.603322,7831.948339783257,7831.948379280812,6600253446.048736,0.7847008807496296,0.036011762568615,200704,margin_scaled_weight_norm_sweep_small_s_11.csv
margin,1,0.001,0.0,0.001,,,0.0,0.588,0.588,294,294,500,0.588,23.034035395764143,33.496423471512905,6.280624117526866,41.13421217553456,7.664634813913825,8.683468814146073,1.251226157513802,11.649670569340318,42.75205533861559,ok,24224.88822653584,24224.696082757157,18138150278.414013,12360.757816281506,12360.757813362288,9255151064.005163,0.7648587545601943,0.0429045014221908,200704,margin_scaled_weight_norm_sweep_small_s_11.csv
margin,2,0.001,0.0,0.0005,,,0.0,0.442,0.442,221,221,500,0.442,24.79543800425307,27.371822507397248,4.352255428762215,37.18833877059321,6.2827596665794525,8.216183678920968,1.1138533860731807,10.402855984749166,38.61595464514425,ok,3159.621669535638,3159.392928066745,8395400474.635779,11199.64545159064,11199.645516156974,29760935341.36053,0.252846227210461,0.0374799421217081,200704,margin_scaled_weight_norm_sweep_small_s_11.csv
margin,3,0.001,0.0,0.0003333333333333,,,0.0,0.268,0.268,134,134,500,0.268,23.855572645032343,21.288502492013656,3.62805814756277,32.17843207020789,7.771918086738546,8.30784548427783,1.144180805167777,11.4338163817915,34.14943114532814,ok,708.3765873258023,708.1388669038428,3807679598.547727,8878.79359466373,8878.793545499613,47742748404.19819,0.0982026443417966,0.0326516666814768,200704,margin_scaled_weight_norm_sweep_small_s_11.csv
margin,4,0.001,0.0,0.00025,,,0.0,0.29,0.29,145,145,500,0.29,23.695811181955477,20.359613940398724,2.918130659351267,31.377074973904275,6.505522861484151,8.148825145130656,1.097417527291234,10.484727186551522,33.08247781068435,ok,456.919789748761,456.6726541264692,5889313815.605465,10191.565172765437,10191.565162011577,131433681840.97476,0.0214883978959961,0.0303165816081882,200704,margin_scaled_weight_norm_sweep_small_s_11.csv
margin,5,0.001,0.0,0.0002,,,0.0,0.274,0.274,137,137,500,0.274,18.6357532727175,11.876154776864732,1.1107423948155628,22.1261858663731,8.037804127187117,8.270701044081186,1.1284407194472093,11.588104651102286,24.977034860010647,ok,778.2213159720719,777.9753782132092,16369051977.46583,9123.07937402916,9123.079333281426,191950032345.4712,0.0081524812398812,0.0303731668308016,200704,margin_scaled_weight_norm_sweep_small_s_11.csv
margin,6,0.001,0.0,0.0001666666666666,,,0.0,0.266,0.266,133,133,500,0.266,18.78097347426471,12.081931307647862,1.3382685408184305,22.37161128419454,5.858592806383444,8.10468953290883,1.0846626358757283,10.059105085916674,24.52905596594812,ok,42.48080448045436,42.232457850849,1287939609.230494,6935.255755058858,6935.25568981569,211516922738.8613,0.0038699076213404,0.0304783235454032,200704,margin_scaled_weight_norm_sweep_small_s_11.csv
margin,7,0.001,0.0,0.0001428571428571,,,0.0,0.272,0.272,136,136,500,0.272,20.67080348908493,14.099183239027846,1.6850452269883691,25.07804741819119,3.668602802544165,8.003850915259315,1.0450838571600494,8.866367704140677,26.59926575253676,ok,26.52130878439412,26.27140880484066,1653024019.066727,7873.004688072925,7873.004637071368,495413323039.0964,0.0008285135510537,0.031975635512974,200704,margin_scaled_weight_norm_sweep_small_s_11.csv
margin,8,0.001,0.0,0.000125,,,0.0,0.234,0.234,117,117,500,0.234,20.07952708667326,12.87313784563688,1.5058735807839734,23.899220515709644,8.823288559725805,8.392228679745385,1.1810426503464415,12.234164661441604,26.84860380395568,ok,0.2520220301203112,0.01568908586538,6306.249271538477,7.435259602959665e-05,0.0007828529732053,463.01265987369953,0.0037242356504402,0.0311389681370399,200704,margin_scaled_weight_norm_sweep_small_s_11.csv
margin,9,0.001,0.0,0.0001111111111111,,,0.0,0.25,0.25,125,125,500,0.25,19.6270377485372,11.861267344398996,1.1675105678351094,22.962433554042494,6.691885078838232,8.169954801477024,1.099635027287987,10.617847454159149,25.298459227463056,ok,0.2444264433699423,-0.0083188994736855,361215.2426709905,0.0065190549442855,0.006364184973578,369785.3606513358,0.0010484764894979,0.0315191480610024,200704,margin_scaled_weight_norm_sweep_small_s_11.csv
margin,10,0.001,0.0,0.0001,,,0.0,0.258,0.258,129,129,500,0.258,14.267082408097696,9.948627354935883,0.8153768168229888,17.412342347893397,5.623603357171613,8.07352931242403,1.0676861735358332,9.896804739031758,20.028390102121616,ok,0.2513814912190883,0.008278352979787,34108.371803406095,0.0001180078151193,0.0003366392170574,2715.6723616765125,0.0039772057198333,0.0310719656322824,200704,margin_scaled_weight_norm_sweep_small_s_11.csv
margin,11,0.001,0.0,9.090909090909092e-05,,,0.0,0.26,0.26,130,130,500,0.26,18.29367251348816,10.98970380018088,0.940544886381384,21.361569893848166,3.7905611025402632,8.010197667288086,1.047745063675859,8.923530123195409,23.15050881059283,ok,0.2493345560992352,-0.0069445093777171,7693.21711999574,7.622250666706054e-05,0.000716373075718,1172.1163383232356,0.0008657569622966,0.0314207434735107,200704,margin_scaled_weight_norm_sweep_small_s_11.csv
margin,12,0.001,0.0,8.333333333333333e-05,,,0.0,0.266,0.266,133,133,500,0.266,14.588815889958422,8.852142438325124,0.5916255560924487,17.074659458335375,7.572785923388554,8.1837802105228,1.104181649452326,11.204488488574732,20.42264816101784,ok,0.2495163615122475,-0.0209997989581705,4961.183826115051,7.183578600146481e-05,0.0008671421051622,297.7259600392348,0.0055219302263228,0.0305492802532957,200704,margin_scaled_weight_norm_sweep_small_s_11.csv
margin,13,0.001,0.0,7.692307692307693e-05,,,0.0,0.248,0.248,124,124,500,0.248,19.37080077389973,11.820898659683124,1.105441596486255,22.71967360830377,5.692092038666512,8.060000069409737,1.0644116284490968,9.924539536437614,24.79274195965763,ok,0.251719853373455,0.0079889862810933,18393.080260080125,8.570687968842326e-05,0.0004500021229791,1668.6436191557084,0.0025535036455111,0.0305458244060596,200704,margin_scaled_weight_norm_sweep_small_s_11.csv
margin,14,0.001,0.0,7.142857142857143e-05,,,0.0,0.274,0.274,137,137,500,0.274,16.985712444862724,10.071842795730932,0.883275990114522,19.7670589880284,4.8726351558313725,8.036481350189566,1.0580413120593426,9.457645440161771,21.913093763957814,ok,14.351414833894868,14.10112552288826,860790057.5615897,7594.93321262962,7594.933219075044,463684970364.5498,0.0009462522452617,0.0308367494666565,200704,margin_scaled_weight_norm_sweep_small_s_11.csv
margin,15,0.001,0.0,6.666666666666667e-05,,,0.0,0.24,0.24,120,120,500,0.24,15.536366715295888,9.686598004468411,0.7072876795681142,18.322366863317477,5.803540021156709,8.080557826490168,1.0723248925881954,10.006316617001652,20.876673578749983,ok,25.347931227433243,25.10027862859344,955965564.6058367,7334.098292224283,7334.098230269465,279355696094.8557,0.0024700009188596,0.0305684411974835,200704,margin_scaled_weight_norm_sweep_small_s_11.csv
margin,16,0.001,0.0,6.25e-05,,,0.0,0.244,0.244,122,122,500,0.244,13.537589111875793,9.259707330996177,0.6928228088609062,16.41610496622631,8.850267610851706,8.346180838635844,1.1487341501699058,12.219065493018254,20.46445855098125,ok,0.2528531771439437,0.0054144786679125,68430.65010070613,0.0002595299160965,0.000264336111027,10422.770195165393,0.0021429383208931,0.0299697062477815,200704,margin_scaled_weight_norm_sweep_small_s_11.csv
margin,17,0.001,0.0,5.882352941176471e-05,,,0.0,0.23,0.23,115,115,500,0.23,16.689198444470104,9.78810196488625,0.8201569937720609,19.365147618552943,6.269130445232965,8.103808696184112,1.0803500689078072,10.302469033929937,21.935127318605467,ok,0.2481932096436684,-0.0082533076056674,88664.01562697781,0.0003975989449021,0.0003319202142996,11050.307430111816,0.0046390888169136,0.0300562059555355,200704,margin_scaled_weight_norm_sweep_small_s_11.csv
margin,18,0.001,0.0,5.555555555555556e-05,,,0.0,0.336,0.336,168,168,500,0.336,18.3738934286497,11.373969777579338,0.9830395065179216,21.63177096078913,3.109625143593583,8.000943191599108,1.0447596518552908,8.647333879237594,23.296134832178712,ok,-0.8849291595036594,-1.1364387960057991,210815873.6793764,1186.2127340150369,1186.2125701988778,220172072223.17603,9.551591920831104e-05,0.0319425419872124,200704,margin_scaled_weight_norm_sweep_small_s_11.csv
margin,19,0.001,0.0,5.263157894736842e-05,,,0.0,0.252,0.252,126,126,500,0.252,16.639032042400522,10.60240774599502,0.920095461769275,19.75132939776801,3.322055789840185,8.006017895291524,1.046016696433185,8.730780500032962,21.594942489362893,ok,22.2731934810591,22.02440663128912,1255618182.6409297,7084.099552410852,7084.099479010776,403901505751.7041,0.0010882005824218,0.0307887702389761,200704,margin_scaled_weight_norm_sweep_small_s_11.csv
margin,20,0.001,0.0,5e-05,,,0.0,0.22,0.22,110,110,500,0.22,15.505493833536285,9.665208629451604,0.7459087485734202,18.286415086994385,3.4682415439749863,7.996801490495211,1.0434805764297903,8.778746220225681,20.28446109545389,ok,10.680031829658446,10.429633766322056,904087219.242464,6112.8394793859525,6112.839419395496,529959074825.0804,0.0004706595891168,0.0307981229646237,200704,margin_scaled_weight_norm_sweep_small_s_11.csv
margin,21,0.001,0.0,4.761904761904762e-05,,,0.0,0.228,0.228,114,114,500,0.228,15.182941878388704,9.701426634602823,0.730161372704947,18.03254109822853,4.742810500438865,8.021568793454483,1.051928682452547,9.37797266492936,20.325326805821927,ok,0.250909522054411,0.0053164705483865,24202.714455144112,9.851596136602784e-05,0.0004080264718915,3188.7191094820964,0.0012787929697605,0.0317833039428511,200704,margin_scaled_weight_norm_sweep_small_s_11.csv
margin,22,0.001,0.0,4.545454545454546e-05,,,0.0,0.228,0.228,114,114,500,0.228,15.676809437842078,9.922894914275398,0.7825153912356541,18.569828431293804,4.498762480253621,8.029503172333184,1.0500143707048586,9.263601633648388,20.752176830265803,ok,-0.7500280057448203,-1.0026467091027718,44919189.04791649,57.6379675933691,57.63781704048349,2588003138.6853714,0.0018327190365889,0.030113874185056,200704,margin_scaled_weight_norm_sweep_small_s_11.csv
margin,23,0.001,0.0,4.347826086956522e-05,,,0.0,0.238,0.238,119,119,500,0.238,18.049131690315544,10.17666830568566,0.8075720410891866,20.736149719266805,9.38008105819641,8.451926202568528,1.1791673465310175,12.68114398716159,24.30636373468836,ok,60.01861714980326,59.77005205001433,2166227501.3380804,9023.407337129896,9023.407342581882,327049085269.4177,0.0027223791794618,0.0305956583471137,200704,margin_scaled_weight_norm_sweep_small_s_11.csv
margin,24,0.001,0.0,4.1666666666666665e-05,,,0.0,0.264,0.264,132,132,500,0.264,18.064520351644884,10.594094886377237,0.9166122385454296,20.96191594278557,6.142905927168497,8.094769767835075,1.0710110054051856,10.218006429729703,23.31972502819031,ok,0.2507790223468438,0.0308869992649663,2181.603962864758,7.080295676456705e-05,0.0013288583696392,133.95031766795577,0.0052448643712019,0.0310233734183385,200704,margin_scaled_weight_norm_sweep_small_s_11.csv
margin,25,0.001,0.0,4e-05,,,0.0,0.24,0.24,120,120,500,0.24,16.355907196972073,9.618272167639777,0.7682540877052818,18.98992032816443,5.987557406676949,8.091122154057029,1.078151071459608,10.123216442564782,21.51967902207295,ok,0.2500862438522354,0.0253050796441611,3309.118474682443,7.256934565122254e-05,0.001092540411977,205.3808499282126,0.0051454208821852,0.0314213448801247,200704,margin_scaled_weight_norm_sweep_small_s_11.csv
margin,1,0.15,0.0,0.15,,,0.0,1.0,1.0,500,500,500,1.0,6.945527021916214,17.302179936750406,3.796226426708648,19.026747259021903,2.822357801892249,8.09786718179376,1.1340255724729242,8.650269964278397,20.90082012059801,ok,1.011128739835403,0.9774521702003032,20069.39218338758,0.0001393239403555,0.0006827832465948,22.885102200697748,0.9423236491121108,0.0483650811326984,200704,margin_scaled_weight_norm_sweep_mid_s_12.csv
margin,2,0.15,0.0,0.075,,,0.0,1.0,1.0,500,500,500,1.0,7.941778541090842,19.863662381486957,4.827240221847621,21.930325527927177,2.8159128674890392,8.12774662740714,1.1457690471472972,8.67769653917555,23.584774643546496,ok,1.013529537001616,0.9864452200496894,23707.742378489867,0.0001533175006914,0.0006491362080229,26.50188412324644,0.9461721302004716,0.0499755754586796,200704,margin_scaled_weight_norm_sweep_mid_s_12.csv
margin,3,0.15,0.0,0.0499999999999999,,,0.0,1.0,1.0,500,500,500,1.0,8.204244819682662,22.161920251003213,5.570106870796919,24.2793416884646,2.81497871394054,8.152668887510448,1.145349391353109,8.700686201535607,25.79124605758332,ok,1.0150137017269023,0.9873056167499742,26866.98798173858,0.0001695370212721,0.0006351563812081,30.525557358556902,0.9463530088336962,0.0520533838964022,200704,margin_scaled_weight_norm_sweep_mid_s_12.csv
margin,4,0.15,0.0,0.0375,,,0.0,1.0,1.0,500,500,500,1.0,8.426090482396763,23.06264729052188,6.197804722952915,25.32385208155368,2.798046691108473,8.141285177157327,1.1491581541584976,8.685053487727847,26.771769428506296,ok,1.013892306147438,0.9877837115630216,29295.28454725974,0.0001783464164172,0.0006091581580584,32.96880965450289,0.9489041677786916,0.0521296968434264,200704,margin_scaled_weight_norm_sweep_mid_s_12.csv
margin,5,0.15,0.0,0.03,,,0.0,1.0,1.0,500,500,500,1.0,8.640427869131173,24.19275075513873,6.682442984274768,26.5443257043762,2.806665838522536,8.207461468397431,1.1316781053271647,8.747599225983938,27.948554869947067,ok,1.0137985231397406,0.9559915951493776,33392.937230630145,0.0001827834664024,0.0005354760542552,36.22280676494389,0.9550772902928112,0.0489078222199463,200704,margin_scaled_weight_norm_sweep_mid_s_12.csv
margin,6,0.15,0.0,0.0249999999999999,,,0.0,1.0,1.0,500,500,500,1.0,8.951300091983194,24.94820932914812,6.907412023709329,27.390714903649663,2.8070921564541536,8.140587536850099,1.155426119848736,8.68814947721172,28.73560864626657,ok,-52057.4151988396,-52057.922130959945,-15880365210.439363,34665.48355583852,34665.48329482354,10574739336.797771,0.649051151384919,0.1396615944921433,200704,margin_scaled_weight_norm_sweep_mid_s_12.csv
margin,7,0.15,0.0,0.0214285714285714,,,0.0,1.0,1.0,500,500,500,1.0,9.117971281179248,25.674169711818426,7.101411303242032,28.155468974490155,2.795764638755151,8.128363447063194,1.1583858750078115,8.673433580669444,29.461141920362863,ok,1.0093184095229428,0.9352279953973556,39900.71172303252,0.0001806626960488,0.0004169610689046,38.19544409530565,0.968351737547029,0.0415492518454006,200704,margin_scaled_weight_norm_sweep_mid_s_12.csv
margin,8,0.15,0.0,0.01875,,,0.0,1.0,1.0,500,500,500,1.0,9.126672443291945,26.238578557313087,7.207290396386103,28.7002472019541,2.801934976916517,8.126807736840712,1.1627331757455983,8.67454852107138,29.98252793707855,ok,1.0172529916298485,0.9230092084539472,48463.87846609552,0.0002317157694616,0.0003975751456502,51.543041728636425,0.9670106900853248,0.0432087763721696,200704,margin_scaled_weight_norm_sweep_mid_s_12.csv
margin,9,0.15,0.0,0.0166666666666666,,,0.0,1.0,1.0,500,500,500,1.0,9.190847223809392,26.64700334660527,7.410410405722398,29.145302235980264,2.799241458056514,8.141507717294981,1.145126372306118,8.685114568031159,30.411837456596786,ok,1.0023536619124804,0.908290328330671,46933.07944363789,0.0002144050803753,0.0003871045428297,48.189812899806206,0.9682458838174473,0.0415233173067857,200704,margin_scaled_weight_norm_sweep_mid_s_12.csv
margin,10,0.15,0.0,0.015,,,0.0,1.0,1.0,500,500,500,1.0,8.960233744696016,26.96645302455565,7.6460154429028355,29.426806310543878,2.8142488923051574,8.178200292787308,1.154545243627172,8.725590614758943,30.69320545682113,ok,0.9985194503447502,0.8975394062614143,50258.64434872357,0.0002306323967065,0.00037336207596,53.08861398414945,0.9685666897798836,0.0411435461634685,200704,margin_scaled_weight_norm_sweep_mid_s_12.csv
margin,11,0.15,0.0,0.0136363636363636,,,0.0,1.0,1.0,500,500,500,1.0,9.213796075769888,27.23218598489674,7.6692147471443395,29.75403916243466,2.809213542064548,8.149027931477832,1.150492307193937,8.69608932232398,30.99878733082203,ok,0.9945251305923348,0.880684789947504,53960.60765797712,0.0002354095545525,0.0003398945748906,55.88227539804622,0.9718974337992472,0.0383355420730993,200704,margin_scaled_weight_norm_sweep_mid_s_12.csv
margin,12,0.15,0.0,0.0124999999999999,,,0.0,1.0,1.0,500,500,500,1.0,9.240295776021272,27.696745792097435,7.770618478143517,30.2138263884813,2.8003432597771964,8.19415647905526,1.145195139145925,8.734849436741674,31.45111921245149,ok,0.7536362384593608,-0.2463637906759396,0.0287249455890896,inf,inf,inf,5.894215696744531e-06,0.2265079440702959,200704,margin_scaled_weight_norm_sweep_mid_s_12.csv
margin,13,0.15,0.0,0.0115384615384615,,,0.0,1.0,1.0,500,500,500,1.0,9.147663417207056,27.497530874031572,7.771001622961764,30.003040119076307,2.80437439576107,8.160450641075064,1.1519737532612977,8.705430141309826,31.240469432006428,ok,0.9852343624901392,0.8505138184973188,61449.865983005,0.0002686552284625,0.0003167866940984,67.44620500890895,0.9729133057519485,0.0364966554459498,200704,margin_scaled_weight_norm_sweep_mid_s_12.csv
margin,14,0.15,0.0,0.0107142857142857,,,0.0,1.0,1.0,500,500,500,1.0,9.235856759895082,27.953897161677656,7.857914243424579,30.470776702801075,2.80496399082438,8.153128541634574,1.1561870615714485,8.699315865490973,31.68826800883172,ok,0.9800390944597006,0.844045444388116,62845.80959105097,0.0002691361529367,0.0003071693159592,68.33626232561704,0.9741221841197498,0.035377699760157,200704,margin_scaled_weight_norm_sweep_mid_s_12.csv
margin,15,0.15,0.0,0.01,,,0.0,1.0,1.0,500,500,500,1.0,9.307384617539151,27.977602427760143,7.851832880487694,30.51270105395001,2.8025765165207868,8.175717867547705,1.1552940757388108,8.719604473950053,31.734152388079504,ok,0.982944597925024,0.8293597734141949,70091.59727125523,0.0003067780182176,0.0003037092434137,80.77776986277011,0.9748524444071376,0.0341196758865575,200704,margin_scaled_weight_norm_sweep_mid_s_12.csv
margin,16,0.15,0.0,0.009375,,,0.0,1.0,1.0,500,500,500,1.0,9.105109913251008,27.971035099450177,7.968722866341733,30.4759310799131,2.818183190224473,8.17728558045232,1.149767530135563,8.725372274653457,31.70038637806966,ok,0.9783863611331316,0.8221260518151045,72358.89578107862,0.0003244555381512,0.0003102009495128,86.68999865463607,0.9740324587028084,0.0343035744256728,200704,margin_scaled_weight_norm_sweep_mid_s_12.csv
margin,17,0.15,0.0,0.0088235294117647,,,0.0,0.998,0.998,499,499,500,0.998,9.026902667535198,27.77768994596953,7.818496824038354,30.235970682137346,2.828675198120151,8.188465344507202,1.123804019931168,8.735863068401942,31.472674284860798,ok,0.9878615880402704,0.8116432558015284,86812.93528393815,0.0004303884087884,0.0003616279834573,121.03187970335772,0.9732474708310264,0.0335852831167546,200704,margin_scaled_weight_norm_sweep_mid_s_12.csv
margin,18,0.15,0.0,0.0083333333333333,,,0.0,1.0,1.0,500,500,500,1.0,9.071777773491169,28.34486957313544,7.919202586312272,30.79679451976654,2.804247715401295,8.130305748554868,1.1493884522713336,8.676794951393768,31.995770397370567,ok,0.9598162286680166,0.7937883571593962,77033.23431265618,0.0003611290962769,0.0003257448064382,101.15620224804356,0.9715794350141354,0.0344816941739038,200704,margin_scaled_weight_norm_sweep_mid_s_12.csv
margin,19,0.15,0.0,0.0078947368421052,,,0.0,1.0,1.0,500,500,500,1.0,9.24221385740841,28.18519776367121,7.935985019156738,30.705109480143676,2.8034061783114663,8.1561290875421,1.134779508642416,8.698807528993841,31.913523788733965,ok,0.9641297464418378,0.7905428295747471,82903.43960247324,0.0003987585190138,0.0003422542999191,113.91522345300746,0.9721142398962496,0.033673494322624,200704,margin_scaled_weight_norm_sweep_mid_s_12.csv
margin,20,0.15,0.0,0.0075,,,0.0,1.0,1.0,500,500,500,1.0,9.105211309322776,28.418745290102716,7.782349142252549,30.839826767073017,2.8335200599131483,8.170953655820009,1.1391445498944683,8.723013807225279,32.0497407930878,ok,0.9809987022316558,0.7939775888064803,98293.0052296798,0.0005317861198051,0.0004357918021863,157.8806672075666,0.970992888602958,0.0333661200876909,200704,margin_scaled_weight_norm_sweep_mid_s_12.csv
margin,21,0.15,0.0,0.0071428571428571,,,0.0,1.0,1.0,500,500,500,1.0,9.142137249741827,28.539899426878183,7.855132216448902,30.98076233612292,2.8088572475358218,8.159136452095176,1.1320163170725184,8.703025199495931,32.179967099896075,ok,0.9321122459302232,0.7521657156404662,84290.00243917468,0.0003868836427379,0.0003292401601691,116.59775216691236,0.9724493513974796,0.0317569178316775,200704,margin_scaled_weight_norm_sweep_mid_s_12.csv
margin,22,0.15,0.0,0.0068181818181818,,,0.0,1.0,1.0,500,500,500,1.0,9.15229582702783,28.19972556700145,7.931885669779471,30.69045211850225,2.8060112568076523,8.152990284476065,1.1295790198471152,8.696027743410847,31.8986637612338,ok,0.6407722540262991,-0.3592277627978838,0.0293028590522207,inf,inf,inf,1.80031130113667e-05,0.1889787900778821,200704,margin_scaled_weight_norm_sweep_mid_s_12.csv
margin,23,0.15,0.0,0.0065217391304347,,,0.0,1.0,1.0,500,500,500,1.0,8.997253801790777,28.742959728894327,7.894073241701901,31.135585786942144,2.8070396705095573,8.141070855015894,1.1294501488222497,8.685169199093258,32.32424579650563,ok,0.9213443395773532,0.7336509845465449,88880.72657945246,0.0004616256118022,0.0003847363323767,144.4365354302705,0.9652714624549928,0.0345810604163971,200704,margin_scaled_weight_norm_sweep_mid_s_12.csv
margin,24,0.15,0.0,0.0062499999999999,,,0.0,0.998,0.998,499,499,500,0.998,9.08579513736759,28.53883241946553,7.729627943021554,30.93159836287302,2.806254598607414,8.120622789351733,1.128071824578392,8.66557126798641,32.12251395334183,ok,0.902063688973663,0.7110264125818412,89421.84648931168,0.0004572772888581,0.0003804240369411,147.85001507818873,0.9644261231654097,0.0338954245372751,200704,margin_scaled_weight_norm_sweep_mid_s_12.csv
margin,25,0.15,0.0,0.006,,,0.0,1.0,1.0,500,500,500,1.0,9.049111317995829,28.375064160257644,7.908985413948898,30.81530029096381,2.8053278895904987,8.123314137658488,1.12974249532917,8.668011032119717,32.01120346496244,ok,0.8913705020370869,0.6942645567646168,86987.1572082802,0.0004435816527532,0.0003724310883755,145.9021830078517,0.9618520053977077,0.0344956529112365,200704,margin_scaled_weight_norm_sweep_mid_s_12.csv
margin,1,0.25,0.0,0.25,,,0.0,1.0,1.0,500,500,500,1.0,6.331324480819938,15.453941642813652,3.435241243621203,17.050245288053656,2.810276379004772,8.056381390417954,1.1165564126837313,8.605209623069625,19.09870406702418,ok,1.0088018555483425,0.981104914154081,17793.071850850145,0.000121462252412,0.0006554875593148,18.97859888766839,0.948363908408951,0.0437189245933749,200704,margin_scaled_weight_norm_sweep_mid_s_12.csv
margin,2,0.25,0.0,0.125,,,0.0,1.0,1.0,500,500,500,1.0,6.830361136511874,17.657833817430898,4.36713316443034,19.42999692370139,2.811110375746236,8.103147429392175,1.115242380470063,8.649110091465461,21.268095491353595,ok,1.01035926481319,0.9848845453022887,20671.37321831241,0.0001331536109709,0.0006365566238851,21.9480877060856,0.9498497054952458,0.0457632618258953,200704,margin_scaled_weight_norm_sweep_mid_s_12.csv
margin,3,0.25,0.0,0.0833333333333333,,,0.0,1.0,1.0,500,500,500,1.0,7.085213066362881,18.81649223927273,5.126059885868528,20.749388288329868,2.8172052284482656,8.087460752420325,1.1242260787544724,8.637566265869514,22.47542358526681,ok,1.0107284235100351,0.99330439199011,23384.018723449204,0.0001430504721067,0.0006134433750387,24.4389332661474,0.9524757261714464,0.0469035505660289,200704,margin_scaled_weight_norm_sweep_mid_s_12.csv
margin,4,0.25,0.0,0.0625,,,0.0,1.0,1.0,500,500,500,1.0,7.264022077102094,20.32715234841193,5.719782764203638,22.331033433360314,2.8111236595439992,8.10335889541976,1.116679281587187,8.649497918096326,23.94762761605017,ok,1.0096532342085849,0.967357335952048,26057.840289826305,0.0001491315344181,0.0005763096752495,27.13654797694653,0.9541135123793264,0.046515415114899,200704,margin_scaled_weight_norm_sweep_mid_s_12.csv
margin,5,0.25,0.0,0.05,,,0.0,1.0,1.0,500,500,500,1.0,7.671976391807934,21.042552140854408,6.084116855376008,23.209151218148957,2.8104298628890083,8.114564526222521,1.1259193233716127,8.660968062935508,24.77250629335057,ok,1.008777848561816,0.95786574537306,29383.89067651216,0.0001540927588874,0.000524575723389,29.400980242756678,0.959218071723859,0.0449584366708002,200704,margin_scaled_weight_norm_sweep_mid_s_12.csv
margin,6,0.25,0.0,0.0416666666666666,,,0.0,1.0,1.0,500,500,500,1.0,7.379826105951663,20.60717795853767,6.553815575669405,22.84885369922993,2.8228238619555976,8.08133798292831,1.136267938526796,8.635245391884915,24.42616585440464,ok,1.0002046589450209,0.9369817104184588,30864.973284372416,0.0001526841401975,0.0004915964563998,30.21126899100348,0.9616968197093858,0.0431770939834083,200704,margin_scaled_weight_norm_sweep_mid_s_12.csv
margin,7,0.25,0.0,0.0357142857142857,,,0.0,1.0,1.0,500,500,500,1.0,7.858349276721085,21.893562884869244,6.734404305507153,24.21639837999656,2.8229240837328176,8.108571391033935,1.1296520895518682,8.659904400710303,25.7182405060716,ok,1.001153756678851,0.9360242287716344,33282.159652191585,0.0001594209823641,0.0004689336631126,32.239393780136204,0.9637900895605882,0.0427606768194131,200704,margin_scaled_weight_norm_sweep_mid_s_12.csv
margin,8,0.25,0.0,0.03125,,,0.0,1.0,1.0,500,500,500,1.0,7.680903205131534,22.10979070980308,7.037546501722771,24.44107567276459,2.8226370939887047,8.086304934533674,1.130767324902212,8.639111204382726,25.92297094168599,ok,0.992868220601262,0.9213630840581504,35386.11973175027,0.0001621226967725,0.0004411363110342,33.83546868008601,0.9658533180580288,0.0414635002094751,200704,margin_scaled_weight_norm_sweep_mid_s_12.csv
margin,9,0.25,0.0,0.0277777777777777,,,0.0,1.0,1.0,500,500,500,1.0,7.946478708401424,23.042403593632525,7.094582553821008,25.385665026701737,2.814955890813453,8.092918011485763,1.1366192910488762,8.64356419659393,26.81684528181024,ok,0.99562573179916,0.9080719292818684,39223.68959451639,0.0001645976828737,0.0003893036245524,35.70524038721979,0.9709377456767234,0.038475170746898,200704,margin_scaled_weight_norm_sweep_mid_s_12.csv
margin,10,0.25,0.0,0.025,,,0.0,1.0,1.0,500,500,500,1.0,7.924339959132332,23.35272137729426,7.176094632244103,25.683479002743383,2.81531659923623,8.121910678670307,1.1473245148522566,8.672242741564306,27.108096352436387,ok,0.9867197185165786,0.8888173141183799,40996.33202756718,0.0001660470694105,0.0003685000021406,37.15100143121896,0.9721038500388413,0.0371949906667417,200704,margin_scaled_weight_norm_sweep_mid_s_12.csv
margin,11,0.25,0.0,0.0227272727272727,,,0.0,1.0,1.0,500,500,500,1.0,7.970713128174999,23.733811602205883,7.339014784597106,26.08998311515741,2.799249055705295,8.104252684037826,1.1396998855664813,8.649486844418087,27.486375563558035,ok,0.9830103400095306,0.8799888313734641,43185.28438720335,0.0001679304359769,0.0003449029853037,38.35206750772163,0.97425423943039,0.035666066652425,200704,margin_scaled_weight_norm_sweep_mid_s_12.csv
margin,12,0.25,0.0,0.0208333333333333,,,0.0,1.0,1.0,500,500,500,1.0,8.17501343458425,24.483592017823803,7.287702930910503,26.82140445167031,2.812690511185107,8.162273078777476,1.1189741468830194,8.705517380698224,28.19882567813275,ok,0.9897739339078488,0.8711093117280655,49707.26701511208,0.0002069110364151,0.0003409536828544,48.98089272372752,0.9722313252964307,0.0374186604043287,200704,margin_scaled_weight_norm_sweep_mid_s_12.csv
margin,13,0.25,0.0,0.0192307692307692,,,0.0,1.0,1.0,500,500,500,1.0,8.078819452573331,24.20014969495216,7.383227844639905,26.55986864446502,2.809946930603087,8.110714451745672,1.1325381224177755,8.658067525105784,27.935439063679087,ok,0.9736683110415564,0.8494319403472428,50367.84808044186,0.000198241894339,0.0003198104450857,48.23486717242784,0.9740746370803112,0.0352701536610229,200704,margin_scaled_weight_norm_sweep_mid_s_12.csv
margin,14,0.25,0.0,0.0178571428571428,,,0.0,1.0,1.0,500,500,500,1.0,7.812687384742359,24.525385159200777,7.42626576031959,26.78958798715936,2.8149596293935635,8.121676222741735,1.1437025773701348,8.671428830801016,28.158048627158102,ok,0.9658736040015374,0.8314297878014546,54380.88058357773,0.0002203534261243,0.0003142145924026,55.47740684461326,0.972936338385521,0.0355153409491163,200704,margin_scaled_weight_norm_sweep_mid_s_12.csv
margin,15,0.25,0.0,0.0166666666666666,,,0.0,1.0,1.0,500,500,500,1.0,8.088909778623307,24.5246963299413,7.490528012591436,26.88864446917994,2.8035093744598143,8.128520685590592,1.1096782133012573,8.669711591848582,28.251780483286264,ok,0.9610252035333926,0.8152954761579153,56088.12381297222,0.0002166594582593,0.0002940661842266,55.90727498770656,0.9750041567690148,0.0334919339769637,200704,margin_scaled_weight_norm_sweep_mid_s_12.csv
margin,16,0.25,0.0,0.015625,,,0.0,1.0,1.0,500,500,500,1.0,8.130518323557128,25.14666177927789,7.480435788387631,27.466649712611183,2.808272636530684,8.111452502650318,1.1230024262111555,8.656973567772702,28.79861173369993,ok,0.9637236007109848,0.8199303492671942,57998.554903987446,0.0002223845921685,0.0002863492302231,57.37012921442639,0.9763008248250904,0.0328197786720881,200704,margin_scaled_weight_norm_sweep_mid_s_12.csv
margin,17,0.25,0.0,0.0147058823529411,,,0.0,1.0,1.0,500,500,500,1.0,8.23753497350733,25.12017880272669,7.50920103146461,27.48214812658692,2.809152871134989,8.113078494562039,1.1291820496940788,8.659586284210251,28.81417880602096,ok,0.9650467401964496,0.8096579640019828,61864.72655427731,0.0002357272563346,0.0002752456381982,62.233890018445685,0.9773311812749113,0.0317124944853997,200704,margin_scaled_weight_norm_sweep_mid_s_12.csv
margin,18,0.25,0.0,0.0138888888888888,,,0.0,1.0,1.0,500,500,500,1.0,8.043052814168458,24.754032696326792,7.588245568387441,27.11151607912163,2.8112830045661545,8.128572543295682,1.1134481577339903,8.67276025976414,28.46490953141806,ok,0.9438368079346596,0.7853970646704038,62723.49130021045,0.0002460963567725,0.0002816538723451,67.13084704069881,0.9748498874852344,0.0324416959441367,200704,margin_scaled_weight_norm_sweep_mid_s_12.csv
margin,19,0.25,0.0,0.0131578947368421,,,0.0,1.0,1.0,500,500,500,1.0,7.92285647134101,25.18229982375309,7.566217387756538,27.46211070980624,2.815780652175636,8.082913944224279,1.1335289214260154,8.634060824815352,28.787402296217447,ok,0.932991449974262,0.7647396983375602,64540.656112806,0.0002699698352519,0.0002967726995826,75.99387047435522,0.9707867264654264,0.0341016177280794,200704,margin_scaled_weight_norm_sweep_mid_s_12.csv
margin,20,0.25,0.0,0.0125,,,0.0,1.0,1.0,500,500,500,1.0,8.043193257733849,24.990247718536164,7.714211598554211,27.362647887262767,2.811060331681457,8.078984344666791,1.129070054624488,8.628258655022687,28.69078853604933,ok,0.9291549775993936,0.7609908102440198,64649.986464081405,0.000261335477769,0.0002866128636974,73.94684718444412,0.9724466618039068,0.0329268659219114,200704,margin_scaled_weight_norm_sweep_mid_s_12.csv
margin,21,0.25,0.0,0.0119047619047619,,,0.0,1.0,1.0,500,500,500,1.0,8.062102060791998,25.619290325183723,7.593503388768492,27.9106936517156,2.809401995377478,8.088805470731437,1.1297659674450988,8.637006695387177,29.216514247529265,ok,0.9248865183666688,0.7517654827708009,67812.74402879848,0.0002708116524082,0.0002789377099109,78.20685969386345,0.9736820974268864,0.0317167381305434,200704,margin_scaled_weight_norm_sweep_mid_s_12.csv
margin,22,0.25,0.0,0.0113636363636363,,,0.0,1.0,1.0,500,500,500,1.0,7.992528556210266,25.203829517202173,7.506411924678253,27.485628154309666,2.8113291184006326,8.100871818607164,1.125819978068114,8.64841987050168,28.814144465756197,ok,0.9149214340907498,0.7357778036443207,73031.56087548354,0.0003039138069798,0.0002878180776566,90.88910468973462,0.9723922579157184,0.0316574737486143,200704,margin_scaled_weight_norm_sweep_mid_s_12.csv
margin,23,0.25,0.0,0.0108695652173913,,,0.0,1.0,1.0,500,500,500,1.0,8.018034827203453,25.797076924005687,7.459852983258159,28.025478886990317,2.817994901124891,8.089688291073672,1.1256565232007396,8.640095747022988,29.327098754613704,ok,0.906346024398476,0.7203769568623073,73176.55221203285,0.0003188345532669,0.0003013373872823,97.42671890982714,0.9686184165846762,0.0331040312537777,200704,margin_scaled_weight_norm_sweep_mid_s_12.csv
margin,24,0.25,0.0,0.0104166666666666,,,0.0,1.0,1.0,500,500,500,1.0,7.901105910127828,25.33403828242925,7.53048463666726,27.5853071246584,2.8183627535032456,8.084491847907648,1.12726319002325,8.63556016415849,28.90539860494109,ok,0.6456422643186464,-0.0361800313533386,3.7047957487660903,0.0004181578006107,0.1511029190593054,25.486908352293423,8.500603540406715e-06,0.1873261536558974,200704,margin_scaled_weight_norm_sweep_mid_s_12.csv
margin,25,0.25,0.0,0.01,,,0.0,1.0,1.0,500,500,500,1.0,7.823500028405683,25.53595098431989,7.496543203380171,27.73968466598344,2.8058326795333843,8.062205476519399,1.1129169830731234,8.608741974433283,29.044802353442968,ok,0.8931025755801647,0.7063027169207099,76687.89640154112,0.0003268290042287,0.000295897965457,102.79486517684398,0.9702306374322756,0.0314388134783163,200704,margin_scaled_weight_norm_sweep_mid_s_12.csv
margin,1,0.4,0.0,0.4,,,0.0,1.0,1.0,500,500,500,1.0,5.73652485713712,14.035321819943672,3.1115092081450126,15.478354743909644,2.8466102761759005,8.016555058282503,1.0579597035962498,8.572492274790248,17.693701969334985,ok,1.0074453426629806,0.9760706892618842,16320.11896780149,0.0001096984837064,0.0006319672290068,16.64785696160238,0.952161799062583,0.0403696216250198,200704,margin_scaled_weight_norm_sweep_mid_s_12.csv
margin,2,0.4,0.0,0.2,,,0.0,1.0,1.0,500,500,500,1.0,6.06873980883716,15.500198431244584,4.026799609205152,17.126029001727655,2.829649308956421,8.030478248364194,1.085439174717599,8.583337014887602,19.15657964458051,ok,1.007812663285509,0.978342327546201,18736.188196112387,0.0001224293760521,0.0006344250062585,19.57410696141756,0.9506701263449224,0.0434226652120918,200704,margin_scaled_weight_norm_sweep_mid_s_12.csv
margin,3,0.4,0.0,0.1333333333333333,,,0.0,1.0,1.0,500,500,500,1.0,6.014931204655902,15.940135606987038,4.90506810634374,17.72926997069394,2.8189006135037467,8.018778681573691,1.0910661891138995,8.569564612155045,19.69173561003829,ok,1.006110206014363,0.966995817692018,20682.42275919846,0.0001229541179106,0.0005875653982115,20.64483228528044,0.955413833191854,0.0422510216037803,200704,margin_scaled_weight_norm_sweep_mid_s_12.csv
margin,4,0.4,0.0,0.1,,,0.0,1.0,1.0,500,500,500,1.0,6.684759045117667,17.71448902754939,5.318176779832848,19.666523059758266,2.815699241243673,8.044225176830565,1.094193769638632,8.592728374515916,21.461759251706614,ok,1.0059391736073282,0.961216581256994,22904.84465152243,0.0001289776945461,0.0005636448761782,22.606199489044773,0.957205853309942,0.0426531117104854,200704,margin_scaled_weight_norm_sweep_mid_s_12.csv
margin,5,0.4,0.0,0.08,,,0.0,1.0,1.0,500,500,500,1.0,6.822069800335181,18.7450713005806,5.681657864874593,20.74125286760631,2.8100832675410703,8.051497719972527,1.112565800970754,8.60005733508369,22.45351991748095,ok,-52714.841608155824,-52715.46879822336,-20402849764.49116,37204.81013472521,37204.81030020915,14399600756.514698,0.5023268687500511,0.1490037160389575,200704,margin_scaled_weight_norm_sweep_mid_s_12.csv
margin,6,0.4,0.0,0.0666666666666666,,,0.0,1.0,1.0,500,500,500,1.0,6.714914379780314,18.82926992045629,6.18043680164248,20.92437047856583,2.826120870429182,8.02363163305543,1.100133652421977,8.577640573632966,22.61426978115172,ok,-70112.50577822656,-70113.10256308399,-25668264519.259518,27836.4137435733,27836.41378197309,10190682169.248434,0.5453687026648395,0.1444950531995842,200704,margin_scaled_weight_norm_sweep_mid_s_12.csv
margin,7,0.4,0.0,0.0571428571428571,,,0.0,1.0,1.0,500,500,500,1.0,6.922736313450213,19.346795872998005,6.35243916480635,21.507586381544083,2.8252159774557213,8.030535702120579,1.1291950912906557,8.587574193944368,23.158642069345944,ok,0.9975909298365636,0.9289924079072248,29582.587955456023,0.0001367807698483,0.0004621824307915,26.962202442861837,0.966014051043774,0.0397435880977701,200704,margin_scaled_weight_norm_sweep_mid_s_12.csv
margin,8,0.4,0.0,0.05,,,0.0,1.0,1.0,500,500,500,1.0,7.052071239361519,20.04150334415256,6.527594373053253,22.22617945931834,2.8418727274731053,8.070239318781738,1.1120029122045003,8.627951885489246,23.84207640068587,ok,0.996509369355816,0.918153309100906,31986.34471211168,0.0001382789570383,0.0004269166282118,28.20253601805154,0.9692029599621026,0.0381676353963482,200704,margin_scaled_weight_norm_sweep_mid_s_12.csv
margin,9,0.4,0.0,0.0444444444444444,,,0.0,1.0,1.0,500,500,500,1.0,6.9938301703551415,20.38663739496807,6.6709894451355,22.56170970699671,2.875297593180835,8.080997096660344,1.0952265919936648,8.646928449651615,24.161955974551898,ok,0.9887692799129943,0.9089509339456248,33661.55690048357,0.000138567595227,0.0004019050897107,28.94267443255974,0.971418589180684,0.0368543664563651,200704,margin_scaled_weight_norm_sweep_mid_s_12.csv
margin,10,0.4,0.0,0.04,,,0.0,1.0,1.0,500,500,500,1.0,7.090657589443695,21.302867765525765,6.751499050065039,23.44509201323896,2.8248550521326554,8.055520353632001,1.10351966766444,8.607494983458373,24.97521390097595,ok,0.992363731424357,0.8895046951253256,38139.41527622281,0.0001494983641337,0.0003677434128321,32.90011279009575,0.9733184107871466,0.0358562684669627,200704,margin_scaled_weight_norm_sweep_mid_s_12.csv
margin,11,0.4,0.0,0.0363636363636363,,,0.0,1.0,1.0,500,500,500,1.0,7.1670580428336494,21.459534069064453,6.855858591330814,23.64066666731311,2.8290553749219765,8.10773728395141,1.0867093228439284,8.655627957133245,25.17540497802003,ok,0.9838403541247656,0.8738575272323984,38645.26454165067,0.0001434148373872,0.0003463657834541,32.22201192069605,0.97525023232488,0.0339877334129536,200704,margin_scaled_weight_norm_sweep_mid_s_12.csv
margin,12,0.4,0.0,0.0333333333333333,,,0.0,1.0,1.0,500,500,500,1.0,7.161329916178361,21.15244205976837,7.023608555158761,23.410286807220206,2.8743112039588623,8.074250249335233,1.1205265314477866,8.643538725184953,24.955005311361493,ok,0.9761385828619094,0.8544840896084375,41363.007766579554,0.0001542179487275,0.0003378208324466,35.956847239261,0.9744438308876316,0.0342411525718044,200704,margin_scaled_weight_norm_sweep_mid_s_12.csv
margin,13,0.4,0.0,0.0307692307692307,,,0.0,1.0,1.0,500,500,500,1.0,7.033154927337258,21.29376918734757,7.08306443410579,23.517220843748856,2.841583267521144,8.084564825925218,1.109190267149094,8.640896188450691,25.05443599750825,ok,0.9681866072608296,0.8384316328062698,44381.7984921542,0.0001563528678075,0.0003080100192044,37.676986928969285,0.9769550507013696,0.0322472413424231,200704,margin_scaled_weight_norm_sweep_mid_s_12.csv
margin,14,0.4,0.0,0.0285714285714285,,,0.0,1.0,1.0,500,500,500,1.0,7.134261389937684,21.66248847093842,7.077923165532059,23.880077233348118,2.828513013451041,8.12117480159128,1.0969401851201177,8.669327759116875,25.405025732434623,ok,0.9615443732716322,0.8205254851299207,46956.75480547998,0.0001577169602203,0.0002845368841437,39.24353786907542,0.9787436746800736,0.0305274576567606,200704,margin_scaled_weight_norm_sweep_mid_s_12.csv
margin,15,0.4,0.0,0.0266666666666666,,,0.0,1.0,1.0,500,500,500,1.0,7.153408235914433,21.956006353130228,7.122275504087242,24.165352733292856,2.844560460519775,8.0912337838091,1.0938040083510536,8.646154958505603,25.665546327537147,ok,0.9605724810570936,0.8103976466303553,49552.49187647741,0.0001757628652327,0.0002910612243603,44.70097212180853,0.9765529772124096,0.0319060166249069,200704,margin_scaled_weight_norm_sweep_mid_s_12.csv
margin,16,0.4,0.0,0.025,,,0.0,1.0,1.0,500,500,500,1.0,7.07839530887621,21.52101515138921,7.27788543847933,23.79549095418446,2.836064317458157,8.083669478925437,1.1244649236527269,8.640219581804352,25.31558382049424,ok,0.9458735805054492,0.7945725007547724,49396.414805625005,0.0001699802121469,0.0002829125749277,44.0673729107798,0.9769855975015492,0.0309756052987686,200704,margin_scaled_weight_norm_sweep_mid_s_12.csv
margin,17,0.4,0.0,0.0235294117647058,,,0.0,1.0,1.0,500,500,500,1.0,7.263591947472233,22.445476899174,7.196619126809272,24.66476288284755,2.837873559888659,8.05863694028241,1.098966716040223,8.614109560492228,26.125723178263563,ok,0.9522695682786828,0.7893654621564757,53617.74802272031,0.0001901491788313,0.0002773600379703,50.30790263747131,0.976657133944358,0.0312256538615447,200704,margin_scaled_weight_norm_sweep_mid_s_12.csv
margin,18,0.4,0.0,0.0222222222222222,,,0.0,1.0,1.0,500,500,500,1.0,7.169003778823835,22.254214900191343,7.203255409515554,24.46490516023726,2.8454704765568883,8.063431178239316,1.1152237270125822,8.623186682453918,25.940141346181104,ok,0.9483361287291416,0.7778125524480975,56957.01254463533,0.0002071599689595,0.0002744434041749,56.17107280474332,0.9759384921731558,0.0313559493155798,200704,margin_scaled_weight_norm_sweep_mid_s_12.csv
margin,19,0.4,0.0,0.0210526315789473,,,0.0,1.0,1.0,500,500,500,1.0,7.036625898715729,21.882528958974248,7.279374572046519,24.11116902680127,2.8156133030173205,8.056935915072687,1.1200924594061126,8.607932488660369,25.60165958621268,ok,0.9227200467452278,0.7520002823770567,54393.65956577201,0.0001875573131464,0.0002673400855595,52.21032538842784,0.9759742130140636,0.0302192362233467,200704,margin_scaled_weight_norm_sweep_mid_s_12.csv
margin,20,0.4,0.0,0.02,,,0.0,1.0,1.0,500,500,500,1.0,7.043691534042574,22.185039776080117,7.341809630890309,24.406797187448284,2.828446770377725,8.05808252182119,1.1155928545641265,8.612627501436183,25.8818295610594,ok,0.9275763944985924,0.7528527597035933,58254.14486032159,0.000214895280949,0.0002748260692919,60.42027171880301,0.974136763529908,0.0315199062732657,200704,margin_scaled_weight_norm_sweep_mid_s_12.csv
margin,21,0.4,0.0,0.019047619047619,,,0.0,1.0,1.0,500,500,500,1.0,7.215284859680635,22.90450831110988,7.235958854877618,25.08058885133122,2.8324479684402464,8.084246856057616,1.111908220259959,8.63794817152085,26.52640355840573,ok,0.9315758883100688,0.753273825174838,62679.42633415168,0.0002334235456155,0.0002674127604026,66.3817821391842,0.9753405698648902,0.030802188595909,200704,margin_scaled_weight_norm_sweep_mid_s_12.csv
margin,22,0.4,0.0,0.0181818181818181,,,0.0,1.0,1.0,500,500,500,1.0,7.095826699430101,22.317995901195097,7.352336347229862,24.545886566936293,2.8399626196706524,8.074314042586991,1.11380981035285,8.631367633989548,26.01924392810033,ok,0.9105963896894134,0.7241325339034272,61944.65293049789,0.0002408278800062,0.0002806689379261,71.10495207407963,0.9707316200098084,0.0323372271541067,200704,margin_scaled_weight_norm_sweep_mid_s_12.csv
margin,23,0.4,0.0,0.017391304347826,,,0.0,1.0,1.0,500,500,500,1.0,7.162068706279435,23.05375888755001,7.159407832915641,25.17991555817398,2.8342301270704366,8.051363287028243,1.110508030862598,8.6075861470862,26.6104995593146,ok,0.920200600009852,0.7357232944827695,67414.28536804664,0.0002603156470513,0.0002701161622318,76.73614366410969,0.9741459769572076,0.0307661567593847,200704,margin_scaled_weight_norm_sweep_mid_s_12.csv
margin,24,0.4,0.0,0.0166666666666666,,,0.0,1.0,1.0,500,500,500,1.0,7.15215042911359,22.754700985892526,7.283611803642099,24.93954036513509,2.8257029895106918,8.073828057505937,1.114868150331177,8.626368174366464,26.38929520665388,ok,0.900927464321756,0.7141427368401446,64149.61053734959,0.000238108506281,0.0002639562423692,71.70108157638738,0.9733966170566788,0.0303525533862354,200704,margin_scaled_weight_norm_sweep_mid_s_12.csv
margin,25,0.4,0.0,0.016,,,0.0,1.0,1.0,500,500,500,1.0,7.054324842026108,22.5235166650837,7.340422855716887,24.71748590855997,2.8048465545522974,8.025785174202218,1.0849477771330838,8.570735297285411,26.16126168929921,ok,0.8940985570085481,0.697106172533437,65911.21995366256,0.0002666899548648,0.0002849594702205,82.64779215348346,0.9678674860600028,0.0326322925453242,200704,margin_scaled_weight_norm_sweep_mid_s_12.csv
margin,1,0.65,0.0,0.65,,,0.0,1.0,1.0,500,500,500,1.0,5.305432987780722,12.897816396416028,3.010278270944592,14.267552777263912,2.828851619657553,8.02036511470645,1.0723156316966205,8.571961203436487,16.644566114057508,ok,1.0059745397638618,0.9605265953917916,14946.651927278715,9.69321691820009e-05,0.0005952160009193,14.422099446810172,0.9566790489679956,0.0363871767081404,200704,margin_scaled_weight_norm_sweep_mid_s_12.csv
margin,2,0.65,0.0,0.325,,,0.0,1.0,1.0,500,500,500,1.0,5.608307949467369,14.345148315503948,3.61013708600976,15.819907965271089,2.821043654160522,7.968243091485975,1.0545670644776384,8.518409297349729,17.967548107263326,ok,1.0066455401775196,0.9671040959513594,17422.630244962413,0.0001049142606236,0.0005754119315976,16.493433256449414,0.958782706031293,0.0379770519465783,200704,margin_scaled_weight_norm_sweep_mid_s_12.csv
margin,3,0.65,0.0,0.2166666666666666,,,0.0,1.0,1.0,500,500,500,1.0,5.712164673938323,14.762617985756998,4.260981694116632,16.392671534962872,2.800925374811876,7.973691422199756,1.07545993213878,8.519480730500126,18.47433982502609,ok,1.006376932305092,0.9642333077304116,19157.85457699804,0.0001146838935901,0.0005838102853733,18.76279551708828,0.9565096478656628,0.0404043294303083,200704,margin_scaled_weight_norm_sweep_mid_s_12.csv
margin,4,0.65,0.0,0.1625,,,0.0,1.0,1.0,500,500,500,1.0,6.038888886832002,16.175140353423743,4.63025825719362,17.875755535606597,2.8285890430351643,7.994298786581116,1.056107758755092,8.545472056101618,19.813321998856814,ok,1.005892263990698,0.9674617300595516,20782.090349014656,0.000115898597131,0.0005515594984722,19.486610582905403,0.9604876463541768,0.0397589651680386,200704,margin_scaled_weight_norm_sweep_mid_s_12.csv
margin,5,0.65,0.0,0.13,,,0.0,1.0,1.0,500,500,500,1.0,5.981220977936014,16.249704582023295,5.342867313631264,18.121096394009943,2.8287258115931944,7.993719279511322,1.0514885875277546,8.544405531487003,20.034495262109942,ok,1.0023142129909652,0.9348685461835636,23365.91135202373,0.0001139501507802,0.0004889887331501,20.679057253135237,0.9654526091848328,0.0373738602363442,200704,margin_scaled_weight_norm_sweep_mid_s_12.csv
margin,6,0.65,0.0,0.1083333333333333,,,0.0,1.0,1.0,500,500,500,1.0,5.984412719816849,16.29491019177101,5.834065543709354,18.31320874470897,2.8409574074971355,8.036553641071608,1.0747743153405314,8.591412761935599,20.228346145279275,ok,0.9958543691401208,0.924063240043828,25160.948951660856,0.0001144476776973,0.000457845196321,21.55087151642951,0.9681739271286776,0.0363132872081111,200704,margin_scaled_weight_norm_sweep_mid_s_12.csv
margin,7,0.65,0.0,0.0928571428571428,,,0.0,1.0,1.0,500,500,500,1.0,6.247976604995447,17.249763684105307,5.855826859839246,19.258303846041677,2.847378278961598,8.027898308934153,1.092974925023755,8.587741758391482,21.086288804227365,ok,0.9979608833644036,0.9198516621467852,26690.092207919937,0.0001128925380284,0.0004257861019917,21.772059753882644,0.9715522815969349,0.0347810153438242,200704,margin_scaled_weight_norm_sweep_mid_s_12.csv
margin,8,0.65,0.0,0.08125,,,0.0,1.0,1.0,500,500,500,1.0,6.25393801603047,17.959471030017546,6.134717862004914,19.982219687331856,2.863832014854265,8.037636679110896,1.0772518414076986,8.600326082452302,21.75441822612828,ok,0.9936691344762246,0.901376734049274,28884.245136867,0.0001174987250442,0.0004076472706597,23.70097189392103,0.9720118646202324,0.0346387883717614,200704,margin_scaled_weight_norm_sweep_mid_s_12.csv
margin,9,0.65,0.0,0.0722222222222222,,,0.0,1.0,1.0,500,500,500,1.0,6.257893970163958,17.87924850766361,6.290996474910784,19.960095209891804,2.860912519353187,8.052561586697275,1.0814280292259957,8.613829295576965,21.73944470130932,ok,0.9883151536178192,0.8988297244844026,30709.302313169323,0.0001142731045007,0.0003700791419781,23.536748120670936,0.976108928749024,0.0324225159375706,200704,margin_scaled_weight_norm_sweep_mid_s_12.csv
margin,10,0.65,0.0,0.065,,,0.0,1.0,1.0,500,500,500,1.0,6.394013859878123,18.590280387032585,6.412191378847294,20.678446179240968,2.8729854112970727,8.016567496423582,1.0779175530168132,8.583781558808601,22.38927069462308,ok,0.9869854056405388,0.8795946502641742,34470.25021024414,0.0001227164717026,0.0003453995836471,26.651001133470977,0.977064529926696,0.0320477491332583,200704,margin_scaled_weight_norm_sweep_mid_s_12.csv
margin,11,0.65,0.0,0.059090909090909,,,0.0,1.0,1.0,500,500,500,1.0,6.339648842533188,18.311378434893705,6.549904202630482,20.45480316933309,2.901389004764298,8.053247103303876,1.0774300152424472,8.627496885052164,22.199835026363232,ok,0.979802032064182,0.8598695182081161,34628.05807793818,0.0001210503975373,0.0003387319612635,26.923379848608167,0.9768709487586966,0.0314999088964287,200704,margin_scaled_weight_norm_sweep_mid_s_12.csv
margin,12,0.65,0.0,0.0541666666666666,,,0.0,1.0,1.0,500,500,500,1.0,6.328617380554553,18.590577114490493,6.628487390783404,20.72674119317963,2.887206559009407,8.043830449325188,1.0765369046307818,8.613831999691545,22.445398241242223,ok,0.97581432515265,0.8503321823250742,37880.205992822666,0.0001300581573279,0.000322983819741,29.89294566299536,0.977466588669862,0.0313869899759998,200704,margin_scaled_weight_norm_sweep_mid_s_12.csv
margin,13,0.65,0.0,0.05,,,0.0,1.0,1.0,500,500,500,1.0,6.3490455844152685,18.90390102832399,6.721870277105436,21.04403464034132,2.862602442257612,8.056150675354441,1.092697575305609,8.619167270537904,22.74074401556372,ok,0.9707673511487236,0.8422316927798859,39300.12880899526,0.0001267326405438,0.0002989192198693,29.65320042568476,0.9798773274355262,0.0295700806163326,200704,margin_scaled_weight_norm_sweep_mid_s_12.csv
margin,14,0.65,0.0,0.0464285714285714,,,0.0,1.0,1.0,500,500,500,1.0,6.538000560656034,19.360282918223888,6.735390283560543,21.5158427275506,2.8524941842774627,8.051971945335584,1.0935928889665814,8.612021869840225,23.175383685352404,ok,0.9687187289806676,0.8213474947357599,41362.48860677243,0.0001350929653486,0.0002959157025492,32.76889164293178,0.9786837434023092,0.0299940518621365,200704,margin_scaled_weight_norm_sweep_mid_s_12.csv
margin,15,0.65,0.0,0.0433333333333333,,,0.0,1.0,1.0,500,500,500,1.0,6.379743455701711,19.601537057518744,6.802317397217829,21.706978222459743,2.888366198148229,8.122654668058061,1.077081964327429,8.687938979355811,23.381043331283397,ok,0.9586114169167682,0.8098390988359238,44549.24804025394,0.0001492325796994,0.0002922682445566,37.25803798021806,0.977692923822347,0.0306511071844814,200704,margin_scaled_weight_norm_sweep_mid_s_12.csv
margin,16,0.65,0.0,0.040625,,,0.0,1.0,1.0,500,500,500,1.0,6.457206196385215,19.93490482947215,6.791598118491911,22.0277494861788,2.8689153568548567,8.09144840645699,1.0827186343407202,8.653004812219951,23.666352479969365,ok,0.9612124505442826,0.8056129628946378,46463.57135543901,0.0001499512609636,0.0002750886356186,37.92864833206716,0.9794996226276708,0.0293820070938737,200704,margin_scaled_weight_norm_sweep_mid_s_12.csv
margin,17,0.65,0.0,0.038235294117647,,,0.0,1.0,1.0,500,500,500,1.0,6.1914907648232855,19.277602278841645,6.999682258388514,21.423259771344124,2.89810749704745,8.079369898226634,1.083856530801934,8.651588871194429,23.10424310005993,ok,0.9442749688405402,0.7801100995851896,48493.28650153144,0.0001650174209481,0.0002828766847785,43.4346265165578,0.9763867817181284,0.0307502302923643,200704,margin_scaled_weight_norm_sweep_mid_s_12.csv
margin,18,0.65,0.0,0.0361111111111111,,,0.0,1.0,1.0,500,500,500,1.0,6.303285024424371,18.955631568371995,7.050192655619445,21.183781219044533,2.904405818863532,8.044846441994668,1.0775883977718477,8.620691630660218,22.870699834663544,ok,0.9321191013059312,0.7647979623532867,47557.26128064733,0.0001576328963766,0.0002787337653923,42.17618229505195,0.9764066737858946,0.0300624375061971,200704,margin_scaled_weight_norm_sweep_mid_s_12.csv
margin,19,0.65,0.0,0.0342105263157894,,,0.0,1.0,1.0,500,500,500,1.0,6.284442498343967,19.83008140429429,6.9385026423982925,21.928729213853188,2.875148308079972,8.030085260264014,1.0901733941594132,8.5986757765308,23.55432847789119,ok,0.9353473704197556,0.764417295011257,51202.288838166525,0.0001750965160898,0.0002750937502635,47.47303762364919,0.9760618783992816,0.0305164875041478,200704,margin_scaled_weight_norm_sweep_mid_s_12.csv
margin,20,0.65,0.0,0.0325,,,0.0,1.0,1.0,500,500,500,1.0,6.459807042186745,20.1497351312504,6.917105097147383,22.261789591288803,2.9227532963878136,8.081661037043334,1.086570986409412,8.662353517244426,23.887729993964083,ok,0.9403273662681412,0.7574055714818198,57180.349067480136,0.0001956170114572,0.0002575473667487,54.50517671942481,0.9775887448550784,0.0294473820937877,200704,margin_scaled_weight_norm_sweep_mid_s_12.csv
margin,21,0.65,0.0,0.0309523809523809,,,0.0,1.0,1.0,500,500,500,1.0,6.3362346325498144,19.609505130898363,7.007641063615115,21.76666244682261,2.9028156405179466,8.098305258019886,1.0745467076571995,8.669690728154325,23.429706173910137,ok,0.9164279032569514,0.7297379011618991,54411.39718108071,0.0001878714146973,0.0002676524242494,53.89596505888608,0.9744625918451184,0.0302571182846368,200704,margin_scaled_weight_norm_sweep_mid_s_12.csv
margin,22,0.65,0.0,0.0295454545454545,,,0.0,1.0,1.0,500,500,500,1.0,6.276538995504587,19.79449223794077,7.017651179443287,21.91949572404276,2.900614237273226,8.117815784136194,1.0862106214662544,8.688633354724377,23.578732840616304,ok,0.9081170839169682,0.7176954370596237,54721.05753182984,0.0001946940004372,0.0002748631227532,56.842914464783824,0.9721583809853888,0.0311190824139659,200704,margin_scaled_weight_norm_sweep_mid_s_12.csv
margin,23,0.65,0.0,0.0282608695652173,,,0.0,1.0,1.0,500,500,500,1.0,6.300292564308705,19.764996519387594,7.055203484068245,21.9117473061574,2.8723880289870363,8.050210417509746,1.0811895352177412,8.615420568162348,23.54464146202296,ok,0.9085579333024678,0.7148424186904816,57897.59980655105,0.0002076174528254,0.0002680652076827,61.416986627208416,0.9727855915192496,0.0307156967397959,200704,margin_scaled_weight_norm_sweep_mid_s_12.csv
margin,24,0.65,0.0,0.0270833333333333,,,0.0,0.998,0.998,499,499,500,0.998,6.122782936065703,19.580558333370632,7.092989815850755,21.70707810960448,2.8820809803387317,8.052741024117289,1.0611103469435432,8.618525624903745,23.355432430241844,ok,0.8811657610541552,0.6913635584970214,55920.42221953971,0.0002041446564224,0.0002784109610184,62.090389990629376,0.9690644141300122,0.0316876132070185,200704,margin_scaled_weight_norm_sweep_mid_s_12.csv
margin,25,0.65,0.0,0.026,,,0.0,1.0,1.0,500,500,500,1.0,6.252016271566046,20.21828091650636,7.00914083141619,22.293376726582213,2.856564633738288,8.11994732136005,1.0813085648073977,8.675409743678532,23.921901682224803,ok,0.896706766976299,0.6928796164319999,62678.99793005902,0.0002373892141061,0.0002719666002491,73.39364184929939,0.9700177401328248,0.031326759610687,200704,margin_scaled_weight_norm_sweep_mid_s_12.csv
margin,1,1.6,0.0,1.6,,,0.0,1.0,1.0,500,500,500,1.0,4.402193082111454,11.212808446910268,2.796584450891568,12.366376259448874,2.8851836720993576,7.948012451196319,0.9926614199156336,8.513551752395083,15.01358801988952,ok,1.0047844366058236,0.9461194430722072,13560.232164914616,8.743641143349445e-05,0.0005746664280104,12.681495602758655,0.958947264886226,0.033462046172038,200704,margin_scaled_weight_norm_sweep_mid_s_12.csv
margin,2,1.6,0.0,0.8,,,0.0,1.0,1.0,500,500,500,1.0,4.712139640507888,11.788851464963104,3.1023475071827376,13.06927078722954,2.877870453586425,8.00565921303357,1.0189971541107408,8.568026201111946,15.6274409899021,ok,1.0050941752819187,0.9514673795513442,15051.47898396203,9.694947378273564e-05,0.0005923596320015,14.604121697060323,0.9562389696148458,0.0363394547676454,200704,margin_scaled_weight_norm_sweep_mid_s_12.csv
margin,3,1.6,0.0,0.5333333333333333,,,0.0,1.0,1.0,500,500,500,1.0,5.007499780278765,12.406808571528362,3.505674838679105,13.83089689986117,2.8946989785631594,7.98461109342346,1.0009456636730558,8.5519114068927,16.261269869414587,ok,1.005099264122362,0.9507466579224552,16808.391269664888,9.455699365146624e-05,0.0005328894081339,14.907519349807009,0.9635103671619606,0.0345460588810943,200704,margin_scaled_weight_norm_sweep_mid_s_12.csv
margin,4,1.6,0.0,0.4,,,0.0,1.0,1.0,500,500,500,1.0,5.095117332793945,12.909191489133107,4.08743004817412,14.467706450462725,2.9906215653753536,8.001010755486597,1.0007680512367731,8.600088787278686,16.830806786539892,ok,1.003893659502857,0.9395904673795764,18323.882305245497,9.882376358869268e-05,0.0005212015693146,16.310503210146774,0.963596880450329,0.0352783163552676,200704,margin_scaled_weight_norm_sweep_mid_s_12.csv
margin,5,1.6,0.0,0.32,,,0.0,1.0,1.0,500,500,500,1.0,5.15313450874298,13.291188038107812,4.440471472165,14.930782351392343,2.9116405107054484,7.966448620785187,0.9971167929983974,8.540269081830543,17.20071096247826,ok,1.0027833635599877,0.938122423023002,19987.77038818407,9.85398769855742e-05,0.0004845482064146,16.8387301510878,0.9676514720234464,0.0342531413521915,200704,margin_scaled_weight_norm_sweep_mid_s_12.csv
margin,6,1.6,0.0,0.2666666666666666,,,0.0,1.0,1.0,500,500,500,1.0,5.30887996527971,13.567129010983068,4.826548843759647,15.347533020899622,2.859680326242488,7.962682321278632,0.999644166520113,8.519470040886306,17.553579110972315,ok,1.000386161829568,0.9256838852585928,21651.18199298335,9.536842592071234e-05,0.0004381576549524,17.01128168880902,0.9721306439789468,0.0322373650435097,200704,margin_scaled_weight_norm_sweep_mid_s_12.csv
margin,7,1.6,0.0,0.2285714285714286,,,0.0,1.0,1.0,500,500,500,1.0,5.349222047341513,13.742587983160483,5.116591341840153,15.609369236009028,2.916099398943281,7.941286128346388,0.983948979289135,8.516796150585517,17.78168227746445,ok,0.9984652442740584,0.9060335486116836,23388.895721929115,0.000101505442017,0.0004351747254655,19.01396376633908,0.970700613973872,0.0332778329019465,200704,margin_scaled_weight_norm_sweep_mid_s_12.csv
margin,8,1.6,0.0,0.2,,,0.0,1.0,1.0,500,500,500,1.0,5.351000122815998,14.107280432097545,5.256298717070742,15.977397776462178,2.8718368191510737,8.004952526638274,0.9981924946789672,8.562890862670017,18.127336804762475,ok,0.995597174288274,0.8883808104586342,25397.563036997588,9.735693067939354e-05,0.0003859153297131,19.128744917988826,0.9752783856870908,0.0307521062285198,200704,margin_scaled_weight_norm_sweep_mid_s_12.csv
margin,9,1.6,0.0,0.1777777777777777,,,0.0,1.0,1.0,500,500,500,1.0,5.3802597459501245,13.971791522980354,5.493742607676444,15.948020602410711,2.932919359978629,7.945050745377971,0.9985880172047062,8.527779625838916,18.084866227920788,ok,0.9917983872821228,0.8766507483316818,27188.495461693863,0.0001001953700657,0.0003707669604259,20.39526716804372,0.9759825347636092,0.0305675931177292,200704,margin_scaled_weight_norm_sweep_mid_s_12.csv
margin,10,1.6,0.0,0.16,,,0.0,1.0,1.0,500,500,500,1.0,5.538710955613698,14.578706410825376,5.658036929748971,16.590038624466168,2.887269036027056,7.99666535226422,1.0077772674367078,8.561459820805435,18.66890398027011,ok,0.9879546504743584,0.8683946267445837,28787.13569098003,9.7194178853824e-05,0.0003384307970871,20.329675786482177,0.979091897094634,0.0287095775172158,200704,margin_scaled_weight_norm_sweep_mid_s_12.csv
margin,11,1.6,0.0,0.1454545454545454,,,0.0,1.0,1.0,500,500,500,1.0,5.473299619009019,14.898101462788777,5.759323497359276,16.88431944326534,2.839909142183393,7.95488484403279,1.0222007732215104,8.5082413716616,18.906888012062748,ok,0.9857081351184596,0.8499655661926465,31365.440278746835,9.654804041390372e-05,0.0003050768324028,21.15557875338768,0.9815748445501566,0.027010404698939,200704,margin_scaled_weight_norm_sweep_mid_s_12.csv
margin,12,1.6,0.0,0.1333333333333333,,,0.0,1.0,1.0,500,500,500,1.0,5.494387380060753,15.319052522349878,5.856442946681145,17.296230423199628,2.856296774107669,7.969129279404245,1.010106463675497,8.525594864969536,19.283292111411143,ok,0.9813029060382948,0.8475291402010093,32722.18759999685,0.0001033158333751,0.0003103210634578,22.969961615420832,0.9804792382233284,0.0280593711479622,200704,margin_scaled_weight_norm_sweep_mid_s_12.csv
margin,13,1.6,0.0,0.123076923076923,,,0.0,1.0,1.0,500,500,500,1.0,5.472394589820063,15.514702249922166,5.954062699792839,17.49582667619613,2.8847819710735223,7.96671690530146,1.0039997358804154,8.53220726069725,19.4654183572558,ok,0.9812833283844852,0.8327516198695555,35270.351993156924,0.000100662078007,0.000275079314299,23.22482168984528,0.983477298851126,0.0258134832537124,200704,margin_scaled_weight_norm_sweep_mid_s_12.csv
margin,14,1.6,0.0,0.1142857142857143,,,0.0,1.0,1.0,500,500,500,1.0,5.430347364109252,14.939127783487557,6.114094615717764,17.030806334293366,2.908363445466758,7.990385408449672,1.0095902966083956,8.562949811455077,19.062331281081693,ok,0.9712511914551166,0.8157437278439738,36953.55860455083,0.0001096935399441,0.000281768768674,26.130609152608468,0.9815317960433836,0.0270537535735502,200704,margin_scaled_weight_norm_sweep_mid_s_12.csv
margin,15,1.6,0.0,0.1066666666666666,,,0.0,1.0,1.0,500,500,500,1.0,5.711087403632698,16.329493101198608,5.948297795506438,18.293471812044093,2.8939878105466748,7.956264911672847,1.0146091915283777,8.526825235915368,20.18310827256037,ok,0.9771885124922892,0.8127514219093733,39280.35208293248,0.0001160257081414,0.0002738516477801,28.129849877960115,0.9818318560328134,0.0270840649742219,200704,margin_scaled_weight_norm_sweep_mid_s_12.csv
margin,16,1.6,0.0,0.1,,,0.0,1.0,1.0,500,500,500,1.0,5.530302284430893,15.91584658091184,6.126064161108847,17.928387486060394,2.8678272063788675,8.007289718217704,1.0220564261340006,8.566546611985695,19.86989679655258,ok,0.972413221052288,0.80012719341062,42932.95801479126,0.0001255584923547,0.0002601666303729,31.50087416270537,0.9821965626873124,0.0268315354544615,200704,margin_scaled_weight_norm_sweep_mid_s_12.csv
margin,17,1.6,0.0,0.0941176470588235,,,0.0,1.0,1.0,500,500,500,1.0,5.5274845388430025,16.293796875860274,6.065420451431293,18.243635252097743,2.88069945845214,8.032260228234325,1.0104996590072663,8.592830924954544,20.16598548339353,ok,-36701.54267253518,-36702.03949951264,-12296966515.309092,20070.98824637767,20070.988110877308,6724621502.87196,0.7458950022099322,0.1009321496487078,200704,margin_scaled_weight_norm_sweep_mid_s_12.csv
margin,18,1.6,0.0,0.0888888888888888,,,0.0,1.0,1.0,500,500,500,1.0,5.51711711206643,16.25705185063542,6.1337692722645984,18.230563391949307,2.8612205563268094,8.013119896815773,1.0279265201181136,8.570490445911135,20.14464564273436,ok,0.9633007956679924,0.7681441964484658,47604.24413388131,0.0001456339018063,0.0002571145009225,38.80278453665266,0.9800144596453748,0.0277419211415404,200704,margin_scaled_weight_norm_sweep_mid_s_12.csv
margin,19,1.6,0.0,0.0842105263157894,,,0.0,1.0,1.0,500,500,500,1.0,5.467710396181302,16.83511382741149,6.147143464832953,18.737777011578757,2.839759353160189,7.996719677815357,1.0159609420692186,8.546574484858263,20.594859134281048,ok,0.9621554963190004,0.775387294262324,47579.86595405645,0.0001425702230349,0.0002519098073053,37.628237371247415,0.981155683660534,0.0271746580755809,200704,margin_scaled_weight_norm_sweep_mid_s_12.csv
margin,20,1.6,0.0,0.08,,,0.0,1.0,1.0,500,500,500,1.0,5.368309653301097,16.612677483582893,6.260592308297297,18.547097286583124,2.891844386579118,7.995254978564193,1.0374283633968058,8.565227594035365,20.42934021195016,ok,0.9586987760108066,0.7542358248150447,51514.80301125996,0.0001603186744263,0.0002494163285424,44.09816868592311,0.9796502840861456,0.027726077930056,200704,margin_scaled_weight_norm_sweep_mid_s_12.csv
margin,21,1.6,0.0,0.0761904761904762,,,0.0,1.0,1.0,500,500,500,1.0,5.359368788601582,17.0040776274563,6.231278079556351,18.886246749355895,2.859585295693233,8.000094780136964,1.002745559046829,8.55477896913227,20.73341649338729,ok,0.9576212698018836,0.7483593780093319,54294.71884262164,0.0001728510759665,0.0002471038678515,48.33613374916985,0.9792205096050096,0.0279178902566796,200704,margin_scaled_weight_norm_sweep_mid_s_12.csv
margin,22,1.6,0.0,0.0727272727272727,,,0.0,1.0,1.0,500,500,500,1.0,5.4522514900636825,16.62822792797067,6.243505208274667,18.57973002013749,2.889835383848366,8.079349537532872,1.0225275253903834,8.641330918067867,20.490948432338456,ok,0.9505625741913885,0.7387021649175222,54367.97333059222,0.0001780136856504,0.0002539337940643,50.44170941335975,0.9775052652558008,0.0287000745403277,200704,margin_scaled_weight_norm_sweep_mid_s_12.csv
margin,23,1.6,0.0,0.0695652173913043,,,0.0,1.0,1.0,500,500,500,1.0,5.315561781052616,16.739278785421366,6.223217346869858,18.63295697012761,2.9164775985790694,7.995761283928751,1.0234734661643037,8.572370618943738,20.51030529951119,ok,0.9455253648574952,0.7327592310805277,57563.29783423624,0.0001963718846046,0.0002558487011106,56.61694912353671,0.9763562133804448,0.0292878810462864,200704,margin_scaled_weight_norm_sweep_mid_s_12.csv
margin,24,1.6,0.0,0.0666666666666666,,,0.0,1.0,1.0,500,500,500,1.0,5.47712651829788,16.93217699928691,6.211905603413548,18.849013344425835,2.888643332979384,7.99193091647192,1.0144640303031291,8.558291730690467,20.70095798280717,ok,0.9391592223837826,0.7253586385147509,58109.09361688106,0.000204189771249,0.0002621415212868,59.56255983688443,0.9746528362327512,0.0300540271519428,200704,margin_scaled_weight_norm_sweep_mid_s_12.csv
margin,25,1.6,0.0,0.064,,,0.0,1.0,1.0,500,500,500,1.0,5.3698905457187465,17.00878800068379,6.296244240986973,18.915001593110325,2.9036124525446527,8.005787583639048,1.004706280531947,8.575140513079763,20.768011943525742,ok,0.9336128959643484,0.7186467042397328,57674.75121640952,0.0001991326815845,0.0002586520771082,58.55898116019969,0.9749011115026192,0.029618598862879,200704,margin_scaled_weight_norm_sweep_mid_s_12.csv
margin,1,2.5,0.0,2.5,,,0.0,1.0,1.0,500,500,500,1.0,3.797624239367797,10.672933416046588,2.8300358684878604,11.67658171656952,2.926607471126649,7.972158277913064,0.969425300960592,8.547521530379122,14.470752741167969,ok,1.0047086528096307,0.9412113736537142,13522.908086473606,8.32651509969987e-05,0.0005482773688465,12.125580902269853,0.9621304469507144,0.031881812906263,200704,margin_scaled_weight_norm_sweep_mid_s_12.csv
margin,2,2.5,0.0,1.25,,,0.0,1.0,1.0,500,500,500,1.0,4.259716168325975,11.327338732694566,2.9403135362417387,12.45388406447188,2.88926589047699,7.976712764404404,0.9730342350530844,8.539473024389226,15.10039164477458,ok,1.004416215919722,0.9489287333887172,14206.03663070453,8.18325596643668e-05,0.0005208313880206,12.066570307247698,0.9659805142849616,0.0310403441104806,200704,margin_scaled_weight_norm_sweep_mid_s_12.csv
margin,3,2.5,0.0,0.8333333333333334,,,0.0,1.0,1.0,500,500,500,1.0,4.523340774318944,11.397368031870707,3.1220669652415576,12.653375516042242,3.004481003916606,7.948315059179236,0.992562548190236,8.55498677935513,15.274020778593904,ok,1.005194935696644,0.9531627652296866,15799.043661854845,9.341008288604304e-05,0.0005511208582041,14.327146830966942,0.9617040327671732,0.034638624071937,200704,margin_scaled_weight_norm_sweep_mid_s_12.csv
margin,4,2.5,0.0,0.625,,,0.0,1.0,1.0,500,500,500,1.0,4.730359461283428,11.776828354776184,3.440043565351313,13.149292241878609,2.8779783629879176,7.946654592758452,0.9802974634661648,8.508411237787806,15.66195863401646,ok,1.0050842085830587,0.9506521806345714,17218.52337061351,9.65505089039562e-05,0.0005342964632645,15.370161081273494,0.9631430195058692,0.0350573771496873,200704,margin_scaled_weight_norm_sweep_mid_s_12.csv
margin,5,2.5,0.0,0.5,,,0.0,1.0,1.0,500,500,500,1.0,4.853043101467746,12.01545391035366,3.93242676415158,13.542050814849,2.963000351465174,7.965060181083566,0.977495003373304,8.554358611414738,16.01762128172089,ok,1.0038568960828689,0.9369099793707676,18549.471119260623,9.454211677346648e-05,0.0004938305223872,15.722838431382458,0.9669281961397536,0.033630743790828,200704,margin_scaled_weight_norm_sweep_mid_s_12.csv
margin,6,2.5,0.0,0.4166666666666667,,,0.0,1.0,1.0,500,500,500,1.0,4.945185257418215,12.30940531915522,4.146037936266239,13.898415273346531,2.9589007274525585,7.937564859913734,0.984631700941675,8.528160939309009,16.306301730225282,ok,1.0032315738115525,0.937157468227522,19940.526344044672,9.042618169436854e-05,0.0004455171228579,15.454546717309464,0.9724758575571488,0.0314569647903532,200704,margin_scaled_weight_norm_sweep_mid_s_12.csv
margin,7,2.5,0.0,0.3571428571428571,,,0.0,1.0,1.0,500,500,500,1.0,4.9994286389530895,12.742587980786547,4.537795276293588,14.420798214163549,2.9714710013142667,7.997898257857813,0.9836178539733144,8.588569178702103,16.78460430486743,ok,1.0010113329371615,0.9245977673068748,21651.150973242093,8.938610524187804e-05,0.0004106663693661,15.96313110099632,0.9753781536603968,0.0302149649413065,200704,margin_scaled_weight_norm_sweep_mid_s_12.csv
margin,8,2.5,0.0,0.3125,,,0.0,1.0,1.0,500,500,500,1.0,5.074036340173253,12.809447956598689,4.673799722316601,14.548958917343048,2.9467465276615963,7.956345901787786,0.9806743714092356,8.540988082764187,16.870704875862646,ok,0.9999435391992756,0.9081436700748708,22918.121156525744,8.953731082323138e-05,0.0003910688120014,16.61432992872888,0.9764523462631368,0.0296027134769197,200704,margin_scaled_weight_norm_sweep_mid_s_12.csv
margin,9,2.5,0.0,0.2777777777777778,,,0.0,1.0,1.0,500,500,500,1.0,5.2101498513261815,13.097407638142592,4.853976778284217,14.90801257301162,2.8946476551284084,7.956469412057181,0.9790937399137928,8.523087181525266,17.17241549639866,ok,0.9975035374809752,0.903732817347934,24078.778650231343,9.127463599173166e-05,0.0003808584630118,17.31420661627235,0.9770910050263762,0.0295504904527352,200704,margin_scaled_weight_norm_sweep_mid_s_12.csv
margin,10,2.5,0.0,0.25,,,0.0,1.0,1.0,500,500,500,1.0,5.153718500330199,13.538637613540258,5.071693978139103,15.348537474929175,2.875401722788528,7.946083269177047,0.9793531076883882,8.506897607097992,17.548359168792814,ok,0.9943129378246036,0.8871622556168138,26913.312272478757,8.955228537326743e-05,0.0003348745035405,17.955123544743106,0.9808441197611476,0.0274690663128532,200704,margin_scaled_weight_norm_sweep_mid_s_12.csv
margin,11,2.5,0.0,0.2272727272727272,,,0.0,1.0,1.0,500,500,500,1.0,5.157983147618769,13.790789742936926,5.224775702378028,15.62334640930596,2.902195224581219,7.955221203426513,0.9962438831950564,8.526475437824962,17.79858804560086,ok,0.9931344613739376,0.8680455956826707,29115.69936142095,9.036720000177852e-05,0.0003107717582418,18.974078943885694,0.9822193896182668,0.0265128824077211,200704,margin_scaled_weight_norm_sweep_mid_s_12.csv
margin,12,2.5,0.0,0.2083333333333333,,,0.0,1.0,1.0,500,500,500,1.0,5.2161653936980805,13.493411275367764,5.414344513106984,15.446541870828144,2.904938094075329,8.01516309461341,0.9931421824898632,8.582996921722827,17.670978804965802,ok,0.9875643252445502,0.8477321358363805,30490.156677882747,9.46595978411946e-05,0.0003090918039108,20.6297501337486,0.9812237143854132,0.0269831005486115,200704,margin_scaled_weight_norm_sweep_mid_s_12.csv
margin,13,2.5,0.0,0.1923076923076923,,,0.0,1.0,1.0,500,500,500,1.0,5.165221980089486,13.346201570956598,5.519219435796964,15.338265796910774,2.893854219071781,7.996196155423459,0.988089135569728,8.560950025381493,17.56565578035054,ok,0.9843547677738156,0.8376254183185449,31444.541461843462,9.30815096773904e-05,0.0002932511988094,20.71116526309512,0.9824354015083996,0.0259960371215394,200704,margin_scaled_weight_norm_sweep_mid_s_12.csv
margin,14,2.5,0.0,0.1785714285714285,,,0.0,1.0,1.0,500,500,500,1.0,5.284103689103692,14.744895856087869,5.424501053886355,16.575853440703757,2.915850119164044,7.97683473341051,0.9891649647590276,8.550469087078207,18.651258373009863,ok,-50538.23993154408,-50538.80038454748,-17870035872.413548,28343.948601634365,28343.948546428663,10022062619.127012,0.6651629485301578,0.1162582335775953,200704,margin_scaled_weight_norm_sweep_mid_s_12.csv
margin,15,2.5,0.0,0.1666666666666666,,,0.0,1.0,1.0,500,500,500,1.0,5.246511174323032,14.386527245329592,5.569574589133615,16.294729417416846,2.8604580646768945,7.954566606634367,0.990904680867688,8.511124621677395,18.38361904284772,ok,0.9818663241194732,0.8275099978311575,36434.84900974922,0.0001045168681607,0.0002736237977784,24.46089787543485,0.9831721395934973,0.026090549776137,200704,margin_scaled_weight_norm_sweep_mid_s_12.csv
margin,16,2.5,0.0,0.15625,,,0.0,1.0,1.0,500,500,500,1.0,5.123227057013435,14.142051504693177,5.708790882523633,16.088361308085233,2.8515421226504967,8.024788956266148,0.9858217893112056,8.573235962583905,18.23007801545665,ok,0.9766616089154442,0.8006368944262419,38749.12555349519,0.000107303545814,0.000258184752333,26.32906044060119,0.9834559606512788,0.0253674713170135,200704,margin_scaled_weight_norm_sweep_mid_s_12.csv
margin,17,2.5,0.0,0.1470588235294117,,,0.0,1.0,1.0,500,500,500,1.0,5.2019400636343285,14.850173800989465,5.6816079043940775,16.72927107570772,2.8595543997930024,7.986125031069819,1.0052903104339408,8.54200520870292,18.78388574576674,ok,0.978488113891562,0.8048764178688065,40317.05200348496,0.0001161997333901,0.000264216523587,28.608648144028727,0.9824907692042266,0.0264587757871396,200704,margin_scaled_weight_norm_sweep_mid_s_12.csv
margin,18,2.5,0.0,0.1388888888888889,,,0.0,1.0,1.0,500,500,500,1.0,5.239597869104607,15.455486772838428,5.643961405616461,17.267882254735156,2.8842453794191893,7.945951117297874,0.9810727905843172,8.509965592622168,19.250955091917135,ok,0.978368553568729,0.7953135565885813,42888.34215830867,0.0001179708257017,0.0002448278018942,29.77023617841915,0.9840225228670894,0.0252375527157734,200704,margin_scaled_weight_norm_sweep_mid_s_12.csv
margin,19,2.5,0.0,0.131578947368421,,,0.0,1.0,1.0,500,500,500,1.0,5.153684683086762,15.998850229794156,5.670485946367543,17.739168113415563,2.862358204690429,7.975657535501115,0.9882410338925748,8.531168030031022,19.68397605446224,ok,-29821.781859852064,-29822.280485639538,-9874768900.993704,26527.319602009386,26527.3194642594,8783639449.396822,0.7545540096733079,0.0997971410664735,200704,margin_scaled_weight_norm_sweep_mid_s_12.csv
margin,20,2.5,0.0,0.125,,,0.0,1.0,1.0,500,500,500,1.0,5.122328096635871,15.148414525235456,5.783692883418463,17.004817291804557,2.9140896834263805,8.082776177739685,0.9962330747619234,8.649605179529168,19.07824627394754,ok,0.9684992556259256,0.7672730137396994,47020.35494275831,0.0001373176500659,0.0002472125215946,36.54783934503094,0.981582736850824,0.0265378041749648,200704,margin_scaled_weight_norm_sweep_mid_s_12.csv
margin,21,2.5,0.0,0.119047619047619,,,0.0,1.0,1.0,500,500,500,1.0,5.237396848295559,15.93044544678664,5.685119157889716,17.70677829869076,2.8716774172054924,7.969733758116125,0.99020367237136,8.528991187504037,19.65384665645653,ok,0.9743747887254224,0.7775961084121348,48613.62617010551,0.0001487075416519,0.0002539190912328,39.28500008408117,0.9807389237544604,0.0276292351164451,200704,margin_scaled_weight_norm_sweep_mid_s_12.csv
margin,22,2.5,0.0,0.1136363636363636,,,0.0,1.0,1.0,500,500,500,1.0,5.147773416204412,15.375481832521636,5.794691110390204,17.21869500838025,2.8730577148398977,7.968045256810575,0.9815592108415856,8.526878932632414,19.21434677847232,ok,0.7817845824010821,-0.1596921576863799,0.0254821498212435,0.0004375224227005,0.1960095553397543,167042.05758251844,5.731246196849504e-06,0.1960076029143313,200704,margin_scaled_weight_norm_sweep_mid_s_12.csv
margin,23,2.5,0.0,0.108695652173913,,,0.0,1.0,1.0,500,500,500,1.0,5.242274691543087,15.719135653199546,5.760054420757611,17.542830346194755,2.8949287903465946,7.939820225054043,0.9880903897483942,8.508682655127524,19.49739923889952,ok,0.9653408445389796,0.7589578121889308,52253.24465933133,0.0001631153849491,0.0002480137505679,44.69410773008406,0.979981482623372,0.0277009222143685,200704,margin_scaled_weight_norm_sweep_mid_s_12.csv
margin,24,2.5,0.0,0.1041666666666666,,,0.0,1.0,1.0,500,500,500,1.0,5.205311639353659,16.371835936186443,5.6966461647339015,18.09928337560286,2.8669978450654616,7.967372543361634,0.9926952760286084,8.525499738981425,20.006703989156893,ok,0.9690493805779958,0.7530306856185228,56201.609635209104,0.0001726209820463,0.0002335497409259,48.24223151818281,0.9813847189069028,0.0266112155141928,200704,margin_scaled_weight_norm_sweep_mid_s_12.csv
margin,25,2.5,0.0,0.1,,,0.0,1.0,1.0,500,500,500,1.0,5.011229071179726,14.577214465065552,5.987806678103957,16.53666916820614,2.9061925174812,7.97536236377355,0.9928735073113168,8.546236457276384,18.61449931538261,ok,0.938016171208402,0.7177835049869206,54595.70460085383,0.0001818609043959,0.0002576867293262,53.06991644920593,0.9754744694879384,0.029156914315831,200704,margin_scaled_weight_norm_sweep_mid_s_12.csv
margin,1,4.0,0.0,4.0,,,0.0,1.0,1.0,500,500,500,1.0,3.373525549096008,10.036273016956685,2.7959184562613983,10.95100957516518,2.862395541188321,7.923665669134335,0.9625984755138912,8.479645139715135,13.850234381080124,ok,1.0045099207067871,0.9406584431896796,12895.243100083804,7.777026206362119e-05,0.0005289001208919,11.105264770225398,0.9648737954493722,0.0300320230564344,200704,margin_scaled_weight_norm_sweep_mid_s_12.csv
margin,2,4.0,0.0,2.0,,,0.0,1.0,1.0,500,500,500,1.0,3.812892881849426,10.795724040761806,2.8572779276645064,11.800417231973588,2.9487897902015843,7.982128282117582,0.9579462853461124,8.563141609513817,14.580028843361251,ok,1.0045498855373889,0.9582970882444786,13429.361664171052,8.313936134014593e-05,0.0005500557708084,11.856495194551854,0.9632293113052046,0.0318742888382091,200704,margin_scaled_weight_norm_sweep_mid_s_12.csv
margin,3,4.0,0.0,1.3333333333333333,,,0.0,1.0,1.0,500,500,500,1.0,3.853403792617079,10.964503385250662,2.869776547852804,11.970992970874844,2.856376519312168,8.068325604100542,0.9641533163207772,8.613150207167795,14.747577062011562,ok,1.005154846658774,0.9611230700306485,14667.292169192631,9.17827219601666e-05,0.0005712044584477,13.540920870299924,0.9601411160787372,0.034590714122402,200704,margin_scaled_weight_norm_sweep_mid_s_12.csv
margin,4,4.0,0.0,1.0,,,0.0,1.0,1.0,500,500,500,1.0,4.1772576515309865,11.183632822931155,3.107106164141103,12.3360136721982,2.9916804309801064,8.005309474343782,0.9686348282977596,8.60077816315007,15.038305035221889,ok,1.0051439951210666,0.9562385990457856,16225.085778764738,9.502411450440008e-05,0.0005497987820055,14.685322242151264,0.9619315058337492,0.035018354586371,200704,margin_scaled_weight_norm_sweep_mid_s_12.csv
margin,5,4.0,0.0,0.8,,,0.0,1.0,1.0,500,500,500,1.0,4.338406390874268,11.4477784185621,3.2585912638151515,12.668536527850693,2.9593804928367096,7.948623326564439,0.9623412213661456,8.536079094954971,15.276009428931845,ok,1.005087129929786,0.9455056431233206,17115.250497701134,9.402558306856848e-05,0.0005227292912348,15.01309996470719,0.9643386044528256,0.0341944074701823,200704,margin_scaled_weight_norm_sweep_mid_s_12.csv
margin,6,4.0,0.0,0.6666666666666666,,,0.0,1.0,1.0,500,500,500,1.0,4.404221209702901,11.775516735217188,3.619719086560171,13.082902014116934,2.9313581204757377,7.942514473576517,0.9645004631543802,8.520954039124756,15.613102921836562,ok,1.0048936655884173,0.9474884925423688,18470.423890545942,9.741931394946008e-05,0.0005105769889623,15.994095046759464,0.9655156618380788,0.0346971942103788,200704,margin_scaled_weight_norm_sweep_mid_s_12.csv
margin,7,4.0,0.0,0.5714285714285714,,,0.0,1.0,1.0,500,500,500,1.0,4.5309413377274765,11.933891722210308,3.796674307144747,13.317730168384568,2.877503888150761,7.928651647842934,0.9685860593552263,8.49009449497133,15.793784896960036,ok,1.003447611707785,0.9309443716747472,19910.99869363539,9.335286447209368e-05,0.0004605036613467,16.052144461189986,0.970277702767345,0.032490884147644,200704,margin_scaled_weight_norm_sweep_mid_s_12.csv
margin,8,4.0,0.0,0.5,,,0.0,1.0,1.0,500,500,500,1.0,4.563326107641276,12.098136882453936,3.952655501597888,13.52081161415929,2.881620170869199,7.982869921813927,0.9755517255941236,8.542929718022465,15.993561044140735,ok,1.0039214704302664,0.9152152791428216,20973.727023774067,9.398160944125651e-05,0.0004438033079281,16.759442426022638,0.9710327405516508,0.0321374190753475,200704,margin_scaled_weight_norm_sweep_mid_s_12.csv
margin,9,4.0,0.0,0.4444444444444444,,,0.0,1.0,1.0,500,500,500,1.0,4.58538543393586,12.12788815609884,4.065233536095036,13.588140211507438,2.859825979428826,7.9429422381099215,0.9856797390795312,8.499441192137198,16.027415730122684,ok,1.0028822343261956,0.9093537966002994,21924.68874109503,9.522623194418874e-05,0.0004327082939456,17.370034540553235,0.9717468463617008,0.0320373713357231,200704,margin_scaled_weight_norm_sweep_mid_s_12.csv
margin,10,4.0,0.0,0.4,,,0.0,1.0,1.0,500,500,500,1.0,4.643139790352107,12.62313933635966,4.418853461367385,14.157282921907726,2.905948582267202,7.974518153416067,0.9758136047354768,8.543400326165807,16.535366608094005,ok,0.999720154252394,0.8977074040853834,23070.65685595987,8.65800774475831e-05,0.0003758798350699,16.290237344527192,0.9776659634191316,0.0285473278457309,200704,margin_scaled_weight_norm_sweep_mid_s_12.csv
margin,11,4.0,0.0,0.3636363636363636,,,0.0,1.0,1.0,500,500,500,1.0,4.64173983659493,12.722146117419106,4.563622413360035,14.290745259618772,2.899618257891577,7.941874141297549,0.974895280584158,8.510673987752917,16.63300850120418,ok,1.0000083851239234,0.9008028161541052,25954.48909064597,8.761813373483974e-05,0.0003399404686453,17.099204137686982,0.9810934993017086,0.0273832002156414,200704,margin_scaled_weight_norm_sweep_mid_s_12.csv
margin,12,4.0,0.0,0.3333333333333333,,,0.0,1.0,1.0,500,500,500,1.0,4.759289285259895,12.752255055678182,4.663425711615829,14.388133404775584,2.944958941338592,7.939583434083064,0.9663342256210184,8.523119740361677,16.723096393376494,ok,0.9985060865749668,0.8757868119378733,26928.59862961404,9.134244572856756e-05,0.0003413838060477,18.554786307944955,0.9795943561236272,0.0280103637652754,200704,margin_scaled_weight_norm_sweep_mid_s_12.csv
margin,13,4.0,0.0,0.3076923076923077,,,0.0,1.0,1.0,500,500,500,1.0,4.756897122626511,13.272895334901534,4.792344882011956,14.891755782131584,3.070273925694239,8.00157806405772,0.9716687973858292,8.625310066648087,17.20931038770788,ok,0.9956098332430044,0.8760657450560806,28444.22137648665,8.598971289421532e-05,0.0003033366532188,17.763608556205952,0.9834994667119052,0.0255789649928975,200704,margin_scaled_weight_norm_sweep_mid_s_12.csv
margin,14,4.0,0.0,0.2857142857142857,,,0.0,1.0,1.0,500,500,500,1.0,4.802057690941566,13.17282867146851,4.97543721833118,14.877437574681636,2.8752825225007017,7.920023187490273,0.9777102376499442,8.482330704669979,17.125655694656952,ok,0.9940101986233156,0.8472296264959205,29877.42935744518,8.497139007209935e-05,0.0002839311093021,18.42018151364065,0.9842233519751034,0.0245370713595344,200704,margin_scaled_weight_norm_sweep_mid_s_12.csv
margin,15,4.0,0.0,0.2666666666666666,,,0.0,1.0,1.0,500,500,500,1.0,4.770247084677949,13.486254436228071,4.9926042614130255,15.151251211653753,2.926339171402226,7.933392603872602,0.9749101319598306,8.511911002745594,17.378522439991865,ok,0.9927950554975769,0.8479853771035475,32436.816487591757,9.551995436452011e-05,0.0002899771501281,21.174924876027664,0.9829979803235116,0.0261059527056163,200704,margin_scaled_weight_norm_sweep_mid_s_12.csv
margin,16,4.0,0.0,0.25,,,0.0,1.0,1.0,500,500,500,1.0,4.8499113335320745,13.585348693434058,4.977152830934137,15.259599908509694,2.9084838926362115,7.948582060901424,0.9857465513061732,8.521204820682357,17.477594827773338,ok,0.9949590577187922,0.8385883192437364,34826.40415061193,9.819763110206391e-05,0.0002727855439704,22.4269723319234,0.9840685506404436,0.0254386091229443,200704,margin_scaled_weight_norm_sweep_mid_s_12.csv
margin,17,4.0,0.0,0.2352941176470588,,,0.0,1.0,1.0,500,500,500,1.0,4.786445064201129,13.168134644718611,5.1250058904528935,14.9189648351094,2.894953276103985,7.983142052129532,0.9693352980727374,8.546983234767334,17.193790570046637,ok,0.9891885429631124,0.8285940359991057,34924.645073849766,9.298638808360564e-05,0.000257367859063,21.508393969807976,0.985433669275922,0.0240344100416455,200704,margin_scaled_weight_norm_sweep_mid_s_12.csv
margin,18,4.0,0.0,0.2222222222222222,,,0.0,1.0,1.0,500,500,500,1.0,4.84290034317661,13.62591747379662,5.168285852299536,15.356773404193206,2.889528943086022,7.939040173516265,0.9863108230952315,8.505912380773257,17.55508572514323,ok,0.9895909282389406,0.8227924051559428,37889.11680216601,0.0001046467879376,0.0002597855038086,24.85896725457008,0.9843184196966406,0.0252486472740271,200704,margin_scaled_weight_norm_sweep_mid_s_12.csv
margin,19,4.0,0.0,0.2105263157894736,,,0.0,1.0,1.0,500,500,500,1.0,4.742751187000284,13.696336719885611,5.214767096791911,15.403802265676584,2.961841088064824,7.936211960675542,0.9649371176515928,8.525671032636687,17.60579991925398,ok,0.981924298144832,0.8084900439654233,38880.45120375678,0.000106951787297,0.0002561157612837,26.007512015458268,0.9839962879424322,0.025205353381414,200704,margin_scaled_weight_norm_sweep_mid_s_12.csv
margin,20,4.0,0.0,0.2,,,0.0,1.0,1.0,500,500,500,1.0,4.823126875523697,14.158687500647764,5.145419030745769,15.81791141713592,2.89934915410203,8.014255291394973,0.9816773087480362,8.57893954586202,17.994569328881262,ok,0.9897025224502864,0.8114162245814426,41433.71464245098,0.0001129926867702,0.0002468727344725,27.75365622025727,0.984689841896632,0.0250435010774325,200704,margin_scaled_weight_norm_sweep_mid_s_12.csv
margin,21,4.0,0.0,0.1904761904761904,,,0.0,1.0,1.0,500,500,500,1.0,4.760787240622157,14.097776639175391,5.223051264109275,15.76999257533318,2.887965406752224,7.948169774007885,0.983074744590082,8.513529403279286,17.921295955554235,ok,0.9837907825817408,0.7957017547716779,44372.34664391479,0.000120254198655,0.0002369741282367,30.533090966053894,0.9847357975479608,0.0248077541885547,200704,margin_scaled_weight_norm_sweep_mid_s_12.csv
margin,22,4.0,0.0,0.1818181818181818,,,0.0,1.0,1.0,500,500,500,1.0,4.739341667497751,14.67412896966859,5.185048301506766,16.26887046935667,2.872986376013255,7.992052752980058,0.9778886844112212,8.548872686048927,18.37823088741076,ok,0.9802335607732487,0.7898164970026414,44235.51209076072,0.0001245150827392,0.0002465424220422,31.831572254453253,0.9832861417665426,0.025773594053333,200704,margin_scaled_weight_norm_sweep_mid_s_12.csv
margin,23,4.0,0.0,0.1739130434782608,,,0.0,1.0,1.0,500,500,500,1.0,4.773019837932653,14.0063021558874,5.341293536240929,15.731739735185164,2.8748356056896243,7.940832675104454,0.9893255114102943,8.502956444747593,17.882614557074096,ok,0.9777982073238995,0.7898686715759946,45517.78545252648,0.0001302064256504,0.0002466593107474,33.46455701280329,0.9829963143159316,0.0261139754628552,200704,margin_scaled_weight_norm_sweep_mid_s_12.csv
margin,24,4.0,0.0,0.1666666666666666,,,0.0,1.0,1.0,500,500,500,1.0,4.644602416498291,15.673094524197689,5.207823303428123,17.156329652099437,2.893722508713908,7.944876130441872,0.9748877430473716,8.511468310288567,19.15162499446334,ok,0.983598428191072,0.7744364531075139,51191.91361622217,0.0001453621828869,0.0002284498575313,38.90019513605998,0.9837900228485986,0.0253405094746544,200704,margin_scaled_weight_norm_sweep_mid_s_12.csv
margin,25,4.0,0.0,0.16,,,0.0,1.0,1.0,500,500,500,1.0,4.697179426326263,15.007837350120802,5.254781915057216,16.58045263150545,2.9424585433314765,7.963585379998033,0.974352706625769,8.545532024435445,18.653083580101384,ok,0.9857095429619046,0.7832525576864121,52911.79970894304,0.0001553659567367,0.0002315103618555,41.33587788224592,0.9834662463086876,0.0259603925091289,200704,margin_scaled_weight_norm_sweep_mid_s_12.csv
margin,1,6.5,0.0,6.5,,,0.0,1.0,1.0,500,500,500,1.0,3.0920690487789257,9.802218580385505,2.700041250641855,10.627069344614208,2.770828406011651,7.904414115627285,0.9343814009001956,8.427948811498391,13.563366987016026,ok,1.00431865743354,0.9379972653169906,12689.97934364165,7.862782932972378e-05,0.000540521562773,11.182672205553832,0.9632529925850658,0.0304466605615341,200704,margin_scaled_weight_norm_sweep_mid_s_12.csv
margin,2,6.5,0.0,3.25,,,0.0,1.0,1.0,500,500,500,1.0,3.346958635213069,10.360502013801268,2.786593580665777,11.238649290177854,2.8274173140936343,7.941815957009932,0.9363482277387272,8.481950092204238,14.080153239019053,ok,1.0043214405887748,0.9371365069790966,13027.399339964655,7.96398087684423e-05,0.0005378924198916,11.464979580339772,0.9633951810010976,0.0306992364827522,200704,margin_scaled_weight_norm_sweep_mid_s_12.csv
margin,3,6.5,0.0,2.1666666666666665,,,0.0,1.0,1.0,500,500,500,1.0,3.583951720211101,10.69026596126559,2.825277945209665,11.623626444577695,2.845961240269598,7.90717131974761,0.957976821487216,8.458166069040189,14.37530051771262,ok,1.0049497698583432,0.948794779144174,14373.154521315912,9.033852303422138e-05,0.0005702915763847,13.387717552839122,0.9594005455713412,0.0341871894615931,200704,margin_scaled_weight_norm_sweep_mid_s_12.csv
margin,4,6.5,0.0,1.625,,,0.0,1.0,1.0,500,500,500,1.0,3.6300652155127855,10.79400412763418,2.856720115452074,11.740900663675172,2.864397591146585,7.927498099195808,0.948305578266328,8.482292328297259,14.484406495848516,ok,1.0053612106102623,0.9520463133761814,15245.71655052758,9.256791108859676e-05,0.0005604413361825,14.008649486211295,0.9606091983151662,0.0346015228157958,200704,margin_scaled_weight_norm_sweep_mid_s_12.csv
margin,5,6.5,0.0,1.3,,,0.0,1.0,1.0,500,500,500,1.0,3.817187366961845,10.937821721386172,3.04753243864367,11.978911359881822,2.9458749522453056,7.905086709515645,0.944648872459342,8.488871339080706,14.68180009329141,ok,1.0048111504204431,0.9439241953841856,15807.674767650122,9.421878785514438e-05,0.0005556934692804,14.595201220184384,0.960353967325171,0.0349345781171212,200704,margin_scaled_weight_norm_sweep_mid_s_12.csv
margin,6,6.5,0.0,1.0833333333333333,,,0.0,1.0,1.0,500,500,500,1.0,3.732022681814368,11.04911484834339,3.132082388753096,12.075631342476324,2.84294754800336,7.909423549296612,0.9528314572669332,8.458677167785963,14.74347624368894,ok,1.005271895068975,0.9578710808097118,16538.839876777878,9.524100634280896e-05,0.0005432722673421,14.80765159574321,0.9627843796324912,0.0349358541627412,200704,margin_scaled_weight_norm_sweep_mid_s_12.csv
margin,7,6.5,0.0,0.9285714285714286,,,0.0,1.0,1.0,500,500,500,1.0,3.926402347454521,11.429163963832922,3.28497354052375,12.52331727092365,2.889200581314042,7.923077851972023,0.9369820209562084,8.48531543049934,15.1272619275031,ok,1.0050627733973672,0.955472656899802,17749.012855870176,9.598968391359788e-05,0.0005190101722099,15.386020566233483,0.9652766749452282,0.034573658708549,200704,margin_scaled_weight_norm_sweep_mid_s_12.csv
margin,8,6.5,0.0,0.8125,,,0.0,1.0,1.0,500,500,500,1.0,3.9505502208940193,11.55110510642047,3.526918363888376,12.707243185400674,2.955342424048995,7.938972746942905,0.9519239139846928,8.524523227612315,15.301683751503091,ok,1.0037623302373948,0.9346091733999028,18905.17527187312,9.18317769537008e-05,0.0004724930122964,15.421639587430716,0.9693666838129648,0.0324839148477736,200704,margin_scaled_weight_norm_sweep_mid_s_12.csv
margin,9,6.5,0.0,0.7222222222222222,,,0.0,1.0,1.0,500,500,500,1.0,3.9814912495361847,11.854563418013388,3.702877680878436,13.042018613749258,2.8844395881356477,7.921962542868408,0.9560972769924654,8.484786636756793,15.559108386815383,ok,1.003440862681055,0.9254918764234028,20455.80987738194,9.48909288010108e-05,0.0004576907113413,16.579317235697438,0.9700962819194,0.032731042770503,200704,margin_scaled_weight_norm_sweep_mid_s_12.csv
margin,10,6.5,0.0,0.65,,,0.0,1.0,1.0,500,500,500,1.0,4.086649670360707,12.075074897656249,3.813666775852504,13.306096106278074,2.865275974920814,7.934326262022004,0.9655490616366594,8.490914240239265,15.784416942814405,ok,1.0026724155008486,0.9203391633658362,21593.203559724818,9.167931618100624e-05,0.0004222002939873,16.43199214954754,0.9737970771872944,0.0310214133995363,200704,margin_scaled_weight_norm_sweep_mid_s_12.csv
margin,11,6.5,0.0,0.5909090909090909,,,0.0,1.0,1.0,500,500,500,1.0,4.150239341222595,12.059651662366967,3.951135392163199,13.351822186288535,2.86407947732958,7.93091145098941,0.953748473389388,8.485985142951172,15.820338161387536,ok,1.001241528502525,0.9092990822542376,21949.73513914923,8.70137651914101e-05,0.0003950032956735,15.879188853167522,0.9763352208329836,0.0292620201295887,200704,margin_scaled_weight_norm_sweep_mid_s_12.csv
margin,12,6.5,0.0,0.5416666666666666,,,0.0,1.0,1.0,500,500,500,1.0,4.156126898900083,12.103894246094873,4.079796917479423,13.432140172298828,2.9049567811364185,7.931601919489781,0.9591871718206876,8.501124804407345,15.896273542827382,ok,-27851.771519771184,-27852.428997869712,-11794716275.12606,34653.86038047383,34653.86038643237,14674770676.34327,0.5069361300867691,0.1349341129944424,200704,margin_scaled_weight_norm_sweep_mid_s_12.csv
margin,13,6.5,0.0,0.5,,,0.0,1.0,1.0,500,500,500,1.0,4.147713499236367,12.310164014578156,4.172021408064758,13.643658892207515,2.900325186148553,7.938352846431513,0.9591089891689104,8.505834594733168,16.077893211483673,ok,0.9998894742838924,0.8919536863512194,24168.549527113,9.058461642749638e-05,0.0003766595200347,17.432285501002692,0.9769737724602888,0.0292789086422801,200704,margin_scaled_weight_norm_sweep_mid_s_12.csv
margin,14,6.5,0.0,0.4642857142857143,,,0.0,1.0,1.0,500,500,500,1.0,4.140673741467615,12.645496316259845,4.249905599931089,13.968373338586936,2.88448964673269,7.942801495094298,0.9634569758515475,8.505094088656357,16.353962186058876,ok,0.9990420733885657,0.8844665575321115,27059.7298005611,9.158618172035746e-05,0.0003405812292175,18.45026983184241,0.9800425007620622,0.0280124456589901,200704,margin_scaled_weight_norm_sweep_mid_s_12.csv
margin,15,6.5,0.0,0.4333333333333333,,,0.0,1.0,1.0,500,500,500,1.0,4.148479712894707,12.65730935478696,4.37502843371799,14.019922889478291,2.853293439608137,7.953938125982615,0.9581662533335848,8.504381090561381,16.397644207642003,ok,0.997596581774432,0.8713254903470595,27961.855086409967,8.670247085284266e-05,0.0003115144414911,17.913443230063805,0.9825405014964188,0.0260449373302664,200704,margin_scaled_weight_norm_sweep_mid_s_12.csv
margin,16,6.5,0.0,0.40625,,,0.0,1.0,1.0,500,500,500,1.0,4.175200005269165,12.986720319755976,4.366178436943288,14.323083253643084,2.8576953180856632,7.933590808212358,0.9665609032029662,8.487786850690872,16.6491212835258,ok,0.9966355950629529,0.8667142228451359,28716.734938613587,9.872759822761536e-05,0.0003446980282977,20.67476906835129,0.978266046545704,0.0292051475388106,200704,margin_scaled_weight_norm_sweep_mid_s_12.csv
margin,17,6.5,0.0,0.3823529411764705,,,0.0,1.0,1.0,500,500,500,1.0,4.168118575173119,12.724608424106894,4.544121392276871,14.13994028386625,2.86052345704908,7.920714464051107,0.9650876884245522,8.476538581030885,16.48604311370708,ok,0.9938161182848242,0.8533093096567854,30187.802088967856,8.766531287073317e-05,0.0002895278678749,18.92585905398634,0.9837661184692448,0.0251499874809525,200704,margin_scaled_weight_norm_sweep_mid_s_12.csv
margin,18,6.5,0.0,0.3611111111111111,,,0.0,1.0,1.0,500,500,500,1.0,4.141736619110422,12.892012203598105,4.589092833569031,14.297472990529387,2.891990040324698,7.933931681828152,0.9694506837659022,8.500041938338182,16.633353446266486,ok,0.9936176822407864,0.8507720044725633,32074.413906146357,8.894168803447002e-05,0.0002736761944574,19.592064754792165,0.9850003533976132,0.0245015592531455,200704,margin_scaled_weight_norm_sweep_mid_s_12.csv
margin,19,6.5,0.0,0.3421052631578947,,,0.0,1.0,1.0,500,500,500,1.0,4.108117864960359,13.03793822550494,4.594181049487911,14.421198461985162,2.8732517358702805,7.920441544131172,0.9632494353401776,8.480378486032551,16.729847110668015,ok,0.9901045599595206,0.8437955877666294,32270.46969187449,9.498085723209472e-05,0.0002901357887694,21.13033477058863,0.982852600829478,0.0260536065983008,200704,margin_scaled_weight_norm_sweep_mid_s_12.csv
margin,20,6.5,0.0,0.325,,,0.0,1.0,1.0,500,500,500,1.0,4.226103879404687,13.141020819908842,4.658205932596598,14.568639768326868,2.901060439322438,7.915588726464346,0.9522729300990896,8.48407451007655,16.858967494832115,ok,0.9905295078463298,0.8315813973636053,35053.78360500916,9.608563122386506e-05,0.0002646816351948,22.165944055905847,0.9846880656466056,0.0247624148873395,200704,margin_scaled_weight_norm_sweep_mid_s_12.csv
margin,21,6.5,0.0,0.3095238095238095,,,0.0,1.0,1.0,500,500,500,1.0,4.235322705452675,13.208932800056909,4.664995861322583,14.634754884243842,2.8615271411205496,7.944975857321765,0.969546317929906,8.500058765409019,16.92415579984141,ok,0.990528961172784,0.8253776753096661,35594.52749394398,9.548705991884316e-05,0.0002578384432409,22.27810742346804,0.9851298114158628,0.0243048388051181,200704,margin_scaled_weight_norm_sweep_mid_s_12.csv
margin,22,6.5,0.0,0.2954545454545454,,,0.0,1.0,1.0,500,500,500,1.0,4.191594726647934,13.795305028825457,4.709878959427776,15.167823410208207,2.8513739536606737,7.908353458114681,0.9564351525519528,8.46091933793994,17.368074822685045,ok,0.9869073187281916,0.8124729551130897,37882.74159741494,9.962248777613822e-05,0.0002473654538002,23.9652426286148,0.9854035974503408,0.0240397316470448,200704,margin_scaled_weight_norm_sweep_mid_s_12.csv
margin,23,6.5,0.0,0.2826086956521739,,,0.0,1.0,1.0,500,500,500,1.0,4.107656162924662,13.219091649972372,4.815018123616693,14.656112128867584,2.879241602916617,7.926354106253758,0.943712354307486,8.485735951192698,16.935446181524235,ok,0.9850818496693352,0.7972668200744512,42010.837131714085,0.0001161691286776,0.0002486610386918,29.122838221827195,0.9837971942765016,0.0253888405924897,200704,margin_scaled_weight_norm_sweep_mid_s_12.csv
margin,24,6.5,0.0,0.2708333333333333,,,0.0,1.0,1.0,500,500,500,1.0,4.0741835434472335,13.669335174069971,4.8249917893605465,15.057564259008146,2.8839024031572573,7.933115008422352,0.9662892517437768,8.496171003800931,17.28916317061029,ok,0.9828984922552404,0.7890835472222423,43221.49892775385,0.0001143953457465,0.0002346533076707,29.140292346513476,0.9850082782476894,0.0242745290864629,200704,margin_scaled_weight_norm_sweep_mid_s_12.csv
margin,25,6.5,0.0,0.26,,,0.0,1.0,1.0,500,500,500,1.0,4.204344987190814,14.13425193824136,4.750592330129751,15.492634447119825,2.8896252784948344,7.916447523327208,0.9546536650087144,8.481240431671797,17.662195825318783,ok,0.9862067071186212,0.7893023909444898,43971.304993012665,0.0001212760795488,0.0002423344997486,30.98822941190316,0.9838771107649318,0.0252658214757514,200704,margin_scaled_weight_norm_sweep_mid_s_12.csv
margin,1,10.0,0.0,10.0,,,0.0,1.0,1.0,500,500,500,1.0,2.886331842017145,9.633472830313824,2.824301421668915,10.445639702530324,2.713254457907695,7.924748089988395,0.9306358415556848,8.427898024579957,13.421656153686715,ok,1.0039445849494075,0.9559577048157226,12451.607517618231,7.573001983714281e-05,0.0005272126362094,10.483054834860445,0.966324357588052,0.0294174277213013,200704,margin_scaled_weight_norm_sweep_9.csv
margin,2,10.0,0.0,5.0,,,0.0,1.0,1.0,500,500,500,1.0,3.0736145337020573,9.98136738764564,2.819821931416959,10.817864713234334,2.820368768865107,7.88822384003172,0.934981898627162,8.42927912063629,13.714187669980143,ok,1.004009670099152,0.9612150306896377,12775.186697716814,7.754015412759971e-05,0.000530644860847,10.792819322881376,0.9661385515164448,0.0299911272289162,200704,margin_scaled_weight_norm_sweep_9.csv
margin,3,10.0,0.0,3.333333333333333,,,0.0,1.0,1.0,500,500,500,1.0,3.1902548908775787,10.3129368256038,2.80103169219988,11.152585833714593,2.794799911322407,7.890635785718666,0.9335379315898,8.4228577523848,13.975861458074066,ok,1.0043978538085236,0.9556567225887403,13507.191845468633,8.041531899670032e-05,0.0005299642247765,11.527072237686363,0.9655661284383924,0.0307977062333089,200704,margin_scaled_weight_norm_sweep_9.csv
margin,4,10.0,0.0,2.5,,,0.0,1.0,1.0,500,500,500,1.0,3.264259737445933,10.547173959945402,2.8448882984308885,11.40138849462687,2.935357362438272,7.890407432611261,0.9523682287204503,8.472417455537926,14.204700529976469,ok,1.0045715177655448,0.9465562260182891,14501.76296265948,8.61477663912959e-05,0.0005404445366924,12.844432002880694,0.9631672405633556,0.0325426459294085,200704,margin_scaled_weight_norm_sweep_9.csv
margin,5,10.0,0.0,2.0,,,0.0,1.0,1.0,500,500,500,1.0,3.4377703993825044,10.813002711803447,2.9388540757042145,11.720757494403786,2.8947798741857595,7.900247535541448,0.9484851844822434,8.467188777156322,14.459233798186697,ok,1.0048268675785577,0.944418488732881,15539.06824878338,8.980458058832957e-05,0.0005362892734451,13.807607904087352,0.9631230000117724,0.0334274356800043,200704,margin_scaled_weight_norm_sweep_9.csv
margin,6,10.0,0.0,1.6666666666666667,,,0.0,1.0,1.0,500,500,500,1.0,3.510657896003538,11.001158394561635,2.9653261935419857,11.92238920347395,2.866980999986421,7.906452592885157,0.945417236122426,8.463178268722746,14.620832764493722,ok,1.004762699804138,0.9491685444081306,16021.885848103117,9.615350175250138e-05,0.0005615429701,14.89379203360458,0.9598790532101784,0.0355407551948297,200704,margin_scaled_weight_norm_sweep_9.csv
margin,7,10.0,0.0,1.4285714285714286,,,0.0,1.0,1.0,500,500,500,1.0,3.3997029546398143,11.18720188223167,3.03781998530014,12.08055530166902,2.919152659265436,7.902387648713677,0.9407643728371168,8.47668687659504,14.757846618003658,ok,1.00452907416476,0.9511545836444212,16915.27773727596,9.41734972564811e-05,0.0005282025075299,14.878284965113757,0.964111889446508,0.0343509138408826,200704,margin_scaled_weight_norm_sweep_9.csv
margin,8,10.0,0.0,1.25,,,0.0,1.0,1.0,500,500,500,1.0,3.472386271363116,11.1954956319223,3.3297109200062542,12.185383197616364,2.8706566484369023,7.927171370797631,0.9350465191405136,8.482630931978909,14.847174519110249,ok,1.003155067401442,0.9440489052570076,17209.187462943588,8.824446230857443e-05,0.000488560006168,14.142312566630324,0.9685797189622154,0.0320465839968984,200704,margin_scaled_weight_norm_sweep_9.csv
margin,9,10.0,0.0,1.1111111111111112,,,0.0,1.0,1.0,500,500,500,1.0,3.489007094712505,11.488896069098754,3.3176322800188376,12.456909220947626,2.883165219032831,7.914867998189008,0.9495574127407072,8.476994537516697,15.067648248084966,ok,1.0035063431254931,0.936901348024119,18508.75604225045,9.043713863642996e-05,0.0004732112737618,15.027495370187976,0.9695641322036884,0.0321911204124118,200704,margin_scaled_weight_norm_sweep_9.csv
margin,10,10.0,0.0,1.0,,,0.0,1.0,1.0,500,500,500,1.0,3.5244154661899305,11.600592437159149,3.442575383447663,12.603435029471632,2.8291215194719843,7.895008793633118,0.9398354972894604,8.439098481795853,15.167892329772178,ok,1.0028418958052951,0.9283745611224172,19267.82752200834,9.633761495348752e-05,0.0004881471870999,16.40607054495038,0.9668019474545702,0.0338807899372883,200704,margin_scaled_weight_norm_sweep_9.csv
margin,11,10.0,0.0,0.9090909090909092,,,0.0,1.0,1.0,500,500,500,1.0,3.65078746257166,11.719555922452326,3.549568861407785,12.777937205129534,2.9109234816192675,7.91473214779907,0.9593619751882156,8.487451672126538,15.339899448983266,ok,1.0015760082009226,0.9209025033800884,19627.612851501395,8.93338321817109e-05,0.0004458745544615,15.445613968013443,0.9715847033011924,0.03123520766002,200704,margin_scaled_weight_norm_sweep_9.csv
margin,12,10.0,0.0,0.8333333333333334,,,0.0,1.0,1.0,500,500,500,1.0,3.6121903375871383,11.746082914833927,3.610154227780616,12.808262818410372,2.8657105745082645,7.909403655372081,0.9745795068967132,8.46881151612933,15.35488081755109,ok,1.000988202924786,0.9160231982997216,20668.70707250873,9.008474527671626e-05,0.0004307111026831,15.964310134110953,0.972817631138744,0.030962499053206,200704,margin_scaled_weight_norm_sweep_9.csv
margin,13,10.0,0.0,0.7692307692307693,,,0.0,1.0,1.0,500,500,500,1.0,3.6926241041440457,12.437158498436688,3.8014374619926414,13.51922006134905,2.9154967953460384,7.960672043276275,0.9484934646382152,8.530654183398532,15.985661445930772,ok,-61686.9598975937,-61687.611466077135,-25689430486.62882,36741.93440304278,36741.9345242778,15301040816.027666,0.5104796197107174,0.1362408044552807,200704,margin_scaled_weight_norm_sweep_9.csv
margin,14,10.0,0.0,0.7142857142857143,,,0.0,1.0,1.0,500,500,500,1.0,3.6678850450806233,12.138458020512315,3.9013675048742056,13.2671101686748,2.901318986582836,7.888057147860042,0.9505735219520526,8.458291047868256,15.734004565850444,ok,0.9985445213390178,0.8852892309775818,23502.033667589614,8.5780904593031e-05,0.0003661334571451,16.472360067114728,0.9780798640616754,0.0280655379400411,200704,margin_scaled_weight_norm_sweep_9.csv
margin,15,10.0,0.0,0.6666666666666666,,,0.0,1.0,1.0,500,500,500,1.0,3.6703642679512334,12.177599316225075,3.986893462798898,13.328946636913482,2.842304124164317,7.904954272077678,0.91544305554058,8.450149748129798,15.781820212367942,ok,0.996631769381659,0.8832381811007535,24443.459576735768,8.361860836887435e-05,0.0003439833961349,16.313315301167535,0.9802778156242088,0.0268904598638476,200704,margin_scaled_weight_norm_sweep_9.csv
margin,16,10.0,0.0,0.625,,,0.0,1.0,1.0,500,500,500,1.0,3.702913942237665,12.381459744085936,4.05602144751322,13.544867184314723,2.837630856643332,7.916245739291315,0.9432348814666948,8.462197558851823,15.97098038837202,ok,0.9958109005796436,0.881072804929838,25395.30802143746,8.406359700005184e-05,0.0003332612128396,16.65301330658211,0.9811455050855612,0.0265546957573526,200704,margin_scaled_weight_norm_sweep_9.csv
margin,17,10.0,0.0,0.5882352941176471,,,0.0,1.0,1.0,500,500,500,1.0,3.710693222840008,12.540344235756203,4.055591323341698,13.69223497925956,2.850778200122292,7.912906551834674,0.9520037717683716,8.464475035453871,16.09734873676659,ok,0.995747588776598,0.8801479159297335,26640.745860718653,9.011135606745694e-05,0.0003405146416933,18.15149483742706,0.9799686387323138,0.0277895063873051,200704,margin_scaled_weight_norm_sweep_9.csv
margin,18,10.0,0.0,0.5555555555555556,,,0.0,1.0,1.0,500,500,500,1.0,3.721130418646851,12.530415610647816,4.110508858541087,13.702350529901434,2.886579512772825,7.913169567575297,0.96314091943552,8.478103226515392,16.11312025536149,ok,0.993241570077368,0.8766107972634889,27249.86733240871,8.135367545064576e-05,0.000300331371429,16.57279407978414,0.984095064791738,0.0247888096559751,200704,margin_scaled_weight_norm_sweep_9.csv
margin,19,10.0,0.0,0.5263157894736842,,,0.0,1.0,1.0,500,500,500,1.0,3.7202708155873383,12.614947060471296,4.174463326011275,13.798675600941468,2.8983409690719792,7.903925424559429,0.956409334915311,8.472728976304577,16.192300165385046,ok,0.9918863390760252,0.8437392989206607,29473.409658248314,8.47684302592673e-05,0.000287605373803,18.378085358968423,0.9837763813704312,0.0246863363566396,200704,margin_scaled_weight_norm_sweep_9.csv
margin,20,10.0,0.0,0.5,,,0.0,1.0,1.0,500,500,500,1.0,3.7679436379295255,12.85051578097018,4.172316813335732,14.026452961687117,2.8663786467010417,7.945988950632746,0.9521628154378208,8.500675324757667,16.401306766942845,ok,0.9918996059327524,0.8635299710944189,29546.64162770977,9.175618755271432e-05,0.0003104524677019,19.45151524617885,0.981967875727618,0.0266804641494841,200704,margin_scaled_weight_norm_sweep_9.csv
margin,21,10.0,0.0,0.4761904761904761,,,0.0,1.0,1.0,500,500,500,1.0,3.714824311439206,12.975493145310374,4.246823481300951,14.149164346709153,2.865398805316792,7.918420275332176,0.945622755562204,8.473847553864752,16.49257239111974,ok,-21352.03007505682,-21352.620413390083,-7985250051.806376,25926.74571436186,25926.745720392813,9695722720.97341,0.6354092354935985,0.1173574052184454,200704,margin_scaled_weight_norm_sweep_9.csv
margin,22,10.0,0.0,0.4545454545454545,,,0.0,1.0,1.0,500,500,500,1.0,3.639777555598646,13.202360422241368,4.268218070830011,14.344615257063008,2.9187919037810786,7.906436579419515,0.972799495834421,8.48395099119842,16.665695643873416,ok,0.9891049481362544,0.8325488309193602,34321.21582804249,9.725240724104996e-05,0.0002752499608934,22.28935906653725,0.9836671509094403,0.0254840431171072,200704,margin_scaled_weight_norm_sweep_9.csv
margin,23,10.0,0.0,0.4347826086956521,,,0.0,1.0,1.0,500,500,500,1.0,3.6654333384848288,13.138039488790202,4.345565343719271,14.315286281608929,2.812950283668615,7.9153021304533535,0.9577125033714774,8.454697531778697,16.62556259734646,ok,0.9869128742676592,0.8205158837248075,35727.12438026259,9.759723381797869e-05,0.0002622495040022,22.92642686482496,0.9844156014919324,0.0247660201300942,200704,margin_scaled_weight_norm_sweep_9.csv
margin,24,10.0,0.0,0.4166666666666667,,,0.0,1.0,1.0,500,500,500,1.0,3.657098940569388,12.982266545245263,4.4079629445381725,14.18956499098298,2.880529331763134,7.913638259130523,0.9704887483488976,8.477320811329129,16.529026673447042,ok,0.9850573813918226,0.8135309740211264,35180.010749255314,9.482198196636236e-05,0.0002599780274389,22.38018701131285,0.98453887191926,0.0243658141314526,200704,margin_scaled_weight_norm_sweep_9.csv
margin,25,10.0,0.0,0.4,,,0.0,1.0,1.0,500,500,500,1.0,3.622004315270497,13.062066641376903,4.385913000813014,14.246849934434982,2.81423336497356,7.920078325666612,0.9632597421070936,8.460225732685192,16.569494636297716,ok,0.9856165761005948,0.8120119013294036,37725.69551961395,0.0001035705031315,0.0002586493508406,24.90514044591469,0.9840806166979256,0.0250854378792003,200704,margin_scaled_weight_norm_sweep_9.csv
margin,1,100.0,0.0,100.0,,,0.0,1.0,1.0,500,500,500,1.0,2.720611187325592,9.526456829140056,2.799054205894852,10.295135229690189,2.772363961335365,7.887407509782728,0.8755464027668103,8.406175150619097,13.291109436781191,ok,1.003567394188863,0.9583958636135536,11910.962525781131,7.154643801317384e-05,0.0005128956116312,9.691674416724576,0.9684155161388632,0.027990683416122,200704,margin_scaled_weight_norm_sweep_9.csv
margin,2,100.0,0.0,50.0,,,0.0,0.998,0.998,499,499,500,0.998,2.7547074660704407,9.514253817423482,2.809115276872641,10.29565770433054,2.821781943298172,7.874288115818946,0.8466393514332743,8.407357781006256,13.292262125860566,ok,1.0037496357789586,0.932757291587069,12650.50128916035,7.811371380471037e-05,0.0005381098913876,11.15701881095351,0.9631890865408448,0.0302635376636227,200704,margin_scaled_weight_norm_sweep_9.csv
margin,3,100.0,0.0,33.333333333333336,,,0.0,1.0,1.0,500,500,500,1.0,2.798376149368204,9.583779198918752,2.738743000646729,10.352798946689347,2.771432536032194,7.873705889129682,0.8205203999169257,8.387451129930541,13.3240302644337,ok,1.0026901295917146,0.953786856442414,12504.696710255394,7.567073836503301e-05,0.0005253095180244,10.51789997929801,0.966391936874012,0.0293736941744942,200704,margin_scaled_weight_norm_sweep_9.csv
margin,4,100.0,0.0,25.0,,,0.0,1.0,1.0,500,500,500,1.0,2.6723792481463824,9.69014741876098,2.6419794397616942,10.393297032384238,2.770702845983358,7.827453274064839,0.8200733359129923,8.343760500798433,13.328126743772026,ok,1.0026560828572786,0.958739854342941,13819.907049604331,8.653291934101052e-05,0.0005613815794325,12.483970773361142,0.9616287393928006,0.0329990153781584,200704,margin_scaled_weight_norm_sweep_9.csv
margin,5,100.0,0.0,20.0,,,0.0,1.0,1.0,500,500,500,1.0,2.7518576503243994,9.826782681098162,2.734002789630329,10.56471247327092,2.8491360596146875,7.832054510849018,0.8013369994054569,8.372621759862517,13.480131482170693,ok,1.001924639720085,0.9508811656470514,14356.805031599582,8.452053427887037e-05,0.0005339863682768,12.492190869939424,0.9643836631887098,0.0319927152243623,200704,margin_scaled_weight_norm_sweep_9.csv
margin,6,100.0,0.0,16.666666666666668,,,0.0,1.0,1.0,500,500,500,1.0,2.7683036838429262,9.925492029694077,2.6961592716329816,10.651205196385591,2.8098660639239763,7.8703599080119,0.8747274635703477,8.402562734925393,13.56654829534279,ok,1.001199089693226,0.953467900539724,14677.21255244244,8.334479331463406e-05,0.0005184238697938,12.398808139306748,0.966413885303752,0.0314059215648522,200704,margin_scaled_weight_norm_sweep_9.csv
margin,7,100.0,0.0,14.285714285714286,,,0.0,1.0,1.0,500,500,500,1.0,2.638952882657247,9.94628783288273,2.731674727856104,10.64681928043506,2.8867566231396995,7.866827909626788,0.8428227845485201,8.422036298133488,13.575177943486478,ok,0.9965756183825876,0.9271278999519936,16036.59585431161,8.770820680403135e-05,0.0005118765904437,13.913798824115457,0.9648705295961928,0.0324121844729327,200704,margin_scaled_weight_norm_sweep_9.csv
margin,8,100.0,0.0,12.5,,,0.0,1.0,1.0,500,500,500,1.0,2.6609756563310287,10.018250944644246,2.726641426593872,10.71824224873974,2.804710093223933,7.881487193679449,0.9089890834214356,8.414897518386347,13.62685646609717,ok,1.0008677980138634,0.9378228795185544,16755.13832754684,8.705076645602865e-05,0.0004917548524466,13.895673896545784,0.9679374930445414,0.0318289549833453,200704,margin_scaled_weight_norm_sweep_9.csv
margin,9,100.0,0.0,11.11111111111111,,,0.0,1.0,1.0,500,500,500,1.0,2.75441769118666,9.964491008375632,2.777031006856502,10.704662492884273,2.8665125621545013,7.866777937479086,0.8630210632507859,8.417119147440637,13.617550948271685,ok,0.9997642294183344,0.9334410939974522,15782.527424947286,8.455661411800178e-05,0.0004992659090284,13.237592983889009,0.9670536076989226,0.0313630749248106,200704,margin_scaled_weight_norm_sweep_9.csv
margin,10,100.0,0.0,10.0,,,0.0,1.0,1.0,500,500,500,1.0,2.824232088218417,10.170409503160034,2.9235872709060704,10.95266537792032,2.7695950956746684,7.883545695718276,0.8694360281922939,8.401004031518026,13.803541126039963,ok,1.000066287787215,0.929741958751496,17896.55683485841,8.865722056176442e-05,0.0004762908848204,14.651789325615445,0.9689429644353652,0.0318599512053614,200704,margin_scaled_weight_norm_sweep_9.csv
margin,11,100.0,0.0,9.090909090909092,,,0.0,0.912,0.912,456,456,500,0.912,2.830569617516534,10.182932374956012,2.895367834855313,10.958439259842148,2.839501477043814,7.899785726245176,0.9010784608638543,8.442826869677821,13.833608226453558,ok,0.9967770367331772,0.9342961399261208,16989.05677195931,8.714536304629574e-05,0.0004872064230919,14.039892222747811,0.9681948373265874,0.0317526916805728,200704,margin_scaled_weight_norm_sweep_9.csv
margin,12,100.0,0.0,8.333333333333334,,,0.0,1.0,1.0,500,500,500,1.0,2.7825972690700755,10.09940513134318,2.965913506047917,10.887491653002296,2.817049029856622,7.90866943031777,0.861354211064335,8.439475604063157,13.77542097236131,ok,0.9989113882717444,0.9015770820699636,18592.52578333183,8.540261093965505e-05,0.0004452867507891,14.772286656745308,0.9708302974235088,0.0303593955580058,200704,margin_scaled_weight_norm_sweep_9.csv
margin,13,100.0,0.0,7.6923076923076925,,,0.0,0.996,0.996,498,498,500,0.996,2.81728353606434,10.285656171457552,2.932739323388773,11.060414519310426,2.835238830423314,7.900126563375727,0.8608888287530855,8.437517912180502,13.911307553833309,ok,0.9956556170534172,0.9214233054091224,18969.91066308112,0.0001003274783464,0.0005147702506567,17.112633857415652,0.9628126687754296,0.0354520091480638,200704,margin_scaled_weight_norm_sweep_9.csv
margin,14,100.0,0.0,7.142857142857143,,,0.0,1.0,1.0,500,500,500,1.0,2.786635446118802,10.217993773175928,2.9868769160152,11.004279511610571,2.761875501551931,7.877322918433445,0.871881100348149,8.392874912715776,13.83959959211776,ok,0.998356604873326,0.9120906023852384,19096.35866792415,8.342865644495085e-05,0.0004257852104939,14.412480204722597,0.9737003468367438,0.0294212077868822,200704,margin_scaled_weight_norm_sweep_9.csv
margin,15,100.0,0.0,6.666666666666667,,,0.0,1.0,1.0,500,500,500,1.0,2.7731574870853146,10.313645149719058,3.00002919371626,11.093324744442066,2.808444316268277,7.887779020857318,0.8648579546057275,8.417386568353697,13.925309710263246,ok,0.9994619070985696,0.9154640605222526,19897.55307134228,8.630282681383258e-05,0.0004259559646187,15.087234269233711,0.9736160851265188,0.0300435511908427,200704,margin_scaled_weight_norm_sweep_9.csv
margin,16,100.0,0.0,6.25,,,0.0,0.986,0.986,493,493,500,0.986,2.85758449172546,10.222013825028109,3.048647510016085,11.043079616064665,2.769619497768306,7.888930526997244,0.8660809080994475,8.405719074628996,13.87824630738065,ok,0.9993588585186816,0.9200770866144514,19222.77404099122,8.905406427275681e-05,0.0004520779891422,15.289388937410578,0.9709025763640592,0.0313414170066828,200704,margin_scaled_weight_norm_sweep_9.csv
margin,17,100.0,0.0,5.882352941176471,,,0.0,0.982,0.982,491,491,500,0.982,2.8707463579793417,10.494836551658622,3.0850698405657893,11.309307442060726,2.8192769815103182,7.963215950417746,0.8770125729929248,8.492954846497726,14.14322158645969,ok,0.9704457094555664,0.884902183189,20478.79371385794,0.0001647427885668,0.0007938560859649,30.116829136490967,0.9078787518397884,0.0568034531360101,200704,margin_scaled_weight_norm_sweep_9.csv
margin,18,100.0,0.0,5.555555555555555,,,0.0,1.0,1.0,500,500,500,1.0,2.7807559742587724,10.371276454788925,3.0313745481634347,11.157294059998955,2.8026777068998623,7.878767994616601,0.8847075751452627,8.409084072315354,13.971324406675116,ok,0.9970955887570752,0.9016989208721958,20957.333698291903,8.105049650309387e-05,0.0003830004832658,14.665730543662324,0.977628677113215,0.0277233924820329,200704,margin_scaled_weight_norm_sweep_9.csv
margin,19,100.0,0.0,5.2631578947368425,,,0.0,0.848,0.848,424,424,500,0.848,2.7979715105212395,10.43371582531111,3.0672640048776474,11.229389073883496,2.8020564957518794,7.882245310799773,0.8629375745011102,8.409873542598376,14.029438761944478,ok,0.998235500974374,0.8989837746106383,21561.14953546536,8.32594724457047e-05,0.000383922420254,15.269084078634036,0.9772208202777068,0.0281879310613342,200704,margin_scaled_weight_norm_sweep_9.csv
margin,20,100.0,0.0,5.0,,,0.0,0.954,0.954,477,477,500,0.954,2.7000975634246407,10.418618964668172,3.0921016210197423,11.198180227950784,2.797496569416612,7.883280848988568,0.9153800042325136,8.41486925341543,14.007471755093574,ok,0.9971939968592616,0.8931681754730801,23782.41539676808,8.888178210536062e-05,0.0003752053402134,16.987158794353622,0.9773192956620492,0.0289322127114694,200704,margin_scaled_weight_norm_sweep_9.csv
margin,21,100.0,0.0,4.761904761904762,,,0.0,0.998,0.998,499,499,500,0.998,2.811778601210539,10.470125192376605,3.153121047784249,11.290340685216048,2.7929174725286985,7.905449566166139,0.8814459552146163,8.43050815926992,14.09060895106246,ok,0.9959993331623314,0.8813684566373531,24110.839387132164,8.526327989574788e-05,0.0003553361448402,16.591628828365604,0.9789846733467396,0.027588292002771,200704,margin_scaled_weight_norm_sweep_9.csv
margin,22,100.0,0.0,4.545454545454546,,,0.0,1.0,1.0,500,500,500,1.0,2.7907397038379966,10.6007392229114,3.133435467427097,11.4009788174209,2.8225652700628405,7.889111933779501,0.9048976310241555,8.427562015796749,14.177662696135078,ok,0.9930272666361386,0.8536338782563305,27221.989430420697,8.271256568719505e-05,0.0003056776917874,17.297397979513466,0.9826570146256236,0.0252170135256381,200704,margin_scaled_weight_norm_sweep_9.csv
margin,23,100.0,0.0,4.3478260869565215,,,0.0,0.992,0.992,496,496,500,0.992,2.853185964937865,10.617573580202864,3.0536627312006623,11.410451128569116,2.7920389481718617,7.917237631020046,0.910470362877883,8.444352519632725,14.195262746187256,ok,0.9979280554422078,0.9025437442410696,24639.54215343041,0.0001019562275521,0.0004162100621987,19.51877423726518,0.972495831739714,0.0326676107874639,200704,margin_scaled_weight_norm_sweep_9.csv
margin,24,100.0,0.0,4.166666666666667,,,0.0,0.836,0.836,418,418,500,0.836,2.8033812517394177,10.648833154841087,3.123031996914611,11.445956616028182,2.8110320604925847,7.888332111468203,0.8972366772609505,8.422156398509816,14.210652386747034,ok,0.9933592498441666,0.876492430425005,24476.000045887275,9.120172902845366e-05,0.0003747082050614,17.937576221221605,0.9763218429222014,0.0293115875997098,200704,margin_scaled_weight_norm_sweep_9.csv
margin,25,100.0,0.0,4.0,,,0.0,1.0,1.0,500,500,500,1.0,2.852660383225776,10.703953102543297,3.040710977061808,11.487306321740368,2.7937528909971228,7.912075314234246,0.8824642880634853,8.437104610811527,14.252822202752457,ok,-36103.309383781954,-36103.94111959757,-14472085930.782925,25351.85987745209,25351.86015024384,10162125913.320074,0.5562246109904756,0.1291069615970874,200704,margin_scaled_weight_norm_sweep_9.csv
margin,1,1000.0,0.0,1000.0,,,0.0,1.0,1.0,500,500,500,1.0,2.731176576565867,9.498219168636052,2.851297206491535,10.286174635284675,2.806294049919401,7.832110362711669,0.7523779287644436,8.35364061807787,13.25098865004322,ok,1.0042710772599062,0.9481903593462876,12596.643168359178,7.875092573615646e-05,0.0005440240933651,11.045381857690398,0.9635949206321286,0.0305319628455845,200704,margin_scaled_weight_norm_sweep_9.csv
margin,2,1000.0,0.0,500.0,,,0.0,1.0,1.0,500,500,500,1.0,2.759988392439652,9.474841833162712,2.9326626346673,10.295177211618336,2.8017800221538507,7.871056881882151,0.7899001966709053,8.392106413235329,13.282248449328565,ok,1.0043481274786858,0.9565656297646612,12954.083709679831,8.495657694447077e-05,0.0005759844414299,11.95338735879874,0.9598942184683792,0.0327809255759783,200704,margin_scaled_weight_norm_sweep_9.csv
margin,3,1000.0,0.0,333.3333333333333,,,0.0,1.0,1.0,500,500,500,1.0,2.779292298297773,9.489554759285964,2.81486476777738,10.28103004906311,2.8196619200135427,7.861222185996708,0.8765758131687174,8.39748133412714,13.274685368277185,ok,1.0035205431578071,0.9443830337523844,13547.006947536478,8.175689086955711e-05,0.0005376989439693,11.87463312862508,0.963751739798852,0.0312941549097835,200704,margin_scaled_weight_norm_sweep_9.csv
margin,4,1000.0,0.0,250.0,,,0.0,0.99,0.99,495,495,500,0.99,2.7815649351212834,9.70845638421087,3.064646650042373,10.553828117893383,2.826465343312788,7.7870310369703155,0.7270952309857757,8.3159741571634,13.436469555826282,ok,1.0031137905888627,0.9307582228131084,15581.938652792576,8.353700364011376e-05,0.0004978682250791,13.047070293588048,0.967125472497747,0.0310753003816249,200704,margin_scaled_weight_norm_sweep_9.csv
margin,5,1000.0,0.0,200.0,,,0.0,0.998,0.998,499,499,500,0.998,2.7625832782735165,9.785444698346211,3.0599960978843006,10.618397733785242,2.841326782829146,7.883988639094403,0.8475835059332305,8.423111809047883,13.55356716811399,ok,1.0020616070676411,0.9387829734447892,16159.874036944684,8.334150738361207e-05,0.0004836374614753,13.098085032810747,0.969228521897338,0.0307424701516507,200704,margin_scaled_weight_norm_sweep_9.csv
margin,6,1000.0,0.0,166.66666666666666,,,0.0,1.0,1.0,500,500,500,1.0,2.776581720039852,9.887046665532184,3.340811931250573,10.799264890466237,2.8518265654171,7.822604488445662,0.8389065764504627,8.368382160601936,13.662135344093816,ok,1.0002077236942477,0.9121567456436096,18643.77849268781,7.722529454892642e-05,0.0004017746487406,13.21687021615165,0.9766467570412176,0.0274303832225792,200704,margin_scaled_weight_norm_sweep_9.csv
margin,7,1000.0,0.0,142.85714285714286,,,0.0,1.0,1.0,500,500,500,1.0,2.741830480597604,9.847770745104723,3.261714170861028,10.730097966228929,2.8173925065744845,7.826906608610473,0.7906895747754897,8.356037194727595,13.59993970444506,ok,0.9996613895050456,0.91907576894313,17671.582554795023,8.447909196413649e-05,0.0004583130987821,14.053209299242305,0.9706021610836794,0.0304638500374492,200704,margin_scaled_weight_norm_sweep_9.csv
margin,8,1000.0,0.0,125.0,,,0.0,1.0,1.0,500,500,500,1.0,2.7540960057132686,10.288328476243503,3.4933242325218568,11.2088385588023,2.8169094540892883,7.853979231867097,0.8129595028977045,8.383368762048402,13.9971044733467,ok,0.9967555824912808,0.893721776478971,20650.76127982422,6.95868068676948e-05,0.0003329541535257,12.63533447824335,0.9827651155752516,0.0239245337497649,200704,margin_scaled_weight_norm_sweep_9.csv
margin,9,1000.0,0.0,111.11111111111111,,,0.0,1.0,1.0,500,500,500,1.0,2.756444294454337,10.108534996548316,3.457388345815261,11.03331315148134,2.81657633882892,7.846043717332499,0.8396197402427982,8.378452458237684,13.853969275756322,ok,0.9985594845426816,0.884671694362473,22693.504332561297,7.528374642428142e-05,0.000331765730934,14.289972683534463,0.982090510707019,0.0249899323992114,200704,margin_scaled_weight_norm_sweep_9.csv
margin,10,1000.0,0.0,100.0,,,0.0,1.0,1.0,500,500,500,1.0,2.759180860126943,10.137255469576216,3.2953683016715307,11.010743831277034,2.8324694616728694,7.892602258398498,0.8632859122640733,8.429787436638014,13.867148082605356,ok,0.9953655299164574,0.883847815287013,22994.858436748487,8.137147547471124e-05,0.000354336161605,15.532048737764724,0.9795074064065108,0.0268665551144511,200704,margin_scaled_weight_norm_sweep_9.csv
margin,11,1000.0,0.0,90.9090909090909,,,0.0,1.0,1.0,500,500,500,1.0,2.7488953799408646,9.882086748306154,3.513246453579771,10.84227674220222,2.822979991749204,7.83406851163852,0.8345895522321137,8.368893905383047,13.696472179143674,ok,1.000801402486341,0.8960595597234022,21910.566153455344,8.200897506319976e-05,0.0003728786915107,15.176895531265677,0.9782530033944794,0.027597968922606,200704,margin_scaled_weight_norm_sweep_9.csv
margin,12,1000.0,0.0,83.33333333333333,,,0.0,0.996,0.996,498,498,500,0.996,2.731391790286384,10.222963939987864,3.568481189481273,11.167074407830269,2.8266627752700826,7.840826475806408,0.8119565119330208,8.374237615811648,13.958202121909988,ok,0.9937611858681072,0.8737877966290207,24441.693170525963,8.171255444462481e-05,0.0003361533957758,16.11389473360507,0.9807463631586184,0.0262779099048327,200704,margin_scaled_weight_norm_sweep_9.csv
margin,13,1000.0,0.0,76.92307692307692,,,0.0,1.0,1.0,500,500,500,1.0,2.803172670711762,10.12807476449965,3.4924794412146394,11.073982486189278,2.836842688025381,7.867386311118595,0.819807361467245,8.40330458301347,13.9013889960436,ok,1.0018579182299754,0.9045091084878536,23564.97988274858,8.44308890492355e-05,0.0003594704869816,15.883677544077493,0.9797080246221536,0.0275920551922258,200704,margin_scaled_weight_norm_sweep_9.csv
margin,14,1000.0,0.0,71.42857142857143,,,0.0,1.0,1.0,500,500,500,1.0,2.748974398892113,10.308502620396853,3.530955049014944,11.237870353347969,2.8215563255683587,7.848529054611609,0.8319921373802692,8.381694299847734,14.019362660790152,ok,0.9949361090208968,0.860849579333218,28095.51964226016,8.437066713239389e-05,0.0003015940651783,17.670054347908838,0.9831921583873746,0.0252758507219724,200704,margin_scaled_weight_norm_sweep_9.csv
margin,15,1000.0,0.0,66.66666666666667,,,0.0,1.0,1.0,500,500,500,1.0,2.689919157796557,10.47589042322768,3.783350034119015,11.45834554879642,2.798870333920974,7.906955946038965,0.8317314172132094,8.428843611616207,14.224594452732424,ok,0.9945677886557502,0.8207966774960589,36646.02960920025,9.27559908141545e-05,0.0002409668691782,21.916070866590765,0.9866481909183766,0.0230415758762326,200704,margin_scaled_weight_norm_sweep_9.csv
margin,16,1000.0,0.0,62.5,,,0.0,1.0,1.0,500,500,500,1.0,2.779011430913485,9.917200287852284,3.601108104934311,10.910625356318898,2.818309287817757,7.862798468114013,0.8253233413600386,8.393308382858907,13.765513839872394,ok,0.9636785753464392,0.8644542313399748,21998.71795382005,0.0001633447004033,0.0007400973997986,31.379011128746125,0.9139093575364008,0.0548861588547757,200704,margin_scaled_weight_norm_sweep_9.csv
margin,17,1000.0,0.0,58.8235294117647,,,0.0,0.974,0.974,487,487,500,0.974,2.771940368550312,10.152681448568336,3.663416856820297,11.143662641597585,2.8137819785771305,7.839048387208909,0.837919942191776,8.370791985797444,13.937409211873932,ok,1.0028572321300666,0.8406618682785579,31850.01842749245,8.291220513587494e-05,0.0002572832092737,18.447401973941275,0.9864459919787844,0.0229532543331039,200704,margin_scaled_weight_norm_sweep_9.csv
margin,18,1000.0,0.0,55.55555555555556,,,0.0,1.0,1.0,500,500,500,1.0,2.756718892860333,10.245068536995072,3.532820773035922,11.182206892933683,2.8660085096475,7.945830495888146,0.9215594219159068,8.497028822763868,14.04426038676489,ok,0.997935652477617,0.8663583463047169,30694.957211394118,8.970495853930302e-05,0.0002906655290969,19.16656647825864,0.9840112388876792,0.0254593786146764,200704,margin_scaled_weight_norm_sweep_9.csv
margin,19,1000.0,0.0,52.63157894736842,,,0.0,1.0,1.0,500,500,500,1.0,2.765470961817663,9.967534904133624,3.8172652136978464,11.025928324521546,2.8104399660095285,7.911911637776382,0.8824234005202302,8.442487170515017,13.886924967097546,ok,1.0040533580146782,0.8787790748207096,28038.825342739223,9.123820919540046e-05,0.0003268450750744,18.706854906192504,0.9811117105371412,0.0273645279590058,200704,margin_scaled_weight_norm_sweep_9.csv
margin,20,1000.0,0.0,50.0,,,0.0,1.0,1.0,500,500,500,1.0,2.746671199453178,10.263825551342537,3.8196141422504666,11.290693947759689,2.8104897043273365,7.899015200813216,0.8225033872132859,8.424357859373352,14.087213179502992,ok,-50354.01875762028,-50354.518736620616,-15641727469.14824,24192.111451275345,24192.11167108416,7514800320.049114,0.7792520762760381,0.09927298204987,200704,margin_scaled_weight_norm_sweep_9.csv
margin,21,1000.0,0.0,47.61904761904762,,,0.0,0.928,0.928,464,464,500,0.928,2.8245295964252173,10.176411510359513,3.489526070332828,11.122684517003618,2.828509951968932,7.873558565445041,0.8381978795454544,8.4080894808009,13.943101505115235,ok,0.9944310361541208,0.8643807782072415,30633.63595007348,0.0001236662883341,0.000401645019025,26.467676390126087,0.9698006281383657,0.0351445653003741,200704,margin_scaled_weight_norm_sweep_9.csv
margin,22,1000.0,0.0,45.45454545454545,,,0.0,1.0,1.0,500,500,500,1.0,2.764545194853399,10.217623792207114,3.62749238837844,11.18933631281174,2.8227790985804484,7.911822792678855,0.8218822430712581,8.440409478432379,14.015768237410985,ok,0.9766536724981736,0.8444672664774123,26275.020450039432,8.634712391777256e-05,0.0003309002519626,18.047485920071377,0.9795602766152472,0.0268191012463486,200704,margin_scaled_weight_norm_sweep_9.csv
margin,23,1000.0,0.0,43.47826086956522,,,0.0,1.0,1.0,500,500,500,1.0,2.778175009630296,10.035654395299105,3.668592840469869,11.040434273848438,2.8202276768569576,7.874784826598836,0.8547903539931319,8.408126233818148,13.877599782346667,ok,-92870.52445131488,-92871.08197194563,-31536018879.385998,28704.66873923842,28704.66870698787,9747140500.600834,0.6551282065115288,0.1237956078915653,200704,margin_scaled_weight_norm_sweep_9.csv
margin,24,1000.0,0.0,41.66666666666666,,,0.0,0.924,0.924,462,462,500,0.924,2.816355949513506,9.976996353009168,3.672240342444841,10.99807556779811,2.812101405760766,7.896880010725261,0.8765674124525104,8.428344953111944,13.85621394334128,ok,0.9999362515813356,0.9126760012342172,26931.029930343186,0.0001344936667003,0.0005026142420866,26.21666997843468,0.9600818160045672,0.041240955320985,200704,margin_scaled_weight_norm_sweep_9.csv
margin,25,1000.0,0.0,40.0,,,0.0,0.906,0.906,453,453,500,0.906,2.76442069972137,10.205855409507029,3.740849524160524,11.215857595709029,2.8327141313364232,7.875685066580509,0.8113344529957375,8.40886129106969,14.018003061052386,ok,1.0119272763730098,0.8782596431700187,34012.28566604734,0.0001130606669806,0.0003236684752188,24.50683289457564,0.9798716307054492,0.0298334144850626,200704,margin_scaled_weight_norm_sweep_9.csv
margin,1,1.0,0.01,1.0,,,0.0,0.994,1.0,497,500,500,0.994,4.755501879781448,11.685867764228801,2.7934185121938113,12.921977035884014,2.868266461330043,7.971869299485439,0.9996930718646757,8.53094595336317,15.484008827662082,ok,0.995559006770381,0.9375187886512405,14000.633899658616,9.196158715372539e-05,0.0005912646439053227,13.641576481201394,0.9556696491509474,0.034982000962098365,200704,run_err_weight_norm_sweep.py
margin,1,1.0,0.02,1.0,,,0.0,0.978,1.0,489,500,500,0.978,4.8465517677829295,11.697617283973209,2.7214130523195488,12.951038690446563,2.8480979671036653,7.966646924843994,1.002661044495042,8.519651074163436,15.5020597852975,ok,0.985300779506172,0.9434602385746617,14340.809724511308,8.92821562986458e-05,0.0005644904227217306,13.294126806417506,0.9597686401991488,0.03380229362815306,200704,run_err_weight_norm_sweep.py
margin,1,1.0,0.03,1.0,,,0.0,0.97,1.0,485,500,500,0.97,4.866871182126813,11.904613512567552,2.6694417101742065,13.135150438081789,2.947071556947071,7.9742293125970996,0.9935506190428909,8.559246854966256,15.677783126299776,ok,0.974871354818945,0.9321971145731106,14171.924467247272,9.216120471496891e-05,0.0005875572590021403,13.81947752687352,0.9556357691736472,0.03497479910142171,200704,run_err_weight_norm_sweep.py
margin,1,1.0,0.04,1.0,,,0.0,0.942,1.0,471,500,500,0.942,4.876036237354946,11.738497166226681,2.740221526016144,13.00295578401898,2.8444856829137937,7.94969900119222,1.0025680467688838,8.502585236165533,15.536113246864954,ok,0.9648844009926323,0.9011199306743225,14494.966104883026,9.275018016478715e-05,0.0005820607975661341,14.523152480448754,0.9533442411393651,0.03504014679919956,200704,run_err_weight_norm_sweep.py
margin,1,1.0,0.05,1.0,,,0.0,0.956,1.0,478,500,500,0.956,4.936900929432276,11.7580546902271,2.7079644161448395,13.036790715682576,2.8434613940749216,7.9421277884122965,1.0058842320287413,8.49555587323804,15.560603515282327,ok,0.9523479368470311,0.8914364641081434,14435.029654767151,9.498522164348904e-05,0.0005978246167979963,15.008793758318596,0.9499232609639763,0.035914642933960336,200704,run_err_weight_norm_sweep.py
margin,1,1.0,0.06,1.0,,,0.0,0.954,1.0,477,500,500,0.954,4.810227517087493,11.636468627254578,2.7124698137377945,12.880340964806193,2.8201718387767873,7.9736177335691165,1.0114802151597622,8.517924699536689,15.442092622330748,ok,0.9442666566362461,0.8799554810594871,14194.123513397706,9.000212995513943e-05,0.0005731740235818833,14.306086701466231,0.9527511866531444,0.03414503089714874,200704,run_err_weight_norm_sweep.py
margin,1,1.0,0.07,1.0,,,0.0,0.938,1.0,469,500,500,0.938,4.8407119852750435,11.541215720244054,2.678153242986899,12.798619363764013,2.880979022111557,7.949892660344533,1.0014689582928966,8.514914768291636,15.372326796220088,ok,0.9339185551957835,0.8668277669057866,14388.835595873345,9.364426306801683e-05,0.0005906865101594132,15.19744938398216,0.948404102487606,0.03543005589015951,200704,run_err_weight_norm_sweep.py
margin,1,1.0,0.08,1.0,,,0.0,0.896,1.0,448,500,500,0.896,4.86478273124648,11.719786974485244,2.7370338159619796,12.981173747364577,2.816649097125899,7.927458084227811,0.9789333697424654,8.46973519987044,15.499912458307358,ok,0.9239110677587458,0.8550974948107014,14475.63758550973,9.43269284211914e-05,0.0005924865575441788,15.557120969496392,0.9466973452721411,0.03564504665525773,200704,run_err_weight_norm_sweep.py
margin,1,1.0,0.09,1.0,,,0.0,0.916,1.0,458,500,500,0.916,4.729641905893447,11.649037331309527,2.5884732326539974,12.836268031651281,2.854790240351012,7.935742721563233,0.9949680701318916,8.492102290942402,15.391087625643024,ok,0.9139929281351477,0.8268457039850544,14848.204228855417,9.606422787037091e-05,0.0005927006534664216,16.557367937416284,0.942935304786972,0.036112340707300274,200704,run_err_weight_norm_sweep.py
margin,1,1.0,0.1,1.0,,,0.0,0.89,1.0,445,500,500,0.89,4.80091438077825,11.654767645291686,2.6712983141152087,12.88480587514985,2.851633763402624,7.946600141058461,0.9807775681231173,8.499540785276675,15.435686444109887,ok,0.9028503633168908,0.8189134310996605,15061.678403898559,9.678605445698524e-05,0.0005911038811044005,16.943200919537727,0.9420459177775684,0.0362734655604972,200704,run_err_weight_norm_sweep.py
margin,1,1.0,0.11,1.0,,,0.0,0.91,1.0,455,500,500,0.91,4.842677477566474,11.664431304875462,2.6438991449395424,12.903514463373934,2.792101996318215,7.94477861199199,0.9892893108468143,8.479034974097306,15.440036256384426,ok,0.8948081120174265,0.8170780370838893,15132.988335060942,9.391927816852345e-05,0.0005716690591181909,16.510096927721317,0.9453166309747423,0.03516345742308117,200704,run_err_weight_norm_sweep.py
margin,1,1.0,0.12,1.0,,,0.0,0.874,1.0,437,500,500,0.874,4.740241375679471,11.581678595489189,2.591790304826028,12.779770904562657,2.8452669226962097,7.949086451073905,0.9946244785250548,8.501340901370625,15.349115332631499,ok,0.8842082360422918,0.7943871149299376,15071.516385961344,9.271705932558131e-05,0.0005659996403451111,16.736151518594514,0.9434434478625445,0.03474381682151078,200704,run_err_weight_norm_sweep.py
margin,1,1.0,0.13,1.0,,,0.0,0.878,1.0,439,500,500,0.878,4.8198738331328475,11.59263940334722,2.6212624933122606,12.82542354708814,2.8439519150283132,7.926133867112224,0.9890879791696958,8.478794466486058,15.374701452942674,ok,0.8733936823852646,0.7737157346088528,15186.080691648453,9.515733642032508e-05,0.0005777249735059359,17.691691521085406,0.9381461977420331,0.0355994715568172,200704,run_err_weight_norm_sweep.py
margin,1,1.0,0.14,1.0,,,0.0,0.88,1.0,440,500,500,0.88,4.838622865176918,11.699672551978118,2.685083287562212,12.942344506157644,2.821310569440892,7.948094243454839,0.9782069744034824,8.490517317387113,15.47879729284286,ok,0.8617000325175567,0.7752367795129789,14636.729604073891,9.132068911570954e-05,0.0005691533743284491,16.689273747309283,0.9404411955188514,0.03443115144704318,200704,run_err_weight_norm_sweep.py
margin,1,1.0,0.15,1.0,,,0.0,0.84,1.0,420,500,500,0.84,4.847602432038306,11.527732353938026,2.6853945203393357,12.790590537305217,2.827765984693825,7.931868800450984,0.9747084219571683,8.47707848492589,15.344708075834978,ok,0.8534744769403668,0.7503441012210883,15782.563433205241,9.824714584318441e-05,0.0005801206880888937,19.13338056882719,0.9335492049332359,0.03644143085055013,200704,run_err_weight_norm_sweep.py
margin,1,1.0,0.16,1.0,,,0.0,0.842,1.0,421,500,500,0.842,4.857665978814331,11.75677930024687,2.6243302959457417,12.98868306560223,2.818561612788758,7.931184083198365,0.9666963794765594,8.47245374237939,15.507687132368277,ok,0.8421824848698953,0.7430793480013653,15620.905365612265,9.536494609310373e-05,0.0005673070748872628,18.676213757458164,0.9352079047960549,0.03545477322812327,200704,run_err_weight_norm_sweep.py
margin,1,1.0,0.17,1.0,,,0.0,0.786,1.0,393,500,500,0.786,4.675698769590044,11.431253985565391,2.585423504030174,12.618246366339585,2.8239366250638445,7.954730077538541,0.9777376464346283,8.497547856536546,15.212772953533849,ok,0.8322951273476994,0.7198043373750503,15522.168037504625,9.657132328882999e-05,0.0005771275015391149,19.47362107913759,0.9290885703651658,0.035954451615878,200704,run_err_weight_norm_sweep.py
margin,1,1.0,0.18,1.0,,,0.0,0.812,1.0,406,500,500,0.812,4.808503188048189,11.586009407977837,2.5855318604680413,12.807899590202755,2.8119624153924665,7.929547128233577,0.9994139744081285,8.472524923344839,15.356626273026748,ok,0.8216628461877171,0.7209150573954949,15434.16731222579,9.679526877480733e-05,0.0005808789691523421,19.442279674973005,0.9285089864515875,0.03608411344424352,200704,run_err_weight_norm_sweep.py
margin,1,1.0,0.19,1.0,,,0.0,0.808,1.0,404,500,500,0.808,4.749040086275005,11.607198702473491,2.6337394644268413,12.814719155183566,2.824985500315362,7.955594216288008,0.9829221162504235,8.499303400740642,15.377099379404102,ok,0.8137619472133027,0.7062883429109029,15431.069339688,9.597335565972962e-05,0.0005760450006382102,19.674212012938938,0.9268851740113762,0.03577959347559828,200704,run_err_weight_norm_sweep.py
margin,1,1.0,0.2,1.0,,,0.0,0.812,1.0,406,500,500,0.812,4.768135066399928,11.661665385874175,2.586754435998873,12.861603713988718,2.86838036339484,7.938271422145914,0.979291452479176,8.4972213593425,15.415045278083188,ok,0.8050754336116811,0.6932867592881742,15896.857316740692,9.637718779938238e-05,0.0005661056012663653,20.372862284538567,0.9263519804140651,0.035688805682896084,200704,run_err_weight_norm_sweep.py
margin,1,1.0,0.25,1.0,,,0.0,0.73,1.0,365,500,500,0.73,4.701678950400647,11.450242117194389,2.5283839440433153,12.63354878343804,2.8262603313572714,7.931025579616435,0.9651941698516278,8.474698460160662,15.21272719975476,ok,0.7543162420012465,0.6279314194881143,17034.70313215774,0.00010493524635004777,0.0005854295899927419,25.183351560542608,0.9049185088801355,0.03820742235918722,200704,run_err_weight_norm_sweep.py
margin,1,1.0,0.3,1.0,,,0.0,0.704,1.0,352,500,500,0.704,4.68809506136081,11.494352729285858,2.5206274514475466,12.666962647714243,2.8069267259858894,7.914639944736539,0.9692356415263438,8.45338871865467,15.228648119490641,ok,0.701749731679622,0.5643100906161256,17189.165863449,0.00010415769449604291,0.0005771342239711629,27.91457327979019,0.8875699510935544,0.03783616667241771,200704,run_err_weight_norm_sweep.py
margin,1,1.0,0.35,1.0,,,0.0,0.674,1.0,337,500,500,0.674,4.639101979443267,11.336943351082779,2.4652724896817184,12.495003808311383,2.793192629077565,7.938265312557254,0.9749490949361491,8.471629534711711,15.09614610233737,ok,0.6531449977145575,0.502619803693813,17790.922248187886,0.0001053376974848815,0.0005685157605927639,32.12676567222411,0.8650097590362833,0.037916177173276465,200704,run_err_weight_norm_sweep.py
margin,1,1.0,0.4,1.0,,,0.0,0.612,1.0,306,500,500,0.612,4.560715561550896,11.331554786793332,2.4085791934036256,12.450121045611091,2.790142088133846,7.93356125762499,0.9635421145035105,8.464909952674393,15.055238774501527,ok,0.6026486088781188,0.42040235825335787,19881.71913752549,0.00010752226043827903,0.0005310483215341704,40.918450306495544,0.8335525645532087,0.037440466497854125,200704,run_err_weight_norm_sweep.py
margin,1,1.0,0.45,1.0,,,0.0,0.562,1.0,281,500,500,0.562,4.589251839638375,11.355431192163401,2.4378810409792786,12.488006805633473,2.7522136613636117,7.918546659074448,0.961587384497146,8.438169915790963,15.07159664751242,ok,0.5528612105497861,0.38184167740349145,19863.716067337136,0.00010543498173846692,0.0005211280664129683,44.16105386290833,0.8110031723533258,0.03672443998171584,200704,run_err_weight_norm_sweep.py
margin,1,1.0,0.5,1.0,,,0.0,0.468,1.0,234,500,500,0.468,4.511592967274077,11.38712283377686,2.3597773250756435,12.473555489828088,2.78778771778026,7.894781977660812,0.9552585512379239,8.426853608193131,15.053286959722053,ok,0.5007149940339267,0.30554079381207844,21824.067770749883,0.0001104195421313658,0.0005037785082708879,59.845588160830054,0.7414891724436083,0.03721364867923895,200704,run_err_weight_norm_sweep.py
margin,1,1.0,0.55,1.0,,,0.0,0.394,1.0,197,500,500,0.394,4.386383784371837,11.29391135653064,2.3292978298266305,12.337683121761842,2.778228472648222,7.904350905284397,0.9509809817609858,8.432181301879995,14.943898631909333,ok,0.4525056105997382,0.24050946273868734,24582.027065386083,0.00010939700776641435,0.0004476183664912431,78.52620728741495,0.6848045383848279,0.03509046364409249,200704,run_err_weight_norm_sweep.py
margin,1,1.0,0.6,1.0,,,0.0,0.418,1.0,209,500,500,0.418,4.201022789693838,11.254024245475422,2.2910064810423436,12.229078660858049,2.7624803859297034,7.89346287348438,0.9521522411857336,8.416926274366292,14.845706881168418,ok,0.4038941397622586,0.17748709130477408,27332.673282584463,0.00011086647264102619,0.00040802909440496786,111.64790346194734,0.5785515219404671,0.033727557678061154,200704,run_err_weight_norm_sweep.py
margin,1,1.0,0.65,1.0,,,0.0,0.368,1.0,184,500,500,0.368,4.118278860039439,11.009128799820317,2.166905120797688,11.952264032501128,2.7515655120061955,7.900799433147767,0.943683221249393,8.419280401065024,14.619880231191287,ok,0.35217517340683885,0.13063130905633966,26471.795508271724,0.00011016192369185262,0.0004190223056487321,149.19713602495463,0.41634647911882816,0.034086664036156886,200704,run_err_weight_norm_sweep.py
margin,1,1.0,0.7,1.0,,,0.0,0.29,1.0,145,500,500,0.29,3.9129727392195743,10.606288856425056,1.9179129819576421,11.466608442349617,2.768211106605985,7.90338668308697,0.9446106027741118,8.427265451141697,14.230316656848153,ok,0.30185658355729694,0.06647188738350397,45800.91359784933,0.00016018731918036275,0.0003006496290154843,489.735467719069,0.21546983787488305,0.03191232614347623,200704,run_err_weight_norm_sweep.py
margin,1,1.0,0.75,1.0,,,0.0,0.246,0.47,123,235,500,0.246,3.135326236733543,8.452023147456558,0.4673640442171269,9.02692611278713,2.7639346911012797,7.894599707510492,0.9448442302430986,8.417646353816579,12.342696835928512,ok,0.2487183610649467,0.0009002054294753517,39262.103712883145,0.00013043043244728193,0.0003119369512823492,28442.24034884954,5.1551615624645386e-05,0.03071250148630715,200704,run_err_weight_norm_sweep.py
margin,2,1.0,0.01,0.5,,,0.0,0.988,1.0,494,500,500,0.988,5.0735569493712305,12.414621694656734,3.3645270646095637,13.82692497659711,2.8520404989863444,7.940062620784723,1.043706444286392,8.501061849656546,16.231201646216185,ok,0.9942220899464109,0.9478613421325057,16253.013289898498,9.521376471162777e-05,0.000550194216285987,14.855053192131459,0.9612156604091524,0.0350737834120226,200704,run_err_weight_norm_sweep.py
margin,2,1.0,0.02,0.5,,,0.0,0.972,1.0,486,500,500,0.972,5.1870144708757735,12.916694541357582,3.3180740227019485,14.309288319687353,2.848651863690928,7.965964622916043,1.0239849671506693,8.521734273433447,16.654599582186034,ok,0.984571026297264,0.9326827628846872,16239.570533697684,9.722168146041076e-05,0.0005621403087686971,15.410039210304916,0.958317380220915,0.03582051565277714,200704,run_err_weight_norm_sweep.py
margin,2,1.0,0.03,0.5,,,0.0,0.972,1.0,486,500,500,0.972,5.0301889343214174,12.309628226761726,3.308661623160634,13.70317443268656,2.8462472158559953,7.964337677567699,1.0064707329804599,8.517322419190123,16.134490098080985,ok,0.9733541317076185,0.9039448386412323,16177.904557146263,9.828464921091506e-05,0.0005699146717124301,16.048197311948236,0.954602358615444,0.03624561078615861,200704,run_err_weight_norm_sweep.py
margin,2,1.0,0.04,0.5,,,0.0,0.946,1.0,473,500,500,0.946,5.237156058013985,12.914769498899963,3.17819413783151,14.294054455033251,2.854592487610253,7.939711489350472,1.005725964302738,8.49701132868007,16.628866295787375,ok,0.9648855096408742,0.9064165302515764,16421.080045616116,9.787063347862249e-05,0.0005612513740533903,16.034092909043714,0.9560167524851567,0.035963187435321245,200704,run_err_weight_norm_sweep.py
margin,2,1.0,0.05,0.5,,,0.0,0.952,1.0,476,500,500,0.952,5.065410322009272,12.298622673636416,3.2521375586644075,13.6927316522043,2.8475541356829353,7.955005810729943,1.0112360121106734,8.509599301763958,16.12154398238144,ok,0.9545592444707853,0.9059488153621706,16155.30132043549,9.879396031067091e-05,0.0005734317746379473,16.087417398754038,0.9542687511629085,0.03644497463374203,200704,run_err_weight_norm_sweep.py
margin,2,1.0,0.06,0.5,,,0.0,0.948,1.0,474,500,500,0.948,5.094577309643455,12.39842451451853,3.237297550469726,13.78969701757168,2.797699993082386,7.953878367964994,0.9871449195038635,8.489155519589504,16.193254931365782,ok,0.9439644328678395,0.8855340552985868,16327.281314591391,0.00010290729210711735,0.0005926534022542611,17.216887561616637,0.94904911277063,0.03786647943618006,200704,run_err_weight_norm_sweep.py
margin,2,1.0,0.07,0.5,,,0.0,0.93,1.0,465,500,500,0.93,5.206066391330115,12.750350421409605,3.135095600931306,14.124566809876184,2.831198802805098,7.9591009175947836,1.0094354028914194,8.507757278511988,16.488945432523256,ok,0.9343693550546673,0.8560525642303439,16936.077184451602,0.00010172378967526497,0.000570023401540481,17.865259434945315,0.9491877615845687,0.03709341728029999,200704,run_err_weight_norm_sweep.py
margin,2,1.0,0.08,0.5,,,0.0,0.91,1.0,455,500,500,0.91,5.1896106206492245,12.747777378137787,3.19704460639647,14.130073626552889,2.8545602535206975,7.967676569128555,0.9860026818225885,8.52083243819415,16.500411089775525,ok,0.9234215170760431,0.8727325995304742,16346.050458373593,0.0001010096179272222,0.0005812495507047416,17.15457672472861,0.9495093546607569,0.037158324677572616,200704,run_err_weight_norm_sweep.py
margin,2,1.0,0.09,0.5,,,0.0,0.924,1.0,462,500,500,0.924,5.108548788761598,12.402604993937292,3.1724018604222044,13.783541450832079,2.810187180905387,7.929665372845826,1.010974648368338,8.473418121199884,16.17976605465866,ok,0.9137275025383694,0.8457014063528956,16483.547524527345,9.68286553910757e-05,0.000553716231890348,17.028049434004384,0.9510423777332327,0.03554753734566989,200704,run_err_weight_norm_sweep.py
margin,2,1.0,0.1,0.5,,,0.0,0.902,1.0,451,500,500,0.902,5.146861829433949,12.600752887863017,3.140899979254281,13.969051961817305,2.841496439255768,7.962948904416012,0.9978115874995128,8.513417952432013,16.358872147698435,ok,0.904614120553259,0.8378182765564057,16580.15175817438,0.0001042887885750513,0.0005937730924559347,18.55643673268464,0.9430530711442391,0.03823118511585814,200704,run_err_weight_norm_sweep.py
margin,2,1.0,0.11,0.5,,,0.0,0.872,1.0,436,500,500,0.872,5.125022603194472,12.477719197790824,3.1698915627164905,13.856678735597255,2.8106185607039014,7.950348392798551,0.9949761934578677,8.491030201700832,16.251311930664208,ok,0.8934242027651288,0.825952463186643,16969.840648197158,0.00010291459413149198,0.0005758540955163492,18.74713068325011,0.9445473610044435,0.03750914436656158,200704,run_err_weight_norm_sweep.py
margin,2,1.0,0.12,0.5,,,0.0,0.892,1.0,446,500,500,0.892,5.100043118752728,12.51232929865947,3.0710842985386466,13.856420283029808,2.8057061526483715,7.928345455800503,0.9909797459912519,8.468334519755718,16.239244828453266,ok,0.8828036544662996,0.8097343691041969,17118.043043286703,0.00010739482555174995,0.0005969598906905852,20.025040555654595,0.9382946956593041,0.039054303752336435,200704,run_err_weight_norm_sweep.py
margin,2,1.0,0.13,0.5,,,0.0,0.87,1.0,435,500,500,0.87,5.1362980485378325,12.797041084972408,3.1016110154742678,14.133853298559336,2.8269770700437635,7.941471633885901,0.9976758747342934,8.488470310803617,16.486962645757135,ok,0.8741360654134839,0.7874416996799418,17168.582627850534,0.00010233936632439382,0.000567611358038478,19.64474602597118,0.9408180897991975,0.03718801868905444,200704,run_err_weight_norm_sweep.py
margin,2,1.0,0.14,0.5,,,0.0,0.878,1.0,439,500,500,0.878,5.075928168851588,12.81056618518191,3.1417026711018945,14.133150690269881,2.818871542113941,7.965299819640766,0.9998199753236146,8.508329916661975,16.4965943880742,ok,0.862728355433958,0.7756896139249512,17062.360077646103,0.00010493875104973803,0.0005847324465837538,20.400052938555806,0.9357043853038978,0.03819282264985442,200704,run_err_weight_norm_sweep.py
margin,2,1.0,0.15,0.5,,,0.0,0.814,1.0,407,500,500,0.814,5.077740604817342,12.644362669190132,3.1152744395271688,13.977420784729603,2.82333365694314,7.956467326185974,0.984326049237083,8.499734291276381,16.35890506163816,ok,0.8528850377464552,0.7535127123143941,17244.576895001777,0.00010300919905738351,0.0005693701819282815,20.701465130295066,0.9352845188264205,0.03738749278330479,200704,run_err_weight_norm_sweep.py
margin,2,1.0,0.16,0.5,,,0.0,0.848,1.0,424,500,500,0.848,5.133697738256056,12.851073490567334,3.0268304054267494,14.165685462798956,2.8226696345616142,7.923017197998961,0.9828462089566974,8.46803708400737,16.50376613646345,ok,0.8450521190378314,0.7419507851079273,17656.53620215831,0.00010509907237294956,0.000570551239743796,21.65001970883425,0.9328238560765901,0.03790825150801445,200704,run_err_weight_norm_sweep.py
margin,2,1.0,0.17,0.5,,,0.0,0.836,1.0,418,500,500,0.836,5.03189295161301,12.343711500469963,3.140679991549658,13.694927202896972,2.7953444880472524,7.939889429920589,0.9886998575293451,8.475454110223204,16.10541379372622,ok,0.832371009529337,0.7319787486709958,17916.42666302916,0.00010575738876530833,0.0005676525602344004,22.210183278095165,0.931555380705605,0.03799305343770318,200704,run_err_weight_norm_sweep.py
margin,2,1.0,0.18,0.5,,,0.0,0.796,1.0,398,500,500,0.796,5.007223168985111,12.436294829143721,3.126844945277691,13.76629479029186,2.834702065028487,7.9310962928896105,0.9971604842371232,8.481282523055585,16.169199902564905,ok,0.823189898637367,0.7168477305040314,17594.973059367956,0.00010550671623532789,0.00057428120578896,22.46519244386294,0.9275542952080715,0.03809058550547184,200704,run_err_weight_norm_sweep.py
margin,2,1.0,0.19,0.5,,,0.0,0.844,1.0,422,500,500,0.844,5.030542839299745,12.366529411065555,3.0478327056022754,13.694038671411667,2.8170991143205564,7.93301447759051,0.9860184305454094,8.475906940672575,16.104896572193805,ok,0.8124752654207616,0.7140463176579832,17093.229836264818,0.00010196401093943626,0.0005674280389527303,21.5465158360942,0.9290391133948531,0.03709397272521532,200704,run_err_weight_norm_sweep.py
margin,2,1.0,0.2,0.5,,,0.0,0.782,1.0,391,500,500,0.782,4.961311494441835,12.508398367547304,3.0748711703934313,13.803241437454371,2.8029950170244717,7.973093717516995,0.9879466862136359,8.508997775800243,16.21519402687587,ok,0.8028307146305308,0.6914049828831121,18128.865536480775,0.00010682169472705914,0.0005681227145126631,23.859842127361098,0.9236172913337203,0.0382493248002002,200704,run_err_weight_norm_sweep.py
margin,2,1.0,0.25,0.5,,,0.0,0.764,1.0,382,500,500,0.764,4.904473101428488,12.188994247583823,3.0149953183520126,13.480194135840613,2.816917793599745,7.9594876136122075,0.993790433225297,8.501534470453857,15.937117753604847,ok,0.7522895654908386,0.6377489346564308,18460.61910169678,0.000110627387257204,0.0005800427083201621,26.978205837819534,0.9076617387958897,0.039407455570007785,200704,run_err_weight_norm_sweep.py
margin,2,1.0,0.3,0.5,,,0.0,0.7,1.0,350,500,500,0.7,4.970690033601261,12.469654699359427,3.0004844654154432,13.755106497537522,2.7890231239253382,7.93684472407352,0.9868243894650491,8.470299672118276,16.153913807312637,ok,0.7008152579482875,0.5547862057724555,19410.08083063692,0.00011113399538234741,0.0005597871499718202,31.758376854747542,0.8875741496922304,0.03899557844755121,200704,run_err_weight_norm_sweep.py
margin,2,1.0,0.35,0.5,,,0.0,0.684,1.0,342,500,500,0.684,4.840403228146867,12.472102502680109,2.985706257892475,13.707563098772601,2.7655856094680207,7.922255693595623,0.9592769717484989,8.445757002574242,16.100562022903553,ok,0.6522635781045516,0.4881078917359412,20286.66087122204,0.00011044946283062681,0.0005364463479294781,36.47726189314549,0.868114237649987,0.03820446638642058,200704,run_err_weight_norm_sweep.py
margin,2,1.0,0.4,0.5,,,0.0,0.612,1.0,306,500,500,0.612,4.852113489753673,12.502632069041761,2.9134984239104695,13.723967612808252,2.7799352755769124,7.904422237758508,0.9664055675687381,8.434564053357825,16.108667164219572,ok,0.60224855072234,0.4340895072220506,21326.740681761366,0.00011451642054936965,0.0005331096911130474,43.317910310678656,0.8387961461585657,0.038926713352714346,200704,run_err_weight_norm_sweep.py
margin,2,1.0,0.45,0.5,,,0.0,0.556,1.0,278,500,500,0.556,4.735189298594048,12.597958192977146,2.9200443337580446,13.771609464279477,2.767169020304048,7.90339170400356,0.9711042663734334,8.429938808200891,16.14686023803524,ok,0.5532271557585897,0.38214632655685293,23000.88972095945,0.0001149728577550602,0.0005004776974705885,50.76666193124719,0.8174528976772786,0.03795471662405746,200704,run_err_weight_norm_sweep.py
margin,2,1.0,0.5,0.5,,,0.0,0.536,1.0,268,500,500,0.536,4.654072905421063,12.408253788375522,2.894019645148335,13.564678632102362,2.770160247171132,7.909311599375604,0.945641050269603,8.433577815315378,15.972656045855183,ok,0.5011774540988578,0.31177180009573774,23321.780172203347,0.0001116072354997913,0.00047970192258145667,60.698952515154645,0.7636443894645355,0.03663219664820282,200704,run_err_weight_norm_sweep.py
margin,2,1.0,0.55,0.5,,,0.0,0.45,1.0,225,500,500,0.45,4.532496907235241,12.534755144034936,2.8798301929418586,13.636606494109406,2.7841008421706537,7.899373939578263,0.9644612083077246,8.43098520690162,16.032421783192355,ok,0.4535702360004087,0.25542682281067824,24599.96658642759,0.00010943570764437537,0.00044742716079602333,73.98889521154055,0.7102969483613102,0.03508977656558246,200704,run_err_weight_norm_sweep.py
margin,2,1.0,0.6,0.5,,,0.0,0.394,1.0,197,500,500,0.394,4.459096645657849,12.405139139789757,2.735318161138434,13.463022892928414,2.805068833559258,7.911668454547421,0.9588764723375182,8.448807784823176,15.894506547873805,ok,0.403239540870304,0.1867678150449785,28055.978162980377,0.00011636927615901967,0.00041670449423616296,112.2690080319219,0.5907403776740177,0.03489444553276918,200704,run_err_weight_norm_sweep.py
margin,2,1.0,0.65,0.5,,,0.0,0.334,1.0,167,500,500,0.334,4.290038473753147,12.300510234518342,2.660037755186962,13.29596867455669,2.791088727950696,7.901581337935358,0.9654808328921276,8.435479664250506,15.746113811375064,ok,0.3505743135658413,0.12168902875799877,38055.4539173246,0.0001406127752001134,0.00034700281643589004,226.06889463195898,0.4343215122263373,0.03379582493097887,200704,run_err_weight_norm_sweep.py
margin,2,1.0,0.7,0.5,,,0.0,0.288,1.0,144,500,500,0.288,4.007658798401087,11.437822179412665,2.176524462836275,12.313503319104221,2.7864150871355338,7.9041425828576966,0.9565135978441383,8.435312517673639,14.925711415554444,ok,0.30511417092672183,0.06883491189320977,63145.87712383586,0.00024031330054172074,0.0002723400266272351,748.8061107742312,0.24164020372692208,0.03135804746976791,200704,run_err_weight_norm_sweep.py
margin,2,1.0,0.75,0.5,,,0.0,0.26,0.27,130,135,500,0.26,3.1519082878290696,8.475548947734092,0.565766737679247,9.060328240289437,2.739060044586748,7.894423440947863,0.9505876152786443,8.409993353574055,12.361939007653534,ok,0.24852462663102298,-0.005158396492640049,22346.572143581336,9.369908988401852e-05,0.0004186581273240883,3033.5806149814807,0.0011751647361829543,0.031293234456481744,200704,run_err_weight_norm_sweep.py
margin,3,1.0,0.01,0.3333333333333333,,,0.0,0.99,1.0,495,500,500,0.99,5.290096345323397,13.757222550159486,3.9088668502709423,15.248787876108963,2.8257563561694807,7.970359040012076,1.0476774841461947,8.521100299956652,17.468104705791326,ok,0.9942751884410853,0.952033028591443,17787.50289556604,9.810395312717116e-05,0.0005295286396527593,15.795927332087205,0.9636359947381873,0.03531367234937517,200704,run_err_weight_norm_sweep.py
margin,3,1.0,0.02,0.3333333333333333,,,0.0,0.974,1.0,487,500,500,0.974,5.259853950152677,13.364505430749222,3.8241702223787772,14.862716672102403,2.806166564363736,7.955257489612519,1.0079408005342496,8.495683443394691,17.119491348914586,ok,0.9844631888137683,0.9253250715632679,18469.146374037566,0.00010395970513835738,0.0005448827227505238,17.476299570071436,0.9590962417161275,0.03702732481743062,200704,run_err_weight_norm_sweep.py
margin,3,1.0,0.03,0.3333333333333333,,,0.0,0.978,1.0,489,500,500,0.978,5.308581522744352,13.030876490502441,3.8791881626423814,14.595645949924133,2.8710996147666767,7.966499895890493,1.0328157572331516,8.530828915030806,16.905854686263645,ok,0.9734405292720866,0.9160815648739499,18147.287192017226,0.00010297298924070026,0.0005472181051152562,17.366104778690755,0.9581155891693951,0.03686065568075684,200704,run_err_weight_norm_sweep.py
margin,3,1.0,0.04,0.3333333333333333,,,0.0,0.96,1.0,480,500,500,0.96,5.261719271087054,13.285282119832171,3.853069363685074,14.799680882121404,2.8678903108125002,7.966188627807524,1.0153767179687638,8.527364538241294,17.08058840264834,ok,0.963655261658397,0.8957982689482015,18267.46033154161,0.00010498118377435758,0.0005550165649772461,18.15211631857208,0.9550202501494257,0.03750936490497773,200704,run_err_weight_norm_sweep.py
margin,3,1.0,0.05,0.3333333333333333,,,0.0,0.964,1.0,482,500,500,0.964,5.256462139153308,13.631011018621475,3.7435184995667794,15.081405318030908,2.866666881682329,7.940888504773987,0.9974770607750687,8.50120284092542,17.31240122309119,ok,0.9532817404411534,0.8919910761043147,18272.856022838747,0.00010496840619597971,0.0005548194818094184,18.229496731810176,0.9546807230262008,0.03750162106832628,200704,run_err_weight_norm_sweep.py
margin,3,1.0,0.06,0.3333333333333333,,,0.0,0.938,1.0,469,500,500,0.938,5.350494509307629,13.428981458424598,3.744870455123171,14.93282924400119,2.8348930789659166,7.984301507018112,1.0100330932621302,8.532634773247079,17.198698945098215,ok,0.9435906341878125,0.8773788241734274,18507.311021029374,0.00010855680780696441,0.0005680517149287131,19.26170014700225,0.9509495096966861,0.038641558072910094,200704,run_err_weight_norm_sweep.py
margin,3,1.0,0.07,0.3333333333333333,,,0.0,0.912,1.0,456,500,500,0.912,5.374122922331073,13.316763083348018,3.723417043374592,14.835134333103872,2.8721248410109443,7.974012296001114,0.9940505813729118,8.533587156492686,17.11441849548778,ok,0.9316717746916665,0.8563878206878501,18537.289799704344,0.00010612994900464878,0.0005546672096545409,19.303891475765177,0.9509004402349603,0.03776054160921241,200704,run_err_weight_norm_sweep.py
margin,3,1.0,0.08,0.3333333333333333,,,0.0,0.918,1.0,459,500,500,0.918,5.218839222036829,13.350436324407926,3.770268247137571,14.821786516237319,2.840093452148449,7.9591131136727,1.0260505681304302,8.512719432797843,17.09244709438787,ok,0.9227419057150548,0.8472632333445769,18653.752002034205,0.00010489081180661964,0.0005454405373562489,19.331921963669295,0.9513938774661244,0.0372503934209652,200704,run_err_weight_norm_sweep.py
margin,3,1.0,0.09,0.3333333333333333,,,0.0,0.902,1.0,451,500,500,0.902,5.3607440067462875,13.620151409506327,3.6662784730132065,15.089323992989994,2.7993896996447942,7.959583825781903,1.0263822800110087,8.499706933468168,17.318565660015565,ok,0.9135197759871853,0.8241711712733726,19146.12430063381,0.00010940028697477903,0.0005571912534018321,20.935083915983263,0.9463599417885922,0.03855016233578935,200704,run_err_weight_norm_sweep.py
margin,3,1.0,0.1,0.3333333333333333,,,0.0,0.894,1.0,447,500,500,0.894,5.241142418919761,13.087000294129348,3.7882311983178947,14.597597273724562,2.8369167281908125,7.946717895660478,0.9973090669516863,8.496649175464608,16.890319516716495,ok,0.900326867445237,0.8244862543917084,18479.58620996763,0.00010085337798048647,0.0005283679370868024,19.031763529554397,0.9519117079291335,0.03591511690064931,200704,run_err_weight_norm_sweep.py
margin,3,1.0,0.11,0.3333333333333333,,,0.0,0.93,1.0,465,500,500,0.93,5.343545424577674,13.731466664587346,3.6033652679998602,15.168747335222717,2.7976288046045905,7.9286350303462205,1.018847364032374,8.469240244790688,17.37293659816349,ok,0.8937101959622771,0.8046012800787092,18941.32482727542,0.00010991340017740485,0.0005646563838101675,21.456572001742682,0.9425755689427596,0.03885749483307844,200704,run_err_weight_norm_sweep.py
margin,3,1.0,0.12,0.3333333333333333,,,0.0,0.874,1.0,437,500,500,0.874,5.375891694690514,13.668733447308629,3.5876197852886667,15.11970572763937,2.8569911520034497,7.964916672309641,1.0164144004283144,8.522640099925617,17.356292679119896,ok,0.8842398376581796,0.8009866380897519,19125.383787687646,0.0001084507002165292,0.0005528089740432174,21.346276740608115,0.944235695908294,0.03822747612629152,200704,run_err_weight_norm_sweep.py
margin,3,1.0,0.13,0.3333333333333333,,,0.0,0.904,1.0,452,500,500,0.904,5.1607817155988585,12.938146704598482,3.751426441870433,14.425758503958699,2.809809120697522,7.954479165946652,1.0104433053735735,8.49645583579463,16.741931495026055,ok,0.872450844105587,0.7813386981355795,18863.785316740858,0.00010958510507908187,0.0005647903162124766,21.9958611982135,0.9393392196268495,0.038788395791294276,200704,run_err_weight_norm_sweep.py
margin,3,1.0,0.14,0.3333333333333333,,,0.0,0.868,1.0,434,500,500,0.868,5.203600761496592,13.468864958199509,3.7108349723204697,14.908322519286308,2.8244817566453833,7.936232424320161,0.998025871256938,8.482778903528692,17.15271460338598,ok,0.8612422682677194,0.7663881491371776,18763.502240489677,0.00010798034456070806,0.000558891217464092,22.051325384568354,0.938397196874035,0.038281142566331396,200704,run_err_weight_norm_sweep.py
margin,3,1.0,0.15,0.3333333333333333,,,0.0,0.834,1.0,417,500,500,0.834,5.355067888500957,13.44784152945407,3.567350087719308,14.907956953926137,2.803915677356363,7.951723238935176,0.9912230773356192,8.489662465810358,17.15580220577003,ok,0.8527877686835653,0.7567767105192551,19204.87244916199,0.00010941410762262188,0.0005558620358602033,22.82994937204772,0.9372450929252973,0.03851816216351073,200704,run_err_weight_norm_sweep.py
margin,3,1.0,0.16,0.3333333333333333,,,0.0,0.84,1.0,420,500,500,0.84,5.3271620710917,13.464914947534012,3.6206254110989633,14.926202418683006,2.8063479876880613,7.9455330460808025,0.9897986061367673,8.484502678122814,17.169109014115193,ok,0.8413694460203276,0.7437091622719675,19237.917904261234,0.00010656278725374872,0.0005406190611631901,22.640762588242563,0.9384316617277639,0.0374943628037506,200704,run_err_weight_norm_sweep.py
margin,3,1.0,0.17,0.3333333333333333,,,0.0,0.846,1.0,423,500,500,0.846,5.25522728800939,13.333629875561076,3.6181086521822157,14.781536108472936,2.8350446125629363,7.947366336963436,1.006595895607593,8.497725869088494,17.05007784944881,ok,0.8328167555542995,0.7279159529692315,19203.058100589336,0.00010973807515597018,0.0005575774485207602,23.803452037218516,0.9321290053978314,0.0386340477067162,200704,run_err_weight_norm_sweep.py
margin,3,1.0,0.18,0.3333333333333333,,,0.0,0.798,1.0,399,500,500,0.798,5.167343476660456,13.103741852960562,3.6507509099152213,14.551201715358856,2.7797042376575596,7.941693955148071,1.0033394703359682,8.473721060951963,16.838688190589057,ok,0.8227196283086576,0.723718862173239,19339.70659697055,0.00010713016090981566,0.0005412076199862849,23.435974958169822,0.9350025272455826,0.03763314938745848,200704,run_err_weight_norm_sweep.py
margin,3,1.0,0.19,0.3333333333333333,,,0.0,0.782,1.0,391,500,500,0.782,5.300808945135802,13.76975726652313,3.574664074418602,15.181667032863594,2.817894250209109,7.938518687364177,0.9914446193553921,8.481955516756768,17.390416420689235,ok,0.8117022725073503,0.7148570353133001,19380.15595724736,0.00010929543998504416,0.0005511871444294461,24.226288996575438,0.9311483978586341,0.03836815367263495,200704,run_err_weight_norm_sweep.py
margin,3,1.0,0.2,0.3333333333333333,,,0.0,0.79,1.0,395,500,500,0.79,5.374700537922552,13.747986623353183,3.5117512924603407,15.173231007545489,2.801627186987402,7.9346720710684915,1.012102273066705,8.475404815193672,17.379856903603894,ok,0.8012439976716499,0.6971485694562404,19823.93092432508,0.0001133542795670674,0.0005611510603031814,25.986912412692867,0.9250435265737613,0.03950722920448838,200704,run_err_weight_norm_sweep.py
margin,3,1.0,0.25,0.3333333333333333,,,0.0,0.74,1.0,370,500,500,0.74,5.335200011643235,13.716984281111118,3.4991819847916465,15.128261350703124,2.7542622599890247,7.936500356365337,0.9687966595192807,8.456510241871802,17.331383584874594,ok,0.7532168133868291,0.640215627455351,19913.228942069505,0.00011063735701312423,0.0005457252179500878,27.664105782563357,0.9166210283458663,0.03850548287017063,200704,run_err_weight_norm_sweep.py
margin,3,1.0,0.3,0.3333333333333333,,,0.0,0.702,1.0,351,500,500,0.702,5.135309308834009,13.320073080288392,3.5813731215027262,14.718083502856032,2.7934080672044437,7.931992508926924,0.9774089788249184,8.466106667381606,16.979309293976776,ok,0.6994095324181746,0.5587000615096054,21304.49347102402,0.0001114045009580266,0.0005190620032332777,32.730842842707446,0.9009342207521005,0.03788238798794803,200704,run_err_weight_norm_sweep.py
margin,3,1.0,0.35,0.3333333333333333,,,0.0,0.65,1.0,325,500,500,0.65,5.00904361809112,13.410557460589061,3.5028562006328845,14.737827890636142,2.7604925233686664,7.920709044758145,0.9847701566614407,8.445574166670896,16.986208933683564,ok,0.6506024073748622,0.5030421804085584,21447.063344157956,0.00011443045420986266,0.0005301299993913295,37.42861751258753,0.8758654593503472,0.03881792412718033,200704,run_err_weight_norm_sweep.py
margin,3,1.0,0.4,0.3333333333333333,,,0.0,0.614,1.0,307,500,500,0.614,4.994856732720006,13.61788539006369,3.4553149635029166,14.910888564210907,2.796517426526858,7.917874330974863,0.9561142486453756,8.451473131616863,17.13948645288876,ok,0.602338548022868,0.4347306499388803,22981.098246285892,0.00011763781788275361,0.0005125027908335827,45.644964856724826,0.8468167629776878,0.03884897559589799,200704,run_err_weight_norm_sweep.py
margin,3,1.0,0.45,0.3333333333333333,,,0.0,0.552,1.0,276,500,500,0.552,4.926591950149179,13.438956768337135,3.3803608715250504,14.707267145402874,2.8117231302738652,7.905719040486938,0.9718324528288353,8.44693073398889,16.960375753828476,ok,0.5524809163603527,0.3682339481123429,23371.33852329691,0.00011657988141128444,0.0005001036302280049,53.720838335720856,0.8056097138637073,0.038230431342311966,200704,run_err_weight_norm_sweep.py
margin,3,1.0,0.5,0.3333333333333333,,,0.0,0.516,1.0,258,500,500,0.516,4.803901882607011,13.345369965403096,3.4378967987123117,14.59436559805854,2.7965237727282712,7.914110418929661,0.9586813549562259,8.448239986812997,16.863222292449944,ok,0.5005125678299979,0.31512533768507467,23925.203071013966,0.00011388641021445446,0.00047812979378264757,61.81448675832076,0.7673014710774786,0.036977003875595875,200704,run_err_weight_norm_sweep.py
margin,3,1.0,0.55,0.3333333333333333,,,0.0,0.444,1.0,222,500,500,0.444,4.688767476383611,13.41438913530857,3.283184505995049,14.584569819555298,2.7754682010597906,7.899700070840322,0.9616891604094908,8.428127371224155,16.84467298011633,ok,0.4511809015586184,0.25094611650734117,26887.130535005977,0.00011798266529378908,0.0004416931459246353,83.59479953871983,0.7020325926576274,0.03621106384786893,200704,run_err_weight_norm_sweep.py
margin,3,1.0,0.6,0.3333333333333333,,,0.0,0.412,1.0,206,500,500,0.412,4.528211799227994,13.21753250821288,3.2052326082620395,14.334621856798252,2.7536759956632717,7.903289034088773,0.95701019892847,8.423810157303706,16.626543878500165,ok,0.40118030161983764,0.1920213627776653,29264.6172589122,0.0001223341531640512,0.0004184320523471839,116.27993220996466,0.5981262542417636,0.03578527500530643,200704,run_err_weight_norm_sweep.py
margin,3,1.0,0.65,0.3333333333333333,,,0.0,0.372,1.0,186,500,500,0.372,4.314646677258002,12.913253736354152,2.9401808493343142,13.928853557842807,2.7817363106237005,7.8906539057211615,0.9586014178117743,8.42136524798359,16.27674273544237,ok,0.3536643109298896,0.1210372288746934,47795.52034071752,0.00017747694388158152,0.0003113236113792694,300.31761518204434,0.45310489776706986,0.03364653359473289,200704,run_err_weight_norm_sweep.py
margin,3,1.0,0.7,0.3333333333333333,,,0.0,0.292,1.0,146,500,500,0.292,4.051145076506748,12.124685440702379,2.408025505599777,13.008395762064751,2.747646588668346,7.911882941968716,0.945069152820119,8.428559139452512,15.500289335033479,ok,0.31063143328310894,0.07215867229298507,102908.48888651484,0.0005330250751571727,0.0004367776711437112,1764.7050958668149,0.2410284522884164,0.030770902801506135,200704,run_err_weight_norm_sweep.py
margin,3,1.0,0.75,0.3333333333333333,,,0.0,0.27,0.25,135,125,500,0.27,2.934007597049115,8.077506141763616,0.26581431917007525,8.597974372027792,2.780622687142148,7.9033675945366095,0.9592860143917544,8.432989477049562,12.043275087038216,ok,0.24717671673117364,-0.0042159008482910406,99971.88322417437,0.0005165539392137003,0.00042310223347682345,29021.966902089018,0.0010529240159833364,0.031442063579257974,200704,run_err_weight_norm_sweep.py
margin,4,1.0,0.01,0.25,,,0.0,0.988,1.0,494,500,500,0.988,5.537371157962063,14.06069618524164,4.347601870168226,15.724735246616689,2.803071534083871,7.974421199733819,1.0118474316964885,8.513074575086621,17.881267776563703,ok,0.9943404779998362,0.9415243975291856,19847.510526070495,0.00010991202254716475,0.000543583710544813,18.665778484216258,0.9599698837389442,0.03829292379751751,200704,run_err_weight_norm_sweep.py
margin,4,1.0,0.02,0.25,,,0.0,0.97,1.0,485,500,500,0.97,5.399810804037351,13.992865171693943,4.432198173962559,15.639776631585276,2.8115040976206,7.989288088483882,1.0351940493385066,8.532579104322076,17.815934419990285,ok,0.9822731066651758,0.9183193140927409,19938.929475684825,0.00010462519142589108,0.0005154942984537132,18.247964893403218,0.9620346480930679,0.03639701410203422,200704,run_err_weight_norm_sweep.py
margin,4,1.0,0.03,0.25,,,0.0,0.966,1.0,483,500,500,0.966,5.322528965585855,13.950558331298943,4.479921704980105,15.589005447020236,2.8548179594566845,7.995402899352777,1.005446064160699,8.549115445035904,17.77932691976212,ok,0.9714069037060516,0.9045470741140001,19744.763390551216,0.00010347154780625538,0.0005139471246296118,18.253735399368946,0.9612312325417695,0.036110232213601226,200704,run_err_weight_norm_sweep.py
margin,4,1.0,0.04,0.25,,,0.0,0.954,1.0,477,500,500,0.954,5.485164297532911,14.11159205206392,4.254924285092067,15.7266791881398,2.8521464755803807,7.980330300775646,1.0104046052824467,8.534713158274242,17.89328832218072,ok,0.9635199063547364,0.8934853790285402,20255.143430976925,0.00011130502094927272,0.0005412791214420991,20.070922396667225,0.9558907949578939,0.03851975156214039,200704,run_err_weight_norm_sweep.py
margin,4,1.0,0.05,0.25,,,0.0,0.934,1.0,467,500,500,0.934,5.369382570434782,14.136231295173285,4.24016761968841,15.704850392836587,2.8052151988474656,7.961552602722338,1.0386306481035938,8.504957717763196,17.859916899087725,ok,0.9513075203555935,0.8910917706843314,20033.89611991453,0.00010645426954306161,0.0005224455045879133,19.16857603057444,0.9586798284739684,0.03697564579749316,200704,run_err_weight_norm_sweep.py
margin,4,1.0,0.06,0.25,,,0.0,0.95,1.0,475,500,500,0.95,5.397518234266301,14.123374708314403,4.220265386751679,15.697565294506868,2.7969103390043446,7.983707362272861,1.0388905856466155,8.523003246496183,17.86211467086389,ok,0.9427396160060663,0.862448954908318,20457.565015698736,0.00010766959096832629,0.0005192787013259573,20.188114548150445,0.9563021016949959,0.03713744663965421,200704,run_err_weight_norm_sweep.py
margin,4,1.0,0.07,0.25,,,0.0,0.948,1.0,474,500,500,0.948,5.320651162637837,14.045424120170168,4.268194963233979,15.614120396426857,2.8277003433112595,7.9706554000124905,1.0132872638173749,8.517862866724574,17.78636397835259,ok,0.9305302096832416,0.8559396860736143,20179.834032846316,0.00010539289864944006,0.000514156273836214,19.809670337445528,0.9566424543448081,0.03652004113925824,200704,run_err_weight_norm_sweep.py
margin,4,1.0,0.08,0.25,,,0.0,0.94,1.0,470,500,500,0.94,5.421625029878174,14.095479188810268,4.0954907661944455,15.647670629929838,2.8245300923339984,7.9817616544590875,1.027415034795332,8.52889623602124,17.82110173775982,ok,0.9216031314112252,0.846727594762127,21029.083445416753,0.00011275599892379668,0.0005312659612846399,21.75478543875883,0.9524013215928342,0.03852150246838579,200704,run_err_weight_norm_sweep.py
margin,4,1.0,0.09,0.25,,,0.0,0.92,1.0,460,500,500,0.92,5.32855812393063,13.86519438913407,4.296298691508612,15.462707705160847,2.816323677259899,7.95222947890867,1.034470577705151,8.499397750220682,17.644690184066622,ok,0.9104245245961896,0.8290655649062602,20356.85153858514,0.00010535876592427756,0.0005102289208204015,20.512966635547375,0.9544885988760646,0.036400818586544155,200704,run_err_weight_norm_sweep.py
margin,4,1.0,0.1,0.25,,,0.0,0.908,1.0,454,500,500,0.908,5.397091293307985,14.064331550003823,4.141263817146089,15.623190531384337,2.8473586775999626,7.9769000193094355,1.0199097601230582,8.53103752633623,17.800637169935637,ok,0.9010839705249413,0.8161375666077711,20482.818300113504,0.00011277538786163156,0.0005433423728324863,22.355516211194406,0.9470738526400595,0.0388822883534953,200704,run_err_weight_norm_sweep.py
margin,4,1.0,0.11,0.25,,,0.0,0.9,1.0,450,500,500,0.9,5.395483776746697,14.10433911490937,4.135448269719295,15.657124877991603,2.8317076189007278,7.955184776589624,0.9925350296646711,8.502273734345136,17.816683700923658,ok,0.8900412960316063,0.7913527568409915,20328.885358751802,0.00010640828276216103,0.0005159027599278711,21.69355325155086,0.94922920723018,0.03678039552752521,200704,run_err_weight_norm_sweep.py
margin,4,1.0,0.12,0.25,,,0.0,0.884,1.0,442,500,500,0.884,5.368693025373271,14.058132319868433,4.111646727089346,15.599986792686895,2.7916198407463986,7.950299740616107,1.0102736306143292,8.486522262364257,17.758959655385496,ok,0.8805070733325192,0.7898191907299733,20727.33442934419,0.00011025097154085693,0.0005258642267273838,22.683910694071898,0.9469092094530812,0.037856472140726335,200704,run_err_weight_norm_sweep.py
margin,4,1.0,0.13,0.25,,,0.0,0.882,1.0,441,500,500,0.882,5.435419435477243,14.148156794686598,4.078303718099251,15.695435207207938,2.79868117144322,7.982822172499162,1.0106291198029993,8.519356627993032,17.858502840344464,ok,0.8693984517349811,0.7673884716601094,21026.117530579086,0.00011202507327234674,0.0005278925490387304,23.84687666175958,0.9433316537857829,0.03827391318414295,200704,run_err_weight_norm_sweep.py
margin,4,1.0,0.14,0.25,,,0.0,0.848,1.0,424,500,500,0.848,5.365146887600229,14.101104187848511,4.116569725590771,15.63880068124585,2.831380032612238,7.955285592468031,1.0056089894558569,8.503795104921045,17.80130944436995,ok,0.8610077164991485,0.7681877575119891,20737.971661075444,0.00010798749125890997,0.0005148478074779764,22.84804830231524,0.9462355029165185,0.03707276872028717,200704,run_err_weight_norm_sweep.py
margin,4,1.0,0.15,0.25,,,0.0,0.86,1.0,430,500,500,0.86,5.414239217232844,13.764600907291383,4.187225002105947,15.372412876861265,2.8224241350797237,7.952831002442893,1.001922084499956,8.498084891027277,17.564980058963805,ok,0.8497060669851215,0.7556539782992477,20685.569643314982,0.00011000611090772996,0.0005256152599106544,23.63831576551804,0.9423659320432842,0.03779946072713036,200704,run_err_weight_norm_sweep.py
margin,4,1.0,0.16,0.25,,,0.0,0.846,1.0,423,500,500,0.846,5.4065819980134595,14.16439842924089,4.086876529888147,15.70235242038834,2.81560872514617,7.944282043874449,0.9896043018748926,8.486376515335301,17.84887833714237,ok,0.8417783986466456,0.7392632977592783,21088.61790926696,0.00010978744063256788,0.0005159998300310312,24.287604462689494,0.9417079074592207,0.03746873121894648,200704,run_err_weight_norm_sweep.py
margin,4,1.0,0.17,0.25,,,0.0,0.852,1.0,426,500,500,0.852,5.3498683698228,13.842832741585104,4.247105148551486,15.436418367898156,2.8248291516756305,7.956477283114177,0.9905172190721822,8.500959643131292,17.62240979216323,ok,0.8283508819313496,0.7224292268516712,20833.568413861307,0.00010846045712968004,0.0005150915875637354,24.443040235220668,0.9395116337170779,0.037175578277425216,200704,run_err_weight_norm_sweep.py
margin,4,1.0,0.18,0.25,,,0.0,0.826,1.0,413,500,500,0.826,5.244240601792465,13.8726370696021,4.20496008654605,15.415375703622416,2.809241844815167,7.948886431606207,0.9893259253193709,8.488545283600883,17.597988780413946,ok,0.8202049834107477,0.7128910644200849,21112.768751404907,0.00010913296565443186,0.0005124522844788056,25.04515228924002,0.938378498334076,0.03723110024479838,200704,run_err_weight_norm_sweep.py
margin,4,1.0,0.19,0.25,,,0.0,0.798,1.0,399,500,500,0.798,5.256105763795772,13.912062988032542,4.236872344973793,15.46360991653617,2.7976509994333996,7.954325159160561,0.9977430980217754,8.490796849644648,17.64133959745493,ok,0.8091845385785672,0.7002889483217317,20792.763093900146,0.0001099534153495387,0.0005230674421704938,25.543763196441887,0.9340400676403092,0.03771357777930789,200704,run_err_weight_norm_sweep.py
margin,4,1.0,0.2,0.25,,,0.0,0.838,1.0,419,500,500,0.838,5.207038959517499,13.93202539231111,4.181850591107127,15.449998725704726,2.8021997719482483,7.987862384325931,1.004140552288916,8.524468738964737,17.645651813006644,ok,0.8000072973144128,0.6892265892933218,21150.770344306595,0.00011146418125748263,0.0005225581178336961,26.47737247575168,0.9318851079274267,0.0380009053404072,200704,run_err_weight_norm_sweep.py
margin,4,1.0,0.25,0.25,,,0.0,0.748,1.0,374,500,500,0.748,5.187296734125157,13.791746540741059,4.083006595202185,15.290234233273637,2.802569625744198,7.947927084166439,0.9860091902381807,8.485054835745292,17.4867783903719,ok,0.7490927162621815,0.6137385896296991,22082.640103012007,0.00011565552913901734,0.0005222222673606909,31.338797285762904,0.9147832666067531,0.03880393714301308,200704,run_err_weight_norm_sweep.py
margin,4,1.0,0.3,0.25,,,0.0,0.7,1.0,350,500,500,0.7,5.254389951200734,13.960749774859767,4.0876576057756235,15.466741503548239,2.85646040692376,7.94662013658699,0.9828340653256137,8.501417555413765,17.649198089122322,ok,0.7006351793173513,0.5511429810291355,22371.07512749774,0.00011547120908995018,0.0005154459702642423,35.0030976478601,0.8985163052835897,0.03854841670816265,200704,run_err_weight_norm_sweep.py
margin,4,1.0,0.35,0.25,,,0.0,0.68,1.0,340,500,500,0.68,5.073298795969853,13.707018570936224,4.073092548798274,15.172699222229896,2.793900547782319,7.938056979058397,0.9850567703035431,8.472836934250353,17.378140504744824,ok,0.6486094944933142,0.4862153248920867,23310.970835597385,0.00011585665126444866,0.0004982083511105333,40.39504231892439,0.879321675928259,0.0380353868645084,200704,run_err_weight_norm_sweep.py
margin,4,1.0,0.4,0.25,,,0.0,0.578,1.0,289,500,500,0.578,5.128440676009359,14.254541868515249,3.8544121858501326,15.63167812319047,2.82441621831357,7.917096143082143,0.9724262117945456,8.461876331551057,17.775058705880426,ok,0.5994476779247221,0.43420381237940814,24562.703962566648,0.00011529265049961794,0.00047206680198098763,45.83033378982713,0.8642770991459536,0.03699374443651773,200704,run_err_weight_norm_sweep.py
margin,4,1.0,0.45,0.25,,,0.0,0.54,1.0,270,500,500,0.54,5.017066481041636,14.207166252092652,3.81404423640208,15.542247663289368,2.76095968549501,7.904594366066353,0.9626543317789852,8.428061096092593,17.68031889606331,ok,0.5502278404040315,0.3690770310861832,25453.514695922437,0.00011906818024454019,0.0004709898807034383,56.35001935564838,0.8204129514266636,0.037571337127902865,200704,run_err_weight_norm_sweep.py
margin,4,1.0,0.5,0.25,,,0.0,0.51,1.0,255,500,500,0.51,4.901350764284895,14.069517946657992,3.8151009983496045,15.379517879098017,2.7702702005903963,7.9085362654630496,0.9616662943830444,8.43469886292189,17.540630407761046,ok,0.502729954402466,0.3108052602854292,27493.82611814748,0.00012363194253251275,0.00045221199118046485,71.23095188712024,0.7737387273322505,0.037489998328750114,200704,run_err_weight_norm_sweep.py
margin,4,1.0,0.55,0.25,,,0.0,0.478,1.0,239,500,500,0.478,4.72773580884435,13.995706241980708,3.6465342711529867,15.216060307475786,2.7879902985264975,7.924038801126394,0.9519908555467389,8.453967554673905,17.406839422945776,ok,0.4531620188716128,0.24374189620037162,32561.47591856536,0.00013140520637782053,0.00039703217844636014,101.45353944627294,0.7177874914779099,0.03581328464416313,200704,run_err_weight_norm_sweep.py
margin,4,1.0,0.6,0.25,,,0.0,0.374,1.0,187,500,500,0.374,4.573623735801916,13.728524108072206,3.6099726453044187,14.913829513658007,2.7897961283432715,7.905498314004034,0.9601278087557117,8.438110655803571,17.135460956800735,ok,0.3962272275175401,0.17383097211810747,33100.10402150854,0.00012675053399257473,0.0003754657017116925,137.80645682134082,0.5894746431661291,0.0341410122154653,200704,run_err_weight_norm_sweep.py
margin,4,1.0,0.65,0.25,,,0.0,0.348,1.0,174,500,500,0.348,4.425464151609898,13.645699411989634,3.2565589994004007,14.710371236516579,2.7570596300827974,7.886686386648494,0.9529449517143543,8.40888244930186,16.944153149753785,ok,0.35474860178883943,0.1252914745659101,51385.237848787576,0.0001961528920996257,0.00030629090348801354,324.6834690564893,0.4686135989777298,0.03402189850370513,200704,run_err_weight_norm_sweep.py
margin,4,1.0,0.7,0.25,,,0.0,0.324,1.0,162,500,500,0.324,4.040265663639534,12.230020017442303,2.600181996562611,13.139942263003759,2.750400217421775,7.903977357011553,0.9588277466499845,8.423592467818644,15.608170704440779,ok,0.33105356636894784,0.08727930760881948,190907.45122356713,0.001708710626125584,0.0015668273514548882,6089.863502257748,0.21884233831395383,0.030687015789089857,200704,run_err_weight_norm_sweep.py
margin,4,1.0,0.75,0.25,,,0.0,0.278,0.254,139,127,500,0.278,3.0260789899554226,8.28209631909323,0.31112645183363646,8.823098841179206,2.7521670199481516,7.8878452172958555,0.931276449079574,8.405938454587783,12.186339666345079,ok,0.25044741842762464,-3.894352773811628e-06,-27763.401657762566,0.00010052080535381824,3.2486269189794904e-06,3362.4248059747056,0.001566140806262717,0.030336910278382017,200704,run_err_weight_norm_sweep.py
margin,5,1.0,0.01,0.2,,,0.0,0.998,1.0,499,500,500,0.998,5.501385210902706,14.657926931199885,4.923920703454153,16.412344629974058,2.8229052944001203,7.9866146848806405,1.0302580562229835,8.533243233865754,18.49814305116473,ok,0.99108281700207,0.9206099620706641,22490.18023211844,0.0001084647894422837,0.00048187192669582715,19.72134214332652,0.9657792142248873,0.03613356379142823,200704,run_err_weight_norm_sweep.py
margin,5,1.0,0.02,0.2,,,0.0,0.98,1.0,490,500,500,0.98,5.467074688022545,14.268630560376295,4.911095019999346,16.049971277494034,2.8184386524409986,7.995569300911907,1.0341776565499397,8.540623414515212,18.180864289602653,ok,0.9800931335923562,0.9054907712237823,21689.279644928345,0.00010253898916749191,0.00047036558807581926,18.71060518623222,0.9666078050292954,0.03463808361423883,200704,run_err_weight_norm_sweep.py
margin,5,1.0,0.03,0.2,,,0.0,0.978,1.0,489,500,500,0.978,5.5513865538828595,14.764849084317966,4.730678570234019,16.4680897765402,2.8706539102598088,7.984352647410419,1.002344147481137,8.543724882080964,18.55244500729964,ok,0.9714328740723165,0.9087799042494407,21636.5618537255,0.00010978088633058297,0.0005046909739082482,19.94078947023698,0.9620427581658585,0.037119158073090464,200704,run_err_weight_norm_sweep.py
margin,5,1.0,0.04,0.2,,,0.0,0.968,1.0,484,500,500,0.968,5.4995509338200055,14.55197874428481,4.754811366890667,16.266941230068735,2.8266858290657813,7.992877289061674,1.034135909860462,8.540824153107364,18.372780252232168,ok,0.9597666678809093,0.8870516203551098,22058.215798102294,0.00010732616009327128,0.00048510999950524756,20.11251114026375,0.9629580376786072,0.03602537651625834,200704,run_err_weight_norm_sweep.py
margin,5,1.0,0.05,0.2,,,0.0,0.952,1.0,476,500,500,0.952,5.531101453801572,14.52256817034513,4.765525022663781,16.25448548235846,2.8279016785940847,7.977981746558925,1.0158207243415387,8.525087236868863,18.35443844666533,ok,0.9506048851156887,0.8696747125058003,21757.300318413956,0.00010974740016218986,0.0005020833662316078,20.873396484191012,0.9590441488090972,0.03703057479708054,200704,run_err_weight_norm_sweep.py
margin,5,1.0,0.06,0.2,,,0.0,0.948,1.0,474,500,500,0.948,5.433731647773747,14.55046540807198,4.778644657178175,16.250443931508297,2.8782771237043865,7.97524862602556,1.0203812649055113,8.539920829465151,18.357755193504122,ok,0.938075283074989,0.8557313314688729,21816.228741995255,0.00010880817151897103,0.0004965933365383468,21.053085931324656,0.9586051470711224,0.03667587104370946,200704,run_err_weight_norm_sweep.py
margin,5,1.0,0.07,0.2,,,0.0,0.934,1.0,467,500,500,0.934,5.499016508580055,14.343463011802289,4.757085716081724,16.081168435245157,2.818527819384024,7.972937377111259,1.012979398741062,8.516921788431148,18.197305706971523,ok,0.9274276282465045,0.839141921056959,22106.197544362927,0.00010651858041758998,0.00048052050655265227,21.1178580799479,0.959506434323999,0.03572397779777294,200704,run_err_weight_norm_sweep.py
margin,5,1.0,0.08,0.2,,,0.0,0.914,1.0,457,500,500,0.914,5.505655188155645,14.609204157682045,4.642880522188007,16.2879533617644,2.8186757788433785,8.00751640516739,1.0336824790855614,8.55182738324574,18.39649902312513,ok,0.9207658974169981,0.8277147156166571,22115.46449890095,0.00010782304855870052,0.0004862397307467406,21.674314709923625,0.9574708757012649,0.03615611723343226,200704,run_err_weight_norm_sweep.py
margin,5,1.0,0.09,0.2,,,0.0,0.92,1.0,460,500,500,0.92,5.454432530209561,14.520355535780235,4.723083416430893,16.21416282361308,2.8351594498659116,7.971872483697582,1.023609451211336,8.52271413993851,18.31763446468305,ok,0.9096771970754463,0.8083049398595269,22544.910012714965,0.00010471644467977912,0.0004641910566804424,21.70452686211766,0.9590634241793996,0.03485073028851587,200704,run_err_weight_norm_sweep.py
margin,5,1.0,0.1,0.2,,,0.0,0.908,1.0,454,500,500,0.908,5.510893840416761,14.52697329601455,4.6493150435706125,16.217861586468025,2.8464910140417516,7.975595326871776,1.0145770361957729,8.528891983922364,18.323783258684607,ok,0.8990766786560644,0.80836799327198,21690.345103747917,0.00010484473542057797,0.0004809275711461832,21.43007969725634,0.9566503145000345,0.03541650484501782,200704,run_err_weight_norm_sweep.py
margin,5,1.0,0.11,0.2,,,0.0,0.894,1.0,447,500,500,0.894,5.558243668791916,14.530384145597349,4.569173533905786,16.214298716973154,2.841874832709538,7.974804042707668,1.0109435455073883,8.526180794269933,18.319367942694278,ok,0.8904773068559985,0.8066683666217531,22235.262793760725,0.00010859848264428541,0.0004873991440631201,22.443081007737927,0.9550541402632919,0.0363402280723824,200704,run_err_weight_norm_sweep.py
margin,5,1.0,0.12,0.2,,,0.0,0.884,1.0,442,500,500,0.884,5.466487026667276,14.367049184924761,4.689523271223115,16.071285300376942,2.8562190665608815,7.966961514800451,1.0078082935320318,8.523270539588037,18.191546165654017,ok,0.8794995878583914,0.7685061620900995,23129.0836112742,0.00011289558266762343,0.0004889768129969811,24.835464700473036,0.9498544275540716,0.03718458577803737,200704,run_err_weight_norm_sweep.py
margin,5,1.0,0.13,0.2,,,0.0,0.864,1.0,432,500,500,0.864,5.437617539089112,14.974932936644006,4.521865171418189,16.56090473334352,2.8187328812825805,7.946910579285233,0.9975961146788168,8.490809196961232,18.610679901768265,ok,0.8680703408514479,0.765677912228156,23005.700733694794,0.00011052116740083222,0.0004810318011045485,24.357210623501615,0.951123772481583,0.03648281574731141,200704,run_err_weight_norm_sweep.py
margin,5,1.0,0.14,0.2,,,0.0,0.846,1.0,423,500,500,0.846,5.379678237246722,14.517109756992392,4.625316930899325,16.15800019631556,2.7866946649005193,7.951126417097088,1.0147203931292537,8.48620857228224,18.250937134196977,ok,0.8569928583587562,0.7601090791429317,22402.184347324153,0.00011297409359098726,0.0005036809737733993,24.843376038494096,0.9463219375000762,0.03769444179035849,200704,run_err_weight_norm_sweep.py
margin,5,1.0,0.15,0.2,,,0.0,0.848,1.0,424,500,500,0.848,5.38344301758132,14.507560883919677,4.5888888894757445,16.140281371901025,2.76876546605701,7.983041244122123,1.0146660872054245,8.5102618631808,18.24645827945919,ok,0.8490249368000603,0.735545498638294,22513.920386866146,0.00010704124946906373,0.00047511421654678425,24.36781382023354,0.9487890676705694,0.03564496235826613,200704,run_err_weight_norm_sweep.py
margin,5,1.0,0.16,0.2,,,0.0,0.846,1.0,423,500,500,0.846,5.453912831100167,14.538279210451844,4.568030896391222,16.185599582365803,2.801323536257038,7.9592561977283385,0.9962477974538443,8.496451167975735,18.280134471345562,ok,0.8388813566468296,0.7234433029739717,22546.788745973583,0.00011349522876031838,0.0005030562831698939,26.28481508610318,0.9411015531634583,0.03777074929263932,200704,run_err_weight_norm_sweep.py
margin,5,1.0,0.17,0.2,,,0.0,0.836,1.0,418,500,500,0.836,5.409337857040096,14.613401667902547,4.530674498926475,16.227737235187373,2.8344998065131177,7.954065480861705,1.0036901120033108,8.503466391295486,18.32070949614612,ok,0.8306264873967965,0.7101078295968712,23109.538056369733,0.00011143143181007176,0.0004830039449338846,26.521630939117614,0.9431140016326799,0.03671503237204581,200704,run_err_weight_norm_sweep.py
margin,5,1.0,0.18,0.2,,,0.0,0.814,1.0,407,500,500,0.814,5.374720125341657,14.439581142019556,4.552467061774132,16.065929052851498,2.8113489577176245,7.963076521252326,0.988122227621687,8.50239120377909,18.17703860680716,ok,0.8180074528436271,0.7018179060774286,22967.875766992107,0.00011409595602430326,0.0004973886451745651,27.414860949714043,0.9386534480283935,0.03769010215556667,200704,run_err_weight_norm_sweep.py
margin,5,1.0,0.19,0.2,,,0.0,0.842,1.0,421,500,500,0.842,5.439032166113425,14.876381076683707,4.413514067619459,16.442897897505915,2.7901124393800267,7.9316878318556,0.9850502536451252,8.465620077028952,18.494204891165236,ok,0.8122625108287266,0.6986805295578805,23146.05294146035,0.0001151282076423834,0.0004983443676277069,27.863537658796538,0.9377757964753676,0.03790952283103076,200704,run_err_weight_norm_sweep.py
margin,5,1.0,0.2,0.2,,,0.0,0.838,1.0,419,500,500,0.838,5.4360217463715905,14.618858084945717,4.484544270881218,16.228754772079746,2.8074113163312275,7.923342052827785,0.9976476651952273,8.464999022388799,18.30378894932261,ok,0.798771782740502,0.6673881567318525,24030.793291460992,0.00011422755771627615,0.0004775198166683137,29.322016063346148,0.9367294994332578,0.037013823445937524,200704,run_err_weight_norm_sweep.py
margin,5,1.0,0.25,0.2,,,0.0,0.722,1.0,361,500,500,0.722,5.363582105318076,14.656397841141017,4.41021637816446,16.218138585562812,2.799868987096521,7.924525404196734,0.9879128536693705,8.46246660454914,18.293205301795275,ok,0.7484245572639605,0.6194511456054195,23489.96961357156,0.00011995960141345623,0.0005122299570697035,32.916953464780285,0.9177805898422231,0.03925554371500824,200704,run_err_weight_norm_sweep.py
margin,5,1.0,0.3,0.2,,,0.0,0.712,1.0,356,500,500,0.712,5.278803179565848,14.600053361246497,4.308636183731856,16.111848650096086,2.7842867137257157,7.936379829065953,0.9941156631045143,8.469158355295065,18.20215125117543,ok,0.6972853233450249,0.5528999398793102,24409.011918721644,0.00011429333826997827,0.0004707874767509381,35.60353802706345,0.9122999771346237,0.036777891516347805,200704,run_err_weight_norm_sweep.py
margin,5,1.0,0.35,0.2,,,0.0,0.652,1.0,326,500,500,0.652,5.130083084191188,14.399483986804752,4.384134887356887,15.902312103825997,2.7758615914293774,7.916760188442301,0.9832999964194822,8.446737733529813,18.006412985004182,ok,0.6463457833909211,0.49309410238233525,24876.38692198861,0.0001174619198904075,0.0004751086935206752,41.2931822483609,0.8897966828038751,0.037469357636300674,200704,run_err_weight_norm_sweep.py
margin,5,1.0,0.4,0.2,,,0.0,0.562,1.0,281,500,500,0.562,5.169019094978748,14.714395930942052,4.185036350970454,16.147654172533016,2.7823238482995034,7.9241066176886354,0.9656646803090703,8.453715157261298,18.226684702266407,ok,0.5984526533901642,0.43455739493964624,25130.29224663456,0.00012104104498460286,0.00048479067199468974,48.44760814256034,0.8572015741839439,0.038427279255969254,200704,run_err_weight_norm_sweep.py
margin,5,1.0,0.45,0.2,,,0.0,0.572,1.0,286,500,500,0.572,5.054092768743184,14.606177195252078,4.193192116089459,16.014591037444536,2.7896885917138396,7.919807240636071,0.9711411662062472,8.452740640305386,18.108449697002477,ok,0.5508919560473023,0.36433087649956947,28307.523819138893,0.0001264273467518132,0.0004483257994022141,62.70660013589515,0.8254218845461472,0.03771357440703829,200704,run_err_weight_norm_sweep.py
margin,5,1.0,0.5,0.2,,,0.0,0.462,1.0,231,500,500,0.462,4.889515231363513,14.70844532018486,4.068582126768369,16.024951901858014,2.80346905586054,7.937984299246627,0.9589294671406837,8.472932149215186,18.127042303201783,ok,0.4998704626825909,0.3056242112378227,29175.26886771052,0.00012370397612417004,0.00042442100125504486,73.82029485946616,0.7857838460745012,0.03624706564346012,200704,run_err_weight_norm_sweep.py
margin,5,1.0,0.55,0.2,,,0.0,0.406,1.0,203,500,500,0.406,4.8121207462464115,14.562776637110222,3.9965553230367283,15.849398219141055,2.7708045093332614,7.913861304876687,0.9685850027856644,8.440658463022146,17.956841013894927,ok,0.4509074855180131,0.24435752185125761,35827.46507776555,0.00014184103322742043,0.0003797002458019177,111.96265853798593,0.7274094085703022,0.03590824141939155,200704,run_err_weight_norm_sweep.py
margin,5,1.0,0.6,0.2,,,0.0,0.418,1.0,209,500,500,0.418,4.55759611793096,14.106564009957001,3.774152378026941,15.297419936504323,2.7813219371879083,7.901676050890816,0.9596656319818416,8.431678021408983,17.467233638171535,ok,0.40198304195771534,0.18500738171565165,40666.174534799786,0.00015649481814380642,0.0003513077877558034,167.94392269457973,0.6252553313449629,0.03532806711072998,200704,run_err_weight_norm_sweep.py
margin,5,1.0,0.65,0.2,,,0.0,0.346,1.0,173,500,500,0.346,4.441975375091118,13.9439474500939,3.5101790860444617,15.049457562982129,2.775661987444996,7.909425303866469,0.9640371275241628,8.437575225693417,17.253372094440998,ok,0.3556927884071702,0.12273477773222997,58693.588860643904,0.00023465748007918304,0.0002965947330582068,405.19747367231895,0.46180276431410283,0.03405222888916467,200704,run_err_weight_norm_sweep.py
margin,5,1.0,0.7,0.2,,,0.0,0.282,1.0,141,500,500,0.282,4.084671639510951,12.609434743802325,2.7454045501366524,13.535864697341848,2.7713830202157896,7.900792843761498,0.9563545367056479,8.427200330160115,15.944821683211012,ok,0.3478957894442778,0.10059339723916187,274533.9747737992,0.0036264888013889385,0.0034719680115102205,14010.732226650507,0.18050034006928106,0.03194736722112495,200704,run_err_weight_norm_sweep.py
margin,5,1.0,0.75,0.2,,,0.0,0.2,0.208,100,104,500,0.2,3.0246463547241373,8.405591131247112,0.4640187584296049,8.945264738677144,2.771836785323985,7.8875253334824995,0.9338111943125266,8.412380067342822,12.279491017238765,ok,-40.545200818240026,-40.79892883449581,1857462244.631588,10671.728522536117,10671.728542449882,485881951519.4691,0.0017242097221308317,0.030619692902352977,200704,run_err_weight_norm_sweep.py
margin,6,1.0,0.01,0.16666666666666666,,,0.0,0.994,1.0,497,500,500,0.994,5.5209969547305136,15.07362775195182,5.3386172338938955,16.91734302272625,2.8121311767131485,7.988625673829454,1.0410277256790181,8.532875285461614,18.9474656771249,ok,0.9879855592927953,0.9089320821625051,23638.248817970172,0.00010450071104439585,0.00044365368563355315,19.584289406295877,0.9696766600959758,0.03410604528763797,200704,run_err_weight_norm_sweep.py
margin,6,1.0,0.02,0.16666666666666666,,,0.0,0.98,1.0,490,500,500,0.98,5.707670950106888,15.389108321692666,5.201658199126952,17.217996707864398,2.8304058698660426,7.958472533822769,1.0172611311873043,8.507837719938482,19.205278266685887,ok,0.9795579378018308,0.9163826836250683,23207.38423769904,0.00011119649152821952,0.00048016142532545877,20.537607087871365,0.9654035489261498,0.03657466414159813,200704,run_err_weight_norm_sweep.py
margin,6,1.0,0.03,0.16666666666666666,,,0.0,0.978,1.0,489,500,500,0.978,5.557405533796393,14.939639600641529,5.234663878305236,16.777344652326867,2.8354245449678914,7.985706987619919,1.03383642130204,8.536976407858848,18.824432521892913,ok,0.9686435355540226,0.8772632206767851,24252.229072234553,0.0001059290344436315,0.000439027015235899,20.75101136222449,0.9679252092330797,0.03418586593056435,200704,run_err_weight_norm_sweep.py
margin,6,1.0,0.04,0.16666666666666666,,,0.0,0.964,1.0,482,500,500,0.964,5.5088387311087,14.98671198810305,5.129142053423855,16.7707166985766,2.8062981148993784,7.953763489771717,1.0146092720752065,8.495121819956106,18.799575349454315,ok,0.9579364732015931,0.8649075443082258,23709.14246266373,0.00011092478964688263,0.0004696053513740623,21.86943388066104,0.9627128115456861,0.036155661437395084,200704,run_err_weight_norm_sweep.py
margin,6,1.0,0.05,0.16666666666666666,,,0.0,0.932,1.0,466,500,500,0.932,5.56142888579069,14.7978195787224,5.1602688646409245,16.629291334615242,2.815026271893967,7.9534573677589435,1.0250228394821883,8.498972222196775,18.675274004018842,ok,0.9478104378878219,0.8496481590007368,23932.63373825856,0.00011358837455805594,0.00047669573994988,22.870321377894527,0.9601762053263446,0.036873636321688184,200704,run_err_weight_norm_sweep.py
margin,6,1.0,0.06,0.16666666666666666,,,0.0,0.918,1.0,459,500,500,0.918,5.564244752130992,15.058076052542814,5.033056147653155,16.823737047731395,2.834796084697274,7.96685891946741,1.016672484514762,8.51707301983973,18.85679349933312,ok,0.9389749709422955,0.8488645207520209,23916.291909424912,0.00010570758567813016,0.00044390371635670605,21.298314230128113,0.9652280709747569,0.034325486970056135,200704,run_err_weight_norm_sweep.py
margin,6,1.0,0.07,0.16666666666666666,,,0.0,0.942,1.0,471,500,500,0.942,5.5736814800019445,15.096079369198428,5.099783577750587,16.880916151132013,2.816791714388593,7.973961744280749,1.0324074033350947,8.519638871921874,18.908981374191256,ok,0.9256901449470681,0.8312774975901214,24632.46932985861,0.00010748040221926302,0.000438887327653335,22.338001571880554,0.9642576307974972,0.03444234503361153,200704,run_err_weight_norm_sweep.py
margin,6,1.0,0.08,0.16666666666666666,,,0.0,0.928,1.0,464,500,500,0.928,5.614169481225894,15.217465344516931,4.950684799834173,16.958756748736363,2.860862548237998,7.9675917980512345,1.0037863591724976,8.524942265795405,18.98088699449939,ok,0.9194154287260091,0.8198556327630704,24140.977257388033,0.00011124425028796687,0.00046304616007850465,23.282209936725465,0.959558037304389,0.03597417586250309,200704,run_err_weight_norm_sweep.py
margin,6,1.0,0.09,0.16666666666666666,,,0.0,0.902,1.0,451,500,500,0.902,5.515736978599111,15.091686395986473,4.9747495136321795,16.82053760779579,2.8228422216098403,7.968456934233445,1.0138464284812547,8.514260314400802,18.852668620560138,ok,0.9065056241840266,0.8054796221725768,24098.686803864934,0.00011054172029752155,0.0004608928583613857,23.533601047589677,0.958557377573376,0.035775134592106274,200704,run_err_weight_norm_sweep.py
margin,6,1.0,0.1,0.16666666666666666,,,0.0,0.906,1.0,453,500,500,0.906,5.6435618218177,15.377484213942337,4.909979761695232,17.100430171401563,2.8204353812967144,7.948051729227505,1.0292612446041478,8.496220379685942,19.094776060147225,ok,0.897441383053705,0.7949436066771829,24103.798220920828,0.00011233801204390521,0.0004682994028089334,24.234356089178263,0.9561801414552666,0.036353453164877814,200704,run_err_weight_norm_sweep.py
margin,6,1.0,0.11,0.16666666666666666,,,0.0,0.91,1.0,455,500,500,0.91,5.503070903276069,15.264277682787426,4.987394765440174,16.975160355356472,2.8461228992478365,7.960539576231682,1.0130151602334199,8.514505600282176,18.990862926873614,ok,0.8880530393979698,0.7812776052524594,24344.091323320205,0.00011535692600521093,0.0004763654762560559,25.40788508469547,0.9530609147150352,0.037164469651043155,200704,run_err_weight_norm_sweep.py
margin,6,1.0,0.12,0.16666666666666666,,,0.0,0.854,1.0,427,500,500,0.854,5.566042198188932,15.010065081456553,4.860604597690259,16.730461934945755,2.878081551678444,7.9534655921493576,1.0047581972955002,8.51765856199038,18.773887821527985,ok,0.8786749515196616,0.7681261552222003,24901.352131773965,0.00011438486033501905,0.00046225477261293017,25.820644870654217,0.9539019737044315,0.03647226485545621,200704,run_err_weight_norm_sweep.py
margin,6,1.0,0.13,0.16666666666666666,,,0.0,0.856,1.0,428,500,500,0.856,5.394550994682225,14.866827404654702,5.06028400971101,16.605126069167795,2.836373203740512,7.962308167167141,0.9891318141431326,8.510096711881943,18.65883055870704,ok,0.8674383999486402,0.7486524278262975,24744.166030590808,0.00011200357845738702,0.0004553757822254732,25.88663702741938,0.9530426740126234,0.03581714177055213,200704,run_err_weight_norm_sweep.py
margin,6,1.0,0.14,0.16666666666666666,,,0.0,0.846,1.0,423,500,500,0.846,5.479379294141285,15.028964537081022,4.937310513009655,16.741278553556743,2.7981685545400676,7.952888774736144,0.9910818121572421,8.48884151585656,18.770477827937913,ok,0.855520261541526,0.74818608601929,24342.68084944655,0.00011779955063578968,0.0004864908818365693,27.09243594158873,0.9469619310019187,0.03795283564155886,200704,run_err_weight_norm_sweep.py
margin,6,1.0,0.15,0.16666666666666666,,,0.0,0.854,1.0,427,500,500,0.854,5.52405903946404,15.149237636703702,4.9183657381228505,16.85837924531137,2.815750693903779,7.970347042958634,1.0412170326479915,8.516984023966192,18.887667077837868,ok,0.8460587340919289,0.7341653357231972,24461.44973208531,0.00011568706514615318,0.00047555839535332023,27.159666277772516,0.9472658291682818,0.037190329425366576,200704,run_err_weight_norm_sweep.py
margin,6,1.0,0.16,0.16666666666666666,,,0.0,0.844,1.0,422,500,500,0.844,5.448228085614676,14.86944975707624,5.041625121370496,16.619317351068585,2.8260881138682787,7.958795701113339,0.9879265057718357,8.503246545891415,18.66833980394999,ok,0.8348488030416129,0.7264508092926671,24443.044115454126,0.00011257006366423088,0.0004630919904023756,26.701111293952632,0.9488549939149891,0.03620119206326391,200704,run_err_weight_norm_sweep.py
margin,6,1.0,0.17,0.16666666666666666,,,0.0,0.84,1.0,420,500,500,0.84,5.506781112200448,15.278426714996321,4.7568918564355815,16.922853814798025,2.8236303732247263,7.96055078877473,1.0003274685501102,8.505522464234344,18.940086948760797,ok,0.8260979194094207,0.7072911030623741,24715.752566626044,0.00011814497405309794,0.0004808643000619234,28.892163952643077,0.9420336838474432,0.03780068426380011,200704,run_err_weight_norm_sweep.py
margin,6,1.0,0.18,0.16666666666666666,,,0.0,0.84,1.0,420,500,500,0.84,5.348514262347013,14.9095964514062,4.990891642499849,16.607578708092536,2.8266563132150067,7.947945046134635,0.998664881748356,8.494536356709046,18.653922334483447,ok,0.8128118671582292,0.6828690150302041,24899.387269294733,0.00011715155446946535,0.0004734737768995182,29.746023771477557,0.9397186983964668,0.03735589606056772,200704,run_err_weight_norm_sweep.py
margin,6,1.0,0.19,0.16666666666666666,,,0.0,0.79,1.0,395,500,500,0.79,5.3958876145577035,14.913888727437655,4.888521762910071,16.596304563057842,2.824724004458749,7.953783839409476,1.007957894869763,8.50045423393639,18.646582725341972,ok,0.8059861324920807,0.6733678931344932,24901.986229657705,0.00011700208435836315,0.0004727861272959309,30.129891015473422,0.9382736292828366,0.037305049755523984,200704,run_err_weight_norm_sweep.py
margin,6,1.0,0.2,0.16666666666666666,,,0.0,0.778,1.0,389,500,500,0.778,5.3847154124467815,14.984179220024428,4.827283146868559,16.63801218748487,2.83333237586052,7.962462394770028,1.028371453032437,8.513878527770895,18.68982549775501,ok,0.7968003149233117,0.6732699287492157,24903.19628518016,0.0001124710500349122,0.000454491284098002,28.966186706554502,0.942677627541113,0.03586091674588299,200704,run_err_weight_norm_sweep.py
margin,6,1.0,0.25,0.16666666666666666,,,0.0,0.786,1.0,393,500,500,0.786,5.260301729085978,14.747402425130531,4.917058520617807,16.411402044461372,2.7853051101687547,7.96303173760727,1.0032352396567523,8.495544712198388,18.479945806790475,ok,0.7445702547772313,0.6052757145951009,24852.104468875288,0.00011415377473061026,0.0004621935905489255,32.680283192942746,0.9278511592114463,0.03643180183638182,200704,run_err_weight_norm_sweep.py
margin,6,1.0,0.3,0.16666666666666666,,,0.0,0.71,1.0,355,500,500,0.71,5.328811416710518,15.358291898241344,4.749989703678591,16.936226360423465,2.8133725190446843,7.934043805069436,0.9915258134136717,8.476275094069457,18.938928237940097,ok,0.6954359874360961,0.5385546467148743,26413.419018461536,0.00012272798736184313,0.0004678437306535902,40.2896936244714,0.9068311147764538,0.038017164919221635,200704,run_err_weight_norm_sweep.py
margin,6,1.0,0.35,0.16666666666666666,,,0.0,0.638,1.0,319,500,500,0.638,5.271225712674776,15.091507251439237,4.576230196463139,16.627726677006326,2.79162820509611,7.891059363562005,0.9751871309838728,8.42692090001943,18.641198735607432,ok,0.6451032312629708,0.4868833842851592,26303.236316135637,0.00012326341926145238,0.000471876650227955,44.69942369045377,0.8867654135098638,0.038264905858281933,200704,run_err_weight_norm_sweep.py
margin,6,1.0,0.4,0.16666666666666666,,,0.0,0.608,1.0,304,500,500,0.608,5.118540909564073,15.20822075601829,4.618776482973488,16.697979991793485,2.77823348085646,7.926042961830815,0.9844911555628701,8.456356256823687,18.71717117912471,ok,0.6006210510984693,0.42540143372782374,29581.357720794716,0.00012804882587533626,0.000432711013197758,55.11965659841948,0.871794706856253,0.03720800786978907,200704,run_err_weight_norm_sweep.py
margin,6,1.0,0.45,0.16666666666666666,,,0.0,0.606,1.0,303,500,500,0.606,5.063789859742916,15.168755896236688,4.4851929481150705,16.60873502001497,2.7943203623358865,7.9236172865945145,0.9722725541577497,8.457969680210068,18.63832959458611,ok,0.5441554855858661,0.36401396758373034,28365.060514537105,0.00012228539735628462,0.0004326257642837601,60.748161793969665,0.835091444824036,0.036432359890943074,200704,run_err_weight_norm_sweep.py
margin,6,1.0,0.5,0.16666666666666666,,,0.0,0.478,1.0,239,500,500,0.478,4.889780730356256,14.885457129809422,4.439303902145896,16.284784576099412,2.7820518548593953,7.924244959978853,0.969508050152593,8.454195205233171,18.34850471450338,ok,0.49726733376117915,0.29099687695977844,32790.01039857741,0.0001359381265345247,0.0004073068856776799,88.07009481230028,0.7744700189841119,0.03686558859275159,200704,run_err_weight_norm_sweep.py
margin,6,1.0,0.55,0.16666666666666666,,,0.0,0.43,1.0,215,500,500,0.43,4.859219824591723,15.107639779194335,4.220338585481712,16.421451055789987,2.7784950724313155,7.922041141443794,0.9656863167546835,8.450521923326418,18.46822610740746,ok,0.44585269766424107,0.23875816431082733,36219.97788899298,0.00014043530409374344,0.0003705555132600673,113.75340094626743,0.7267785104430288,0.035231312626989364,200704,run_err_weight_norm_sweep.py
margin,6,1.0,0.6,0.16666666666666666,,,0.0,0.4,1.0,200,500,500,0.4,4.68720849561284,14.968061715032512,3.914534510657423,16.16590162723673,2.784240376116441,7.902138360155036,0.9618312708085323,8.433321085345671,18.233411089262237,ok,0.39886042521670134,0.17892043340496197,48480.153744370014,0.00018177046698579605,0.0003117781706398623,208.58960298223346,0.6416955711113514,0.03388703425166945,200704,run_err_weight_norm_sweep.py
margin,6,1.0,0.65,0.16666666666666666,,,0.0,0.318,1.0,159,500,500,0.318,4.4108199472468685,13.98802026623971,3.569539979746391,15.095087255222197,2.772205224090703,7.890592669902325,0.9518519421029071,8.41739844646059,17.28335198534268,ok,0.35918837143002924,0.12181426045462988,80698.78982200727,0.0003837500640781069,0.00033458924992970035,707.2905441858154,0.4515533684278299,0.03389649368307317,200704,run_err_weight_norm_sweep.py
margin,6,1.0,0.7,0.16666666666666666,,,0.0,0.282,0.99,141,495,500,0.282,3.973792535323816,12.056844019012331,2.246245806305074,12.892018268484257,2.7953803248250475,7.8976351507200135,0.955979990403372,8.432122501266152,15.404701389877403,ok,1093.4391248370898,1093.1966629836504,4723941627.11909,6838.98435882041,6838.984264202842,29553382343.78853,0.15216557805086406,0.0316481060205751,200704,run_err_weight_norm_sweep.py
margin,6,1.0,0.75,0.16666666666666666,,,0.0,0.262,0.238,131,119,500,0.262,3.177417736420789,8.519800950599652,0.5165760125456426,9.10768041195439,2.7517660634457766,7.8961623068598294,0.9526812789773591,8.416008392552834,12.400767708082329,ok,0.24865844875301443,-0.003919536470520435,42192.39574319978,0.00013541576704052886,0.00028930865231192025,6903.925574795917,0.0010833085688118915,0.029556612830067906,200704,run_err_weight_norm_sweep.py
margin,7,1.0,0.01,0.14285714285714285,,,0.0,0.99,1.0,495,500,500,0.99,5.596817555391008,15.532583075865617,5.49933200658723,17.401958403457776,2.841434730972308,7.975941887940898,1.025602776174499,8.52884877252978,19.379613454874622,ok,0.9850263240679906,0.8940503496911347,24901.437161801576,0.00010255761524745257,0.00041443109830872026,19.890984604855255,0.9721251723133345,0.032700046033883254,200704,run_err_weight_norm_sweep.py
margin,7,1.0,0.02,0.14285714285714285,,,0.0,0.982,1.0,491,500,500,0.982,5.614610247880715,15.248865065788982,5.570626938814305,17.177998094122913,2.8800738644151256,7.982759641702684,1.024779655622213,8.5480670507584,19.18731531053659,ok,0.9744349020706008,0.8785916269150719,26201.201445184874,0.00010685198803423196,0.0004106408867903606,21.446258121279143,0.9711964232702561,0.03323531014680997,200704,run_err_weight_norm_sweep.py
margin,7,1.0,0.03,0.14285714285714285,,,0.0,0.972,1.0,486,500,500,0.972,5.589634812113604,15.235410688359018,5.5438417388395775,17.14922556272021,2.838898161570536,7.967944019360412,1.010061267969386,8.518667644208326,19.14846301491423,ok,0.9643084684603955,0.870845382344981,25307.615612506885,0.00010784162288203627,0.0004289926730000994,21.589061878429153,0.9684701296160813,0.03412313371272033,200704,run_err_weight_norm_sweep.py
margin,7,1.0,0.04,0.14285714285714285,,,0.0,0.938,1.0,469,500,500,0.938,5.620624527953994,15.834539305619527,5.3039583415119065,17.61976246133703,2.8223091016542363,7.948302307538957,1.0199525175067192,8.495954412264567,19.561116291490606,ok,0.9556183648310383,0.8584128043454842,26157.94110453799,0.00010453708929873071,0.00040241346720864423,21.46330914485856,0.9710445651811961,0.03254253836693438,200704,run_err_weight_norm_sweep.py
margin,7,1.0,0.05,0.14285714285714285,,,0.0,0.96,1.0,480,500,500,0.96,5.595414409545622,15.509240547364472,5.376630762722334,17.342242159802094,2.797415316193148,7.997990335770002,1.0236355172758245,8.53470629456989,19.328594741051095,ok,0.945878386954711,0.8456355817888466,24766.202531161678,0.00011192811133792822,0.00045467757943183705,22.90927889923379,0.9629175280004065,0.03577820737909919,200704,run_err_weight_norm_sweep.py
margin,7,1.0,0.06,0.14285714285714285,,,0.0,0.92,1.0,460,500,500,0.92,5.685841525537038,15.50710190458978,5.276835324316119,17.339088625784335,2.866318688000069,8.000991629911447,1.0249329157345548,8.560498663328417,19.33716969304586,ok,0.9353480022099584,0.8352135321105322,25452.532109279608,0.00010542048131356037,0.00041700374365671785,22.04697457139818,0.9675782557188949,0.03326484368163903,200704,run_err_weight_norm_sweep.py
margin,7,1.0,0.07,0.14285714285714285,,,0.0,0.932,1.0,466,500,500,0.932,5.557126428589998,15.374290833749338,5.38235860905479,17.211050432222567,2.843803662013883,7.991386134280542,1.0149335924610496,8.542807607125468,19.21457308380463,ok,0.925979337626553,0.8201006984099771,25708.915403861312,0.00011113190843028605,0.0004352625937869621,23.748312590043163,0.9633969231312143,0.0348958066052727,200704,run_err_weight_norm_sweep.py
margin,7,1.0,0.08,0.14285714285714285,,,0.0,0.938,1.0,469,500,500,0.938,5.628279206971425,15.878915378994916,5.212086419709179,17.634719314222867,2.846967121878216,7.9645063872307835,1.0208396125252341,8.519430573682502,19.584790593499363,ok,0.9179842544618654,0.810696341017698,26138.292804302477,0.00011329645001130602,0.0004364852294172747,24.624048114459878,0.9621666652009778,0.03528369017524376,200704,run_err_weight_norm_sweep.py
margin,7,1.0,0.09,0.14285714285714285,,,0.0,0.924,1.0,462,500,500,0.924,5.5435949836096725,14.942787298067222,5.433265012426607,16.838607610869744,2.837063762766115,7.971449990160275,1.0018949635859817,8.520372014042922,18.87155122215782,ok,0.9009281148287382,0.784543500566993,25776.605669520894,0.00011319130315834881,0.00044216596182241756,25.306795654205107,0.9588810345122537,0.03549613576074062,200704,run_err_weight_norm_sweep.py
margin,7,1.0,0.1,0.14285714285714285,,,0.0,0.872,1.0,436,500,500,0.872,5.585852754390205,15.729438681703014,5.22892322695333,17.491673171785358,2.820889038902789,7.976274519718111,1.0129761414539191,8.520826887506937,19.456698620151794,ok,0.896419365624369,0.7898268945498454,25811.221393565495,0.00011579877077805586,0.0004517489209528531,25.727895785356974,0.957685108835534,0.036289738602376186,200704,run_err_weight_norm_sweep.py
margin,7,1.0,0.11,0.14285714285714285,,,0.0,0.868,1.0,434,500,500,0.868,5.611817667526253,15.797346855157157,5.183791739194091,17.54765972974859,2.8781105090842005,7.973458871620298,1.0024492294379737,8.536068822210968,19.51370884605391,ok,0.8851109942279087,0.7715002855427637,26508.090420443692,0.00011405438099991573,0.0004331771490155133,26.168215332813656,0.9587938446175004,0.03526414961858191,200704,run_err_weight_norm_sweep.py
margin,7,1.0,0.12,0.14285714285714285,,,0.0,0.89,1.0,445,500,500,0.89,5.550139124947971,15.443601680430886,5.2784772232933825,17.23865420985388,2.8439336392561487,7.97712135972545,1.0177711701372447,8.529846533616139,19.233550916405328,ok,0.8741996298773713,0.7663709593562908,25734.352176383505,0.00011905834339975522,0.00046586781302215374,27.234062382611924,0.9525111639454743,0.037367232073370484,200704,run_err_weight_norm_sweep.py
margin,7,1.0,0.13,0.14285714285714285,,,0.0,0.834,1.0,417,500,500,0.834,5.525244262202314,15.629925525610496,5.228716512194706,17.382818311713084,2.82801323875346,7.961790367652565,1.0177305285557063,8.510202122497695,19.354222087797588,ok,0.8642686356062137,0.7479153858924339,26437.257438279416,0.0001129756337274969,0.0004302710548147937,26.714105875727498,0.956870367104036,0.03497985393010507,200704,run_err_weight_norm_sweep.py
margin,7,1.0,0.14,0.14285714285714285,,,0.0,0.87,1.0,435,500,500,0.87,5.5214416075845865,15.184059135934232,5.246544620412489,16.98729524449061,2.8097448046202036,7.980767072235616,1.021604564513231,8.522381405135818,19.005240975533514,ok,0.8529402625775739,0.7401701394216664,26039.49678171024,0.00011455979907602505,0.0004430188341272922,27.237980101262014,0.9537146621973888,0.0357447198995866,200704,run_err_weight_norm_sweep.py
margin,7,1.0,0.15,0.14285714285714285,,,0.0,0.844,1.0,422,500,500,0.844,5.573498118600026,15.537642163265405,5.1589078686727055,17.29440764146532,2.80586214358833,7.947323411500344,1.0040985826065212,8.487698494845112,19.264930869550767,ok,0.8467879782156563,0.7244956593500858,26699.323587419956,0.00011803567247113739,0.0004450554964033524,28.90414043645492,0.9509569272734109,0.03636019169149259,200704,run_err_weight_norm_sweep.py
margin,7,1.0,0.16,0.14285714285714285,,,0.0,0.818,1.0,409,500,500,0.818,5.480285086786446,15.714871233243565,5.178158123312523,17.429974872612625,2.796516352839804,7.94768862185705,1.0077585352705696,8.485389525950305,19.385712766545744,ok,0.8335550062935833,0.7092625391774519,26536.960763676714,0.00011542328942327507,0.0004378886879028751,28.81631869668877,0.950585684363976,0.03566719073817165,200704,run_err_weight_norm_sweep.py
margin,7,1.0,0.17,0.14285714285714285,,,0.0,0.81,1.0,405,500,500,0.81,5.431339435258064,15.320867648028775,5.280108232490646,17.09116662186112,2.818831744562937,7.950124018435796,1.00293130053852,8.494477941949425,19.08570491238102,ok,0.8235045673838293,0.688103599257258,27277.364870097957,0.00011798927962131801,0.0004351213113260059,30.630375967361935,0.9477969053081559,0.03593221199294544,200704,run_err_weight_norm_sweep.py
margin,7,1.0,0.18,0.14285714285714285,,,0.0,0.806,1.0,403,500,500,0.806,5.567447024304481,15.694156156014246,5.087262906077488,17.412158042395223,2.8034404224197247,7.951060047173808,1.0125945623612502,8.491406351338041,19.37233154570953,ok,0.8149016484260116,0.6833857910466961,26607.072632078354,0.00011336875927049504,0.00042894520985467007,29.399823496044757,0.9489645396780328,0.03498457499924049,200704,run_err_weight_norm_sweep.py
margin,7,1.0,0.19,0.14285714285714285,,,0.0,0.812,1.0,406,500,500,0.812,5.445147392801898,15.411258727694733,5.216890835174721,17.157286373066526,2.8079674066132063,7.979506400514334,1.0072657521486776,8.518907655791496,19.15578929032467,ok,0.8030899852871294,0.6623602552157482,27564.35988750728,0.00011671091049560522,0.00042573298196528996,31.579356662695208,0.9459619849498304,0.03534066629658549,200704,run_err_weight_norm_sweep.py
margin,7,1.0,0.2,0.14285714285714285,,,0.0,0.8,1.0,400,500,500,0.8,5.42187362445517,15.225176472651183,5.190234100464238,16.97472362781072,2.834460507021026,7.961500934993612,1.0046585554400984,8.510523034266757,18.988687278412392,ok,0.7937633934889091,0.6567434144600602,27203.666230639723,0.0001186087493386403,0.00043865693734364015,32.23309775538229,0.9421632978794365,0.036174543178388384,200704,run_err_weight_norm_sweep.py
margin,7,1.0,0.25,0.14285714285714285,,,0.0,0.778,1.0,389,500,500,0.778,5.442673647160102,15.528200940157374,5.0234650875123075,17.204154217887332,2.81493138545586,7.952775740964412,1.008598606065518,8.496337554443905,19.18777408121912,ok,0.7444611903003481,0.603661054997724,28054.535161139942,0.0001252607087345714,0.00044845702730244755,37.393883946640415,0.9286567552213041,0.037556768599556443,200704,run_err_weight_norm_sweep.py
margin,7,1.0,0.3,0.14285714285714285,,,0.0,0.686,1.0,343,500,500,0.686,5.280306314204118,15.490167806441685,4.9696911333681735,17.103355325918493,2.8066673954461456,7.941771202877108,0.9866748927299788,8.480721611481671,19.09050555789649,ok,0.695403625975019,0.5410720999506249,28057.75510673272,0.00012530419707414004,0.00044859125611889294,41.73361681322666,0.9126750229131494,0.03756885148288607,200704,run_err_weight_norm_sweep.py
margin,7,1.0,0.35,0.14285714285714285,,,0.0,0.668,1.0,334,500,500,0.668,5.243240665665571,15.666832239040371,4.864237660607711,17.22213729776877,2.7858512955474106,7.937057368728934,0.9935085333153876,8.470236497357552,19.19236617575765,ok,0.6440271511936697,0.4720454735219508,29840.733241147176,0.00013174328914697974,0.0004408089038711637,51.24130625965241,0.8893616710556124,0.03807171729790039,200704,run_err_weight_norm_sweep.py
margin,7,1.0,0.4,0.14285714285714285,,,0.0,0.546,1.0,273,500,500,0.546,5.220980861253371,15.519054065610721,4.882059857035249,17.086081724391864,2.79511976441198,7.924103924599038,0.9849373851208607,8.460154795147727,19.065896460708547,ok,0.5968649148748953,0.4177804674465844,31569.253678117086,0.0001304934132341503,0.0004092011684051763,58.27904033525694,0.8770536485611151,0.03634625436635426,200704,run_err_weight_norm_sweep.py
margin,7,1.0,0.45,0.14285714285714285,,,0.0,0.596,1.0,298,500,500,0.596,5.112241728211891,15.607399522414257,4.694868070602934,17.0812096041321,2.7682499416764372,7.921678491747175,0.9789224617214363,8.448342266519756,19.056290525507812,ok,0.5462320053042737,0.35080837443707524,33732.97434040787,0.00014114929447468812,0.000408286370374793,76.43230583090035,0.8305230268792918,0.03747967176904274,200704,run_err_weight_norm_sweep.py
margin,7,1.0,0.5,0.14285714285714285,,,0.0,0.5,1.0,250,500,500,0.5,4.960237093164673,15.292098539691375,4.642203022568834,16.73326861885582,2.783480463096823,7.910422538584331,0.9669959420869209,8.441423421402177,18.74192914430588,ok,0.49940961819388735,0.2964502103801161,38661.01473215052,0.00014957963591890957,0.0003609974196557917,99.07832145366913,0.8067035268748276,0.035432185719320525,200704,run_err_weight_norm_sweep.py
margin,7,1.0,0.55,0.14285714285714285,,,0.0,0.43,1.0,215,500,500,0.43,4.792031742956527,14.939935238300787,4.484777972791482,16.318041139038723,2.7843590554509743,7.902083520380553,0.9676456246122026,8.433973996140425,18.368733869892424,ok,0.44954103062815304,0.24230241996510807,41370.61025019842,0.0001596749616113359,0.0003495983277933516,131.30257267534054,0.7410768480402423,0.03544061003869204,200704,run_err_weight_norm_sweep.py
margin,7,1.0,0.6,0.14285714285714285,,,0.0,0.404,1.0,202,500,500,0.404,4.691255428866044,15.00274448371094,4.106985723282902,16.246770487504087,2.7627174609831293,7.88915488810811,0.9651574939457707,8.414446007070271,18.296460118819013,ok,0.40705828813504646,0.1828322348945348,56011.92018486668,0.00021615001073930782,0.0002939477975339381,248.67072733207252,0.6626184410613976,0.03346934692363561,200704,run_err_weight_norm_sweep.py
margin,7,1.0,0.65,0.14285714285714285,,,0.0,0.34,1.0,170,500,500,0.34,4.426430275002942,14.40936115219139,3.7169160162605266,15.525412666518047,2.7504307554470766,7.901027763501049,0.958899017061571,8.420842973541616,17.66207900703437,ok,0.3524799944002645,0.11990535698672088,73705.46076998046,0.0003156996962709526,0.00029630508272733227,580.3585761332723,0.47120699862897475,0.03240829145932322,200704,run_err_weight_norm_sweep.py
margin,7,1.0,0.7,0.14285714285714285,,,0.0,0.302,0.996,151,498,500,0.302,3.93903480950927,12.49042891543999,2.477776523965976,13.329147993210295,2.7832678998135383,7.897760220820721,0.9583592753993798,8.428502192468995,15.770410122547755,ok,0.3372296806677686,0.09181151175414823,333910.1168065594,0.0052275597457659955,0.005075171785589437,25368.37822575725,0.12810068817883924,0.03114496484533966,200704,run_err_weight_norm_sweep.py
margin,7,1.0,0.75,0.14285714285714285,,,0.0,0.23,0.266,115,133,500,0.23,3.1179458154701316,8.455815612430193,0.5366205854561006,9.02830911258366,2.7676439263995443,7.901219373788336,0.9568811932589463,8.426431161178325,12.349700706755538,ok,-32.10430713885874,-32.35531071224449,997773570.6704557,10146.486984508978,10146.486897182156,312929044539.3786,0.0037504882385477334,0.03061802556360942,200704,run_err_weight_norm_sweep.py
margin,8,1.0,0.01,0.125,,,0.0,0.986,1.0,493,500,500,0.986,5.72297187429526,15.552428354991404,5.827025006570694,17.56657778960704,2.829973675661014,7.974234016024878,1.062881143661544,8.528005363085429,19.527199766252437,ok,0.9821046762662533,0.8822116374293915,27109.829758322627,0.000102100847856184,0.00037895490973417946,20.63319008870386,0.9752696257907608,0.03119748053708706,200704,run_err_weight_norm_sweep.py
margin,8,1.0,0.02,0.125,,,0.0,0.986,1.0,493,500,500,0.986,5.730517734976108,15.890221634718122,5.75082395485197,17.844045316884813,2.878695132150502,7.9999675023640755,1.0465867939444942,8.566312486712548,19.793727867459584,ok,0.9726630439448444,0.8675166784886698,27829.246114485297,0.00010781142042113583,0.00038932005865096686,22.339393362000514,0.972811406586059,0.03247276055405156,200704,run_err_weight_norm_sweep.py
margin,8,1.0,0.03,0.125,,,0.0,0.968,1.0,484,500,500,0.968,5.678598013466043,15.601912286817246,5.704063980652722,17.55569674776422,2.939125798145595,7.975777196943845,1.0132602427111241,8.560267441620818,19.531530072463156,ok,0.9628037705387168,0.8474109304316062,27841.543113622745,0.0001073291029794335,0.00038739761307628943,22.770216495062108,0.9718110068399456,0.032319515457289436,200704,run_err_weight_norm_sweep.py
margin,8,1.0,0.04,0.125,,,0.0,0.968,1.0,484,500,500,0.968,5.72512980047446,15.885223907385155,5.657894322129733,17.808122247458588,2.883847358442504,8.006931792419516,1.0268072343935504,8.572156403837784,19.76388330749518,ok,0.9535420056810103,0.8434980404740917,27904.398652906606,0.00010928864881671649,0.0003935299885583224,23.30976248226005,0.9706511439639877,0.03286803491800267,200704,run_err_weight_norm_sweep.py
margin,8,1.0,0.05,0.125,,,0.0,0.942,1.0,471,500,500,0.942,5.749604253004037,15.841563783101174,5.6303184861790605,17.768330771798304,2.8901038756891433,8.014701881197967,1.035387447861396,8.58255054304608,19.732555643909258,ok,0.9434151252778735,0.835100648589461,27265.841765751124,0.00011221138852834,0.0004140170545890759,23.99883530826718,0.9672598341058434,0.03418136766364774,200704,run_err_weight_norm_sweep.py
margin,8,1.0,0.06,0.125,,,0.0,0.936,1.0,468,500,500,0.936,5.618218607167792,15.662096496645239,5.788506673356839,17.617390740278484,2.8287159081122812,8.015346261526378,1.0030142441222762,8.558822755197385,19.586370349059944,ok,0.9307230423318638,0.8167279986425597,27389.288760354506,0.00011080411699587183,0.00040689202294961693,24.2659027958101,0.9668947786754898,0.03366942991540331,200704,run_err_weight_norm_sweep.py
margin,8,1.0,0.07,0.125,,,0.0,0.942,1.0,471,500,500,0.942,5.526476368059017,15.648645474846367,5.679520664804861,17.54078108939536,2.8502832391184456,7.992572580310153,1.0331208837675092,8.548255363242362,19.512859118573363,ok,0.9217470821512784,0.8117076784903056,27493.935386656107,0.00011271612653535508,0.00041226465248469753,24.867094061525478,0.9655908657097336,0.034179020202206666,200704,run_err_weight_norm_sweep.py
margin,8,1.0,0.08,0.125,,,0.0,0.912,1.0,456,500,500,0.912,5.731789926141543,16.078861785036857,5.518376765389488,17.93977965819332,2.8591304632796883,8.014128129742065,1.0181514431752055,8.569568778370165,19.881478899512068,ok,0.911221624579025,0.8000726074648159,27912.689540536372,0.00010965626177058426,0.0003947271071132955,24.659955315493786,0.9672897982952674,0.03297299079750012,200704,run_err_weight_norm_sweep.py
margin,8,1.0,0.09,0.125,,,0.0,0.934,1.0,467,500,500,0.934,5.603748411101355,15.481666039277151,5.61603562020545,17.396086792553227,2.8317500139226177,7.995065472021944,1.0175555054151277,8.542558120953515,19.38038015478318,ok,0.9008400419831131,0.7771250212138948,27255.90779938651,0.00011047030954569502,0.0004077379934410376,25.386511622280736,0.9634781195715412,0.03365722787751882,200704,run_err_weight_norm_sweep.py
margin,8,1.0,0.1,0.125,,,0.0,0.898,1.0,449,500,500,0.898,5.654162972928581,15.763689748436999,5.547737210885921,17.64201977015281,2.8307001629454556,7.974090642919405,1.0322544114782515,8.524349486266418,19.593503916718756,ok,0.8906270218861659,0.7795641274466522,27499.69914126461,0.00011044624410327284,0.000403877011164288,25.372553875371086,0.9642447361666989,0.03348701177815287,200704,run_err_weight_norm_sweep.py
margin,8,1.0,0.11,0.125,,,0.0,0.858,1.0,429,500,500,0.858,5.596078888690861,15.962758674108894,5.494490666143308,17.785252067278275,2.8291674821236343,8.012803501791197,1.0262222366895106,8.55934230413173,19.737718504830422,ok,0.881998185898952,0.7537546134877933,27802.768025258378,0.00011383035008154409,0.00041145446579002136,27.138964111350624,0.9603035689870488,0.03430325639224842,200704,run_err_weight_norm_sweep.py
margin,8,1.0,0.12,0.125,,,0.0,0.898,1.0,449,500,500,0.898,5.584712044802452,15.853358825457097,5.5127979444921005,17.689232200659706,2.886539169734293,7.9832303534029085,1.0109526289597528,8.5490409094766,19.64675638167178,ok,0.8723732919372351,0.740542565839239,28525.105674390183,0.00011837653021418584,0.0004163178495079059,28.95383535193482,0.9576016114436842,0.03515542730801381,200704,run_err_weight_norm_sweep.py
margin,8,1.0,0.13,0.125,,,0.0,0.88,1.0,440,500,500,0.88,5.57904742331656,16.147935074223305,5.411502450304835,17.921103093353423,2.796008060929749,7.966325205377298,1.004649830323984,8.502312605178886,19.83570658481279,ok,0.861011634586716,0.7431811036455488,28243.904297927613,0.00011828871521609895,0.0004204546935674659,28.74295652957944,0.9572401596952315,0.03533031245640132,200704,run_err_weight_norm_sweep.py
margin,8,1.0,0.14,0.125,,,0.0,0.888,1.0,444,500,500,0.888,5.680540259567887,16.1186573136835,5.38110707313493,17.91747651230711,2.823065724197111,7.968520416430665,1.010869940629032,8.514039919278993,19.83746053092868,ok,0.8555593171695214,0.7305991672440391,28577.30527176467,0.00011974970260426961,0.0004203216313595445,29.70460069700703,0.9556570683273586,0.03552564077231639,200704,run_err_weight_norm_sweep.py
margin,8,1.0,0.15,0.125,,,0.0,0.852,1.0,426,500,500,0.852,5.600294685273705,15.925769367077914,5.439595934570071,17.73647750898282,2.807483076790191,7.990060807652874,1.0138102021426807,8.529410534287958,19.680789579919697,ok,0.8427185372736996,0.710702377369962,29407.684058842264,0.00011910417809076128,0.0004051122272463127,30.63524129484025,0.9559559579856587,0.034733456307956115,200704,run_err_weight_norm_sweep.py
margin,8,1.0,0.16,0.125,,,0.0,0.836,1.0,418,500,500,0.836,5.666906900140445,15.939933333042115,5.456123946996192,17.77539301961202,2.834451953638193,7.989423702314318,1.013678281847418,8.53771354823259,19.7194611902391,ok,0.8309663829776084,0.6948190894116246,28520.15106896633,0.00011631406948029096,0.0004091405525184347,30.3199464876527,0.9536778148938755,0.034546382100255325,200704,run_err_weight_norm_sweep.py
margin,8,1.0,0.17,0.125,,,0.0,0.834,1.0,417,500,500,0.834,5.575110598715858,15.757049891978928,5.401150669972532,17.565275632507785,2.837194453185858,7.977328507017786,1.0203064325691327,8.528098714860725,19.52606913171161,ok,0.8216286088725026,0.6824062042615754,29674.03219298616,0.00011872645252549344,0.00039976864529272133,31.89029512982398,0.9534299246933685,0.03443052287606485,200704,run_err_weight_norm_sweep.py
margin,8,1.0,0.18,0.125,,,0.0,0.802,1.0,401,500,500,0.802,5.587435552152827,15.912572767581254,5.305348274562039,17.67982263619826,2.815758356816584,7.950926284258119,1.0024401635228708,8.494151528147636,19.614452289843864,ok,0.8146978044217231,0.6842982264394805,29120.74628406506,0.0001225165715489937,0.0004212620439584454,32.63316232004512,0.949192301604486,0.03594188969987146,200704,run_err_weight_norm_sweep.py
margin,8,1.0,0.19,0.125,,,0.0,0.79,1.0,395,500,500,0.79,5.473838406188844,15.776488611290649,5.421952878491653,17.557279766975164,2.8096172712032805,7.963918909107234,1.003557463623312,8.504415393445548,19.508540539981688,ok,0.802436825173373,0.6563267030845756,29637.91577644511,0.00012256042711363273,0.00041322992237697594,34.21637763690024,0.9466175507900626,0.03556870301715339,200704,run_err_weight_norm_sweep.py
margin,8,1.0,0.2,0.125,,,0.0,0.782,1.0,391,500,500,0.782,5.470819179906886,15.867355234977186,5.3569722231142425,17.61817175678034,2.834239961336677,7.962792777928585,0.9993951425626167,8.51103845800541,19.56624010087425,ok,0.7918963892379652,0.653195229496695,29953.286909165552,0.00012329509611492956,0.0004107884798147689,34.694586440428886,0.9465124387761383,0.035545830235873495,200704,run_err_weight_norm_sweep.py
margin,8,1.0,0.25,0.125,,,0.0,0.716,1.0,358,500,500,0.716,5.449132889922326,15.795385098023992,5.378972788045454,17.553364005268197,2.8408509505564816,7.972652271294057,1.0069458497499955,8.5233537006613,19.5132812773255,ok,0.7411376367766651,0.5961564860010221,28739.136840672254,0.00012420813013214679,0.000433306443414059,37.823615050921546,0.9309042288297653,0.03672641749720594,200704,run_err_weight_norm_sweep.py
margin,8,1.0,0.3,0.125,,,0.0,0.684,1.0,342,500,500,0.684,5.442629819665697,16.275966568633713,5.08700429276493,17.89991395989951,2.7947791600927974,7.9361326659599705,0.9740997481815881,8.470056821817275,19.802746838169163,ok,0.6962697226955026,0.5394749849774693,31478.24607040272,0.0001357650985138738,0.0004271851801797069,46.917859280643746,0.9161654945306524,0.03788917289053179,200704,run_err_weight_norm_sweep.py
margin,8,1.0,0.35,0.125,,,0.0,0.654,1.0,327,500,500,0.654,5.299587213662925,15.907603077024712,5.139104081876378,17.53704225505955,2.8271154662006635,7.96219499247498,0.9875510271729269,8.506726044060366,19.491337538620563,ok,0.6443592516596099,0.46757775905807186,33536.61238139164,0.00014624905964534312,0.0004261754542196656,59.3232974327584,0.8890506628179102,0.039007354472653064,200704,run_err_weight_norm_sweep.py
margin,8,1.0,0.4,0.125,,,0.0,0.576,1.0,288,500,500,0.576,5.231422701984911,16.099973275328306,4.936625869925852,17.633694959728377,2.8238768086977464,7.927859905176673,0.9749171514553441,8.472054435555206,19.56330504520544,ok,0.5964003042429086,0.4187991262250893,33548.03244671321,0.00013480977311008211,0.00039268938036311535,61.0567374539424,0.8833213437478917,0.03594792787913167,200704,run_err_weight_norm_sweep.py
margin,8,1.0,0.45,0.125,,,0.0,0.506,1.0,253,500,500,0.506,5.055415659699255,15.846773321855752,4.9743342900162055,17.361493421806856,2.8026094309108665,7.934302407774376,0.983679321268652,8.47203631527488,19.318303578802645,ok,0.5427939431275127,0.3455521874200071,36977.10535774436,0.00014431611197592744,0.0003703855206752487,81.16861154942994,0.8465641458826739,0.03557323015628824,200704,run_err_weight_norm_sweep.py
margin,8,1.0,0.5,0.125,,,0.0,0.498,1.0,249,500,500,0.498,4.96477048686287,16.057758633429607,4.78928547329986,17.476779270262263,2.7814159317023823,7.913412478358104,0.9706863850650702,8.443968480277048,19.409750574321688,ok,0.4959839622272208,0.287497554574663,40547.448200112376,0.00015715600722321805,0.0003543667608662945,108.45692624625204,0.7986696351164133,0.035583941573034766,200704,run_err_weight_norm_sweep.py
margin,8,1.0,0.55,0.125,,,0.0,0.472,1.0,236,500,500,0.472,4.842214485553635,15.629137012691617,4.550862846939959,16.983148045555364,2.777118092905093,7.918300954679339,0.9566989194249989,8.445540109030654,18.967194449113883,ok,0.45519068480413044,0.23730049908857587,51557.09845252353,0.00019816778831874973,0.0003079153628545581,173.27366237116775,0.7576042197409996,0.034238081362205554,200704,run_err_weight_norm_sweep.py
margin,8,1.0,0.6,0.125,,,0.0,0.41,1.0,205,500,500,0.41,4.672138104637256,15.226736154833356,4.300568828985529,16.49779563003963,2.7483252463640833,7.909331280110077,0.9661176394597377,8.428771930216476,18.52623698709913,ok,0.4056830396530265,0.17663909305701458,61415.22701512875,0.0002508354654095243,0.0002961192367744659,303.17224080614676,0.6393966445490294,0.03411508581154112,200704,run_err_weight_norm_sweep.py
margin,8,1.0,0.65,0.125,,,0.0,0.362,1.0,181,500,500,0.362,4.417632139049265,14.592492093525157,3.7409391550614877,15.698755523207161,2.7364454053676988,7.90309518170322,0.9563821066284806,8.417939987995743,17.813271418213027,ok,0.356603502698065,0.12411750493030532,89598.44226631569,0.000446877728074945,0.0003715832742848317,828.1130030038071,0.46515761205021944,0.033022032591105824,200704,run_err_weight_norm_sweep.py
margin,8,1.0,0.7,0.125,,,0.0,0.306,0.958,153,479,500,0.306,3.8585828101294046,11.74757601935156,2.1293835235448193,12.54705056271848,2.7893421599883266,7.904280213076179,0.9658214465696091,8.437469196327164,15.120164161224702,ok,346.1263746664131,345.87906596466263,2100735502.9592788,8039.716198126735,8039.716148407768,48832427831.06404,0.09095700092519476,0.030155928155088683,200704,run_err_weight_norm_sweep.py
margin,8,1.0,0.75,0.125,,,0.0,0.252,0.156,126,78,500,0.252,2.9731594880332888,8.33696774714222,0.34898501308348456,8.858131806285616,2.7652325311302466,7.892770533115026,0.9539603869647816,8.417385464592188,12.219610352096204,ok,-35.37717158981899,-35.628729891329975,1443178922.311885,14109.858214028807,14109.858183768307,571574958244.3693,0.002146787698279806,0.03083587761180963,200704,run_err_weight_norm_sweep.py
margin,9,1.0,0.01,0.1111111111111111,,,0.0,0.99,1.0,495,500,500,0.99,5.61371880818877,16.37270397003307,6.028432178865243,18.328155081265734,2.887508361771271,8.038697417952832,1.045151290375473,8.605271752621997,20.24776458326699,ok,0.9773536253611834,0.8618284607526421,30201.917404534033,0.00010492662831982216,0.0003463489200469322,22.431594125919318,0.9773694203091167,0.030092901293794667,200704,run_err_weight_norm_sweep.py
margin,9,1.0,0.02,0.1111111111111111,,,0.0,0.98,1.0,490,500,500,0.98,5.727761339588403,15.724643040579428,6.027920636850321,17.787846297994946,2.8465751877410987,7.986631304181867,1.0461229770408753,8.543046480705456,19.732995694840316,ok,0.9683467169067772,0.8534416156153904,29416.548980865246,0.00010610553919110049,0.0003607618188865551,22.729831134453843,0.9752844508289541,0.030936251181624432,200704,run_err_weight_norm_sweep.py
margin,9,1.0,0.03,0.1111111111111111,,,0.0,0.964,1.0,482,500,500,0.964,5.889796178473583,16.347715014462604,5.8607901289252835,18.338111848098105,2.832532214876293,7.992467016774594,1.0415216772246256,8.54327426498006,20.230518562805717,ok,0.960172477330312,0.8347924329997075,30846.832140445273,0.00010970475398645326,0.00035344625582683887,24.360515184735565,0.9747236801205185,0.03103461165899232,200704,run_err_weight_norm_sweep.py
margin,9,1.0,0.04,0.1111111111111111,,,0.0,0.954,1.0,477,500,500,0.954,5.711862828322813,15.839196212834858,5.978067608993478,17.86736706893198,2.857821808763864,8.02817098666377,1.0352894585411376,8.584317045911265,19.82254537441339,ok,0.9465706482117537,0.8392996542699191,28652.31190615796,0.00011123174497042863,0.0003893038769330413,24.037742239158163,0.9706911819293909,0.03294752478926701,200704,run_err_weight_norm_sweep.py
margin,9,1.0,0.05,0.1111111111111111,,,0.0,0.948,1.0,474,500,500,0.948,5.7498408870865605,15.98835885602028,5.903827480430766,17.9873140867219,2.8575606609023265,8.004802985478003,1.0241725205489645,8.561042758852551,19.9207158800402,ok,0.9383507745995592,0.8260212337502754,29330.347244729244,0.00011744911294979156,0.00040065078593251564,25.971696841315477,0.9677503031182846,0.0343058810375725,200704,run_err_weight_norm_sweep.py
margin,9,1.0,0.06,0.1111111111111111,,,0.0,0.934,1.0,467,500,500,0.934,5.702165643137201,15.875333621056335,5.875445851188872,17.862300371225103,2.8503155973810967,7.992367730294603,1.0354448613405487,8.548355806925974,19.80242817317294,ok,0.9267116776279998,0.8148183574916235,28710.903994946584,0.00011218491256312334,0.00039176961658589897,24.987616167584118,0.9685526275069979,0.033190002740980835,200704,run_err_weight_norm_sweep.py
margin,9,1.0,0.07,0.1111111111111111,,,0.0,0.922,1.0,461,500,500,0.922,5.763660763116128,16.220103483008135,5.756118210329125,18.150604376798576,2.8434739267045317,8.005796893383891,1.0380050972770523,8.558947508422797,20.067387017122993,ok,0.9177217264744294,0.7946840435931817,29611.428767751037,0.00011020146432662574,0.00037194355425911664,25.402379689150575,0.9697899042434507,0.03200024934493299,200704,run_err_weight_norm_sweep.py
margin,9,1.0,0.08,0.1111111111111111,,,0.0,0.934,1.0,467,500,500,0.934,5.6416450381275265,16.23381548000861,5.799406042993716,18.13830295884122,2.8421076942174,7.9812531904955035,1.0432501156211778,8.536178854737521,20.04655540652249,ok,0.9089106142971077,0.79050983469417,29317.464540924604,0.00011314648878237048,0.0003861375515997857,26.141653679920328,0.967311447818088,0.03305684966510808,200704,run_err_weight_norm_sweep.py
margin,9,1.0,0.09,0.1111111111111111,,,0.0,0.894,1.0,447,500,500,0.894,5.598414897420591,16.276396417846176,5.806162810338244,18.16521005369031,2.8858152945047695,7.995041641273554,0.998617839887509,8.5583794231056,20.080356437188282,ok,0.8965783898162912,0.7754038088825195,30133.28385039104,0.00011509815087087137,0.000380900545698666,27.330755139320292,0.9665916835779769,0.033057681957672155,200704,run_err_weight_norm_sweep.py
margin,9,1.0,0.1,0.1111111111111111,,,0.0,0.928,1.0,464,500,500,0.928,5.641866082475688,16.182104960693476,5.771865145956151,18.08329619053433,2.8353791593630358,7.976027034530048,1.0128899744586533,8.525393148310714,19.992196713914574,ok,0.8871297336256144,0.7715474021816336,29928.26664373344,0.0001235727379694376,0.00041210667991037434,29.431337306192827,0.9608466062552582,0.03564485796499236,200704,run_err_weight_norm_sweep.py
margin,9,1.0,0.11,0.1111111111111111,,,0.0,0.914,1.0,457,500,500,0.914,5.630478622789912,15.996558106032127,5.719467693252413,17.897052032541964,2.8655376936863393,8.02653769091425,1.0071340254003722,8.582012148833362,19.848309851930413,ok,0.877955020736622,0.7530283274036053,30505.42906081448,0.0001177351973505449,0.00038420435408040814,28.890460156397808,0.9638745116563491,0.033549234982974976,200704,run_err_weight_norm_sweep.py
margin,9,1.0,0.12,0.1111111111111111,,,0.0,0.878,1.0,439,500,500,0.878,5.589126730196019,16.260819030180606,5.704367497633334,18.116080748509898,2.855832547706323,7.9859891625033645,0.9982535776668868,8.539807530002344,20.02799776153412,ok,0.8725007294456288,0.7306580140555545,31382.701773078854,0.00011998625283710469,0.0003788869759036132,30.589361500426843,0.9622880857674485,0.03355469637463,200704,run_err_weight_norm_sweep.py
margin,9,1.0,0.13,0.1111111111111111,,,0.0,0.862,1.0,431,500,500,0.862,5.597115330139514,15.875524151777114,5.749627124170798,17.788147154201916,2.83028637506188,7.98612025068055,1.0227793195108288,8.534325700347386,19.729493007656117,ok,0.8590378738512049,0.730691976056597,28991.83054666384,0.00011491883257424072,0.00039707964285582277,28.62736278871326,0.960028189083931,0.03380335729609124,200704,run_err_weight_norm_sweep.py
margin,9,1.0,0.14,0.1111111111111111,,,0.0,0.878,1.0,439,500,500,0.878,5.582347369736201,16.173103844214967,5.691020467155073,18.031073292229156,2.8417039102246657,7.973917822524173,0.986881855701108,8.522475130551387,19.943725490003278,ok,0.8495817457754871,0.7052151986287568,30319.662313234287,0.00011557813563050704,0.0003798220322391327,30.230095801848073,0.9600099573416859,0.033065287628650714,200704,run_err_weight_norm_sweep.py
margin,9,1.0,0.15,0.1111111111111111,,,0.0,0.856,1.0,428,500,500,0.856,5.549416795150658,16.321597697418287,5.693089542611498,18.154940008241905,2.842188505997776,7.995654586524645,1.0159017046659957,8.54637841686066,20.065952026929704,ok,0.8395687366194888,0.6982653355369511,31300.9259936239,0.00012192435683735697,0.00038618189516579173,32.50184497207017,0.9573700167192415,0.03415660495434864,200704,run_err_weight_norm_sweep.py
margin,9,1.0,0.16,0.1111111111111111,,,0.0,0.81,1.0,405,500,500,0.81,5.616023567800642,16.278802045179322,5.685213553189134,18.13451873873669,2.884457679588512,7.977883209041575,1.0192631839182782,8.544332275873632,20.04660529681093,ok,0.8319422528445065,0.689851738681983,31274.771928233065,0.0001304635297679992,0.00041366368369840376,35.19283738497081,0.950278791640233,0.03657095019310398,200704,run_err_weight_norm_sweep.py
margin,9,1.0,0.17,0.1111111111111111,,,0.0,0.846,1.0,423,500,500,0.846,5.5767180781575,16.092859943554853,5.624518529954242,17.936419218448247,2.8702217308855547,7.985490747586777,1.0095386099487118,8.545490241596376,19.86807836327254,ok,0.8220277429067037,0.6806940765351621,31258.224036440894,0.00012391987603912932,0.00039311859330513216,33.87401504004147,0.9537183726027595,0.03474698567677048,200704,run_err_weight_norm_sweep.py
margin,9,1.0,0.18,0.1111111111111111,,,0.0,0.848,1.0,424,500,500,0.848,5.6915839539946,16.311162263454637,5.513560751059684,18.13415270823926,2.817354690702304,7.96789845236341,1.0073121480292522,8.511143928048968,20.03215079340474,ok,0.8120819077535046,0.680883259194089,31329.981626489614,0.00013052009497946973,0.0004129666744972834,35.690432672128814,0.9491511451783934,0.03654218640994199,200704,run_err_weight_norm_sweep.py
margin,9,1.0,0.19,0.1111111111111111,,,0.0,0.822,1.0,411,500,500,0.822,5.495373147928633,16.091432776801742,5.629349144753804,17.911529991568138,2.8498671939926496,7.986096735396553,0.9980241479917488,8.537888280510684,19.84233965361259,ok,0.8008293519706565,0.6520282628334874,31841.470423729545,0.00012922494055648092,0.0004011261285042556,37.066741617090216,0.947407281358478,0.03578117727014134,200704,run_err_weight_norm_sweep.py
margin,9,1.0,0.2,0.1111111111111111,,,0.0,0.794,1.0,397,500,500,0.794,5.560944746955422,16.21602465309291,5.580849450176591,18.02857295001311,2.8742435590083404,7.989377409195225,1.0104540122677845,8.550581543612575,19.9534931114307,ok,0.7880836897826923,0.6488988836509172,30386.766185123586,0.0001258957227032297,0.0004126607279801469,35.81051933466741,0.9450613072035142,0.035964591089130346,200704,run_err_weight_norm_sweep.py
margin,9,1.0,0.25,0.1111111111111111,,,0.0,0.788,1.0,394,500,500,0.788,5.427600524009646,15.778444537460983,5.65346233718662,17.61759903811952,2.8398227638403197,7.955277239309309,1.0153805012597976,8.507762740382281,19.56429969905866,ok,0.7380488642683499,0.5795723907229846,32293.37580332259,0.00012638319809041455,0.00038572923022439344,40.9424365626616,0.9386286547799586,0.03464994100071951,200704,run_err_weight_norm_sweep.py
margin,9,1.0,0.3,0.1111111111111111,,,0.0,0.718,1.0,359,500,500,0.718,5.39096294947017,16.462340091936674,5.37380261599418,18.13694785185235,2.79954500727151,7.942830375322663,0.9979436772862985,8.480677932920392,20.021757554788604,ok,0.6943739524709471,0.5218577305002624,35102.90782075802,0.00013942248877465345,0.0003833380822531996,51.271568067941125,0.9234587678921384,0.035889049295302414,200704,run_err_weight_norm_sweep.py
margin,9,1.0,0.35,0.1111111111111111,,,0.0,0.662,1.0,331,500,500,0.662,5.369823447083175,16.42517183604416,5.356181036046573,18.091709399261514,2.795731606470965,7.955908449382824,0.9922701948891831,8.491006690024873,19.98517309400583,ok,0.6456884776081133,0.46658827033024586,35300.266322496085,0.0001415194603108915,0.00038630805978993296,58.2873360810385,0.9044964190677883,0.0362662009485228,200704,run_err_weight_norm_sweep.py
margin,9,1.0,0.4,0.1111111111111111,,,0.0,0.63,1.0,315,500,500,0.63,5.262649708654862,16.46476667664432,5.193742462226898,18.04879454246962,2.816989978397183,7.932964862322433,0.9723850855135878,8.474249040461451,19.939204628972615,ok,0.5947152727966745,0.4126202085290226,36372.118802311335,0.00014724590326426704,0.0003863958720028676,69.0819368054254,0.8793908342972693,0.03681178447212601,200704,run_err_weight_norm_sweep.py
margin,9,1.0,0.45,0.1111111111111111,,,0.0,0.568,1.0,284,500,500,0.568,5.11898307455968,16.598044450385387,5.076567828826098,18.096148988535372,2.806054213975139,7.941509931500149,0.9822439319399318,8.479759630185042,19.9844172194484,ok,0.5431548871367731,0.3498191319944363,38394.236828673755,0.0001497177014664025,0.0003649003667506631,83.90547795563687,0.8509632905962021,0.0356936558288284,200704,run_err_weight_norm_sweep.py
margin,9,1.0,0.5,0.1111111111111111,,,0.0,0.51,1.0,255,500,500,0.51,5.007221862550308,16.12187726256859,4.9091538213073695,17.580869958320736,2.7835543226886013,7.926114344424501,0.9748466345706367,8.457055588630356,19.50919725976875,ok,0.49612904629386284,0.2844537359981641,42500.65014752734,0.00016136468453763604,0.00033946396217301945,113.64840865960656,0.8046684477255438,0.03484740237568462,200704,run_err_weight_norm_sweep.py
margin,9,1.0,0.55,0.1111111111111111,,,0.0,0.486,1.0,243,500,500,0.486,4.862131876114599,15.836599127258548,4.671249800207962,17.212169328534937,2.7949541804474602,7.927438917478839,0.9641140032212159,8.460825755939313,19.179268637425277,ok,0.4573184678614661,0.23675325408797837,58874.61721516438,0.0002468988496353968,0.0003106376633773736,221.1216855068706,0.7441747441497126,0.035677944129974486,200704,run_err_weight_norm_sweep.py
margin,9,1.0,0.6,0.1111111111111111,,,0.0,0.404,1.0,202,500,500,0.404,4.698128114693956,15.529582859995182,4.211344416647827,16.762331979267227,2.76855775674855,7.9059299046804385,0.9640570432928377,8.431965707526066,18.76363022115018,ok,0.40620694244313316,0.1751587428853957,74667.80986070979,0.0003329254632007749,0.00030855445362701995,420.02248578198873,0.6403622753266368,0.03345020434245091,200704,run_err_weight_norm_sweep.py
margin,9,1.0,0.65,0.1111111111111111,,,0.0,0.324,1.0,162,500,500,0.324,4.360379253782233,14.352403501114535,3.79905922173264,15.473759868430525,2.7783657988728314,7.907609594503836,0.9406606944677397,8.434124053720808,17.623044374324287,ok,0.36297560481998264,0.12485911240432643,113900.76348637108,0.000660297010135461,0.0005469146789038663,1305.1681364721824,0.4580166019159817,0.03168491744166949,200704,run_err_weight_norm_sweep.py
margin,9,1.0,0.7,0.1111111111111111,,,0.0,0.304,0.984,152,492,500,0.304,3.964939572909885,11.936513592133062,2.3020723288444405,12.78673686126509,2.748429881736472,7.8918971359335295,0.9449117077413369,8.410039557243739,15.304555038080652,ok,0.8807896573035424,0.6354106520852478,3285191.4399439553,0.5182912160228422,0.5181314429848057,2762748.6726842313,0.10336740192101945,0.032015646226843164,200704,run_err_weight_norm_sweep.py
margin,9,1.0,0.75,0.1111111111111111,,,0.0,0.214,0.138,107,69,500,0.214,3.081202688758288,8.284456975836456,0.34106827838202536,8.845471438211481,2.76172437997754,7.895398264757812,0.9464726730033406,8.417852804061443,12.210757994287667,ok,0.24922974899905243,-0.008841094350283565,25450.046642078167,9.394417218339819e-05,0.000372946158054831,1851.6511697309234,0.00417830953749998,0.029695967639798697,200704,run_err_weight_norm_sweep.py
margin,10,1.0,0.01,0.1,,,0.0,0.992,1.0,496,500,500,0.992,5.735962666139649,16.45666741458594,6.055954376702887,18.449871368504155,2.8809725904039722,8.013005257515847,1.0368988172240672,8.578077609860863,20.346527197414936,ok,0.9760033933092226,0.8595823534352421,31048.39847241818,0.0001090128013076929,0.0003485681898655822,23.552418002608615,0.9767015545882956,0.030705802693675285,200704,run_err_weight_norm_sweep.py
margin,10,1.0,0.02,0.1,,,0.0,0.982,1.0,491,500,500,0.982,5.71598896225557,16.504304635019295,6.013580618386543,18.472351045711026,2.856032585909483,8.04556022476765,1.0220579770364546,8.598404734051773,20.37548323663871,ok,0.9662537093460929,0.8565492550310259,30520.504453126905,0.00011025466816960915,0.000359592602758565,23.788330314589306,0.9752479778713654,0.03140771155813423,200704,run_err_weight_norm_sweep.py
margin,10,1.0,0.03,0.1,,,0.0,0.966,1.0,483,500,500,0.966,5.81116442564222,16.56120387170025,6.03731741858363,18.56050396068497,2.869305787029672,7.994968097471328,1.0215113951490091,8.55546118625323,20.437422131572465,ok,0.9569747242574967,0.8387860652793271,31720.788368409736,0.00011691327125019372,0.00036452768860914357,26.041899795027923,0.9730871642433128,0.03245605850287889,200704,run_err_weight_norm_sweep.py
margin,10,1.0,0.04,0.1,,,0.0,0.95,1.0,475,500,500,0.95,5.842174756305811,16.53314226277883,5.951607417646687,18.51748983578194,2.8644037141261722,8.004413886516037,1.0324767478554848,8.563962782439729,20.401933446546195,ok,0.9462526662631329,0.8361874675049941,31031.592753457273,0.00011284088920079345,0.00036103559890333323,25.057739014236923,0.9736749051343777,0.031795515360129596,200704,run_err_weight_norm_sweep.py
margin,10,1.0,0.05,0.1,,,0.0,0.956,1.0,478,500,500,0.956,5.72103544854329,16.052738190160944,6.099236931287562,18.100313288706435,2.879603623665674,8.031711776608962,1.0177532264360425,8.592807033901584,20.036408706931272,ok,0.9333810836241038,0.8029477517477352,31423.866363181452,0.00011058286733829287,0.00034867045158374477,25.66283059916862,0.973239641135859,0.03089826985109656,200704,run_err_weight_norm_sweep.py
margin,10,1.0,0.06,0.1,,,0.0,0.92,1.0,460,500,500,0.92,5.605846352436155,16.224914334839553,6.073610179089314,18.208846726455278,2.842762125740361,8.001541457644839,1.0309061079618742,8.553872199500415,20.117923071553065,ok,0.9245404828156634,0.799163598162817,32170.611617499653,0.00011698995150726244,0.00035868858333451634,27.457370892059288,0.9711700222066665,0.032160411989162016,200704,run_err_weight_norm_sweep.py
margin,10,1.0,0.07,0.1,,,0.0,0.926,1.0,463,500,500,0.926,5.6112075006656275,16.159102049798005,6.081338883769253,18.154473588913454,2.843526255011318,8.037817895744425,1.0241984669727835,8.587266188248588,20.082979158441447,ok,0.9149113031638857,0.7718754694764963,32095.701031829038,0.00011843224154384922,0.00036413801076743253,28.75977567898577,0.9682783045459502,0.03261083287898782,200704,run_err_weight_norm_sweep.py
margin,10,1.0,0.08,0.1,,,0.0,0.912,1.0,456,500,500,0.912,5.6250418211124025,16.27266012194748,5.977830775957529,18.22566936273311,2.8445882269253473,7.993092461919541,1.0269619612814231,8.54610204452745,20.129850567630765,ok,0.9060886643423395,0.7689259365369068,31965.498076340195,0.00012281730998003621,0.00037945224649950013,29.905908713966813,0.9654529489157727,0.033914084768424446,200704,run_err_weight_norm_sweep.py
margin,10,1.0,0.09,0.1,,,0.0,0.88,1.0,440,500,500,0.88,5.733615814594831,17.08141517182438,5.9148953295799025,18.96404707180116,2.82720587215819,7.983757795359471,1.0293768810036155,8.53188715007844,20.794907542068174,ok,0.8994192250349057,0.7567299811210048,33189.39961983863,0.000129398060270664,0.0003819629633295954,32.34306900176625,0.9633113908450386,0.0347809637624138,200704,run_err_weight_norm_sweep.py
margin,10,1.0,0.1,0.1,,,0.0,0.906,1.0,453,500,500,0.906,5.702855430398377,16.39813313194911,5.906916179313142,18.3388382680742,2.8778766152129203,7.99805427755868,1.0246676659754925,8.5615997258024,20.23892237465825,ok,0.8870404904518545,0.747364238052992,33168.45833230889,0.0001245044744948277,0.0003677772679163849,31.50560490254651,0.9650725994311223,0.03347974236232381,200704,run_err_weight_norm_sweep.py
margin,10,1.0,0.11,0.1,,,0.0,0.906,1.0,453,500,500,0.906,5.680917344357902,16.73691417047766,5.82796534260988,18.61081131649086,2.856754618795461,8.045541410214188,1.0223402708243228,8.598660544807526,20.501201453155225,ok,0.8783399921287013,0.7359328074871874,33054.666777897546,0.00012743957354496052,0.0003780636905482448,32.71857702052486,0.9621150559982867,0.03435682957592784,200704,run_err_weight_norm_sweep.py
margin,10,1.0,0.12,0.1,,,0.0,0.892,1.0,446,500,500,0.892,5.75201353808867,16.288965084964723,5.880694185424521,18.248249433412536,2.8472740115647843,7.970303131663372,1.01587893802857,8.524359877683791,20.141085340872426,ok,0.8671045387721877,0.7294272104771753,32344.484114469607,0.00011932244950322717,0.00036347237556028875,30.72745797375454,0.9646180967392176,0.03267676027849487,200704,run_err_weight_norm_sweep.py
margin,10,1.0,0.13,0.1,,,0.0,0.872,1.0,436,500,500,0.872,5.605125257222255,16.896435880519764,5.859510843927513,18.741420488953622,2.844483160520259,7.982873334034984,1.0277988133986402,8.536610657547513,20.594041940870287,ok,0.8580401571462788,0.7131630284832112,33676.697995834766,0.00012842061455582213,0.00037228193295847016,34.19057728644446,0.9605998845503629,0.03414494406502116,200704,run_err_weight_norm_sweep.py
margin,10,1.0,0.14,0.1,,,0.0,0.868,1.0,434,500,500,0.868,5.512348877096066,16.457927004912797,5.8620671246860985,18.319748426662024,2.831797633565505,8.014447067108966,1.0278163370148428,8.561941722039068,20.221771150613364,ok,0.8465328067022975,0.7079454458223332,32490.355344049487,0.00012341064302475143,0.0003738843790936178,32.784713827001625,0.96034999937891,0.03368806672551139,200704,run_err_weight_norm_sweep.py
margin,10,1.0,0.15,0.1,,,0.0,0.852,1.0,426,500,500,0.852,5.627105602249529,16.911701449906424,5.774043737984928,18.735248716731732,2.8210590806223617,7.9697329896616536,1.0138623099153727,8.514865533073912,20.57941883348818,ok,0.839093262757911,0.7004082237107442,33792.987848921985,0.0001326580184703779,0.0003828800841830518,35.995453759794316,0.9568864970349037,0.03517805405063587,200704,run_err_weight_norm_sweep.py
margin,10,1.0,0.16,0.1,,,0.0,0.878,1.0,439,500,500,0.878,5.527130265713044,16.563592379911622,5.872011703980319,18.422331094454616,2.8677851966056167,7.987497081834412,1.0157497205632058,8.54728313916228,20.30857779399427,ok,0.8235814869529203,0.6705174252400147,32499.6929207456,0.00011900706463223813,0.0003604290284251133,33.381749618556064,0.9589783860776777,0.03247992031678016,200704,run_err_weight_norm_sweep.py
margin,10,1.0,0.17,0.1,,,0.0,0.81,1.0,405,500,500,0.81,5.495233914505134,16.57761725278258,5.7922385476432705,18.400136329595135,2.8401279910639188,7.987620255000827,1.0056905335085413,8.536967716520483,20.284103005570636,ok,0.8176233888204382,0.6645366762729047,34103.74203125716,0.00013487059216709914,0.0003848062468976003,38.66295915779249,0.9516746024308945,0.035515536798391166,200704,run_err_weight_norm_sweep.py
margin,10,1.0,0.18,0.1,,,0.0,0.798,1.0,399,500,500,0.798,5.702462479243415,16.858966818915956,5.688002897826157,18.684116716991653,2.8633885903424163,7.9624634151651295,1.0255982292707664,8.523594874525044,20.536501334920622,ok,0.8077078738328618,0.6620572211273498,32699.28636160196,0.00012638206406724166,0.000379914255625203,35.96354335991071,0.9533911493684203,0.034340560143369794,200704,run_err_weight_norm_sweep.py
margin,10,1.0,0.19,0.1,,,0.0,0.848,1.0,424,500,500,0.848,5.571064554516987,16.62291978248057,5.753437943833825,18.451565530841176,2.806607149969111,7.959865529716277,1.0054308906862026,8.49984671752198,20.315207721317922,ok,0.7999569726371801,0.6462775433965016,33810.3055200408,0.00013036955775545358,0.00037603390243807534,38.34248487376205,0.9514235753438287,0.0345577894288092,200704,run_err_weight_norm_sweep.py
margin,10,1.0,0.2,0.1,,,0.0,0.798,1.0,399,500,500,0.798,5.5437155765509765,16.60049448145759,5.7536570413466555,18.42318563039617,2.8334965723127046,7.97754415109626,1.0089060840376516,8.525714339244905,20.300285066137423,ok,0.7883697336170346,0.6244071986133425,33494.70196804954,0.0001280825664165483,0.0003738202818601719,38.89240362784529,0.9489379390604752,0.03419410914317942,200704,run_err_weight_norm_sweep.py
margin,10,1.0,0.25,0.1,,,0.0,0.748,1.0,374,500,500,0.748,5.319204402702871,16.30859698997968,5.817750453298462,18.11382045831752,2.8377060748147,7.968262103749463,0.9985535499282332,8.517211158188129,20.01632777282903,ok,0.7377175174949955,0.5714181040175782,35761.06240415753,0.00013882130222050304,0.0003725651975534855,46.83655473288179,0.938165182338987,0.03519997061010706,200704,run_err_weight_norm_sweep.py
margin,10,1.0,0.3,0.1,,,0.0,0.698,1.0,349,500,500,0.698,5.3912341520035385,16.662125216874397,5.59222073893849,18.38381775414304,2.813229023968519,7.948877267040276,0.9880191482276285,8.489704893871929,20.249440594806014,ok,0.6896541988735998,0.5175437730692249,35811.675772692506,0.00014218409154088932,0.0003808748867179565,52.98335416933063,0.9224819868618142,0.036010285185902824,200704,run_err_weight_norm_sweep.py
margin,10,1.0,0.35,0.1,,,0.0,0.696,1.0,348,500,500,0.696,5.374659135179048,16.540424629596323,5.468812134168374,18.231305874937963,2.8190279344127487,7.941280432716279,0.9960978994680443,8.48546194566722,20.10929084619629,ok,0.6413297547098065,0.4550411707455937,38118.95374748252,0.0001487440410568872,0.00036621914560290206,63.9768438137155,0.9059274810665199,0.03569634412650197,200704,run_err_weight_norm_sweep.py
margin,10,1.0,0.4,0.1,,,0.0,0.592,1.0,296,500,500,0.592,5.142895346483796,16.31690122891502,5.415219101802249,17.944782979450522,2.79053958012392,7.935579381543335,0.9827478484619644,8.469139543228138,19.84292218354564,ok,0.5883849244031765,0.4027065134602806,38093.373448691935,0.00014602352140834663,0.0003597731959762476,70.96323697080241,0.8865778076448915,0.035059433887986,200704,run_err_weight_norm_sweep.py
margin,10,1.0,0.45,0.1,,,0.0,0.528,1.0,264,500,500,0.528,5.18280080150518,16.606760590815174,5.2132012727629276,18.161040415655478,2.8200527293436166,7.93886593785737,0.9725461225385633,8.480809851424283,20.04364050553409,ok,0.5413585438404315,0.3385466529211837,44017.20621452135,0.00017310980443664836,0.00034534778037938283,103.14739442942616,0.8467319422405306,0.036023216899889174,200704,run_err_weight_norm_sweep.py
margin,10,1.0,0.5,0.1,,,0.0,0.514,1.0,257,500,500,0.514,5.074636330575906,16.831179919771582,4.990696305807313,18.274233253302906,2.777053554949512,7.945539289330417,0.9735951189767278,8.472986988131536,20.142966750138076,ok,0.5001253460928387,0.286932106458091,53297.432227779755,0.00022079890377343654,0.0003252506629428701,160.54543311209864,0.801240408629021,0.03655122958317243,200704,run_err_weight_norm_sweep.py
margin,10,1.0,0.55,0.1,,,0.0,0.43,1.0,215,500,500,0.43,4.857309824836452,15.788010742457692,4.811013197188308,17.20466767833463,2.779859093252845,7.919663918712234,0.9689537381956557,8.449116197002873,19.167372131630056,ok,0.4513369590731067,0.23238368517868216,58506.70717016182,0.0002410366529321276,0.000306202329632908,219.70830331405747,0.7428017753299786,0.03513994067450451,200704,run_err_weight_norm_sweep.py
margin,10,1.0,0.6,0.1,,,0.0,0.392,1.0,196,500,500,0.392,4.688771377444572,15.130704284873714,4.425053256433836,16.44700232591079,2.7805487399641495,7.908945426811103,0.9643676012821183,8.438772062924505,18.485582474958967,ok,0.40395839538571565,0.1779399480989105,78423.95032649029,0.0003771391037760435,0.0003354983011735789,472.9835829828515,0.6245488908260262,0.03496601674702751,200704,run_err_weight_norm_sweep.py
margin,10,1.0,0.65,0.1,,,0.0,0.362,1.0,181,500,500,0.362,4.44753334687052,14.278047410712823,3.753109716413617,15.41846371327334,2.769598649338765,7.902106320773756,0.9624903726696192,8.428543688011194,17.571834621866895,ok,0.37716860579593137,0.1387902481153918,150424.22257292297,0.0011006045312650298,0.0009653095660872257,2187.1718920320714,0.4629786385513516,0.03133086272612819,200704,run_err_weight_norm_sweep.py
margin,10,1.0,0.7,0.1,,,0.0,0.272,0.86,136,430,500,0.272,3.7720360453689614,11.864057539203209,2.259127311210914,12.652579714403947,2.775254422066458,7.899584646277757,0.9558995260583915,8.427290109805487,15.202203525284473,ok,82.81010055607808,82.56325563306049,551220185.379909,6994.297267139351,6994.297216287276,46704808111.123055,0.07128276764614994,0.03131826592090731,200704,run_err_weight_norm_sweep.py
margin,10,1.0,0.75,0.1,,,0.0,0.278,0.254,139,127,500,0.278,3.191561420828572,8.542700223884381,0.3555459967588543,9.126346715629797,2.77206771060002,7.896775517697519,0.9514202740514972,8.423100587487626,12.41929256764737,ok,0.25070109352914044,0.007133155291428428,18503.06329037731,8.724708341650011e-05,0.0004566340317449854,1903.9160027267972,0.0019793619902755966,0.03105848718449719,200704,run_err_weight_norm_sweep.py
margin,11,1.0,0.01,0.09090909090909091,,,0.0,0.988,1.0,494,500,500,0.988,5.706897606091025,16.616656956276053,6.238707123675879,18.644126025747866,2.8503065426461736,8.045751862707759,1.0655862769532376,8.601967480579546,20.53283418821953,ok,0.9676822492053985,0.834873850856031,33172.2977617013,0.00010421042629962291,0.00030779971330075796,23.606448318557362,0.9800900584660395,0.02802093831607226,200704,run_err_weight_norm_sweep.py
margin,11,1.0,0.02,0.09090909090909091,,,0.0,0.984,1.0,492,500,500,0.984,5.774746530923602,16.55999861488014,6.202454003906598,18.602464548866187,2.873711667923146,8.038952754414334,1.064274854015167,8.603235502004605,20.4955445986384,ok,0.9598438625911736,0.8329333963375617,33648.6365160897,0.00010912835179371562,0.0003166704749863391,24.87145311208012,0.9787145648563198,0.029032905888444375,200704,run_err_weight_norm_sweep.py
margin,11,1.0,0.03,0.09090909090909091,,,0.0,0.968,1.0,484,500,500,0.968,5.797704549901031,16.888380483789387,6.117470867834321,18.87469796399357,2.8574498475713974,8.039372491466935,1.045684418009537,8.59592843094968,20.739918245306367,ok,-79271.91563659775,-79272.45731055671,-28930148517.49079,24739.73063566118,24739.730839745673,9028600542.64122,0.645506576697757,0.11765049431697157,200704,run_err_weight_norm_sweep.py
margin,11,1.0,0.04,0.09090909090909091,,,0.0,0.958,1.0,479,500,500,0.958,5.67847106374489,16.37154698728655,6.178003281862327,18.396747237743444,2.9576611370808266,8.041930867686883,1.037460384600893,8.63114914319464,20.320852454104642,ok,0.9386645046026563,0.802051527735348,32140.895669776815,0.00010687189116801013,0.00032803224972114217,24.985974511296757,0.9759530580724437,0.029398167601681957,200704,run_err_weight_norm_sweep.py
margin,11,1.0,0.05,0.09090909090909091,,,0.0,0.968,1.0,484,500,500,0.968,5.673234721420607,16.408820588497726,6.229728556106144,18.445717746745544,2.875403199740363,8.022524961934673,1.02375647118742,8.583526526914223,20.345059125764262,ok,0.9269553747279621,0.7901802957862747,33030.14274866244,0.00011119419244162213,0.000330174500927574,26.582527182488658,0.9746193958419777,0.02999369522182011,200704,run_err_weight_norm_sweep.py
margin,11,1.0,0.06,0.09090909090909091,,,0.0,0.944,1.0,472,500,500,0.944,5.742048739359137,16.639089309322593,6.215938969129094,18.6673060197964,2.8721546263188844,7.987704957166681,1.0327319543967624,8.550978772623768,20.53259730298603,ok,0.920237897782827,0.7727950229277292,34855.05235901194,0.00011624680958171545,0.0003225776372494386,28.815632195864943,0.9740237401170075,0.030094375232285125,200704,run_err_weight_norm_sweep.py
margin,11,1.0,0.07,0.09090909090909091,,,0.0,0.932,1.0,466,500,500,0.932,5.81189263154586,16.85129382432613,6.097003325619723,18.839258187811087,2.9152514151921496,8.035249294137305,1.024601627964378,8.60893318180256,20.713072673935855,ok,0.9133310338842637,0.7696952201563556,34519.71148415877,0.0001205815218587438,0.0003387829540365343,29.936945164959518,0.9713336940400429,0.03145563629137773,200704,run_err_weight_norm_sweep.py
margin,11,1.0,0.08,0.09090909090909091,,,0.0,0.926,1.0,463,500,500,0.926,5.703206518975399,16.558436825623538,6.141824866839258,18.558836369804393,2.8765745231091207,8.002339268818787,1.027596407327322,8.565516279631467,20.440119288737186,ok,0.901033889985649,0.7601716016198878,33669.82182934447,0.00012165125917013127,0.0003527394266136773,30.384120129634766,0.9686101917773525,0.03234958827739761,200704,run_err_weight_norm_sweep.py
margin,11,1.0,0.09,0.09090909090909091,,,0.0,0.89,1.0,445,500,500,0.89,5.626474897088807,16.418068590752338,6.158770966770162,18.415771931671777,2.8597912980422593,8.00403718715596,1.0394211449070543,8.562909194789679,20.30921144992005,ok,0.8931207872352985,0.7481545729000456,34792.354609334725,0.00011979717709781375,0.00033320589831932186,30.659610807210417,0.9705598220490512,0.031058129834952267,200704,run_err_weight_norm_sweep.py
margin,11,1.0,0.1,0.09090909090909091,,,0.0,0.896,1.0,448,500,500,0.896,5.6771728374413435,17.182299756659802,5.9765308502588725,19.057298794897175,2.839049657226806,8.011084635640593,1.0315256327274092,8.561642665199834,20.892160311575235,ok,0.8847083377639668,0.7504842029570535,33915.22188462746,0.00012245976270682424,0.00035184765946125635,31.04021760141263,0.9678690869984896,0.03238466406543734,200704,run_err_weight_norm_sweep.py
margin,11,1.0,0.11,0.09090909090909091,,,0.0,0.888,1.0,444,500,500,0.888,5.768420270648869,16.511394191608776,6.0437886595629875,18.50481537143743,2.8782002425739144,7.992247968129863,1.0045243152387604,8.553895797841728,20.386204287491122,ok,0.8729029116488398,0.723027185375593,34934.463608167884,0.0001262839081143004,0.0003493876729796364,33.47814758433325,0.9654531014127611,0.0326327587600887,200704,run_err_weight_norm_sweep.py
margin,11,1.0,0.12,0.09090909090909091,,,0.0,0.878,1.0,439,500,500,0.878,5.630286302358958,16.778128751035666,5.974844167890879,18.678985279276823,2.8751243714714634,7.97963921282283,1.027780252735873,8.543846579039371,20.540248426676904,ok,0.8629785046993372,0.7085744477228044,34961.045460365065,0.0001290461768708244,0.0003567016640781765,34.91406921222777,0.9626058844450995,0.033327600996806414,200704,run_err_weight_norm_sweep.py
margin,11,1.0,0.13,0.09090909090909091,,,0.0,0.884,1.0,442,500,500,0.884,5.614231199134099,16.580639261112122,6.0984013277946705,18.537197442421313,2.835922829666235,8.01366163816084,1.0133000743506377,8.56084155836515,20.418513589552575,ok,0.8520955746698118,0.7014037761623678,34557.05850666296,0.00012751197273379365,0.0003577696740208686,34.74908617670059,0.961858244626083,0.03323593234904006,200704,run_err_weight_norm_sweep.py
margin,11,1.0,0.14,0.09090909090909091,,,0.0,0.858,1.0,429,500,500,0.858,5.588545922499639,16.661309720857535,6.074163439014341,18.593723366396727,2.8615885358923454,7.959414059326344,1.0195226903602674,8.519412399497503,20.45255329436399,ok,0.8375745468686284,0.6987836443154442,33559.290907093404,0.00012618126217569744,0.00036737358644798197,34.25486080292657,0.9601215735151324,0.033637057543684803,200704,run_err_weight_norm_sweep.py
margin,11,1.0,0.15,0.09090909090909091,,,0.0,0.852,1.0,426,500,500,0.852,5.6330561247902144,17.290795111426952,5.904777476378998,19.119866995770014,2.82088054737677,7.962142213967884,1.0071155539535332,8.506900577591889,20.92693650233996,ok,0.8370469180649948,0.6823847145294151,35540.402366165334,0.00013464466066300573,0.0003642934164870524,37.98269734079272,0.9578083322165344,0.034314188209781625,200704,run_err_weight_norm_sweep.py
margin,11,1.0,0.16,0.09090909090909091,,,0.0,0.81,1.0,405,500,500,0.81,5.499851196346012,16.339528764045653,6.112659862849253,18.291888202476862,2.874525479361047,8.024515555924795,1.0123242103617653,8.58373735302167,20.205784344033063,ok,0.8204844433790507,0.6582610399725998,35814.3319717639,0.0001353344239717518,0.00036249049783575567,39.65096268403245,0.9550614244966796,0.034273376060599235,200704,run_err_weight_norm_sweep.py
margin,11,1.0,0.17,0.09090909090909091,,,0.0,0.828,1.0,414,500,500,0.828,5.455729433725816,16.53192185350894,6.085425773375876,18.441849979538823,2.900565165909687,8.006831135976938,1.003245539131785,8.574912520459101,20.337919151214617,ok,0.8119354288753667,0.6544168883172324,36224.84639024044,0.00013487173689056856,0.0003558286655522338,39.85836550627513,0.9558918205398463,0.03383276559647395,200704,run_err_weight_norm_sweep.py
margin,11,1.0,0.18,0.09090909090909091,,,0.0,0.816,1.0,408,500,500,0.816,5.610078942802527,17.068287353503358,5.921713728276714,18.91734950794904,2.841434282589887,7.968641921787737,1.0158411912916854,8.520853019849302,20.747796234582957,ok,0.8073205458747279,0.6423800003243951,35705.70224753682,0.0001325185058953182,0.0003563697493930597,39.75618369351968,0.9544897407846265,0.03364437997028827,200704,run_err_weight_norm_sweep.py
margin,11,1.0,0.19,0.09090909090909091,,,0.0,0.822,1.0,411,500,500,0.822,5.566876947679497,16.592714286349874,5.962462998486941,18.489436209559514,2.837937957831012,7.961421180216077,1.0139399579525998,8.512707753683555,20.354985744210058,ok,0.7931047785661713,0.6325517172139244,35678.340453793986,0.00013662385745570287,0.0003677826097700635,41.61671415589077,0.9502517013299088,0.034708676976226725,200704,run_err_weight_norm_sweep.py
margin,11,1.0,0.2,0.09090909090909091,,,0.0,0.782,1.0,391,500,500,0.782,5.458740893616887,16.454862653187494,5.98296939381867,18.34001853451301,2.849171286486502,7.970665911284069,0.9850264724575339,8.52171163795673,20.22315131444078,ok,0.785647629232645,0.6185276149768115,36667.42450667552,0.00013823836552499626,0.0003588493015904641,43.349414445139466,0.9497896153631691,0.03432320883504368,200704,run_err_weight_norm_sweep.py
margin,11,1.0,0.25,0.09090909090909091,,,0.0,0.752,1.0,376,500,500,0.752,5.458175907764678,16.57376000630121,5.879696954776404,18.413365832095423,2.845379946546642,7.958603286044687,1.0087288566655652,8.51193792335922,20.285589182414693,ok,0.7361681417165781,0.575204389478562,36974.98610942572,0.0001428043692713048,0.000366560394397175,48.24915780589067,0.9397952697359584,0.03520395138458904,200704,run_err_weight_norm_sweep.py
margin,11,1.0,0.3,0.09090909090909091,,,0.0,0.694,1.0,347,500,500,0.694,5.461023709294785,16.752481776681428,5.691017423971321,18.516373968773376,2.8394842851697315,7.965051963052802,0.9945265679153706,8.514329502324108,20.38013522589129,ok,0.6879624222636523,0.5083699885027408,39183.24098679831,0.00015351818838246512,0.000363638487426518,59.47116893797263,0.9231246663434197,0.035920540242055946,200704,run_err_weight_norm_sweep.py
margin,11,1.0,0.35,0.09090909090909091,,,0.0,0.66,1.0,330,500,500,0.66,5.33366739231451,16.704258196067663,5.718444697898203,18.443992504218084,2.8785293052825547,7.9358213099318204,0.9865051199245791,8.499198972619471,20.30805856481187,ok,0.634864057098117,0.4511496253631248,39177.88241439681,0.00014979868173582313,0.00035489170257542387,65.3887009716856,0.9085052543923672,0.03505438980181766,200704,run_err_weight_norm_sweep.py
margin,11,1.0,0.4,0.09090909090909091,,,0.0,0.592,1.0,296,500,500,0.592,5.2459698489875555,17.007316443691856,5.501150289445568,18.628785971700488,2.7998928592397907,7.941548375285373,0.9738238466729642,8.476787333923662,20.46674351928009,ok,0.592808593792803,0.39978671980728975,43425.230632390834,0.0001661407381522497,0.00033839030299440397,83.60868599271102,0.889964819486779,0.03508065885855474,200704,run_err_weight_norm_sweep.py
margin,11,1.0,0.45,0.09090909090909091,,,0.0,0.582,1.0,291,500,500,0.582,5.065377621431832,16.546182455855984,5.405375011308696,18.128769492799538,2.7969387436108084,7.918210673764884,0.9833702755890265,8.455054329130439,20.00350536859994,ok,0.5419953327894147,0.3346271919741073,48204.06090823718,0.00018427925606276155,0.00031896387481297354,112.9565750943482,0.857233358869822,0.03458942453786969,200704,run_err_weight_norm_sweep.py
margin,11,1.0,0.5,0.09090909090909091,,,0.0,0.534,1.0,267,500,500,0.534,4.9703970524474475,16.417411218398488,5.193384405925943,17.922262121749295,2.8021990952752254,7.930724708016168,0.9691933401075872,8.466879584262925,19.821592505525327,ok,0.5022115319318946,0.2827055188980424,57110.283353102925,0.0002290210404746806,0.0003021536160951359,170.92533053288122,0.8153972297127527,0.034539091252615554,200704,run_err_weight_norm_sweep.py
margin,11,1.0,0.55,0.09090909090909091,,,0.0,0.452,1.0,226,500,500,0.452,4.914542894124933,16.091913775901318,4.878346683722858,17.51858119814006,2.785902104685094,7.914202859868086,0.9710089118663542,8.446224940821603,19.448377900143324,ok,0.45650356656744073,0.22928200478194763,69457.3605888015,0.000306229687540585,0.0003063595725921726,291.1935638328439,0.7431591225668699,0.03454545542659954,200704,run_err_weight_norm_sweep.py
margin,11,1.0,0.6,0.09090909090909091,,,0.0,0.398,1.0,199,500,500,0.398,4.658539759470043,15.663464697943654,4.4957974666672,16.948696524971517,2.7688040578981306,7.905557100744969,0.95735176356563,8.430933007880835,18.92984271669884,ok,0.4098371239297012,0.17654013780121228,89565.79377716608,0.0004588634120958558,0.00038158778920312567,597.7710303842015,0.6250447625505957,0.033928629969175624,200704,run_err_weight_norm_sweep.py
margin,11,1.0,0.65,0.09090909090909091,,,0.0,0.342,1.0,171,500,500,0.342,4.33634026091609,14.594965421598756,3.752851125150222,15.681222977932762,2.7870054900624646,7.907716980993036,0.9631570617043512,8.439612489838316,17.80808280142142,ok,0.37024881752822053,0.12795971908923623,161460.09607653468,0.0013054658966559541,0.0011616177927150453,2909.40476283075,0.3898068158120148,0.03247169364345899,200704,run_err_weight_norm_sweep.py
margin,11,1.0,0.7,0.09090909090909091,,,0.0,0.306,0.806,153,403,500,0.306,3.8356754564060864,11.226789388407974,2.055585439610108,12.040707523982261,2.781016540908695,7.901698795060207,0.9544340328616483,8.431004754579861,14.698995844949112,ok,328.9764955866625,328.72647205654215,3136356596.1159916,8107.507291647011,8107.507273187355,77355641989.6276,0.03521804820978025,0.03178284241122568,200704,run_err_weight_norm_sweep.py
margin,11,1.0,0.75,0.09090909090909091,,,0.0,0.26,0.232,130,116,500,0.26,2.9278758818343285,8.182007930485263,0.2887493785368888,8.694888564987842,2.767640302251727,7.891663157630198,0.9460712886027822,8.416248042878989,12.101004845748173,ok,0.2490942194191764,0.008745855491066396,5993.588517853201,7.231617332640602e-05,0.0007865839420486793,784.3073824361038,0.0011603292403584708,0.03040711968501911,200704,run_err_weight_norm_sweep.py
margin,12,1.0,0.01,0.08333333333333333,,,0.0,0.986,1.0,493,500,500,0.986,5.767434174898259,16.79257207536414,6.309102486722728,18.842997321446894,2.8656736191937977,8.020970879135028,1.0643088099660623,8.58375281439574,20.70602232285819,ok,0.9662082593141167,0.8404376841092406,34955.13576848136,0.0001231176347058979,0.0003403963720268684,28.082341299005286,0.9754729402440011,0.031801225037431775,200704,run_err_weight_norm_sweep.py
margin,12,1.0,0.02,0.08333333333333333,,,0.0,0.982,1.0,491,500,500,0.982,5.747683543090813,16.398601765602727,6.343052561699339,18.4982248277727,2.862098881673756,8.109514967035729,1.0512663911629931,8.663775391493221,20.426583801827213,ok,0.9545077104565367,0.8102381884473137,35940.33652327473,0.00012006982661992003,0.0003201165105010788,28.604736174621504,0.9763108718596814,0.03031924480431958,200704,run_err_weight_norm_sweep.py
margin,12,1.0,0.03,0.08333333333333333,,,0.0,0.974,1.0,487,500,500,0.974,5.7243336637511995,17.43431202996262,6.24377890601999,19.383188769635268,2.8955472071831974,8.095080614257,1.0331602006515759,8.659211498777259,21.229459499946557,ok,0.9470647100153318,0.8074232101068669,36023.477115808375,0.00011639738479882966,0.000309380230743967,27.842114183151494,0.9776615539393525,0.02933558741916268,200704,run_err_weight_norm_sweep.py
margin,12,1.0,0.04,0.08333333333333333,,,0.0,0.956,1.0,478,500,500,0.956,5.70003298197791,16.509865141681143,6.331868549144567,18.578444023000962,2.8646732709233103,8.086308151079661,1.0565974798313675,8.643560070812596,20.490722608378796,ok,0.9347857491436187,0.780984094842098,36009.45288168472,0.00012198156434092806,0.0003243879677148964,30.162827980458896,0.9738580550876488,0.030752817731384816,200704,run_err_weight_norm_sweep.py
margin,12,1.0,0.05,0.08333333333333333,,,0.0,0.944,1.0,472,500,500,0.944,5.72429340106138,17.22255399781344,6.235598902998168,19.190273443286483,2.855242379709357,7.998894538721044,1.0242990870406785,8.554759582138008,21.010723603348087,ok,0.932685909897782,0.79928223868585,37218.71127720046,0.00012685998010500578,0.0003227346839847213,30.893728340699873,0.9748412662246475,0.031094918944178623,200704,run_err_weight_norm_sweep.py
margin,12,1.0,0.06,0.08333333333333333,,,0.0,0.908,1.0,454,500,500,0.908,5.647224525544332,17.130183745780535,6.261754089802783,19.093032872942814,2.8907282089159967,8.028977115159128,1.046394513940457,8.59742546186801,20.939427615377916,ok,0.9169409384240512,0.7663986738403198,36307.389354328276,0.00012282053642209445,0.00032306190336081267,31.01015535427269,0.9729848532176618,0.030751275494589964,200704,run_err_weight_norm_sweep.py
margin,12,1.0,0.07,0.08333333333333333,,,0.0,0.934,1.0,467,500,500,0.934,5.684840030952564,16.610513836493386,6.3149709947872585,18.657583840220667,2.9142194199434748,8.018419987275726,1.0258848194903298,8.593030523789569,20.54131466916474,ok,0.9057878963787503,0.7675437938961002,34866.437286859866,0.00011578400535743955,0.0003211576315651877,28.89967382520152,0.9738975363161113,0.029966749544927493,200704,run_err_weight_norm_sweep.py
margin,12,1.0,0.08,0.08333333333333333,,,0.0,0.918,1.0,459,500,500,0.918,5.744132347062057,17.244272113816784,6.1690673576765755,19.194201447819456,2.8415500127269837,7.9793322776725795,1.030875991545617,8.532693325221606,21.005338002559157,ok,0.9000228672268802,0.7534185900897731,36448.1604607732,0.00012732775682735892,0.00033319365078312825,32.73240214126838,0.9702882330203626,0.031775847601740806,200704,run_err_weight_norm_sweep.py
margin,12,1.0,0.09,0.08333333333333333,,,0.0,0.914,1.0,457,500,500,0.914,5.817886010589878,17.457673855467196,6.070892704962911,19.37714923076282,2.8708022040952637,7.979289194096729,1.0318990189863912,8.542562667224171,21.176621289400828,ok,0.8941910676921868,0.7420157489922662,37833.230355553154,0.0001332726720558507,0.0003315333702628718,35.09327654000585,0.969107601846119,0.03219839699732621,200704,run_err_weight_norm_sweep.py
margin,12,1.0,0.1,0.08333333333333333,,,0.0,0.88,1.0,440,500,500,0.88,5.6850453676159844,16.742654892684996,6.257600788236177,18.756167020805044,2.8787467762270196,8.03524801362288,1.0308591768004207,8.597387061454285,20.632713481187984,ok,0.8796196241930805,0.720888108848283,37358.77497767914,0.00013384482756733927,0.00033877485236012445,36.17074781026252,0.9661580645613128,0.032699932537270444,200704,run_err_weight_norm_sweep.py
margin,12,1.0,0.11,0.08333333333333333,,,0.0,0.9,1.0,450,500,500,0.9,5.6533031321686416,16.95175260095634,6.186380069384154,18.91013090676771,2.9106602686735106,8.008832988379002,1.007101014526526,8.58065274258565,20.765853038099205,ok,0.8699221010917293,0.7169638710802795,37880.16178634696,0.00013223260396880263,0.000328374989688282,36.046647903268635,0.9675678181849716,0.03191119573688637,200704,run_err_weight_norm_sweep.py
margin,12,1.0,0.12,0.08333333333333333,,,0.0,0.886,1.0,443,500,500,0.886,5.695580378068469,17.258332484274597,6.070077733131312,19.16078076872294,2.8600289191146095,8.014132871112453,1.0401149537376644,8.572510146451021,20.991032606283774,ok,0.863710701980674,0.712045516192015,37203.08961623555,0.00013641012968149932,0.000347230852640838,37.28559329692156,0.9637304447848744,0.033448152246556465,200704,run_err_weight_norm_sweep.py
margin,12,1.0,0.13,0.08333333333333333,,,0.0,0.86,1.0,430,500,500,0.86,5.657412156692815,16.74805181831309,6.144909306505881,18.715326938228426,2.861499460968828,8.02712750108793,1.0209756062507676,8.58285187291533,20.589531531270563,ok,0.8531272816477161,0.6961721592250174,37520.05772233105,0.00013341216518396887,0.00033568381628278413,37.3717837884451,0.9643555010441729,0.03247014330511846,200704,run_err_weight_norm_sweep.py
margin,12,1.0,0.14,0.08333333333333333,,,0.0,0.85,1.0,425,500,500,0.85,5.669358596391132,16.967424832721772,6.110947555152043,18.90446540821391,2.898465418616889,8.005181440437694,1.0192366478472774,8.574548094305673,20.758171581136846,ok,0.8388661692751344,0.680174250149263,37223.23032657064,0.00013200480133689185,0.0003357593878955168,37.77734101250306,0.9628569712562585,0.032352032644952886,200704,run_err_weight_norm_sweep.py
margin,12,1.0,0.15,0.08333333333333333,,,0.0,0.842,1.0,421,500,500,0.842,5.613654225805918,17.07241057153401,6.06350418437568,18.966981823260028,2.8420127943931797,8.023241461352624,1.028820073874341,8.573675467095143,20.814761841033526,ok,0.8308845116796955,0.6825441571530125,36231.85929763741,0.0001324869709295376,0.0003494639911779199,37.54120603751713,0.9606909704920564,0.033230161734446644,200704,run_err_weight_norm_sweep.py
margin,12,1.0,0.16,0.08333333333333333,,,0.0,0.83,1.0,415,500,500,0.83,5.652120674123378,17.12642657296764,6.1114298367273125,19.042335201422798,2.8609710861184685,7.983283379801801,1.0051297755754234,8.53980415135932,20.869565996132255,ok,0.8233258389839202,0.6657156427941648,38168.00968365908,0.0001367919178156884,0.0003361623659611917,40.22951826704499,0.9606971217452365,0.03278808434245104,200704,run_err_weight_norm_sweep.py
margin,12,1.0,0.17,0.08333333333333333,,,0.0,0.826,1.0,413,500,500,0.826,5.620921386133214,17.59474758958489,6.013819884907592,19.425136539504763,2.897915317558854,7.978898006787174,0.997156586403216,8.54722456989764,21.222416861108563,ok,0.8147352236528648,0.6471802058676797,38632.782436214584,0.00013904397228848547,0.00033597448410938307,42.17834149457833,0.958290265179908,0.03296248680735024,200704,run_err_weight_norm_sweep.py
margin,12,1.0,0.18,0.08333333333333333,,,0.0,0.812,1.0,406,500,500,0.812,5.6558242922172415,17.00514347965634,6.025851426209899,18.906986502319427,2.8740100529754713,8.0072107288993,1.0199634904449835,8.568295219204627,20.75788576812036,ok,0.8039026546188421,0.6376602581952078,38029.11235264854,0.00014002336856009466,0.0003458417636919223,42.95612697984979,0.9550164866497829,0.033672718882759786,200704,run_err_weight_norm_sweep.py
margin,12,1.0,0.19,0.08333333333333333,,,0.0,0.838,1.0,419,500,500,0.838,5.608601423811721,17.048824943536065,6.015149900018008,18.92883700088854,2.843123081292163,7.998196615836513,1.0111101231784243,8.54849937954895,20.769634369635778,ok,0.7914256444997143,0.6242834066661254,38052.23922376841,0.00014190592102218073,0.0003501983339846246,44.472579464578715,0.9520139361708158,0.03410690056588959,200704,run_err_weight_norm_sweep.py
margin,12,1.0,0.2,0.08333333333333333,,,0.0,0.798,1.0,399,500,500,0.798,5.589034266476536,16.783232101225412,6.049852420212172,18.69531754482387,2.845583269767166,7.996737015421817,1.0199546946293285,8.549003135927173,20.557245747421803,ok,0.7810996187874224,0.6114616254208974,38418.20739191758,0.00013651404266106385,0.00033246400763054765,43.77401203667739,0.9545646518016742,0.03252949090701481,200704,run_err_weight_norm_sweep.py
margin,12,1.0,0.25,0.08333333333333333,,,0.0,0.716,1.0,358,500,500,0.716,5.502367363591609,17.07647065703324,5.973684345223889,18.90943683351803,2.859924195917271,7.98161301786138,1.0229231353111012,8.54000494812749,20.748457433622633,ok,0.733524457842595,0.5623983234546176,39576.485945449545,0.00014836910618569446,0.00034644525230452517,52.070694853271384,0.9415211016920998,0.03438813843609146,200704,run_err_weight_norm_sweep.py
margin,12,1.0,0.3,0.08333333333333333,,,0.0,0.654,1.0,327,500,500,0.654,5.366016386495384,17.533809697691435,5.811574971461405,19.235462511307386,2.8383960628204283,7.9571662822552565,0.9872245702712391,8.505739227430011,21.032132983341313,ok,0.6896887258281454,0.507427586202741,42688.69613978021,0.00016102770936728816,0.00033652353008985724,63.63186603998241,0.9300952192272129,0.034615884409399285,200704,run_err_weight_norm_sweep.py
margin,12,1.0,0.35,0.08333333333333333,,,0.0,0.638,1.0,319,500,500,0.638,5.30142177965041,16.954685806465573,5.76176022492449,18.675232918794848,2.8213566699036567,7.975502531256127,0.9777070560224514,8.516137925860455,20.525324108123545,ok,0.6392789113352986,0.4462115905714301,43206.12022251436,0.00016744659353472985,0.00034364396758024724,75.42538905302854,0.9073903246692838,0.03554415755990748,200704,run_err_weight_norm_sweep.py
margin,12,1.0,0.4,0.08333333333333333,,,0.0,0.58,1.0,290,500,500,0.58,5.167963571466575,16.781807966564052,5.609272431651028,18.433688272158626,2.810489423322364,7.939468313392666,0.9838185998488962,8.47949921489363,20.290460079813375,ok,0.5908749644041021,0.38758934191452354,47938.069667749114,0.00018543278077676523,0.0003237871314978298,98.03707615361748,0.8868980246595018,0.03503464173708987,200704,run_err_weight_norm_sweep.py
margin,12,1.0,0.45,0.08333333333333333,,,0.0,0.568,1.0,284,500,500,0.568,5.17274905076732,16.603618045783115,5.479970491381184,18.233692482294348,2.7916379052016196,7.928492229558901,0.9768874636227642,8.46218295385521,20.101643760732482,ok,0.5436902615387498,0.32627212295927666,54080.357328120204,0.00022325591140814435,0.000321180486421616,143.10505066989353,0.8415423391083712,0.0362477764136843,200704,run_err_weight_norm_sweep.py
margin,12,1.0,0.5,0.08333333333333333,,,0.0,0.468,1.0,234,500,500,0.468,5.056782074766256,17.132377776420103,5.108958535809365,18.579312972934982,2.7845051085881103,7.913630358410413,0.9736045648093816,8.445526626441117,20.408767492041157,ok,0.49283131597406027,0.27280348881442745,58048.298125802656,0.00024321307557064793,0.0003127781276337405,188.60387887938725,0.792594878309089,0.03585335943071323,200704,run_err_weight_norm_sweep.py
margin,12,1.0,0.55,0.08333333333333333,,,0.0,0.434,1.0,217,500,500,0.434,4.8624828548852355,16.454292828303295,4.809305800169131,17.819004300834166,2.7901616635355238,7.926142985595045,0.9755164037278307,8.459336675573502,19.725042237314714,ok,0.45468469986306764,0.23592390741725772,73698.44570955083,0.00033279061234109235,0.00031236760859020284,310.9232041565759,0.7563291275103285,0.03416667250103797,200704,run_err_weight_norm_sweep.py
margin,12,1.0,0.6,0.08333333333333333,,,0.0,0.362,1.0,181,500,500,0.362,4.570203967313687,15.38601239208358,4.387378521400484,16.63926777001457,2.7723280353140534,7.898447398963407,0.9507083605502151,8.424673313333887,18.650478609372087,ok,0.41192667192968674,0.17637379066476183,102344.86278679689,0.0005669324677301282,0.0004644623546806733,766.6294045292389,0.6218387537809812,0.03310088517979156,200704,run_err_weight_norm_sweep.py
margin,12,1.0,0.65,0.08333333333333333,,,0.0,0.336,1.0,168,500,500,0.336,4.479534236293956,14.40033345745975,3.752984531902911,15.540937023129167,2.754874851454652,7.892760477057523,0.9568163464438201,8.41430335299368,17.67261227077275,ok,0.35747160427650904,0.11833732810650437,132612.82741534727,0.000884847825429197,0.0007551266262685735,1953.204101068113,0.4003940111448705,0.03200564007567497,200704,run_err_weight_norm_sweep.py
margin,12,1.0,0.7,0.08333333333333333,,,0.0,0.272,0.874,136,437,500,0.272,3.900822400667345,11.639463561956854,2.2867356961893575,12.48690063850498,2.7726192509785617,7.8931607415095515,0.946931094050543,8.41938729950608,15.060171647593542,ok,0.27247280300956966,0.03137111974418442,76871.01856208383,0.0003251997065234718,0.00029388798428084726,2303.996078937852,0.061366892530897554,0.031168936393622143,200704,run_err_weight_norm_sweep.py
margin,12,1.0,0.75,0.08333333333333333,,,0.0,0.254,0.238,127,119,500,0.254,2.9536883949570307,8.167680061217705,0.2793295046571134,8.689838760822267,2.763317122791433,7.891246164535631,0.9531223514523262,8.415232009115888,12.096670097854934,ok,0.249397067189678,-0.0063369763430680594,15300.700197975808,8.165354346599764e-05,0.0004922510300365247,1862.8058273972429,0.0013943801953499868,0.030482022971174617,200704,run_err_weight_norm_sweep.py
margin,13,1.0,0.01,0.07692307692307693,,,0.0,0.988,1.0,494,500,500,0.988,5.792899081839508,16.728318786353793,6.416480480334502,18.829911071079646,2.917954310798922,8.026486545468474,1.063184098832862,8.606352540566037,20.703498617317685,ok,0.9586288465428583,0.8223007404197071,36656.82982543337,0.00011596687086223415,0.0003011485392657845,27.351989376899503,0.9793724990874062,0.028800301490709584,200704,run_err_weight_norm_sweep.py
margin,13,1.0,0.02,0.07692307692307693,,,0.0,0.982,1.0,491,500,500,0.982,5.788350922562569,16.899793174567176,6.4213158538887285,18.982658218523582,2.964244882565849,8.050476320165915,1.0572970967924582,8.643771969242115,20.85799863116154,ok,0.9501783954515527,0.7995484498078516,37649.63269872782,0.00012289891193138807,0.00030776036377128596,29.999989009397506,0.9769460323244422,0.029819597514436757,200704,run_err_weight_norm_sweep.py
margin,13,1.0,0.03,0.07692307692307693,,,0.0,0.976,1.0,488,500,500,0.976,5.815763654495973,17.127521301443373,6.42284581493128,19.194479445370042,2.8805957065763885,8.042656007756753,1.0491383440523536,8.60713881314883,21.035942568079665,ok,0.9449912326091235,0.7949648873301058,38103.03197437048,0.0001254313929814446,0.00030896923176370396,30.87910930359777,0.9763590171432989,0.03011100767484961,200704,run_err_weight_norm_sweep.py
margin,13,1.0,0.04,0.07692307692307693,,,0.0,0.96,1.0,480,500,500,0.96,5.797164930306171,17.486701018014223,6.291470616088899,19.467265761675456,2.905063202247593,8.041741655033865,1.036028596318106,8.612917990306695,21.28747971328335,ok,0.9339441405137102,0.7891826290686089,36929.29746104517,0.00012092357237958914,0.000310901561936408,29.770300404158732,0.9761177754535005,0.029840968349234873,200704,run_err_weight_norm_sweep.py
margin,13,1.0,0.05,0.07692307692307693,,,0.0,0.932,1.0,466,500,500,0.932,5.9707218278436605,17.489293857933294,6.19816545929094,19.492105423873003,2.8496993706279516,8.000795255003782,1.0258402228154524,8.554873428531508,21.28680420433217,ok,0.9283408239722033,0.7758041943756754,38658.04034038858,0.00013124951326441445,0.00031685239167640974,33.21780269752257,0.9737582846263855,0.03109616479749088,200704,run_err_weight_norm_sweep.py
margin,13,1.0,0.06,0.07692307692307693,,,0.0,0.94,1.0,470,500,500,0.94,5.710737587577825,16.51293353884013,6.4453321361603875,18.62342085111506,2.8847209330346573,8.015339522827267,1.0236567330008381,8.579927484233368,20.504803335619933,ok,0.9127133850330007,0.7648841460244833,37165.466788926096,0.00012422889533129466,0.00031665261239416034,31.603044181967686,0.9736064545595664,0.03048775593139405,200704,run_err_weight_norm_sweep.py
margin,13,1.0,0.07,0.07692307692307693,,,0.0,0.93,1.0,465,500,500,0.93,5.856330507879238,17.13600864682594,6.240319605366174,19.15413762451152,2.8935571001694886,8.019144881352936,1.0404172845398,8.58847049514868,20.991493838809262,ok,0.9052065101990259,0.7571673314932398,37929.31869218605,0.00013014574900846625,0.0003226154884889472,33.60397017920135,0.9717895437925553,0.03137122647082213,200704,run_err_weight_norm_sweep.py
margin,13,1.0,0.08,0.07692307692307693,,,0.0,0.926,1.0,463,500,500,0.926,5.651110300329959,16.705023075166036,6.378733866512054,18.75316211491046,2.853988843214032,8.006297449214033,1.0337392633641753,8.562398497331342,20.61542522809595,ok,0.8926772025076972,0.7343360217799529,38014.95244675976,0.00013259569029975863,0.0003276792981766664,35.318765975206304,0.9691079740842403,0.03189808416462964,200704,run_err_weight_norm_sweep.py
margin,13,1.0,0.09,0.07692307692307693,,,0.0,0.916,1.0,458,500,500,0.916,5.6484200647488665,16.72565157680268,6.40206051264548,18.778670046199597,2.8736045161378434,8.045280993087458,1.0472629739727977,8.607026717139693,20.657186585147322,ok,0.8833395678817365,0.7299676259851722,38586.49771309145,0.00013403387219744983,0.0003244101464369891,36.03774888846414,0.9691077241426571,0.03180955367692935,200704,run_err_weight_norm_sweep.py
margin,13,1.0,0.1,0.07692307692307693,,,0.0,0.912,1.0,456,500,500,0.912,5.684205848794343,17.023526435259104,6.303184727755149,19.022113082821242,2.844991384188976,8.010933405579543,1.0308709646887444,8.563394475941072,20.860788841417698,ok,0.8778282326546155,0.7219925887272319,37852.252158380536,0.00013012970857554604,0.00032348514893079487,35.22023142046564,0.9689322102703909,0.03142462123590367,200704,run_err_weight_norm_sweep.py
margin,13,1.0,0.11,0.07692307692307693,,,0.0,0.886,1.0,443,500,500,0.886,5.71130609953578,17.524714684850743,6.229235644816874,19.456053527544455,2.8377072720719023,7.992262740167906,1.023608399547508,8.542635449641415,21.24887383585646,ok,0.8684191617971222,0.7210240530464201,38309.93928080032,0.00013619728642001,0.00033297405644872665,37.01348171511355,0.9668506092709706,0.03253576032325677,200704,run_err_weight_norm_sweep.py
margin,13,1.0,0.12,0.07692307692307693,,,0.0,0.87,1.0,435,500,500,0.87,5.67298629477288,17.065329781650515,6.33962233599517,19.06827379235514,2.8213527008094146,8.021075529254487,1.0177406677845446,8.56349693613726,20.90293149765004,ok,0.856896764588259,0.6992485888339056,39415.93784701588,0.00014155908000132697,0.0003324788344794055,39.92162976818094,0.9643948232317044,0.0329370262283269,200704,run_err_weight_norm_sweep.py
margin,13,1.0,0.13,0.07692307692307693,,,0.0,0.858,1.0,429,500,500,0.858,5.663544174681639,16.995357554471493,6.285162274067044,18.98476167441291,2.8488437520870513,8.009022245441761,1.04727302620331,8.5648776315368,20.827345118316366,ok,0.8469221542713143,0.6937190839029336,38256.80112297894,0.0001354105556144149,0.0003316906163054896,38.23607993572336,0.9645755404338227,0.032388555472763786,200704,run_err_weight_norm_sweep.py
margin,13,1.0,0.14,0.07692307692307693,,,0.0,0.846,1.0,423,500,500,0.846,5.604087441415007,17.00161378752997,6.296704849069359,18.976542345423418,2.8733242220016857,8.028181142822294,1.018910260748801,8.587541130391648,20.829186783305207,ok,0.8336627693495534,0.6659170856506411,39018.52259412909,0.00013910475057497172,0.0003314484981647497,41.10082161892422,0.9613262942557309,0.032675028991981714,200704,run_err_weight_norm_sweep.py
margin,13,1.0,0.15,0.07692307692307693,,,0.0,0.836,1.0,418,500,500,0.836,5.55943169245941,16.93556956519656,6.28600455251497,18.90065211771734,2.893397954943923,8.040109500416607,1.016043476170694,8.60508319830971,20.767332696444313,ok,0.8269649903384844,0.6650288826022347,40218.729518744265,0.00014235825161278468,0.00032484795872671994,42.396898093439226,0.9620888001148453,0.03249238834284623,200704,run_err_weight_norm_sweep.py
margin,13,1.0,0.16,0.07692307692307693,,,0.0,0.848,1.0,424,500,500,0.848,5.675163056850093,17.682733924814514,6.08256676738153,19.541856955194312,2.9313437802699966,8.017163947369497,1.0424830572913593,8.599678194087753,21.350377942770585,ok,0.8231581824311861,0.6519031606077416,39582.317434399534,0.00014282677217495254,0.00033345793902587664,43.24391615381749,0.9589317727162996,0.033100546625357434,200704,run_err_weight_norm_sweep.py
margin,13,1.0,0.17,0.07692307692307693,,,0.0,0.822,1.0,411,500,500,0.822,5.5738494846972815,16.996834253317374,6.22976390056486,18.941228338457464,2.796029319990786,7.964116773781526,1.0157484926856302,8.501569322488027,20.761666886708632,ok,0.8087375582965847,0.6466830213840835,40514.029450099166,0.00014935025156189124,0.00033720293146444007,45.81280852350284,0.9568560489738928,0.03384606511277244,200704,run_err_weight_norm_sweep.py
margin,13,1.0,0.18,0.07692307692307693,,,0.0,0.82,1.0,410,500,500,0.82,5.498151164988349,17.32882684880607,6.205438575055332,19.210033162328212,2.844555612306271,8.003681505277083,1.00059012949531,8.552870563539528,21.028004398287788,ok,0.798477972857501,0.6374888724560511,39997.83244664971,0.0001425589605869183,0.000327885419571472,44.23898302020054,0.9582627249443759,0.03271058520205257,200704,run_err_weight_norm_sweep.py
margin,13,1.0,0.19,0.07692307692307693,,,0.0,0.834,1.0,417,500,500,0.834,5.741987048432629,17.72169797920254,6.056517361186512,19.58852717987733,2.8173590303736216,7.974606189544961,0.9991418017002317,8.516462888092766,21.35978785477642,ok,0.795916665998287,0.6162178198284252,41584.61490302972,0.0001531631599563301,0.0003328268660676395,49.575442127725395,0.9531948340993838,0.03382128105718937,200704,run_err_weight_norm_sweep.py
margin,13,1.0,0.2,0.07692307692307693,,,0.0,0.798,1.0,399,500,500,0.798,5.616799231043979,17.391369580063593,6.064460558164958,19.255800459439644,2.8992995139621875,8.02779035787704,1.0077261602443015,8.594583626664276,21.086790155200998,ok,0.778825023396278,0.6084067034438979,41170.40837383925,0.00015178144446184214,0.00033474153684418364,49.65527719478833,0.951781830106892,0.03385559940721696,200704,run_err_weight_norm_sweep.py
margin,13,1.0,0.25,0.07692307692307693,,,0.0,0.766,1.0,383,500,500,0.766,5.386865089647272,16.77135263837495,6.128654641539813,18.65092470978462,2.878944536469531,8.008799050432685,1.0074077943431332,8.569950661373877,20.52561928099703,ok,0.7283001379681423,0.5447941516081445,42490.22707959191,0.0001640890723277473,0.00034533985157397134,60.33743051162613,0.9359116062767149,0.0354460055119427,200704,run_err_weight_norm_sweep.py
margin,13,1.0,0.3,0.07692307692307693,,,0.0,0.672,1.0,336,500,500,0.672,5.440153669244987,17.735587029064746,5.883343537506347,19.46175866644243,2.800022877818973,7.97272416010656,1.0119411986732991,8.51049256148132,21.24119897816213,ok,0.6819234842001204,0.4939209530135571,43430.49547707743,0.00016647376305232417,0.000338980427311901,67.81253239403097,0.9248169117502595,0.03514457758503207,200704,run_err_weight_norm_sweep.py
margin,13,1.0,0.35,0.07692307692307693,,,0.0,0.636,1.0,318,500,500,0.636,5.324401405934853,17.171216609332543,5.832897686944586,18.900334007696856,2.819132421935374,7.9306478137331435,1.0004488390696789,8.476059239851581,20.713913339588338,ok,0.6374277196361482,0.4396071844460517,47211.51230666378,0.00018121258844389126,0.00032417704395158167,84.24003052481264,0.9103234741111357,0.0348578853361656,200704,run_err_weight_norm_sweep.py
margin,13,1.0,0.4,0.07692307692307693,,,0.0,0.616,1.0,308,500,500,0.616,5.169472742981875,17.210961340542703,5.694361510666686,18.851164200660133,2.8378249290092468,7.949033287003059,0.9866800595373553,8.497877268205139,20.67801513167373,ok,0.5890297293943343,0.3804727628858944,52158.88339834163,0.00021361783606065965,0.0003257741046747461,116.72168158800844,0.8771031277928203,0.0363641101805716,200704,run_err_weight_norm_sweep.py
margin,13,1.0,0.45,0.07692307692307693,,,0.0,0.538,1.0,269,500,500,0.538,5.12522565530974,16.946549660178142,5.552775054025196,18.554966833797724,2.806416945281239,7.9262539439205835,0.9826105895315653,8.46563649260573,20.394945340163858,ok,0.5416768699042195,0.323248704621307,55321.29507145086,0.00021710537996250787,0.00030120789610233996,140.98332819957983,0.8545132730243856,0.03419575078821975,200704,run_err_weight_norm_sweep.py
margin,13,1.0,0.5,0.07692307692307693,,,0.0,0.5,1.0,250,500,500,0.5,4.931668985115315,16.63412241528072,5.337954676998111,18.15238683035867,2.7873935434301207,7.925944350836043,0.9800556233753763,8.458762654396647,20.026477805205644,ok,0.49910634434175577,0.2810978377035261,65519.13307294805,0.0002769545930149261,0.0002982976441428193,212.63328845919352,0.816885437781461,0.03419820957314908,200704,run_err_weight_norm_sweep.py
margin,13,1.0,0.55,0.07692307692307693,,,0.0,0.44,1.0,220,500,500,0.44,4.739978366849722,16.5322172503006,4.923773052411849,17.889246580026708,2.7711863932194705,7.915194742741455,0.9725777603225414,8.442493076180797,19.781325348478497,ok,0.4482243948859682,0.22190532202039182,77727.63722286397,0.0003630035745280509,0.0003250789278023785,364.39579946681,0.7310947640082397,0.03414532392137135,200704,run_err_weight_norm_sweep.py
margin,13,1.0,0.6,0.07692307692307693,,,0.0,0.432,1.0,216,500,500,0.432,4.596305686075433,15.623483373469897,4.48686711958524,16.892342502736405,2.772040181683944,7.909432009284642,0.9741963092936307,8.43755769920468,18.882362541725627,ok,0.3980021227892338,0.16572664035139736,87546.63150250839,0.0004291736921017202,0.0003594986695892974,592.2665613979495,0.6101705380177622,0.03301099024481786,200704,run_err_weight_norm_sweep.py
margin,13,1.0,0.65,0.07692307692307693,,,0.0,0.37,1.0,185,500,500,0.37,4.337612237632464,14.187992038050856,3.7252718563103078,15.29678555773307,2.7900990969374653,7.907304952444192,0.9575404898495872,8.439609491640066,17.470508200125494,ok,0.35370180017936326,0.11831607052447361,129649.26447632263,0.0008346928462940063,0.0007088994943879228,1826.3376605532117,0.4124578549905118,0.0314833342141608,200704,run_err_weight_norm_sweep.py
margin,13,1.0,0.7,0.07692307692307693,,,0.0,0.272,0.706,136,353,500,0.272,3.863443858414817,11.540218654512493,2.030268491713283,12.337942907532238,2.762703434732309,7.896911679294691,0.9523516084549322,8.420256404943336,14.937387760733612,ok,349.8345365083578,349.58670154703555,2448959627.3874836,8321.057128626762,8321.057173622905,58293934637.36638,0.06665558881420719,0.0309474466299478,200704,run_err_weight_norm_sweep.py
margin,13,1.0,0.75,0.07692307692307693,,,0.0,0.24,0.264,120,132,500,0.24,2.989814472179734,8.140942718646976,0.30205997443184224,8.677855677210836,2.784408204044455,7.886212449829384,0.9461315662868979,8.416676350633814,12.089070268048692,ok,0.25035172758808055,0.007438462660690022,13816.725789683613,8.154115546532251e-05,0.0005310285853640156,1509.3502152436452,0.0016921992876439695,0.031128167073084627,200704,run_err_weight_norm_sweep.py
margin,14,1.0,0.01,0.07142857142857142,,,0.0,0.99,1.0,495,500,500,0.99,5.765160492791232,16.878098625454903,6.474255804470573,18.974279352321776,2.8737057021876335,8.067527083513106,1.0417448584197344,8.62719015995632,20.843504671623524,ok,0.9546488984700262,0.7964674904630721,38641.91941011672,0.00012008518664922562,0.00029007418968581174,29.600844957909583,0.9790249188066574,0.028462244817737247,200704,run_err_weight_norm_sweep.py
margin,14,1.0,0.02,0.07142857142857142,,,0.0,0.984,1.0,492,500,500,0.984,5.711961779604626,17.020936023242076,6.50940601303832,19.097411791170636,2.9704353292073096,8.131181686247814,1.0491317861862208,8.720107749595819,20.99408050584984,ok,0.9423208229823942,0.7867396165003722,40144.940061788315,0.0001304494830485146,0.0002984518784426121,32.827446680292574,0.9768083684297235,0.02982641887489958,200704,run_err_weight_norm_sweep.py
margin,14,1.0,0.03,0.07142857142857142,,,0.0,0.968,1.0,484,500,500,0.968,5.80470406028059,17.099626604961472,6.46341952117853,19.17987516026358,2.9052100525681444,8.038170294654432,1.0465374985706715,8.610904010109651,21.024159413270684,ok,0.9377733776083539,0.786733795400119,38958.75071878436,0.00012505172823978024,0.00029859532485125,31.264325606457003,0.9771610015818547,0.029415007404471182,200704,run_err_weight_norm_sweep.py
margin,14,1.0,0.04,0.07142857142857142,,,0.0,0.97,1.0,485,500,500,0.97,5.746192236289063,17.49288664387913,6.436232637349784,19.504996767856184,2.8620307320116725,8.016503466697081,1.0379188305306815,8.575128176378227,21.30675297072259,ok,0.931203146721037,0.7809140917984695,39010.183570331996,0.00012828814054158705,0.0003057565605115022,32.321853502620776,0.9757126644097927,0.030139524579036618,200704,run_err_weight_norm_sweep.py
margin,14,1.0,0.05,0.07142857142857142,,,0.0,0.962,1.0,481,500,500,0.962,5.903423995629104,16.85094202638675,6.473957238791202,18.992545494970223,2.8784553920134694,8.055340783426606,1.041984233796797,8.61740980367236,20.85609110315119,ok,0.9180171684244368,0.7657409087358493,38561.18022779465,0.00012392558099148638,0.00030021964902395156,31.75864121420431,0.9757999439333939,0.029428263431303753,200704,run_err_weight_norm_sweep.py
margin,14,1.0,0.06,0.07142857142857142,,,0.0,0.926,1.0,463,500,500,0.926,5.757917043495106,17.298105463165157,6.448546705142766,19.338092354287774,2.867671400807635,8.070305082016791,1.0602315763109171,8.630032119015711,21.17638473106791,ok,0.9072979573597407,0.7462517296931964,40101.70114712759,0.00013117771634079227,0.00030058563986321436,34.79361791159743,0.9739461439075835,0.030024190961494484,200704,run_err_weight_norm_sweep.py
margin,14,1.0,0.07,0.07142857142857142,,,0.0,0.948,1.0,474,500,500,0.948,5.703925883874984,16.757857267946854,6.530299099660258,18.868104224660243,2.872532117048217,8.046838226975053,1.0462204046244423,8.607997638802711,20.73892428218674,ok,0.8958489010444276,0.724362824124434,40257.84759019034,0.0001332042263781936,0.00030352065796491,36.429149916908024,0.9718054102535607,0.030373622324097935,200704,run_err_weight_norm_sweep.py
margin,14,1.0,0.08,0.07142857142857142,,,0.0,0.93,1.0,465,500,500,0.93,5.750470665659115,17.695245160781024,6.379875028874957,19.669581072326185,2.8918671387779313,8.04980318392696,1.0314440904133142,8.615457257740463,21.473670466894227,ok,0.8949021690790462,0.7369437598207494,40880.17658649864,0.00014216182700621212,0.00031678546903207683,38.33975454231965,0.9701197309695615,0.0319328888234461,200704,run_err_weight_norm_sweep.py
margin,14,1.0,0.09,0.07142857142857142,,,0.0,0.908,1.0,454,500,500,0.908,5.893446562754144,17.65142145889824,6.353003481397262,19.663825801260998,2.92231235188887,8.014212905021303,1.019476562699029,8.591091341087282,21.458632192505714,ok,0.8850929553744021,0.7099776242030789,40932.54796478537,0.00013483918438414905,0.0002999300886151774,37.75543117479869,0.9710930060000388,0.03025135184604277,200704,run_err_weight_norm_sweep.py
margin,14,1.0,0.1,0.07142857142857142,,,0.0,0.912,1.0,456,500,500,0.912,5.655381676111209,16.697120857749045,6.492285948482029,18.786350461907972,2.9435935683508294,8.080480952338032,1.0482879744327516,8.663591818297677,20.687793185154,ok,0.8639264999534176,0.7060978115612054,39191.35582692999,0.00013762748930057955,0.0003258837678650656,38.387891469494434,0.9664876005736085,0.0321949335574415,200704,run_err_weight_norm_sweep.py
margin,14,1.0,0.11,0.07142857142857142,,,0.0,0.894,1.0,447,500,500,0.894,5.735155203231593,17.3115041735586,6.366944815027268,19.316266933180795,2.9040873027987364,8.015035206026702,1.0251068314584777,8.586347094779432,21.138673673291827,ok,0.864600647920133,0.6977692505531318,41914.84838604172,0.00014499803190634356,0.00031143124720554855,41.51387306230319,0.9674152508616279,0.031763778876596635,200704,run_err_weight_norm_sweep.py
margin,14,1.0,0.12,0.07142857142857142,,,0.0,0.854,1.0,427,500,500,0.854,5.706746793390346,17.186610883777178,6.364410393878812,19.195110635157896,2.863319672538809,8.00190518508938,1.0087989444170187,8.558432184025584,21.016637070295445,ok,0.8500073745039649,0.6871988033433396,40066.45027992934,0.00014280888712633525,0.00032766122997114497,41.12560982382729,0.9638872329420464,0.03271463802235792,200704,run_err_weight_norm_sweep.py
margin,14,1.0,0.13,0.07142857142857142,,,0.0,0.862,1.0,431,500,500,0.862,5.623174956738874,17.02289044366458,6.426785361760299,19.044749033191238,2.8723714385923413,7.97852563145359,1.0251123383366314,8.541559824716616,20.872486914032347,ok,0.841683664971498,0.6671143201332526,42073.167478041265,0.00014471536126408222,0.00030909142393887435,43.369890867974426,0.9649009734412077,0.031580403556449185,200704,run_err_weight_norm_sweep.py
margin,14,1.0,0.14,0.07142857142857142,,,0.0,0.88,1.0,440,500,500,0.88,5.649474559252306,17.438481258826002,6.2957180001626964,19.381776403303114,2.847597239318527,8.009202889480862,0.9997019144788822,8.558945313533428,21.18746802776805,ok,0.8352526183642595,0.6577645149555463,43188.82250667511,0.00015287743870166603,0.0003139392177743299,46.71100966387889,0.9622882307435143,0.03246561151394232,200704,run_err_weight_norm_sweep.py
margin,14,1.0,0.15,0.07142857142857142,,,0.0,0.828,1.0,414,500,500,0.828,5.599745164335132,17.195514722828275,6.3133592175747575,19.15466985094326,2.839102332130198,7.99298539122198,1.00660086252283,8.541754082916858,20.972909667274628,ok,0.8242025241285696,0.6582328789229059,42010.99579169332,0.00014726022735211876,0.0003152181717169668,44.71467452991172,0.9626241927564511,0.032184267104819794,200704,run_err_weight_norm_sweep.py
margin,14,1.0,0.16,0.07142857142857142,,,0.0,0.862,1.0,431,500,500,0.862,5.638460113703305,17.600229051099234,6.298039473242581,19.52499926533935,2.8611020542449457,8.009186330970165,1.021790504910852,8.566039136317903,21.321412307734967,ok,0.8214751026198646,0.6431380329415546,45262.55131511682,0.0001621852040894549,0.00030992201608020305,51.140387016185414,0.9605616183358214,0.032731590409457854,200704,run_err_weight_norm_sweep.py
margin,14,1.0,0.17,0.07142857142857142,,,0.0,0.818,1.0,409,500,500,0.818,5.486323496842733,17.120293269765014,6.369750884486625,19.072962892146254,2.8658065692616534,7.97581439428461,1.0167589166614648,8.535822235678964,20.895888943146193,ok,0.8001584477449751,0.6221296739798955,42546.65270642881,0.00015319960163694225,0.00032178541557409044,49.34354906028468,0.9563644692273834,0.03304849641479591,200704,run_err_weight_norm_sweep.py
margin,14,1.0,0.18,0.07142857142857142,,,0.0,0.822,1.0,411,500,500,0.822,5.54615935423713,17.094297218978447,6.274546683242052,19.03535702511382,2.887257392814381,8.0632892257478,1.0242146627726865,8.625653834107906,20.89848609683033,ok,0.7957966752267971,0.6223687716197982,42001.56260827573,0.0001532799399169666,0.00032818891446438663,49.22324567375272,0.9550417792593882,0.033505874188233885,200704,run_err_weight_norm_sweep.py
margin,14,1.0,0.19,0.07142857142857142,,,0.0,0.822,1.0,411,500,500,0.822,5.560940858840464,17.075780096777027,6.325564563435263,19.039934248709887,2.873222322377814,8.015894632470607,1.0226808766169468,8.576470687181251,20.882407563383946,ok,0.7829903461069193,0.6091004161572753,42203.3934544727,0.00015727541936066342,0.0003343728920084137,51.655682464625706,0.9513334112994294,0.03421262901148963,200704,run_err_weight_norm_sweep.py
margin,14,1.0,0.2,0.07142857142857142,,,0.0,0.8,1.0,400,500,500,0.8,5.621126600306035,17.47889629601243,6.214101231451071,19.383599616638467,2.8548499009489587,8.011839951510254,1.013208534784006,8.565415278929754,21.19175011646443,ok,0.7823839487324554,0.6030241302861626,45098.00467546968,0.0001644791824758516,0.0003160991212032677,55.27557400808644,0.9537635247538957,0.033330255631060964,200704,run_err_weight_norm_sweep.py
margin,14,1.0,0.25,0.07142857142857142,,,0.0,0.722,1.0,361,500,500,0.722,5.569911942385188,17.794961808065324,6.069728732067637,19.609339399309608,2.850077119419649,7.988542439404177,1.0033230678088143,8.54086688054546,21.3886090886835,ok,0.7336121634483156,0.5491209951203476,45821.89207166458,0.00018071276233218338,0.0003388076097359385,66.8900987986313,0.9365157698369213,0.035973321598019116,200704,run_err_weight_norm_sweep.py
margin,14,1.0,0.3,0.07142857142857142,,,0.0,0.692,1.0,346,500,500,0.692,5.538008908466105,17.903976231156225,5.96331148793514,19.666799217417058,2.821852768000391,7.950828286667452,0.9832081355497498,8.493834335925913,21.422609859313365,ok,0.6868001768676274,0.49614184914659587,46841.09375361163,0.00017799108939333514,0.00032237122251291413,73.21152771237509,0.929247925063543,0.03455074203737522,200704,run_err_weight_norm_sweep.py
margin,14,1.0,0.35,0.07142857142857142,,,0.0,0.638,1.0,319,500,500,0.638,5.315156233322404,17.356938997232906,5.940969783365439,19.099982699079902,2.8233673756730773,7.934650097255119,0.9797213125706108,8.478792918463737,20.897350752172926,ok,0.6345071815805098,0.4341201031526487,49517.03808945009,0.0001927511447831783,0.0003195767125409561,91.49929687581499,0.9084091545647193,0.03502194401064424,200704,run_err_weight_norm_sweep.py
margin,14,1.0,0.4,0.07142857142857142,,,0.0,0.594,1.0,297,500,500,0.594,5.223700135874586,17.167453238219547,5.783731343931354,18.853647977374695,2.793650451909144,7.921985952740219,0.9799670645923735,8.45710823689465,20.663560239835636,ok,0.5866225678058812,0.38301794388903343,53029.278707952406,0.00021000604887662865,0.00031183011983126614,114.29866880694387,0.8867796035358202,0.03499052905947562,200704,run_err_weight_norm_sweep.py
margin,14,1.0,0.45,0.07142857142857142,,,0.0,0.586,1.0,293,500,500,0.586,5.024666779652925,16.78730414845115,5.655319153120551,18.413133669823967,2.782298588247246,7.915376413158386,0.981261152424797,8.44732162554527,20.258349740001275,ok,0.5391852379805904,0.3152458751521471,59183.77241524173,0.00024616108311137645,0.00030722133282773964,165.7095776738047,0.8404503352718199,0.03530728830915638,200704,run_err_weight_norm_sweep.py
margin,14,1.0,0.5,0.07142857142857142,,,0.0,0.476,1.0,238,500,500,0.476,4.970083443886931,16.83574797131982,5.336450669460705,18.34725715033683,2.8034769622955955,7.918835191576098,0.9776767781139741,8.45714406593204,20.202602077270033,ok,0.4923967803772589,0.2715255209512976,67229.07565231771,0.0002918837562449411,0.00030394583980284024,233.02558646105737,0.8019006807513616,0.0346458136515166,200704,run_err_weight_norm_sweep.py
margin,14,1.0,0.55,0.07142857142857142,,,0.0,0.436,1.0,218,500,500,0.436,4.82229803745753,16.48906856447468,4.903312263106325,17.865788861271778,2.7917851574444903,7.920059167163492,0.9743461864500212,8.454037619253153,19.765049043786615,ok,0.45159331098488864,0.2228671036536677,84910.70267170628,0.0004176369166836852,0.0003541979136057533,425.5050575422303,0.7311612066292807,0.0338574527602556,200704,run_err_weight_norm_sweep.py
margin,14,1.0,0.6,0.07142857142857142,,,0.0,0.396,1.0,198,500,500,0.396,4.613747157344289,15.86621586864172,4.374518892511404,17.09268511273697,2.751897541944096,7.897873937138952,0.952381747742087,8.417623405791504,19.052985807083072,ok,0.4089568710128685,0.16831524601696785,112991.03223498765,0.0006688435294339224,0.0005532752272127827,978.0500122222144,0.59328644567774,0.03259239217142082,200704,run_err_weight_norm_sweep.py
margin,14,1.0,0.65,0.07142857142857142,,,0.0,0.334,1.0,167,500,500,0.334,4.389007900973994,13.83036443281716,3.4723629357019576,14.919774631561388,2.765477191348119,7.885165965283002,0.955482120164016,8.410508455371602,17.127064183171033,ok,0.40965169270278473,0.16775264831194578,296009.45882956777,0.004303422867480698,0.004144844373150916,10495.601825315642,0.34653669773711604,0.03261883093136266,200704,run_err_weight_norm_sweep.py
margin,14,1.0,0.7,0.07142857142857142,,,0.0,0.286,0.642,143,321,500,0.286,3.7603087520921483,10.980833612233823,1.8509836148625995,11.753500290258843,2.762503577867625,7.896062717624925,0.9589230496926506,8.420140490136113,14.458337904017332,ok,199.8193145081049,199.56957537265663,1923398056.8792863,9483.260577271829,9483.260547582477,91401886036.56949,0.03502853267011574,0.03155106528638352,200704,run_err_weight_norm_sweep.py
margin,14,1.0,0.75,0.07142857142857142,,,0.0,0.238,0.298,119,149,500,0.238,3.0208150088916406,8.213291387271422,0.3136646586205025,8.756818157769375,2.7692310519607863,7.903179974831891,0.9626860632298405,8.429451867711483,12.154732536683152,ok,0.2506926875574528,0.013309509587175045,4148.357156250354,7.210421115354404e-05,0.0009580349166788013,434.81039766632244,0.0018314141560354935,0.030931790522798465,200704,run_err_weight_norm_sweep.py
margin,15,1.0,0.01,0.06666666666666667,,,0.0,0.98,1.0,490,500,500,0.98,5.933705778991808,17.66690211731482,6.482407299196614,19.731951223513125,2.920404788498505,8.04728807620547,1.038231268010514,8.6235453078185,21.53405286431469,ok,0.9574459597601257,0.7974444855746116,41754.44615374398,0.0001261478116711817,0.00027249397494984715,31.57769447721951,0.9806812086505972,0.027742589492814555,200704,run_err_weight_norm_sweep.py
margin,15,1.0,0.02,0.06666666666666667,,,0.0,0.98,1.0,490,500,500,0.98,5.803697463123766,17.86911233225734,6.4676373883549125,19.870038076801638,2.9353167506491467,8.073514447640102,1.0461393352934565,8.654023773467644,21.672806478287256,ok,0.945461597577442,0.7786744329217455,42875.84876051013,0.0001388755394007954,0.00028833432745227754,35.79252241932281,0.9770498019855386,0.029718479392931645,200704,run_err_weight_norm_sweep.py
margin,15,1.0,0.03,0.06666666666666667,,,0.0,0.972,1.0,486,500,500,0.972,5.798708967485943,17.443768285593464,6.456751631741949,19.48331900177895,2.8760522673767395,8.024424332975064,1.057596050920381,8.58962001064352,21.292752082629626,ok,0.9311591143964812,0.7675958986256847,40823.43680458297,0.00012604965938678518,0.0002814657880969389,32.62700466616985,0.9780967385303637,0.02835348301705001,200704,run_err_weight_norm_sweep.py
margin,15,1.0,0.04,0.06666666666666667,,,0.0,0.964,1.0,482,500,500,0.964,5.684627494006702,16.84001272493276,6.596504206268143,18.958240584633042,2.95669854634436,8.05209222565259,1.0484773705453858,8.64161792148412,20.83488532163647,ok,0.9170698389571477,0.7554345542189781,40597.02369559413,0.0001348288854666482,0.0003035146514089997,35.419806874339365,0.9738991620685907,0.030494226435752985,200704,run_err_weight_norm_sweep.py
margin,15,1.0,0.05,0.06666666666666667,,,0.0,0.954,1.0,477,500,500,0.954,5.7073738052780305,17.069142655500983,6.563752771192455,19.157572841786447,2.8825362313484004,8.019673739661807,1.0459236155123137,8.585926754005287,20.993587959505575,ok,0.9151441620175919,0.732777978622241,44041.08062900149,0.0001441224945741952,0.0002872835971338626,39.67883117914367,0.9739517640363251,0.029973769189055338,200704,run_err_weight_norm_sweep.py
margin,15,1.0,0.06,0.06666666666666667,,,0.0,0.93,1.0,465,500,500,0.93,5.922588071442024,17.3643945034571,6.446672255828177,19.446306310190202,2.881359212154351,8.07083979635336,1.0665380161028493,8.635866445682245,21.27761777966236,ok,0.9054181614837088,0.7365523549548825,41934.210659548895,0.00013334045275703688,0.00028619691457063424,36.16944895946666,0.9751006692994098,0.029196325795403003,200704,run_err_weight_norm_sweep.py
margin,15,1.0,0.07,0.06666666666666667,,,0.0,0.946,1.0,473,500,500,0.946,5.723283237312274,17.638791400368017,6.407473969890207,19.619853611967063,2.895772752654176,8.018235517214153,1.036810233337248,8.58793200395076,21.417078042055568,ok,0.9000403569330672,0.7287021369969945,43014.06058341578,0.00014341554056655572,0.00029631583666556117,39.52268300230224,0.9724032372765271,0.03058637820690946,200704,run_err_weight_norm_sweep.py
margin,15,1.0,0.08,0.06666666666666667,,,0.0,0.91,1.0,455,500,500,0.91,5.766732228451709,17.683166980754923,6.459903001489438,19.689589682179186,2.878552786506584,7.979345712238237,1.0489182722076653,8.547295109090985,21.464766375026485,ok,0.8904522301722708,0.7160320593116981,43329.789679278474,0.00014381374140649722,0.0002938725152951185,40.39170006367487,0.9717858242914029,0.030435695625882376,200704,run_err_weight_norm_sweep.py
margin,15,1.0,0.09,0.06666666666666667,,,0.0,0.906,1.0,453,500,500,0.906,5.741816203770426,17.703788049642576,6.421442630826946,19.688257670132966,2.8621509371447478,8.004967049526261,1.0361426879482305,8.564169377166026,21.47026984474899,ok,0.8795706630577314,0.7078843737358774,44069.92102657298,0.0001482912145123952,0.0002953008998263023,42.26744474257633,0.9705984032987167,0.03081921662902628,200704,run_err_weight_norm_sweep.py
margin,15,1.0,0.1,0.06666666666666667,,,0.0,0.904,1.0,452,500,500,0.904,5.699821607617352,17.523545120731924,6.4672829230892575,19.52916660700787,2.894320646338675,8.056002509537993,1.0323884785344146,8.62218617336203,21.347843984168207,ok,0.8702170221396167,0.6950388853198609,43539.345155933006,0.0001498271107677145,0.0003039184274759346,43.39279820360375,0.9680078509449201,0.03154556456138215,200704,run_err_weight_norm_sweep.py
margin,15,1.0,0.11,0.06666666666666667,,,0.0,0.888,1.0,444,500,500,0.888,5.6479751666787115,16.94806400294426,6.4998893886706375,19.010130430806296,2.869441269196771,8.04518456526798,1.0241680183893096,8.602767462653354,20.866064962343877,ok,0.8564839121895698,0.6766639705056786,43668.21250986834,0.00015008494314362373,0.00030308302633751626,44.673256128922695,0.9664296136499145,0.03150083451640072,200704,run_err_weight_norm_sweep.py
margin,15,1.0,0.12,0.06666666666666667,,,0.0,0.888,1.0,444,500,500,0.888,5.666136773545733,17.261433894475996,6.43993975064254,19.27524396789306,2.888394861563848,8.084294981610242,1.0475979065913006,8.648474524440218,21.12655063236044,ok,0.8474207127282853,0.6617996814174383,43943.6517974563,0.0001531335843709902,0.0003062862808514622,46.66125135210286,0.9641136077586147,0.03192440181297231,200704,run_err_weight_norm_sweep.py
margin,15,1.0,0.13,0.06666666666666667,,,0.0,0.86,1.0,430,500,500,0.86,5.657735776973632,17.974344817186324,6.3100389363538305,19.872182494820787,2.8644199917202364,8.016966475133424,1.0367588420779767,8.576218411922977,21.643824970565355,ok,0.8422928880714406,0.6664203196115371,45089.11413461142,0.00016411612757722698,0.0003155120030630736,49.90450658779622,0.9619635676202354,0.03326503737057087,200704,run_err_weight_norm_sweep.py
margin,15,1.0,0.14,0.06666666666666667,,,0.0,0.876,1.0,438,500,500,0.876,5.573160628448427,16.878804973500625,6.525107904393585,18.9349203824029,2.9178309733637526,7.999527352404003,1.0108647752448883,8.574848281154107,20.786034564888716,ok,0.8259757454545896,0.6496400673774815,44076.77166424738,0.00015725698261953732,0.0003130816289102414,48.8430340125729,0.961138431984012,0.03267715832948817,200704,run_err_weight_norm_sweep.py
margin,15,1.0,0.15,0.06666666666666667,,,0.0,0.858,1.0,429,500,500,0.858,5.6223559947249315,16.83049473064829,6.473272660608014,18.888612938709247,2.877372131083395,8.027890300475455,1.0331832703781147,8.590329488872502,20.750264082072952,ok,0.8172606217951043,0.6403401925121781,43007.535245989726,0.00015661919108581185,0.000323675944128271,49.115621370707764,0.9579930557345584,0.0334080530435865,200704,run_err_weight_norm_sweep.py
margin,15,1.0,0.16,0.06666666666666667,,,0.0,0.832,1.0,416,500,500,0.832,5.621185932901328,17.033788288896716,6.503117791560351,19.079785527466274,2.930120242901518,8.012651025625297,1.0250593915184343,8.592958038560152,20.92551417830795,ok,0.8102115878181477,0.6315284979080449,44650.467820957194,0.00016765076080804805,0.00032720515694867195,53.69715575589249,0.9550311491766319,0.034349359714237894,200704,run_err_weight_norm_sweep.py
margin,15,1.0,0.17,0.06666666666666667,,,0.0,0.838,1.0,419,500,500,0.838,5.711454529847678,18.213984590867565,6.243674897991244,20.08366061639871,2.8813027018156236,8.019075573045027,1.022111693635182,8.582085447020626,21.84045819974132,ok,0.8046267285571828,0.6183144690713508,45304.50806079668,0.00016060627412071721,0.00030650103430202627,52.683427074654176,0.9583448751369344,0.032382312009280316,200704,run_err_weight_norm_sweep.py
margin,15,1.0,0.18,0.06666666666666667,,,0.0,0.808,1.0,404,500,500,0.808,5.589186669096279,17.51385860571166,6.353934690209424,19.451137162909284,2.893789119023493,7.982395360149853,1.0210639424472663,8.551913395590875,21.248104848574076,ok,0.7872895779040346,0.6032291930533898,43913.581084838865,0.00015982225753942224,0.0003200290818054758,53.41978102864528,0.9533891769938435,0.0333456010944382,200704,run_err_weight_norm_sweep.py
margin,15,1.0,0.19,0.06666666666666667,,,0.0,0.822,1.0,411,500,500,0.822,5.531863396787257,17.415595954475158,6.375046777860387,19.353183627252502,2.8593726679266087,7.995900952186358,1.0141826639423575,8.55213485435664,21.15856155501257,ok,0.7808971495206151,0.5892821892412045,45690.311786457125,0.0001721436427657449,0.0003241991642859625,59.3439493289771,0.9489414937221534,0.03437927580867982,200704,run_err_weight_norm_sweep.py
margin,15,1.0,0.2,0.06666666666666667,,,0.0,0.818,1.0,409,500,500,0.818,5.624521367584465,17.637866856242585,6.260786193486656,19.54295350282316,2.8771084331123813,7.984007773520676,1.0018670050774598,8.54551757118244,21.329624989035693,ok,0.7779625801525055,0.5954064071502541,46710.81968390426,0.00017197024965417404,0.00031283862583505974,58.91252497177257,0.9526461952626015,0.03348975553044585,200704,run_err_weight_norm_sweep.py
margin,15,1.0,0.25,0.06666666666666667,,,0.0,0.734,1.0,367,500,500,0.734,5.475615273919735,17.692935597020675,6.185244404145272,19.526381667050217,2.9279861189273464,7.993358238252571,0.9957807146312266,8.57079097104246,21.324587660178043,ok,0.7313883530654468,0.5411352211343775,49084.44276123444,0.0001838372628012201,0.0003090882299241616,69.90485507257473,0.9430293569769866,0.03375951215838775,200704,run_err_weight_norm_sweep.py
margin,15,1.0,0.3,0.06666666666666667,,,0.0,0.696,1.0,348,500,500,0.696,5.567689103990493,17.81517714576697,6.016734015816811,19.610731422128023,2.846936471130965,7.967616246951361,0.9954779145319529,8.519326980909923,21.381293672706036,ok,0.6843194991141339,0.4786747807014598,51391.80420982788,0.0002023687002509228,0.0003160564341281865,87.67411610334759,0.9236058139836278,0.035105215025570825,200704,run_err_weight_norm_sweep.py
margin,15,1.0,0.35,0.06666666666666667,,,0.0,0.636,1.0,318,500,500,0.636,5.284977465112817,17.513389951841063,5.981654354880108,19.246558217854275,2.8387853835700416,7.959354342889508,0.9825591813234482,8.507376008761337,21.04294299254983,ok,0.630254330204452,0.42688183384281725,51845.1886543709,0.00020013556442347407,0.00030812531895332477,97.37206709251487,0.9096789800089065,0.034327302595703074,200704,run_err_weight_norm_sweep.py
margin,15,1.0,0.4,0.06666666666666667,,,0.0,0.6,1.0,300,500,500,0.6,5.1765945781597,17.4296146923068,5.872736483192096,19.107004829379328,2.7854442594652764,7.935773530784442,0.9831069009372005,8.467685659798514,20.899266350355035,ok,0.5846514375896894,0.3694146377439998,58636.294851744904,0.0002460620120261656,0.00031149833796178844,141.14274815370695,0.8757582092473452,0.03575855897658852,200704,run_err_weight_norm_sweep.py
margin,15,1.0,0.45,0.06666666666666667,,,0.0,0.522,1.0,261,500,500,0.522,5.149728847513369,17.382651663046843,5.531552059852187,18.954533870095343,2.788687830423947,7.9245835490230645,0.9733185120036042,8.45713622728229,20.75566205639806,ok,0.539677001673809,0.32210473716169596,60865.575024336016,0.00025953236234122845,0.0003104410397526818,171.77234959421554,0.8429398124415882,0.03575519492339226,200704,run_err_weight_norm_sweep.py
margin,15,1.0,0.5,0.06666666666666667,,,0.0,0.516,1.0,258,500,500,0.516,5.026443188857758,17.14774160689325,5.327810127980245,18.646601140888954,2.7811535606916067,7.914134186234557,0.977047525508409,8.445291996904324,20.46994604341637,ok,0.49769190695800825,0.27239003019635666,73967.4946006984,0.00034109494288349823,0.000318992112081304,276.2145268448535,0.7993700122567973,0.03480596608894994,200704,run_err_weight_norm_sweep.py
margin,15,1.0,0.55,0.06666666666666667,,,0.0,0.466,1.0,233,500,500,0.466,4.783044448719083,15.915698820344032,4.983793378065021,17.35007722096843,2.7627202825405552,7.92935057250788,0.9756630290645903,8.453350945487564,19.29985289532392,ok,0.45301444431365057,0.21477938807809505,91699.95015688724,0.00047649587592254734,0.00039391568785135167,513.2739917084793,0.7112049235675766,0.03380080879764478,200704,run_err_weight_norm_sweep.py
margin,15,1.0,0.6,0.06666666666666667,,,0.0,0.37,1.0,185,500,500,0.37,4.621710679671315,15.315212151645575,4.392552172520342,16.589467967503158,2.785149734778361,7.917819579840729,0.9525011820160829,8.447258990097747,18.616300166536867,ok,0.41659488208305273,0.17605702522799663,139772.81462083448,0.001014070256778821,0.0008755553453390488,1537.9225428364887,0.5688614383972709,0.03316285298782367,200704,run_err_weight_norm_sweep.py
margin,15,1.0,0.65,0.06666666666666667,,,0.0,0.342,0.98,171,490,500,0.342,4.252051166583382,14.002507070448674,3.346450887302093,15.011624726269078,2.77285410762766,7.894148303195289,0.9530114771552607,8.421076428261312,17.21230388800266,ok,0.36605079739775276,0.12642073405516838,205333.4993152044,0.0020249346789234643,0.001876994112839928,5191.2246923175935,0.33825538684089185,0.03158945363606147,200704,run_err_weight_norm_sweep.py
margin,15,1.0,0.7,0.06666666666666667,,,0.0,0.272,0.688,136,344,500,0.272,3.6995610065699824,11.201214369549417,1.7749950194530306,11.929147593730933,2.756649209987964,7.8953435269723204,0.9634894095521185,8.41806843154355,14.600288984508717,ok,425.98864173563334,425.7396324025554,5030881259.432873,9961.372462563933,9961.372434678402,117713740112.90388,0.023977298846104445,0.031281449973004034,200704,run_err_weight_norm_sweep.py
margin,15,1.0,0.75,0.06666666666666667,,,0.0,0.276,0.286,138,143,500,0.276,3.2224102411872377,8.600817190721159,0.5533780446215992,9.201315741293863,2.776271626548402,7.883715544711879,0.9539393934735675,8.41252966120953,12.467352031274018,ok,-0.14273905452881508,-0.39339315154083554,31495134.248634502,28.397988877100403,28.397840967014897,2280833279.578748,0.0005889540019557993,0.02971672960628689,200704,run_err_weight_norm_sweep.py
margin,16,1.0,0.01,0.0625,,,0.0,0.986,1.0,493,500,500,0.986,5.736917976495203,17.0912141662453,6.574180318969537,19.189624186310276,2.8987054084080364,8.059552693599079,1.0530733023956516,8.629475421243903,21.040663546040484,ok,0.9413640747960229,0.7806384057139949,41985.19339631582,0.00012988446080392874,0.0002782807575212917,33.25036026596307,0.9789457456611314,0.028404697412401838,200704,run_err_weight_norm_sweep.py
margin,16,1.0,0.02,0.0625,,,0.0,0.974,1.0,487,500,500,0.974,5.868512272006241,17.9461435450238,6.493477916945691,19.966691260275166,3.0270169580108712,8.051953599167614,1.034842405561331,8.664161080657587,21.765487523019797,ok,0.9474276996991244,0.7808270373534786,46269.29507768453,0.00014944785570053341,0.00027595501464984854,38.972018962797115,0.978122835272828,0.02942258910841284,200704,run_err_weight_norm_sweep.py
margin,16,1.0,0.03,0.0625,,,0.0,0.972,1.0,486,500,500,0.972,5.701434556398966,17.557767226950176,6.54283128624249,19.585458565908013,2.904059661433652,8.035255441716386,1.0695440997154844,8.610622341737857,21.394695705920537,ok,0.9314991527744865,0.7657347874818171,44673.34676854328,0.00014521635038949095,0.000283196256564261,38.3634730019333,0.9765637498253847,0.02973614819868561,200704,run_err_weight_norm_sweep.py
margin,16,1.0,0.04,0.0625,,,0.0,0.968,1.0,484,500,500,0.968,5.774751505934411,17.382917706460507,6.505543183697095,19.437995654383137,2.985773008757298,8.057712322279604,1.0261433692056954,8.65416307580375,21.277457874530565,ok,0.9198308309687322,0.7565588323455782,43496.45399815145,0.00014426963141105057,0.00029309118876219754,38.37801945072195,0.974729288712022,0.030407891852268967,200704,run_err_weight_norm_sweep.py
margin,16,1.0,0.05,0.0625,,,0.0,0.966,1.0,483,500,500,0.966,5.811102424798298,17.939302440294956,6.465482047139528,19.934641745909374,2.9073919493326614,8.046900984342528,1.0407582085756217,8.619090500022299,21.718164346586185,ok,0.9137406709156888,0.7475226511946695,45148.96864520847,0.00015061386264610525,0.00028895020984365813,40.84023462884529,0.974299665854439,0.030482617329015322,200704,run_err_weight_norm_sweep.py
margin,16,1.0,0.06,0.0625,,,0.0,0.954,1.0,477,500,500,0.954,5.773697998199203,17.226829928097768,6.506123022241827,19.298416896900108,2.8980137857187565,7.987171307704865,1.0360806764492956,8.559605865280915,21.111507461465443,ok,0.9008476469097548,0.7243352460277379,44987.314165873766,0.0001514610083708139,0.0002922039270330606,42.355908846664995,0.9721291097865938,0.030776959510192093,200704,run_err_weight_norm_sweep.py
margin,16,1.0,0.07,0.0625,,,0.0,0.934,1.0,467,500,500,0.934,5.804835172599987,17.920769101105897,6.47233065073703,19.918361895715115,2.9194453944688536,8.05600203416593,1.027706357834301,8.630093310254765,21.70759431978541,ok,0.9009388370664977,0.7209877026707212,46624.14389411349,0.00015420673428716275,0.000281349148750095,43.61100538312868,0.9733410710951975,0.03009507514180624,200704,run_err_weight_norm_sweep.py
margin,16,1.0,0.08,0.0625,,,0.0,0.9,1.0,450,500,500,0.9,5.734169153369944,17.814896693362417,6.510138175094198,19.81497259986633,2.8744790444866823,8.04288313376836,1.0250573543663164,8.60240323749062,21.60172401901854,ok,0.8879141112570882,0.7122068274905236,47110.49985292304,0.0001583896614880985,0.00028429803856647553,45.430997056511174,0.9719768953524597,0.030542926347132935,200704,run_err_weight_norm_sweep.py
margin,16,1.0,0.09,0.0625,,,0.0,0.91,1.0,455,500,500,0.91,5.682858514586362,17.56395581004909,6.5225613333845445,19.57884651714516,2.883628432531148,8.06273307712902,1.039301204252732,8.625724584236018,21.394727283726258,ok,0.869775200807803,0.696329923299806,43408.42007076497,0.0001529655881226371,0.00031171127643341126,44.19349738118765,0.9665791769294892,0.032310021546045065,200704,run_err_weight_norm_sweep.py
margin,16,1.0,0.1,0.0625,,,0.0,0.914,1.0,457,500,500,0.914,5.722376496960041,17.894589863506088,6.465235071353346,19.868598432801264,2.928066265388362,8.058071123688071,1.0265675070455815,8.634808807115688,21.66382068840479,ok,0.8666474350395486,0.6839235687289268,45744.150048799536,0.00016256823476831157,0.0003056016570132443,48.29833213030298,0.9657004193902431,0.032423727035220756,200704,run_err_weight_norm_sweep.py
margin,16,1.0,0.11,0.0625,,,0.0,0.908,1.0,454,500,500,0.908,5.659550552130933,17.579478756803912,6.5087355594875635,19.58142549449308,2.877329996548962,8.017160723062903,1.0372965990205296,8.580785407105953,21.379010795618818,ok,0.8534511522625132,0.6815803347996455,45469.53351779135,0.00016407235731593107,0.00031132881157342027,48.858465527905125,0.9643328331940431,0.03294530976952725,200704,run_err_weight_norm_sweep.py
margin,16,1.0,0.12,0.0625,,,0.0,0.882,1.0,441,500,500,0.882,5.67946314204605,17.63659561638077,6.446959199682897,19.618080676762876,2.855422811490898,8.010418900845831,1.0327209615075281,8.566607437238371,21.406911323769357,ok,0.845915742244858,0.6711878708882265,45144.81615863019,0.00016090651054638956,0.00030874017950351427,48.59255906042554,0.9639921239419357,0.0325690413289442,200704,run_err_weight_norm_sweep.py
margin,16,1.0,0.13,0.0625,,,0.0,0.882,1.0,441,500,500,0.882,5.594082380254893,17.500988285224036,6.496307914945645,19.487954360640643,2.8885214678107065,8.06402194551213,1.0437868205838345,8.629107551452181,21.31295057698351,ok,0.8328476315666368,0.6531711356594658,45819.41944176811,0.00016267356640443792,0.0003050089040515739,50.620667133391215,0.9626235963024128,0.03238405827048624,200704,run_err_weight_norm_sweep.py
margin,16,1.0,0.14,0.0625,,,0.0,0.88,1.0,440,500,500,0.88,5.593971642306738,17.914117788902438,6.414996247330885,19.833313181182614,2.8854852242478994,8.027490618677843,1.0139273865142757,8.590382957554185,21.61376855387115,ok,0.8299715826026498,0.6408812033583866,48426.80049740492,0.00016505395025356498,0.0002835669453340689,52.8693681824902,0.9652690671908168,0.03080828104494757,200704,run_err_weight_norm_sweep.py
margin,16,1.0,0.15,0.0625,,,0.0,0.868,1.0,434,500,500,0.868,5.59495340754018,17.565037384547217,6.45479610699214,19.531984915413172,2.869527080521435,8.033158581121196,1.0627825714386328,8.59623925036063,21.339956981806885,ok,0.8116961548677207,0.6298960575130994,45621.989262676005,0.0001660524261490422,0.0003134489121372428,53.538642740806914,0.9578707482171133,0.033217972930597674,200704,run_err_weight_norm_sweep.py
margin,16,1.0,0.16,0.0625,,,0.0,0.81,1.0,405,500,500,0.81,5.738138590494209,17.848188507966817,6.3095987717948,19.781180555282138,2.855016153268162,8.004168323929015,1.0166538367770215,8.558703921566874,21.55334120218293,ok,0.810038159416337,0.6284981854375207,45791.51529189865,0.00016400789828998938,0.0003078020545937702,53.03348446896174,0.9590554439709031,0.032672054496881146,200704,run_err_weight_norm_sweep.py
margin,16,1.0,0.17,0.0625,,,0.0,0.86,1.0,430,500,500,0.86,5.657176966608639,17.628893851595574,6.392966418182542,19.587025534428683,2.8704622002252234,8.009024306462281,1.0167794752706825,8.568422496921892,21.37918224282955,ok,0.8011550529777928,0.6155188324363616,46341.6697072689,0.00017223272709592532,0.0003172463174461169,56.99238566758392,0.9545500253956917,0.03384771178029464,200704,run_err_weight_norm_sweep.py
margin,16,1.0,0.18,0.0625,,,0.0,0.822,1.0,411,500,500,0.822,5.689754673214597,18.075007896105042,6.350109461515263,19.985072150454016,2.8940682137361553,8.001110307191867,1.0118447246285198,8.568385304149697,21.74443228919121,ok,0.797858191904471,0.6038051657356857,48996.9641750048,0.0001843612891492678,0.0003108762168938975,62.80769737958841,0.9532563374663997,0.033930791441014775,200704,run_err_weight_norm_sweep.py
margin,16,1.0,0.19,0.0625,,,0.0,0.802,1.0,401,500,500,0.802,5.476209022335571,17.00783147009167,6.500492854630002,19.013458494562368,2.8636691831160594,8.01521736357755,1.0205714361649494,8.572390368621779,20.856593215491483,ok,0.777161411455849,0.5842514672303928,47933.44509922847,0.000178707870344437,0.00031205790371797694,62.67884813113708,0.9504523628273336,0.033765142870077675,200704,run_err_weight_norm_sweep.py
margin,16,1.0,0.2,0.0625,,,0.0,0.796,1.0,398,500,500,0.796,5.633680866622198,18.080083083240382,6.258699034937524,19.944901052994673,2.844237196762468,7.972999585920534,1.0186769740319865,8.526201405430157,21.69090105135578,ok,0.7714977506762563,0.5786724537720687,47303.43092075076,0.00017545895946266595,0.00031290154977979724,61.986029382479835,0.9496436119749698,0.033673097488826645,200704,run_err_weight_norm_sweep.py
margin,16,1.0,0.25,0.0625,,,0.0,0.798,1.0,399,500,500,0.798,5.516573991806221,17.36366902831272,6.328295412830215,19.28670302472424,2.846653975146528,7.987486513892058,0.9990728596565811,8.538239059825358,21.092141660026716,ok,0.723943836033161,0.5323580891366365,49818.47784763296,0.00019356243880596177,0.0003177843957257482,75.00783095986615,0.9376304872536948,0.03490593154401183,200704,run_err_weight_norm_sweep.py
margin,16,1.0,0.3,0.0625,,,0.0,0.688,1.0,344,500,500,0.688,5.456137590135241,17.749320640122075,6.160424392043281,19.56421859616254,2.826171563918934,7.970680054974978,1.0018756409618563,8.516028478547534,21.337323879199676,ok,0.6835870658869583,0.476331712019971,55188.410947876924,0.00022299619590180936,0.0003105230000228613,98.2341201316432,0.9231390629351962,0.03523330005785817,200704,run_err_weight_norm_sweep.py
margin,16,1.0,0.35,0.0625,,,0.0,0.652,1.0,326,500,500,0.652,5.251600299757052,17.65353083138139,6.062271808156082,19.390141721991245,2.83324794152669,7.968066986348771,0.9973109729664102,8.515398673808855,21.17757329282114,ok,0.6320135113465329,0.417289268060246,58462.082054911545,0.00023800104059948927,0.00030266864767781375,120.7990127307295,0.9050572095560103,0.03473111730729203,200704,run_err_weight_norm_sweep.py
margin,16,1.0,0.4,0.0625,,,0.0,0.602,1.0,301,500,500,0.602,5.194634426295376,17.331234774151238,5.884430963089205,19.025836469889178,2.7955825046232157,7.94369115903343,0.987183673634488,8.478917523820584,20.82965423992239,ok,0.5875342765137369,0.3716617422270954,60888.37406875611,0.000250847785135138,0.0002999225998787163,143.89377372576618,0.8844642040304289,0.03454415501670184,200704,run_err_weight_norm_sweep.py
margin,16,1.0,0.45,0.0625,,,0.0,0.528,1.0,264,500,500,0.528,5.083944142461234,17.353959888359388,5.635867830872857,18.941209519392366,2.7865950397873016,7.93925059131768,0.9797098953883904,8.470929308324278,20.749121942967786,ok,0.5374837713707792,0.30857679053967135,69056.7261504406,0.00031026827775254594,0.00031255368229029433,218.99168923171797,0.8337820086548776,0.035322607524629394,200704,run_err_weight_norm_sweep.py
margin,16,1.0,0.5,0.0625,,,0.0,0.5,1.0,250,500,500,0.5,4.92972915695291,16.842240904686125,5.4166809642594265,18.365830798549915,2.8099884939191484,7.950381934334059,0.9718139540397296,8.488170038295046,20.23246825080851,ok,0.5002263161696923,0.2810084719088019,78128.52886065339,0.00037087482709454887,0.0003308307021215062,294.30201695437404,0.8092498876699283,0.03459325904910603,200704,run_err_weight_norm_sweep.py
margin,16,1.0,0.55,0.0625,,,0.0,0.454,1.0,227,500,500,0.454,4.77737827241765,16.08198991000681,4.982790651271454,17.500912698991655,2.806160759037875,7.924506227533998,0.9748782248629233,8.4630210155181,19.439770317748827,ok,0.44170693951522305,0.2048837285584253,91936.84746214382,0.000485562671778073,0.0004012107949258098,548.6575827752583,0.684906457261702,0.03430173403842417,200704,run_err_weight_norm_sweep.py
margin,16,1.0,0.6,0.0625,,,0.0,0.394,1.0,197,500,500,0.394,4.50124473708125,15.038982427557276,4.374632200172728,16.296306438155437,2.7694568146520684,7.923913937241052,0.9715602816365335,8.449984172404077,18.356792640331964,ok,0.39871046802391663,0.15912923373828294,121985.30908968167,0.0007361220789718984,0.0006172861694866932,1169.8737498087883,0.5759467825444788,0.031129552361903907,200704,run_err_weight_norm_sweep.py
margin,16,1.0,0.65,0.0625,,,0.0,0.3,0.946,150,473,500,0.3,4.250351758470168,13.96030788530877,3.2871367702855507,14.958641464715571,2.7756065067245537,7.917460905963115,0.9599160449665152,8.44462062445733,17.177676558863197,ok,0.3464598432833988,0.09630882410566599,189411.94820689154,0.0017911567867901867,0.00164018452644042,5760.319561055896,0.23244740368411843,0.03270849757390073,200704,run_err_weight_norm_sweep.py
margin,16,1.0,0.7,0.0625,,,0.0,0.288,0.502,144,251,500,0.288,3.648795863814363,11.016519380888004,1.7063742030278333,11.72983902046523,2.778103307418321,7.901628552469179,0.941774855951835,8.428554540796892,14.444017969153064,ok,0.27395895119355396,0.02220844755965821,251400.59765065595,0.0028727465999830114,0.0027261888515765476,47443.14842648211,0.013012270791368907,0.030544214912725402,200704,run_err_weight_norm_sweep.py
margin,16,1.0,0.75,0.0625,,,0.0,0.256,0.254,128,127,500,0.256,3.116761141375105,8.362953936199862,0.3835702058555106,8.933102745082845,2.7482205104264414,7.890718853210578,0.9622671634415438,8.410833376555457,12.269573861482963,ok,-76.95580108265722,-77.20777438284122,2848076374.012172,12214.331414184373,12214.331432628856,450583508845.142,0.0026158419818661516,0.03066818411510841,200704,run_err_weight_norm_sweep.py
margin,17,1.0,0.01,0.058823529411764705,,,0.0,0.992,1.0,496,500,500,0.992,5.831044930657699,17.710136548589645,6.544691313378267,19.760642852408637,2.9611643752089236,8.139871001790643,1.0313737997699062,8.722942525183258,21.60029472572305,ok,0.9428374062412007,0.7700797219462535,45752.6570120557,0.00014982743830206923,0.000281581379879657,39.53402930866386,0.976766536812088,0.02987727361294823,200704,run_err_weight_norm_sweep.py
margin,17,1.0,0.02,0.058823529411764705,,,0.0,0.976,1.0,488,500,500,0.976,5.801338811209791,17.3540973623784,6.600325537510397,19.452108483824315,2.9336475946434897,8.07028380663074,1.0496242855006372,8.650865856654848,21.289011356479342,ok,0.9264558082146741,0.7511583845810216,44946.3886426796,0.00014424059869940298,0.00027867826845988163,38.889357424552486,0.9763387958835582,0.029340197729324304,200704,run_err_weight_norm_sweep.py
margin,17,1.0,0.03,0.058823529411764705,,,0.0,0.974,1.0,487,500,500,0.974,5.825490217905735,17.39651793333958,6.554332017703282,19.481643685331363,2.965439104659323,8.069727976182348,1.056362208021244,8.66199975799805,21.320522519154395,ok,0.9170381959423879,0.7445448155865453,44030.894905679204,0.00014145550142548844,0.0002820714934586236,38.32724493693402,0.9756372276873504,0.029426769149789155,200704,run_err_weight_norm_sweep.py
margin,17,1.0,0.04,0.058823529411764705,,,0.0,0.964,1.0,482,500,500,0.964,5.705070210901587,17.132432288922935,6.656454332499533,19.24516683550698,2.9037279907144553,8.075027107925502,1.0606985842597993,8.646547318117275,21.098322849244173,ok,0.906058648689712,0.7199163513358423,45832.516822039746,0.0001499615887206126,0.00028104839017416115,42.340782433791404,0.9735753061301963,0.02984376705687924,200704,run_err_weight_norm_sweep.py
margin,17,1.0,0.05,0.058823529411764705,,,0.0,0.96,1.0,480,500,500,0.96,5.80638245676843,18.25185337029185,6.4804418425068935,20.21980106625721,2.891454928054598,8.014924318053852,1.0276056090114556,8.582278060793302,21.965788214215994,ok,0.9120450957939984,0.734966995964726,47314.109355964385,0.00014953189577631445,0.0002665674496941414,41.59444637806331,0.9766955003011285,0.02868956644113108,200704,run_err_weight_norm_sweep.py
margin,17,1.0,0.06,0.058823529411764705,,,0.0,0.956,1.0,478,500,500,0.956,5.6754043254415185,17.58774166097046,6.5730965573498255,19.614904265443673,2.921410704764039,8.023424294339227,1.0280932418467812,8.600404271127832,21.417549415592678,ok,0.8954878476524657,0.712339892915992,46377.8908813787,0.00016060207055002871,0.00029546821548933006,45.92678828649511,0.9700728314896333,0.03153442051945579,200704,run_err_weight_norm_sweep.py
margin,17,1.0,0.07,0.058823529411764705,,,0.0,0.914,1.0,457,500,500,0.914,5.744848952839247,17.783476923050337,6.498017954518348,19.785842875673627,2.91002008004323,8.048893492964796,1.0501317778841868,8.622973969476426,21.583217053514353,ok,0.8889686757297642,0.7029678593701573,47820.48952888923,0.00015809607352260604,0.0002771244348441945,46.06546547901261,0.9724222605697869,0.02995601646239673,200704,run_err_weight_norm_sweep.py
margin,17,1.0,0.08,0.058823529411764705,,,0.0,0.882,1.0,441,500,500,0.882,5.650514397582475,17.84358335507369,6.551956520906682,19.830529850677244,2.90968738337539,8.029884470913787,1.0321659629851987,8.602946696355934,21.616211648180695,ok,0.8781400894434328,0.7002973592231218,47385.67474701952,0.00016491437887823334,0.0002932758165579608,48.15760131651033,0.969142529567704,0.031584096968561216,200704,run_err_weight_norm_sweep.py
margin,17,1.0,0.09,0.058823529411764705,,,0.0,0.918,1.0,459,500,500,0.918,5.695320192182708,18.129397255138237,6.535121946279009,20.0952615255148,2.9215444235018566,8.119954858236609,1.0086204575666369,8.688291198257401,21.893056883965574,ok,0.8716665110094224,0.6881234365564245,49057.238327661136,0.00016972671706663934,0.00028563137878096916,50.7478548434252,0.9690917984200991,0.031190423188491044,200704,run_err_weight_norm_sweep.py
margin,17,1.0,0.1,0.058823529411764705,,,0.0,0.868,1.0,434,500,500,0.868,5.783108917571813,18.409384153004748,6.409496992287408,20.333013188889204,2.9193602260998968,8.028181536780941,1.0441319324034886,8.6060777599037,22.079311577788186,ok,0.8679250480600796,0.6770177609969285,49454.5882946486,0.0001776762324247692,0.0002951703373649051,54.0714538137178,0.965864222836826,0.03233202120418502,200704,run_err_weight_norm_sweep.py
margin,17,1.0,0.11,0.058823529411764705,,,0.0,0.878,1.0,439,500,500,0.878,5.793330543317204,18.336314499388124,6.441265791912431,20.27986718907854,2.8662046988060297,7.9792631343076454,1.0203549837021153,8.539607358347606,22.004497427603496,ok,0.858691476907035,0.66343088982771,48861.01348261539,0.00017650558344654043,0.00029896115160170584,54.70055578532828,0.9638500005495617,0.03259487913082678,200704,run_err_weight_norm_sweep.py
margin,17,1.0,0.12,0.058823529411764705,,,0.0,0.91,1.0,455,500,500,0.91,5.708185928998595,17.99397601714099,6.516042098738855,19.970612512839956,2.891455252726131,8.020593663862414,1.0386644245989112,8.588903305209275,21.739241571964616,ok,0.8439972555746935,0.6552980738481147,48125.82309836685,0.00017044463585788445,0.0002957541148407001,53.33646011258944,0.9640359979719355,0.03205234631782831,200704,run_err_weight_norm_sweep.py
margin,17,1.0,0.13,0.058823529411764705,,,0.0,0.846,1.0,423,500,500,0.846,5.647252904367458,18.067315062062917,6.452935299296064,19.998992797004387,2.973032227047672,8.072487371653898,1.0271463575644033,8.663659886470239,21.794924077020017,ok,0.8315005132036354,0.6436399253112824,49665.73399014194,0.00017390994416397444,0.00028693720218825547,55.71093994730454,0.9642848962055058,0.03148114790915918,200704,run_err_weight_norm_sweep.py
margin,17,1.0,0.14,0.058823529411764705,,,0.0,0.854,1.0,427,500,500,0.854,5.75461806525487,18.308386088325513,6.342875665423781,20.212488761732782,2.8825953926478833,7.99479958795824,1.0207992292768446,8.559685024334964,21.95023712079207,ok,0.8282155882807442,0.6444705689588237,48738.989913955724,0.00017370845138735177,0.0002954097616922417,55.39312598705638,0.9626935152853183,0.03217595665531388,200704,run_err_weight_norm_sweep.py
margin,17,1.0,0.15,0.058823529411764705,,,0.0,0.842,1.0,421,500,500,0.842,5.691605019223904,17.60822224672983,6.529924245810781,19.62355138707348,2.887715370229828,8.003087573911658,1.0371045147405666,8.571108245125368,21.413726102450493,ok,0.8145670519181534,0.6123817164478164,49419.3580474,0.00017753141971100944,0.00029526434969898667,59.722666764357996,0.9585820600402158,0.03233361166015288,200704,run_err_weight_norm_sweep.py
margin,17,1.0,0.16,0.058823529411764705,,,0.0,0.826,1.0,413,500,500,0.826,5.620910776751001,17.937254767785152,6.43175540677426,19.86723997381611,2.9263458802135496,8.033017444574677,1.0363980523085832,8.612025917187715,21.653503517341242,ok,0.8069761433133854,0.6155350462717548,51486.93708205589,0.00018865375641980564,0.0002937458395314053,63.579791891156425,0.9585438339921006,0.03264810447012298,200704,run_err_weight_norm_sweep.py
margin,17,1.0,0.17,0.058823529411764705,,,0.0,0.828,1.0,414,500,500,0.828,5.720081575593929,18.158865068976638,6.393898446058159,20.083467110119557,2.8490378190319166,8.025630979821667,1.0175573477641966,8.576898744565913,21.838242677417757,ok,0.801114651430533,0.6008696831160902,50952.703396889585,0.00018400673639817254,0.0002913557767808488,63.41646146581336,0.9574742810639298,0.032265777851145,200704,run_err_weight_norm_sweep.py
margin,17,1.0,0.18,0.058823529411764705,,,0.0,0.866,1.0,433,500,500,0.866,5.584351920126604,18.297900908169943,6.409184954721152,20.17611993909761,2.9121928519674523,8.039285059851881,1.016179335943396,8.610667333221413,21.936713694632076,ok,0.7862991107469094,0.59388647144405,50205.54698327775,0.00018653369852097046,0.00030247841680517616,64.88023894150504,0.9536306798726004,0.033319632173546464,200704,run_err_weight_norm_sweep.py
margin,17,1.0,0.19,0.058823529411764705,,,0.0,0.802,1.0,401,500,500,0.802,5.604927480795935,18.356937639489928,6.3224378073820935,20.208057585857134,2.8888068357849415,8.00743501378247,1.0025038444242138,8.571419625272851,21.950736338123846,ok,0.7818361835928407,0.5890123610751731,51214.24541774609,0.00019237350742466112,0.0003021136755525766,67.6924661422055,0.9525381516890216,0.03351680166597502,200704,run_err_weight_norm_sweep.py
margin,17,1.0,0.2,0.058823529411764705,,,0.0,0.782,1.0,391,500,500,0.782,5.487072897823975,17.320994630836,6.4491776465998445,19.27995633565821,2.8978266162213786,8.022614015220462,1.0297079494292456,8.591858541433897,21.107741459021565,ok,0.7645800584465897,0.5688369622599868,49734.1414065573,0.000185362068118422,0.00030516692668542365,67.20354241163137,0.9490589425486405,0.03349830423220876,200704,run_err_weight_norm_sweep.py
margin,17,1.0,0.25,0.058823529411764705,,,0.0,0.79,1.0,395,500,500,0.79,5.471244134270128,17.622347821560677,6.358693308672747,19.51703450103548,2.907491177941581,8.043581966999227,1.0045802919846512,8.611730219455742,21.332522895506205,ok,0.7242105617639907,0.5211191613460828,53498.69929092447,0.00021176109417770538,0.0003099796643487386,84.83466211154165,0.9359521865345668,0.034875560109689854,200704,run_err_weight_norm_sweep.py
margin,17,1.0,0.3,0.058823529411764705,,,0.0,0.694,1.0,347,500,500,0.694,5.471214118035434,17.68419678040939,6.245157705664707,19.536299405523437,2.8211979017784055,7.979024888107869,1.006022066724907,8.522680104566938,21.314386470809723,ok,0.6766534827499537,0.475042031573162,55191.41899261833,0.0002186254072602991,0.0003044627965195199,96.5685215071106,0.9255190027379031,0.03454522303998063,200704,run_err_weight_norm_sweep.py
margin,17,1.0,0.35,0.058823529411764705,,,0.0,0.618,1.0,309,500,500,0.618,5.333852391267053,17.896485174325395,6.021297465079757,19.621166787162526,2.8737415275266316,7.971708032010181,1.0015392268868304,8.53285416127803,21.39625636010397,ok,0.6368339494056495,0.42225716000604857,63165.693831820296,0.00026940978117407423,0.000305235315955549,136.8517550013445,0.9051711989732134,0.03514532183580016,200704,run_err_weight_norm_sweep.py
margin,17,1.0,0.4,0.058823529411764705,,,0.0,0.546,1.0,273,500,500,0.546,5.248038632294485,17.741006073614333,5.880276071963336,19.412955794329225,2.8203313277400723,7.945412655333221,0.9923964143439166,8.48932869577825,21.18800496454408,ok,0.5865577877766638,0.3750549986639521,63428.42232830436,0.00026863081519281956,0.000302549538130979,153.73642438221125,0.8846385297759101,0.03482625607328812,200704,run_err_weight_norm_sweep.py
margin,17,1.0,0.45,0.058823529411764705,,,0.0,0.604,1.0,302,500,500,0.604,5.190336464504968,17.741874749178983,5.57437268482194,19.30770165140361,2.761293445951663,7.923075367763897,0.9773615476205035,8.447194822702373,21.074687267722467,ok,0.5435666826932026,0.31619941005088065,76563.51450538222,0.0003502545696547422,0.0003175388017889514,245.99295231566165,0.8498277558575049,0.033782924748793075,200704,run_err_weight_norm_sweep.py
margin,17,1.0,0.5,0.058823529411764705,,,0.0,0.5,1.0,250,500,500,0.5,4.979947868485076,16.652417168666805,5.389416036873858,18.197491133413177,2.801935147097891,7.917381471855459,0.9805313648171973,8.455602385212593,20.06603835457971,ok,0.4967604734270987,0.2655826098777394,83453.29340773173,0.0004000226404423365,0.00034213213576046335,340.6636864904486,0.7996284080643019,0.03340088053705172,200704,run_err_weight_norm_sweep.py
margin,17,1.0,0.55,0.058823529411764705,,,0.0,0.454,0.998,227,499,500,0.454,4.8450642786963485,16.411428429921262,4.877592547825756,17.793272325172023,2.7791205958144176,7.918039606461406,0.9757597522504463,8.448134089234333,19.69699240055232,ok,0.4360999386849719,0.20608003150913018,87989.3519366517,0.00044307421637474343,0.0003704897742401036,492.3187115741412,0.6975865263719383,0.03378231929377923,200704,run_err_weight_norm_sweep.py
margin,17,1.0,0.6,0.058823529411764705,,,0.0,0.43,1.0,215,500,500,0.43,4.522762583419788,15.4024302562168,4.307139773911102,16.620520214951508,2.764777758237356,7.902178203274301,0.9542475972845278,8.426090723797763,18.634395538929684,ok,0.40418410746004235,0.16446707847761421,138719.96114081622,0.0010126920875043984,0.000872892591314907,1638.7495709237137,0.5301584099915453,0.033605114778352145,200704,run_err_weight_norm_sweep.py
margin,17,1.0,0.65,0.058823529411764705,,,0.0,0.338,0.994,169,497,500,0.338,4.196468212954453,13.93172674381085,3.390938979125988,14.939940518178364,2.7621883488131687,7.89736388653817,0.9576469425188631,8.421112070102868,17.149838226174026,ok,0.714157372306305,0.4657428266235422,1187546.5947171105,0.06629869945066115,0.06614056994570311,183779.7548610776,0.30269831095363164,0.031723451568297666,200704,run_err_weight_norm_sweep.py
margin,17,1.0,0.7,0.058823529411764705,,,0.0,0.26,0.7,130,350,500,0.26,3.813922853034799,11.339108260268578,1.8892965758034408,12.111598788695686,2.7758851315471325,7.891262093993713,0.9374515178650127,8.417622648229955,14.74948122024394,ok,252.90262303132573,252.6569226000441,2048641317.9715416,11242.501436656477,11242.501360732655,91163079354.26817,0.050326466044517404,0.031038317240252085,200704,run_err_weight_norm_sweep.py
margin,17,1.0,0.75,0.058823529411764705,,,0.0,0.232,0.222,116,111,500,0.232,2.9878561895657554,8.206877972997619,0.2926523725575593,8.738751403053154,2.770449727175275,7.898728074373068,0.9434376549099467,8.423501142185286,12.137592330308358,ok,0.27345585349664275,0.023236105819886322,2630020.2883227137,0.3164464686817707,0.3162929593572529,37203407.42280562,0.00025675798206159506,0.030763975159723858,200704,run_err_weight_norm_sweep.py
margin,18,1.0,0.01,0.05555555555555555,,,0.0,0.996,1.0,498,500,500,0.996,5.906381426464104,18.103846969313185,6.5543178100943305,20.139356955943505,2.9390064495771315,8.010190623183684,1.0559305621409374,8.597435785305935,21.897707658140135,ok,0.9438939301286032,0.7531396854588132,49636.11052490373,0.00016136712419573203,0.00026650858066523133,44.17239350581673,0.9772035873354593,0.029232974302712926,200704,run_err_weight_norm_sweep.py
margin,18,1.0,0.02,0.05555555555555555,,,0.0,0.984,1.0,492,500,500,0.984,5.92074022517416,18.549749824862523,6.469338500458549,20.518302171780633,2.932383453983333,8.007327615897816,1.0410265616120675,8.59068708378421,22.2441144706638,ok,0.9357261319140938,0.7604587425149671,47628.900028241515,0.00015364090203289263,0.00027103464614745967,41.35351836433828,0.9773948984714453,0.029249879161143327,200704,run_err_weight_norm_sweep.py
margin,18,1.0,0.03,0.05555555555555555,,,0.0,0.974,1.0,487,500,500,0.974,5.774215170965374,17.92188842626599,6.550980560741602,19.936172950477427,2.8909234949592673,8.04119064978192,1.0556330355381938,8.610025948019393,21.715974275563028,ok,0.9199871051341094,0.7474896763318155,47276.18875988753,0.0001585961002840011,0.00028308908779922025,43.37038175499001,0.9746553218233256,0.0304575020231937,200704,run_err_weight_norm_sweep.py
margin,18,1.0,0.04,0.05555555555555555,,,0.0,0.968,1.0,484,500,500,0.968,5.7489172029990945,17.661682322851785,6.618537543865581,19.717761300407112,2.9395169400103214,8.083476800184116,1.0513547517516537,8.665373842700225,21.53784609782477,ok,0.911179403060829,0.730539638511624,49425.98467883666,0.0001659359966154102,0.00027592322263700483,46.79420673855208,0.9741694121151594,0.030217073867675647,200704,run_err_weight_norm_sweep.py
margin,18,1.0,0.05,0.05555555555555555,,,0.0,0.946,1.0,473,500,500,0.946,5.641248482300977,17.62133141139404,6.6968676756726655,19.676967292108678,2.928886365072578,8.065177374977532,1.053168846443835,8.644919088602123,21.4922699560375,ok,0.8928744670159869,0.7081726944276632,47759.49367441835,0.00016211399568003581,0.0002847342412888574,46.87870738399654,0.9713646789032205,0.03076289955088818,200704,run_err_weight_norm_sweep.py
margin,18,1.0,0.06,0.05555555555555555,,,0.0,0.934,1.0,467,500,500,0.934,5.790452954906306,18.19617399515991,6.573753493873713,20.195156064842227,2.9011459805529856,8.063116951465988,1.0485124953883704,8.633069061839043,21.96301914377475,ok,0.8946761960367247,0.7099335680740664,48458.114193377456,0.00016599338606151215,0.0002848862178917262,48.004087050842216,0.9712454907745787,0.030959581224217922,200704,run_err_weight_norm_sweep.py
margin,18,1.0,0.07,0.05555555555555555,,,0.0,0.938,1.0,469,500,500,0.938,5.661256802951316,17.655943295675986,6.614468150206833,19.68586678709345,3.044619919031687,8.05648879908065,1.0430348540325844,8.675519807354673,21.512740297019164,ok,0.8806748866175128,0.6919919777026169,48897.97963721402,0.0001660676880337752,0.0002809306718062172,49.34840415408198,0.9704458624446618,0.030638400155729512,200704,run_err_weight_norm_sweep.py
margin,18,1.0,0.08,0.05555555555555555,,,0.0,0.912,1.0,456,500,500,0.912,5.658604203092997,17.48078136995683,6.621522426090816,19.530542185784682,2.9337239547665606,8.051829609918045,1.0271568330570178,8.630976043856213,21.35265382898189,ok,0.8708928186491491,0.6803729731143638,50029.13852940514,0.0001741143883807339,0.0002839417419067904,52.83058198762856,0.9684432417485486,0.031237162801777584,200704,run_err_weight_norm_sweep.py
margin,18,1.0,0.09,0.05555555555555555,,,0.0,0.91,1.0,455,500,500,0.91,5.7856826491222595,17.644440519594923,6.566386208776327,19.69562978959255,2.8855933936885227,8.033769229128723,1.0311330762644175,8.598333133902226,21.490676245531372,ok,0.8645083658791165,0.6877712260274536,48230.59033902563,0.00016492078774071035,0.00028517264667167746,49.19027880878338,0.9694384413517853,0.030932746292898508,200704,run_err_weight_norm_sweep.py
margin,18,1.0,0.1,0.05555555555555555,,,0.0,0.872,1.0,436,500,500,0.872,5.6688735655089495,18.085621617238413,6.563085407801059,20.05741575711434,2.8873340843885695,8.057728602150307,1.0454942938542422,8.623035814564664,21.832468333035628,ok,0.8537666319790622,0.6623105118567121,49667.290757672316,0.00017076040042531904,0.0002817347265559146,53.1599674218868,0.9673777590663272,0.030910515527615097,200704,run_err_weight_norm_sweep.py
margin,18,1.0,0.11,0.05555555555555555,,,0.0,0.896,1.0,448,500,500,0.896,5.630188594034218,17.29774969451393,6.636935022017425,19.363885833812674,2.9234885844870115,8.101299433359456,1.054652958873877,8.67698858338753,21.219100015343926,ok,0.8340491610624257,0.6356480702373736,50183.01401777554,0.0001816134505623147,0.0002947132454686291,59.014162739817785,0.9612761527267188,0.03245888803527486,200704,run_err_weight_norm_sweep.py
margin,18,1.0,0.12,0.05555555555555555,,,0.0,0.888,1.0,444,500,500,0.888,5.655664213417468,17.426997903552515,6.610100642171749,19.47768528662978,2.9332254739911487,8.040484895256487,1.0311314978029194,8.620698417058772,21.3001564624036,ok,0.8320262136382801,0.6370864080065932,49456.16183468456,0.00018347094908790072,0.0003047805815507987,59.33491870767382,0.9591834665051062,0.0333851234348338,200704,run_err_weight_norm_sweep.py
margin,18,1.0,0.13,0.05555555555555555,,,0.0,0.874,1.0,437,500,500,0.874,5.680548404580548,18.145701773247236,6.516054205449805,20.099604111244844,2.9438478536601025,8.023339566939638,1.0090113776668796,8.605714493996391,21.864409605131126,ok,0.8273787886947584,0.6335997044392324,49966.04927435041,0.00018187579684281324,0.00029720043337714213,59.24671496278933,0.9604886370394448,0.03268050228352528,200704,run_err_weight_norm_sweep.py
margin,18,1.0,0.14,0.05555555555555555,,,0.0,0.858,1.0,429,500,500,0.858,5.630242244101947,17.53762901072452,6.623114580960293,19.57380151625139,2.869697116925836,8.05277308534084,1.0240315371105189,8.609933594161992,21.3837476204122,ok,0.8172352855251962,0.619502562394771,50831.583550289026,0.00018340479804764895,0.00029152788267181707,61.28289063234807,0.9598953401794615,0.032257442199862346,200704,run_err_weight_norm_sweep.py
margin,18,1.0,0.15,0.05555555555555555,,,0.0,0.834,1.0,417,500,500,0.834,5.6299901655934494,17.89408202607767,6.5020888699833845,19.853768420474655,2.8580859958056872,8.002636893073381,1.0293464468875542,8.55981348567361,21.620419223580203,ok,0.809381717516794,0.6168321573328548,50572.81656154991,0.000186304115242447,0.00029859374106787015,62.466761726406624,0.9577699763871601,0.0329787294250565,200704,run_err_weight_norm_sweep.py
margin,18,1.0,0.16,0.05555555555555555,,,0.0,0.836,1.0,418,500,500,0.836,5.595303389033974,18.01581134683225,6.456136283119419,19.938870936093544,2.9035333169710924,8.05160589774614,1.0265708584241966,8.620482062086053,21.722598490717985,ok,0.7992146196636455,0.603669458592731,51401.75803676722,0.0001905927871194411,0.00029755983383467186,65.47763570498317,0.9559291420452545,0.033053235631526685,200704,run_err_weight_norm_sweep.py
margin,18,1.0,0.17,0.05555555555555555,,,0.0,0.772,1.0,386,500,500,0.772,5.675627189797956,17.977766856235544,6.461535056156677,19.928980917665527,2.847255563476135,8.039114272578345,1.0304936259580773,8.590467952589014,21.70162252139539,ok,0.7917744098947533,0.595677471639428,50706.42656056256,0.00019204894914969984,0.00030648567963135684,66.70997677337205,0.952488774811404,0.033882679805499444,200704,run_err_weight_norm_sweep.py
margin,18,1.0,0.18,0.05555555555555555,,,0.0,0.806,1.0,403,500,500,0.806,5.677831443584115,18.180046482910665,6.4029590664923735,20.093524947846305,2.9436482602253013,8.028549293386593,1.0189704364266237,8.611676351708606,21.86116909994292,ok,0.7827400929462248,0.5891038178914698,50384.91250763523,0.00019179536184892114,0.00030921889723727297,67.29320252218844,0.9508033008695486,0.03410685004393004,200704,run_err_weight_norm_sweep.py
margin,18,1.0,0.19,0.05555555555555555,,,0.0,0.822,1.0,411,500,500,0.822,5.5945477782528545,18.167151336555186,6.487961755711518,20.085766111155134,2.8834599075529903,8.011123690925597,1.0169349050836678,8.574765328039735,21.839519241571697,ok,0.7816556222877465,0.577379620938694,56956.60286045327,0.0002193598291969902,0.0002906177901369865,80.12648757163817,0.9522249057051125,0.03320375045062399,200704,run_err_weight_norm_sweep.py
margin,18,1.0,0.2,0.05555555555555555,,,0.0,0.806,1.0,403,500,500,0.806,5.529372219810679,17.990464212872933,6.483196361335613,19.906345591280967,2.842369383727345,8.019796025197003,1.0299322348616327,8.570703145467313,21.673014262147166,ok,0.762455379147417,0.5627978756355604,51497.26291015974,0.00019818682074490486,0.0003085027221664351,73.05339084324932,0.9460134305399412,0.034290283399323135,200704,run_err_weight_norm_sweep.py
margin,18,1.0,0.25,0.05555555555555555,,,0.0,0.754,1.0,377,500,500,0.754,5.405230426014156,17.328069993801197,6.42098534158995,19.253767902031424,2.8169675471403774,7.993441368703698,1.0083605868635273,8.535057243492012,21.060740266547636,ok,0.7122126070361842,0.503272852301176,55386.21764788082,0.00022111287239629025,0.00030619697635870044,92.24159098426098,0.9323004066930619,0.034772007412371526,200704,run_err_weight_norm_sweep.py
margin,18,1.0,0.3,0.05555555555555555,,,0.0,0.712,1.0,356,500,500,0.712,5.474673613417385,18.152946340673676,6.183572674205996,19.943371907428627,2.808401273623448,7.951273221518154,1.008297007301971,8.492733741961748,21.676360613577845,ok,0.6743433496458999,0.47052958702650777,56760.25972816198,0.00023128453123842326,0.00030804557381087784,103.6107060649585,0.9218361130547486,0.035171813518133824,200704,run_err_weight_norm_sweep.py
margin,18,1.0,0.35,0.05555555555555555,,,0.0,0.68,1.0,340,500,500,0.68,5.330401474037408,18.334209862169022,5.978596535248293,20.007499785724324,2.8680648838517033,7.97263962072482,0.9857846977852042,8.52997949413256,21.74995627227974,ok,0.63393552170462,0.4173355930372552,66838.14539102647,0.00030677903709406905,0.0003218490337431441,159.18658728422176,0.8948145775197267,0.03674181561400793,200704,run_err_weight_norm_sweep.py
margin,18,1.0,0.4,0.05555555555555555,,,0.0,0.596,1.0,298,500,500,0.596,5.326839577229126,18.158221107450206,5.823506810057079,19.799228399999983,2.7944147394968337,7.951562324650606,0.9840397758323058,8.48554249412141,21.54098132989549,ok,0.5924591845054316,0.37381384066134515,69939.30629510006,0.00031900185189960307,0.00031660397455880545,186.2849531275946,0.8785741381400183,0.03560130362433516,200704,run_err_weight_norm_sweep.py
margin,18,1.0,0.45,0.05555555555555555,,,0.0,0.528,1.0,264,500,500,0.528,4.999090055277796,17.229864057551463,5.722174847210372,18.830889564875267,2.819004633973191,7.9551313353064765,0.9803696804426406,8.496589103791505,20.659003562689,ok,0.5285759886616606,0.3026063626527714,71317.59029412619,0.0003257308025475189,0.0003162760547114361,235.8110769196453,0.8283126953664872,0.03524612595359544,200704,run_err_weight_norm_sweep.py
margin,18,1.0,0.5,0.05555555555555555,,,0.0,0.528,1.0,264,500,500,0.528,4.932836060623293,16.987833999146094,5.318515192447192,18.471761676565155,2.777859320718576,7.9068319171078985,0.9644243324113664,8.435911786170262,20.30690983630615,ok,0.49577680082029996,0.25821309873928894,89047.10802070893,0.0004544158336745829,0.00037852312134793866,404.1552725641156,0.781304654161378,0.03393619071904269,200704,run_err_weight_norm_sweep.py
margin,18,1.0,0.55,0.05555555555555555,,,0.0,0.45,1.0,225,500,500,0.45,4.77839303287794,16.419276614015445,4.838933153742143,17.77191488193087,2.764188416266981,7.911182813553499,0.9848384879175416,8.437858612075255,19.673291959607788,ok,0.4429100236627569,0.2031556446790541,104008.54111952287,0.0005970502820499691,0.0004894770025718517,704.3423808159692,0.6741758854233475,0.03384251940269218,200704,run_err_weight_norm_sweep.py
margin,18,1.0,0.6,0.05555555555555555,,,0.0,0.36,0.998,180,499,500,0.36,4.524633272600762,15.613984335271674,4.355389384355951,16.82968299650934,2.7704103914598477,7.915967400768904,0.9583373602843879,8.441334262026444,18.82802044523686,ok,0.3835758390163233,0.14235935175058662,107670.24768770896,0.0006188137220724952,0.0005087254604293684,1053.0708456899795,0.5126915731658892,0.03293563829601622,200704,run_err_weight_norm_sweep.py
margin,18,1.0,0.65,0.05555555555555555,,,0.0,0.354,0.972,177,486,500,0.354,4.197823841931871,13.511044453175199,3.278025507029347,14.522930091696475,2.7828662608221104,7.905976817062945,0.9506522994035055,8.435197321457272,16.79488172927166,ok,0.6196395006048717,0.3672672041474456,1098811.639690107,0.05714660246901112,0.05698799243356839,187116.35646989438,0.23611633472042948,0.0318269359290418,200704,run_err_weight_norm_sweep.py
margin,18,1.0,0.7,0.05555555555555555,,,0.0,0.294,0.698,147,349,500,0.294,3.7446091950221474,11.306596602194217,1.983458581930049,12.074573810053346,2.781814831267492,7.913583561128036,0.9623495372733243,8.443305938215543,14.73379611168595,ok,0.26865137892287494,0.019195824532615226,92158.91695969447,0.0004338301992199082,0.00035839676738066214,5235.035139143593,0.023395389685788026,0.03059757293953334,200704,run_err_weight_norm_sweep.py
margin,18,1.0,0.75,0.05555555555555555,,,0.0,0.234,0.268,117,134,500,0.234,3.1823271121451118,8.455747193696254,0.36649829398741424,9.04218930635118,2.771626189261725,7.916273626052146,0.9644678771924685,8.44271864636424,12.370961385177713,ok,4.613755152535305,4.3662876130206,277544268.0024534,2192.3568094721263,2192.3566550587607,139410471816.72882,0.0008850441498297057,0.030613909524549888,200704,run_err_weight_norm_sweep.py
margin,19,1.0,0.01,0.05263157894736842,,,0.0,0.986,1.0,493,500,500,0.986,5.806154622751266,17.551039090396827,6.7149117059553305,19.66825980799291,2.959752004027443,8.101125649286711,1.0518851638108895,8.688776157130587,21.501983047696562,ok,0.9282078588808116,0.7469773482026404,49182.69702976973,0.00016118134342384545,0.0002701446410830678,44.41532279746764,0.9763292062297128,0.0295283803815756,200704,run_err_weight_norm_sweep.py
margin,19,1.0,0.02,0.05263157894736842,,,0.0,0.984,1.0,492,500,500,0.984,5.758992704349102,18.215104325582388,6.660778983639548,20.231707768487826,2.905531435498239,8.062218164445316,1.0600305337302198,8.635110849677659,21.99743481898995,ok,0.928954821421428,0.7343626217241302,52657.42287564046,0.00018170970287714066,0.0002728793063721616,51.52217010497865,0.97417440813154,0.03055326628337831,200704,run_err_weight_norm_sweep.py
margin,19,1.0,0.03,0.05263157894736842,,,0.0,0.978,1.0,489,500,500,0.978,5.780208251503069,18.393420967039273,6.545832896711906,20.361155925269564,2.902685250564892,8.082197902061967,1.046464527537472,8.651161343966256,22.12282222530561,ok,0.9156517092790805,0.737289021599672,49590.89622210459,0.00016840998155790522,0.0002785450759757841,47.08408145462967,0.9741106569460513,0.030542785293157997,200704,run_err_weight_norm_sweep.py
margin,19,1.0,0.04,0.05263157894736842,,,0.0,0.956,1.0,478,500,500,0.956,5.6961583763917245,17.682944061499093,6.649974566523395,19.73207775847368,2.9146084977064106,8.089109119415788,1.05087005705715,8.662156597380203,21.549660080474332,ok,0.8976589860953391,0.7175428601093826,47531.9059090316,0.00015671869283537306,0.00027735833905653833,44.688617245882675,0.9735467463669729,0.029907361251512308,200704,run_err_weight_norm_sweep.py
margin,19,1.0,0.05,0.05263157894736842,,,0.0,0.956,1.0,478,500,500,0.956,5.724266684930061,17.366768755135276,6.7042446690071325,19.476107995604604,2.9575582485678296,8.05598987517483,1.05204173601788,8.64597683763463,21.30895816630574,ok,0.8906035833259834,0.6995245969840176,48056.840736060614,0.00016482722763810093,0.0002866594123385434,48.30546159656957,0.9701858601118384,0.0310488117754595,200704,run_err_weight_norm_sweep.py
margin,19,1.0,0.06,0.05263157894736842,,,0.0,0.938,1.0,469,500,500,0.938,5.655884820520057,17.3636620204098,6.726999126265632,19.461200094207694,2.9204332012421057,8.097462960497406,1.0539725441708194,8.672294656168605,21.306032096807705,ok,0.7122857671419913,-0.2471238248045691,0.04102417218769677,0.0003968699456583083,0.17779728855437768,60987.10713387729,1.2787548012815897e-05,0.17779552077372934,200704,run_err_weight_norm_sweep.py
margin,19,1.0,0.07,0.05263157894736842,,,0.0,0.928,1.0,464,500,500,0.928,5.689164667382938,17.588043259673743,6.60233490001723,19.628975685163475,2.913338466418987,8.047484032721586,1.0574337483965635,8.623671283686166,21.439785280123782,ok,0.8699684740605788,0.6804546454537542,49316.321661015616,0.0001708242758562037,0.0002850643621280607,51.69868385198002,0.968446494680094,0.03119168207982357,200704,run_err_weight_norm_sweep.py
margin,19,1.0,0.08,0.05263157894736842,,,0.0,0.898,1.0,449,500,500,0.898,5.849805664946838,17.62193379548789,6.610693069537233,19.70923742486832,2.8901440271825556,8.031381074414677,1.0444153684467816,8.599233565973952,21.503508034551086,ok,0.8676741621927068,0.6750965842417419,50759.76286150697,0.00018211770110653769,0.00029014675826273377,55.828110851666125,0.9663479086654749,0.03208836814642956,200704,run_err_weight_norm_sweep.py
margin,19,1.0,0.09,0.05263157894736842,,,0.0,0.902,1.0,451,500,500,0.902,5.780915933700035,18.488761910114963,6.482990947914409,20.427493180323548,2.8649196802983723,8.044575272790034,1.0207339298670763,8.600282195935646,22.164100060275235,ok,0.8658748097916312,0.6816860883083352,52302.083353403126,0.00018737768682163387,0.00028447272316125985,57.17081522108949,0.9677470505185931,0.031782734838418224,200704,run_err_weight_norm_sweep.py
margin,19,1.0,0.1,0.05263157894736842,,,0.0,0.922,1.0,461,500,500,0.922,5.818960660077403,18.750365787752784,6.463667992497728,20.669192636755266,2.898659641050978,8.019871103896092,1.0292696025730612,8.589525956218202,22.382928325128603,ok,0.8607418460282337,0.6567173482142165,54115.968998904784,0.0001884108652340337,0.00027077251113097697,60.00736582622864,0.9680147068890166,0.030564294799332748,200704,run_err_weight_norm_sweep.py
margin,19,1.0,0.11,0.05263157894736842,,,0.0,0.852,1.0,426,500,500,0.852,5.643264337936761,17.590502203727734,6.559145268362804,19.603433036554215,2.8938252338326906,8.062432566996547,1.0144083135458775,8.625895177193167,21.41729801881156,ok,0.8426222705537928,0.6430259541262833,52530.93761750637,0.00018639344886910264,0.00028099133089000763,60.33343110978774,0.9646724924952617,0.03143780089588812,200704,run_err_weight_norm_sweep.py
margin,19,1.0,0.12,0.05263157894736842,,,0.0,0.884,1.0,442,500,500,0.884,5.6823685023436115,18.16164917695625,6.534397554050802,20.120466297222027,2.8955607623297395,8.014775851187329,1.0414362377739543,8.585190359594126,21.87552645145061,ok,0.8322938780541045,0.6423951288851496,50591.757178164975,0.0001771985731751513,0.00028382005452193515,57.05337167689558,0.9645646274937659,0.03135146567216494,200704,run_err_weight_norm_sweep.py
margin,19,1.0,0.13,0.05263157894736842,,,0.0,0.878,1.0,439,500,500,0.878,5.720403251198993,18.619175825983096,6.426350104811826,20.510843411835026,2.913677266815675,8.045690882233112,1.0374695270189502,8.61968676966283,22.24845382205057,ok,0.8338486026036568,0.6360263803335178,56509.868739095175,0.00021692698741240286,0.0002909633371067629,71.84053212785085,0.9602978618548822,0.03319145118765467,200704,run_err_weight_norm_sweep.py
margin,19,1.0,0.14,0.05263157894736842,,,0.0,0.858,1.0,429,500,500,0.858,5.542814584621871,17.645441115868323,6.550694518589942,19.621314542327625,2.8837305354332443,8.02276641835255,1.0419936981722027,8.588738770708193,21.41873987984409,ok,0.8135728289268088,0.6094927869785965,54573.23921784705,0.0002080829337030754,0.00029503434605370523,71.50587880821571,0.9562947584690289,0.03337914521788328,200704,run_err_weight_norm_sweep.py
margin,19,1.0,0.15,0.05263157894736842,,,0.0,0.872,1.0,436,500,500,0.872,5.637662220416205,17.65667926300271,6.5864597610328435,19.670358667084923,2.923722769164788,8.009097674447109,1.0378202653956266,8.588997106358375,21.46378068712023,ok,0.812237047581246,0.6094669068294677,55645.90612010157,0.00020629139788885275,0.0002835457818650743,71.11775270908984,0.959201733996429,0.03223564318594913,200704,run_err_weight_norm_sweep.py
margin,19,1.0,0.16,0.05263157894736842,,,0.0,0.834,1.0,417,500,500,0.834,5.718719810656299,18.133688817180357,6.432131215975949,20.07253691915043,2.891566757203962,8.035074270680498,1.0330553280361863,8.601789357889597,21.837983389685043,ok,0.8038567346491595,0.6099855293932217,54999.14321410502,0.0002042211175154959,0.0002859759791040891,70.21104233747359,0.9587699650721555,0.03241962775531972,200704,run_err_weight_norm_sweep.py
margin,19,1.0,0.17,0.05263157894736842,,,0.0,0.828,1.0,414,500,500,0.828,5.730036973451158,18.120918740152902,6.47487340690118,20.077973138236292,2.903997340401602,8.0053822253523,1.0038106129809972,8.574787511873364,21.832360985782493,ok,0.7910222831917689,0.5923704489945798,53963.39786997645,0.0002081829319328952,0.0003005413532300516,73.47333429372965,0.9524072424839293,0.03389786376287863,200704,run_err_weight_norm_sweep.py
margin,19,1.0,0.18,0.05263157894736842,,,0.0,0.812,1.0,406,500,500,0.812,5.578988437183426,18.042251721323428,6.467783195555057,19.961968305318216,2.868390597475215,8.012243103526401,1.0127037174097704,8.570255129746498,21.723937295331048,ok,0.7797911235441763,0.5774831813909023,54925.7361605424,0.00021319504307859037,0.0002991837988986451,77.40464201528756,0.950130872349267,0.033905361033480734,200704,run_err_weight_norm_sweep.py
margin,19,1.0,0.19,0.05263157894736842,,,0.0,0.814,1.0,407,500,500,0.814,5.676684303142428,18.35445640582803,6.340435592310897,20.23145912017292,2.84734776085734,7.982989675340579,1.0099713874000373,8.535546592411077,21.9583126346823,ok,0.7766779936485877,0.5748906731837568,55713.96615902548,0.00021609973829619084,0.00029642456224216536,78.99646313900051,0.9503271465057669,0.03370981364794842,200704,run_err_weight_norm_sweep.py
margin,19,1.0,0.2,0.05263157894736842,,,0.0,0.808,1.0,404,500,500,0.808,5.489841939769233,17.814943765015645,6.438919510504243,19.722329232042327,2.8600347700998188,8.01101119331391,1.0170864245608615,8.56682928629996,21.502577388715007,ok,0.7555709943025268,0.5490474398503816,54597.758135013566,0.00021177506336035032,0.00030005495956321107,80.79234948587619,0.9449445458383063,0.03395116876021863,200704,run_err_weight_norm_sweep.py
margin,19,1.0,0.25,0.05263157894736842,,,0.0,0.79,1.0,395,500,500,0.79,5.388329236819522,17.88178170875975,6.347201876590466,19.725090131766,2.862367827787259,7.991580752258407,1.027361469707497,8.550671557887027,21.49867821046565,ok,0.7182445637225966,0.4961444877439057,61136.6197222532,0.00024271638425509443,0.0002883918154793526,104.36830402652078,0.9365128346818349,0.033221172941488464,200704,run_err_weight_norm_sweep.py
margin,19,1.0,0.3,0.05263157894736842,,,0.0,0.708,1.0,354,500,500,0.708,5.487592810082739,18.07531358030039,6.210161312729032,19.884585472309443,2.8422391960177937,8.002215642768606,1.0140669765652799,8.552316099964424,21.645758246808782,ok,0.6733156450684705,0.45843665291428826,60684.766552120425,0.00024892088499026447,0.00029905405468935405,115.70010634280244,0.9213705901745245,0.03443899913187007,200704,run_err_weight_norm_sweep.py
margin,19,1.0,0.35,0.05263157894736842,,,0.0,0.678,1.0,339,500,500,0.678,5.30801496936526,18.139313841001872,6.0183663028871655,19.83508161044707,2.8309805190235693,7.955886448769011,1.0022970009404633,8.50383320408459,21.58114087938789,ok,0.6236364120859543,0.409121357723001,63762.62055061559,0.00027687664308904703,0.0003095519216105541,145.38764421882811,0.8971477942315979,0.035617117304239936,200704,run_err_weight_norm_sweep.py
margin,19,1.0,0.4,0.05263157894736842,,,0.0,0.604,1.0,302,500,500,0.604,5.1335494617019926,17.410504124319697,5.969385927437708,19.107918575537873,2.8265997899486255,7.946672028108864,0.9931100664914447,8.492675096754386,20.910238702329952,ok,0.5755703136593608,0.3509763808916443,67318.41477505436,0.0002932169886104839,0.00030480021798139556,181.14198768018764,0.8706322790799867,0.0347302085966558,200704,run_err_weight_norm_sweep.py
margin,19,1.0,0.45,0.05263157894736842,,,0.0,0.544,1.0,272,500,500,0.544,5.003422723438233,17.105797109612297,5.671347312004165,18.70312043585282,2.818422101354444,7.930698767197293,0.9864522975006571,8.474230007066847,20.53337011429657,ok,0.528752731435328,0.30354778898311113,76648.65225244312,0.00036029803235881804,0.0003263315439534683,263.6532462597655,0.8318181056384101,0.03468609611662745,200704,run_err_weight_norm_sweep.py
margin,19,1.0,0.5,0.05263157894736842,,,0.0,0.478,1.0,239,500,500,0.478,4.869252587296238,17.105487258981263,5.230389308023452,18.538184577772103,2.7882864724642347,7.92156971511571,0.9712500096325842,8.453941967223145,20.374823244011818,ok,0.5009588373663386,0.2659178627479683,102963.96279203669,0.000595002178265781,0.0004875648854674532,534.6226032601828,0.7758313206795562,0.03434487644522072,200704,run_err_weight_norm_sweep.py
margin,19,1.0,0.55,0.05263157894736842,,,0.0,0.398,0.996,199,498,500,0.398,4.78362066269761,16.19851189242369,4.836441873514496,17.568892514027844,2.7751308456494383,7.918257331435269,0.9639758359335278,8.445673436119058,19.493470290305694,ok,0.43686926712269886,0.20675430331237052,96441.29147006055,0.0005106096596077522,0.0004189657105554739,579.0717242525399,0.6989553055763565,0.03314098237856959,200704,run_err_weight_norm_sweep.py
margin,19,1.0,0.6,0.05263157894736842,,,0.0,0.428,1.0,214,500,500,0.428,4.467240854840645,15.097097828939406,4.249816547050769,16.307652939503917,2.7958711402298664,7.902580068541312,0.954324686118952,8.436729388750875,18.3607719656425,ok,0.4035585220079486,0.15714941067981048,156419.19308023682,0.0012567880194962575,0.0011113264206482542,2246.2482021409382,0.48733677226075844,0.033185521020746414,200704,run_err_weight_norm_sweep.py
margin,19,1.0,0.65,0.05263157894736842,,,0.0,0.318,0.89,159,445,500,0.318,4.171894325254449,13.180931820043064,2.943771544099111,14.135326554754995,2.7710087121348503,7.892624344321074,0.9399938132643877,8.417576651998615,16.45184042901687,ok,0.3907382357363121,0.14188172062318224,384672.14876013005,0.007108812951614967,0.006950923976175961,24791.378451736502,0.21129327854967528,0.03209616756937152,200704,run_err_weight_norm_sweep.py
margin,19,1.0,0.7,0.05263157894736842,,,0.0,0.282,0.57,141,285,500,0.282,3.719314973803447,11.005065483325934,1.7977278835615549,11.754854133930591,2.7817145184705048,7.914776656279975,0.9486372375504112,8.442839438810338,14.472668499606987,ok,0.2655617107508096,0.02151763278828727,72786.48768665225,0.00029727618983387466,0.00028288886689746014,3037.651353434417,0.030092828788633286,0.03120240155269997,200704,run_err_weight_norm_sweep.py
margin,19,1.0,0.75,0.05263157894736842,,,0.0,0.216,0.206,108,103,500,0.216,3.209839864129715,8.79764989231572,0.6347516850628109,9.386406409420442,2.740509883301786,7.887219670007569,0.9462001416631598,8.403209104354863,12.598354993185483,ok,1.335004934535568,1.0841535015926058,142773452.3683473,581.5476951786791,581.5475473645974,76642494770.75471,0.0002146376366793934,0.030006829355059224,200704,run_err_weight_norm_sweep.py
margin,20,1.0,0.01,0.05,,,0.0,0.988,1.0,494,500,500,0.988,5.783591250014959,18.145325277671038,6.605163530368008,20.157652205617616,2.9004614490634357,8.091890329479178,1.0599449385941917,8.661111302521936,21.939594149329974,ok,0.9282657997664387,0.7329550574990222,52576.19555766022,0.00017617802389024556,0.0002652284926253746,50.03694013749512,0.9754931138295588,0.029682217332929497,200704,run_err_weight_norm_sweep.py
margin,20,1.0,0.02,0.05,,,0.0,0.982,1.0,491,500,500,0.982,5.8377386119931245,18.24672120178602,6.700456482540208,20.29576664706406,2.9108680238689715,8.15105101348211,1.051665052790334,8.718875194658487,22.089294430834794,ok,0.9218162382277264,0.72900567785314,51902.0073628376,0.0001691555862987317,0.0002600066775161037,48.199445321147365,0.9763206375043199,0.028976259502038488,200704,run_err_weight_norm_sweep.py
margin,20,1.0,0.03,0.05,,,0.0,0.988,1.0,494,500,500,0.988,5.74344083640935,17.52232962791244,6.640882377685647,19.598991478767687,2.9952478072493767,8.166746291140182,1.056029329243283,8.762559691945393,21.468649685988975,ok,0.9066702655771083,0.7091962434213501,52103.2517495331,0.0001804903240956549,0.00027570435669848606,52.899756238135424,0.9719400204092946,0.03076492287922548,200704,run_err_weight_norm_sweep.py
margin,20,1.0,0.04,0.05,,,0.0,0.962,1.0,481,500,500,0.962,5.759940355922595,17.771531692443567,6.672820353603369,19.837610316537,2.972520988083865,8.046297044275743,1.0398004474166154,8.640599638900499,21.637715803442436,ok,0.8984678801715357,0.7093053411344897,51467.637623144896,0.00017683383719012052,0.00027551671480764543,51.71411286900142,0.972150688871874,0.030617918538074662,200704,run_err_weight_norm_sweep.py
margin,20,1.0,0.05,0.05,,,0.0,0.936,1.0,468,500,500,0.936,5.804862893844556,18.561386540601944,6.577627950972147,20.530141085423217,2.890564026060623,8.063226716979187,1.0510301760986587,8.629927572652782,22.27021200834458,ok,0.8962013897425066,0.702217223740458,53489.32873688706,0.0001895909944545534,0.00027762006233020373,56.36298174721825,0.9706612101752637,0.031232886104339323,200704,run_err_weight_norm_sweep.py
margin,20,1.0,0.06,0.05,,,0.0,0.952,1.0,476,500,500,0.952,5.748812304028712,18.27165745663894,6.543691795025591,20.24159606918354,2.8946052881571163,8.060948676374968,1.0495691032886123,8.62897610611807,22.00412325151682,ok,0.8855218929633003,0.6824516540551064,54022.49477297339,0.00018944939434168797,0.00027302541315134867,58.04634342696176,0.9698517127856078,0.0308036603388336,200704,run_err_weight_norm_sweep.py
margin,20,1.0,0.07,0.05,,,0.0,0.926,1.0,463,500,500,0.926,5.852728041321011,18.476214012424258,6.581143856965781,20.46793502590445,2.9038017481980907,8.060485150059522,1.0513706609889852,8.631851812557766,22.213627122525555,ok,0.884774596545257,0.6806165822247525,56341.8666547589,0.00021044834884833543,0.00028360737020358877,65.09754211772575,0.9668674157573178,0.03233215376517139,200704,run_err_weight_norm_sweep.py
margin,20,1.0,0.08,0.05,,,0.0,0.908,1.0,454,500,500,0.908,5.683103226930734,18.009110545874872,6.621196942523943,20.01164595662187,2.9418984060934674,8.082152740465128,1.042145222611253,8.663834359969881,21.806604497495137,ok,0.8589023535355619,0.6564921615417798,53108.2137771025,0.00019111003605258855,0.0002830799860086873,60.70044516674988,0.9653995561221869,0.0317791618741179,200704,run_err_weight_norm_sweep.py
margin,20,1.0,0.09,0.05,,,0.0,0.886,1.0,443,500,500,0.886,5.803968598116522,18.640258459306935,6.493176760634572,20.574416914278064,2.8430520264834467,7.9936609215131424,1.0254757376383106,8.545944081369992,22.278684691974842,ok,0.8659416262581237,0.6710993832658338,54909.61368027568,0.00019721878740359698,0.0002768983499163365,61.61250259071733,0.9677859847862988,0.031377399414716775,200704,run_err_weight_norm_sweep.py
margin,20,1.0,0.1,0.05,,,0.0,0.91,1.0,455,500,500,0.91,5.655358173076108,18.539268511798216,6.568693086814163,20.46546559174972,2.8955536502600054,8.04345523980331,1.0179797848664571,8.60916290812586,22.202544175516053,ok,0.8489506498775562,0.6498236973891065,54094.96938458019,0.00019384791646024046,0.00027876172297489705,62.389959455642945,0.9654729789735268,0.03146267077952279,200704,run_err_weight_norm_sweep.py
margin,20,1.0,0.11,0.05,,,0.0,0.892,1.0,446,500,500,0.892,5.701757805391463,17.733020693788482,6.57389881869377,19.75313166756341,2.864496644471231,8.029190145352482,1.0392876765698738,8.58797731081553,21.53925636987449,ok,0.8383766221280331,0.6389248345202642,54597.99266539086,0.00020429645911640204,0.00028945850695736815,66.97555302995639,0.9615022381977611,0.03275218815815496,200704,run_err_weight_norm_sweep.py
margin,20,1.0,0.12,0.05,,,0.0,0.888,1.0,444,500,500,0.888,5.6048939573017185,17.558861291054317,6.6546364408727765,19.596240258561714,2.95148164195126,8.055088874961784,1.0537929628934708,8.64327370126344,21.41772192709176,ok,0.8225767227212666,0.6236485373168755,53746.23544133802,0.0002021863614403733,0.00029378838121804944,67.73321605502545,0.9587676739042207,0.03309803561927608,200704,run_err_weight_norm_sweep.py
margin,20,1.0,0.13,0.05,,,0.0,0.888,1.0,444,500,500,0.888,5.651860749672715,18.449214039579232,6.539337309344754,20.37351125990036,2.8719376731525994,8.04870081067032,1.0352365733643236,8.608212677495215,22.11744303843182,ok,0.8282728384457644,0.6230053103266928,56289.651696173576,0.00021107724058900577,0.0002848708208362896,71.31920980154287,0.9603829294207431,0.03246981390233439,200704,run_err_weight_norm_sweep.py
margin,20,1.0,0.14,0.05,,,0.0,0.866,1.0,433,500,500,0.866,5.61553711978969,17.863002608924937,6.516559813769776,19.826413471846948,2.8794407807676103,8.037484242537285,1.0210695810383599,8.598541460521348,21.610682229049104,ok,0.8043209203992807,0.6086665314039249,53539.879413714574,0.00019942492132303557,0.0002915739745148009,68.40937990878182,0.9574917444470922,0.032811888149115793,200704,run_err_weight_norm_sweep.py
margin,20,1.0,0.15,0.05,,,0.0,0.856,1.0,428,500,500,0.856,5.658888384584938,17.778986485087284,6.571708908705403,19.78137346512786,2.84848138971043,8.025027479003269,1.0482114916846785,8.579840301403287,21.56192003891232,ok,0.7978797852392485,0.5989537700075924,53184.7747122687,0.00019864252552604007,0.00029354771680192995,69.17066231132196,0.9557200684464018,0.032968847372536345,200704,run_err_weight_norm_sweep.py
margin,20,1.0,0.16,0.05,,,0.0,0.822,1.0,411,500,500,0.822,5.689156106463216,18.384042996176372,6.452635824161573,20.2971929874114,2.9041748790862014,8.027863669438963,1.0169227581205917,8.597380922083012,22.04293541903209,ok,0.7952380282245287,0.5920325788152506,56033.666451688965,0.00020897896399890592,0.0002840790683965468,74.24971520848293,0.956611078147911,0.03234753572814068,200704,run_err_weight_norm_sweep.py
margin,20,1.0,0.17,0.05,,,0.0,0.812,1.0,406,500,500,0.812,5.625770386286871,18.393245955899786,6.535971080272899,20.314519615181894,2.881139848924642,8.025453205658406,1.013155988753799,8.58692908104067,22.054819388025646,ok,0.7899170399544386,0.5837245152174099,58143.68174147999,0.00022432399909248673,0.00028772871587851907,81.32064965324571,0.9538466800272489,0.03299045834394758,200704,run_err_weight_norm_sweep.py
margin,20,1.0,0.18,0.05,,,0.0,0.848,1.0,424,500,500,0.848,5.600587406174884,18.803933919744964,6.415956699994913,20.642650278696035,2.8657791800294157,8.023524499791094,1.024791647658805,8.581365487412201,22.355286716056646,ok,0.7825956383670408,0.5754913115577154,58738.555130887675,0.00023141267011921526,0.0002921754109385558,85.2309202834834,0.95106978295875,0.03354789529484877,200704,run_err_weight_norm_sweep.py
margin,20,1.0,0.19,0.05,,,0.0,0.848,1.0,424,500,500,0.848,5.567368719313629,17.950193726934014,6.481489838848758,19.880009049855907,2.92815818543901,8.051917727462962,1.0310267909362134,8.629629522315197,21.672223363438437,ok,0.7631324046046444,0.5554453027384605,57308.11717422675,0.00022413955098298956,0.0002940706431831341,85.19085641783408,0.9473198546549086,0.03363699587197851,200704,run_err_weight_norm_sweep.py
margin,20,1.0,0.2,0.05,,,0.0,0.774,1.0,387,500,500,0.774,5.562373990335379,17.975254878331462,6.46487243997483,19.8958379570825,2.8856040727898797,8.0477836718506,1.009273190851992,8.60884227219777,21.67848088040451,ok,0.7646718630794266,0.5539241358434882,59018.082432097945,0.00023633322807992496,0.0002962136229768152,90.5018268816486,0.9459568261330578,0.03403143279746575,200704,run_err_weight_norm_sweep.py
margin,20,1.0,0.25,0.05,,,0.0,0.74,1.0,370,500,500,0.74,5.498424054991449,17.938376182662815,6.325720162361416,19.799816734801837,2.8730301691188096,7.9915761420150995,1.0256564173902194,8.554037799356836,21.568595350753938,ok,0.7149469791611927,0.5046992190557623,59635.670527752365,0.0002343071250591956,0.00028901303650606723,98.6446090368664,0.9384124982537458,0.033240842555351,200704,run_err_weight_norm_sweep.py
margin,20,1.0,0.3,0.05,,,0.0,0.684,1.0,342,500,500,0.684,5.402817648115634,18.236840802973827,6.127898013072963,19.983091229097273,2.833318946371764,7.968877450540868,0.9916870016594986,8.515523893623241,21.721834228565797,ok,0.6668848207385626,0.45264978116062654,62886.09981953437,0.0002708307166452371,0.0003087837009068001,128.24260967339157,0.9146318492067711,0.035562430454016386,200704,run_err_weight_norm_sweep.py
margin,20,1.0,0.35,0.05,,,0.0,0.674,1.0,337,500,500,0.674,5.379637396327335,18.368806645116855,6.028869434279525,20.067406975920996,2.8401251945974035,7.945371278753574,0.9817355871329608,8.494647764402739,21.79127952595981,ok,0.6269419900706049,0.4110387461402201,65130.96680007173,0.00028049522789371634,0.00030452769251499475,147.1252487246571,0.9013542968474157,0.03494713272353968,200704,run_err_weight_norm_sweep.py
margin,20,1.0,0.4,0.05,,,0.0,0.562,1.0,281,500,500,0.562,5.2299962638735416,18.00984364471895,5.876478024261124,19.652997811961885,2.827316733771693,7.938075415994254,0.9812973734751909,8.48349608111344,21.40584099621516,ok,0.5724803483335037,0.3491409136146087,70038.50350936313,0.00031056951380254165,0.0003077190236793678,194.22756507207902,0.8699382150579605,0.03458088712499881,200704,run_err_weight_norm_sweep.py
margin,20,1.0,0.45,0.05,,,0.0,0.55,1.0,275,500,500,0.55,5.112675933329007,17.577015468760592,5.63279916466432,19.152528669022633,2.8069624228550296,7.938884132660543,0.9791068320262865,8.477238318205409,20.944758865200235,ok,0.5395862219870887,0.30825900543025564,83174.84185004809,0.00040931292239120666,0.0003506687228536287,300.0975519391137,0.8356459421529662,0.03436416811569931,200704,run_err_weight_norm_sweep.py
margin,20,1.0,0.5,0.05,,,0.0,0.5,1.0,250,500,500,0.5,4.9441145610581945,16.52135209705808,5.207160816086179,18.014268446773418,2.783905302112763,7.926939185016579,0.9720485950817245,8.457622127127886,19.900885400345874,ok,0.49279031544135493,0.25533497872941424,101726.83928689844,0.0005826098132954793,0.00047723938492005906,543.2234549940555,0.7622744791214147,0.03437071688838306,200704,run_err_weight_norm_sweep.py
margin,20,1.0,0.55,0.05,,,0.0,0.42,1.0,210,500,500,0.42,4.759510257274284,16.10065373239678,4.874598548074358,17.482725745847816,2.7946210188787184,7.916372902443336,0.9670057256606548,8.450678472357017,19.418024259632812,ok,0.42998236332965517,0.19585540205391594,93434.64584979517,0.0004920935113648039,0.0004053781116117137,584.125162114652,0.6703690513859017,0.0337836313737935,200704,run_err_weight_norm_sweep.py
margin,20,1.0,0.6,0.05,,,0.0,0.378,1.0,189,500,500,0.378,4.468290174441791,15.237407601098262,4.069953360808416,16.392337473471436,2.7674904932592805,7.918418989097781,0.9664248439002354,8.443597568340904,18.439172100185743,ok,0.38101485563314513,0.1369226836696731,127534.79114215846,0.0008376499497736061,0.0007088977836203748,1573.468782723622,0.47039079350613366,0.0325929611865204,200704,run_err_weight_norm_sweep.py
margin,20,1.0,0.65,0.05,,,0.0,0.364,0.968,182,484,500,0.364,4.219609254735083,13.683317867452345,3.193391437252903,14.670924953659421,2.762196195047428,7.913347240889909,0.9381804551894962,8.433918125126304,16.9223820408724,ok,0.35247640399296326,0.10310640173246902,244491.590346429,0.0029158172345386266,0.0027613379365689903,10189.624918639003,0.20886103674370426,0.032258305495285106,200704,run_err_weight_norm_sweep.py
margin,20,1.0,0.7,0.05,,,0.0,0.24,0.532,120,266,500,0.24,3.7072187196421407,10.917077874191092,1.6898576155762535,11.65253958188252,2.7664990175513644,7.908851632157176,0.9537545839023536,8.432858279367835,14.383837369326779,ok,40.13935269361596,39.88682681740026,736771444.291365,5963.4887088682,5963.488715732894,110169937721.71329,0.01026707736966026,0.030792067468820038,200704,run_err_weight_norm_sweep.py
margin,20,1.0,0.75,0.05,,,0.0,0.266,0.194,133,97,500,0.266,3.0957256147849312,8.711819948308731,0.5453294608527371,9.261571579092797,2.7590135047559787,7.890382587962993,0.9557116509541683,8.413303611758284,12.512409271530581,ok,0.250849157603018,-0.001067771670916733,57571.15682820593,0.0002050084140611572,0.00026495453742149703,40674.5024119504,8.16203851756736e-05,0.030356235550244668,200704,run_err_weight_norm_sweep.py
margin,21,1.0,0.01,0.047619047619047616,,,0.0,0.988,1.0,494,500,500,0.988,5.781027199344,18.32526968156466,6.6224514345689345,20.324680744967488,2.9816095886054472,8.096683931010272,1.051361135805172,8.692045021479435,22.10530013458939,ok,0.9184403707951551,0.7196502187786314,53469.77624911756,0.0001771337127126945,0.00025952946627104016,51.38091827268269,0.9754703884764164,0.02919454704096604,200704,run_err_weight_norm_sweep.py
margin,21,1.0,0.02,0.047619047619047616,,,0.0,0.984,1.0,492,500,500,0.984,5.8402592539887275,18.368614809824397,6.609559889683417,20.37647958114485,2.9059712291654898,8.074456281079401,1.0568275196581423,8.646293854947736,22.135024679157688,ok,0.9148049473626834,0.7181862568817068,53474.463251975605,0.00017874439394346985,0.0002618515955758352,51.95458895703215,0.9749401832794174,0.029456542729320297,200704,run_err_weight_norm_sweep.py
margin,21,1.0,0.03,0.047619047619047616,,,0.0,0.978,1.0,489,500,500,0.978,5.846491214077624,18.69316701378543,6.513682549512915,20.640833628450952,2.8907089246990316,8.059751544866694,1.0577461997463078,8.627550062178338,22.371379773111563,ok,0.9155334022785918,0.7177786093137652,54953.96288458171,0.00018941404845533954,0.0002655970605319906,55.333242489709995,0.9739189844402513,0.030102968637167514,200704,run_err_weight_norm_sweep.py
margin,21,1.0,0.04,0.047619047619047616,,,0.0,0.968,1.0,484,500,500,0.968,5.785379684944993,18.352171941765516,6.568076215108512,20.332546772270653,2.9428806561114826,8.060599257823755,1.0489868619120055,8.644893312690911,22.09404079462111,ok,0.9018958738199294,0.7057232393382495,55876.57999306897,0.00019346125472445152,0.00026416859286557684,57.6364907869377,0.9731646744922533,0.03006129693352753,200704,run_err_weight_norm_sweep.py
margin,21,1.0,0.05,0.047619047619047616,,,0.0,0.932,1.0,466,500,500,0.932,5.696198824869649,17.75583159998747,6.713026047398637,19.81870216670639,2.952933040313967,8.09337181281097,1.0394481128487922,8.67772627018656,21.635246446317606,ok,0.8780797433245521,0.6779784997364192,52502.68730063285,0.00018284771153000018,0.00027589358817263775,56.12918432534782,0.969227348208917,0.030861987267001918,200704,run_err_weight_norm_sweep.py
margin,21,1.0,0.06,0.047619047619047616,,,0.0,0.948,1.0,474,500,500,0.948,5.819255126043776,18.876031440064207,6.533112391667187,20.8050438757152,2.9112100472581273,8.054314901186617,1.0454208256775255,8.62786399808746,22.523096763987148,ok,0.8933889977057615,0.6846195205942716,59376.34434329279,0.00022328972395826936,0.00027727935934271196,69.25139321244205,0.9682353806039132,0.03187746649774488,200704,run_err_weight_norm_sweep.py
margin,21,1.0,0.07,0.047619047619047616,,,0.0,0.92,1.0,460,500,500,0.92,5.763505672797705,18.354924286639687,6.581712352826644,20.333228486986457,2.9810504520658347,8.055699060618151,1.022390100077903,8.650215642961935,22.096751149744637,ok,0.8741485373626908,0.6762366695404683,56277.7696865466,0.00019938923121152235,0.0002691891173764327,62.06466772310211,0.9696860505142462,0.030680976572256127,200704,run_err_weight_norm_sweep.py
margin,21,1.0,0.08,0.047619047619047616,,,0.0,0.916,1.0,458,500,500,0.916,5.653582955784919,17.708808981360406,6.693132777506747,19.75760466639587,2.8924270811962174,8.056172625271481,1.0420255796990827,8.622868959746405,21.557291370915454,ok,0.8596512874183925,0.6490111438074995,55924.18513832967,0.00020319840733999399,0.000277092675600686,65.83630160455732,0.9653590272729866,0.031538019904139535,200704,run_err_weight_norm_sweep.py
margin,21,1.0,0.09,0.047619047619047616,,,0.0,0.914,1.0,457,500,500,0.914,5.626485562189131,17.953958596580303,6.656099154885373,19.95759567254804,2.9654242609418224,8.045084329545274,1.0362866879638954,8.636608884077619,21.746186747230805,ok,0.8514381369678508,0.6497651528316208,57228.868703457854,0.00021039780934896472,0.00027663909269536367,68.34455733273501,0.9652995294076708,0.031635204378350774,200704,run_err_weight_norm_sweep.py
margin,21,1.0,0.1,0.047619047619047616,,,0.0,0.906,1.0,453,500,500,0.906,5.689202894737862,17.879594665835725,6.611285455684371,19.893617830063455,2.894626234918239,8.055625969080733,1.0490266873475005,8.623945024428908,21.6824458526475,ok,0.8450281824953513,0.6385957112305067,57352.236605708895,0.00020857376938906915,0.0002733188460101089,68.961204642583,0.9649244755783437,0.03126762245250881,200704,run_err_weight_norm_sweep.py
margin,21,1.0,0.11,0.047619047619047616,,,0.0,0.888,1.0,444,500,500,0.888,5.712403687159769,18.454121796109924,6.509040248528363,20.38513605811102,2.8382761589023535,8.01839466188488,1.0368503623831775,8.568869422619974,22.112876232856042,ok,0.8387623197765806,0.6357523638897391,57146.0421885445,0.0002102020968245717,0.0002770110864956066,69.76966171618528,0.9637297507770853,0.03166930607116941,200704,run_err_weight_norm_sweep.py
margin,21,1.0,0.12,0.047619047619047616,,,0.0,0.866,1.0,433,500,500,0.866,5.648354260634607,18.300692116958977,6.571023397979124,20.248397129406136,2.893037062870375,8.002914417059099,1.034165747855206,8.572385981041156,21.988255677022078,ok,0.8264698472234218,0.6168815999037903,57295.23460204437,0.00021787827817600712,0.0002859573559574358,74.56104947335407,0.9591143462961852,0.03270763210332659,200704,run_err_weight_norm_sweep.py
margin,21,1.0,0.13,0.047619047619047616,,,0.0,0.858,1.0,429,500,500,0.858,5.613879688884603,18.12990149782894,6.572400641754952,20.084955157480238,2.888347994461663,8.043863515378947,1.0285981949972274,8.60838594847529,21.85199607166125,ok,0.8239260812450663,0.6203084173486313,60085.55858979968,0.00023082159596653679,0.0002815010761291494,79.16174188373063,0.9603762371280562,0.03239728330469965,200704,run_err_weight_norm_sweep.py
margin,21,1.0,0.14,0.047619047619047616,,,0.0,0.864,1.0,432,500,500,0.864,5.655940871985668,18.115754268619995,6.587482086939159,20.088930785737848,2.912782242098764,8.04967333737267,1.0292504480987146,8.622116776824921,21.861062138591794,ok,0.8037462804419744,0.5955280060659289,56752.05747185529,0.00021950169161909645,0.0002924375321208341,77.69029100032769,0.9544703698284773,0.033388502431915275,200704,run_err_weight_norm_sweep.py
margin,21,1.0,0.15,0.047619047619047616,,,0.0,0.836,1.0,418,500,500,0.836,5.593486605202287,17.91503555410106,6.528673857199147,19.871063726961324,2.901882355726073,8.004410143266712,1.012419272898326,8.574176096409573,21.641988572522614,ok,0.7892548311147052,0.5826102373668184,56396.85148077077,0.00022116497369015215,0.00029758953321936657,79.93342477798097,0.9510148446987968,0.03393315465129399,200704,run_err_weight_norm_sweep.py
margin,21,1.0,0.16,0.047619047619047616,,,0.0,0.84,1.0,420,500,500,0.84,5.613535141960265,18.041142401188385,6.556429466614891,19.99953407658979,2.898594361042425,8.107553255840385,1.0316880337340102,8.671715474178388,21.798624097538383,ok,0.7887824479740142,0.5809642477149175,58252.620298601825,0.00022238895164358393,0.00028441931089206475,81.02670580680467,0.9544250458267408,0.03262005387065832,200704,run_err_weight_norm_sweep.py
margin,21,1.0,0.17,0.047619047619047616,,,0.0,0.82,1.0,410,500,500,0.82,5.525674555776017,16.892876310933143,6.658416496662861,18.979906733065597,2.912024447496659,8.069505560711526,1.0334849309624805,8.640885225467295,20.85429828777674,ok,0.7628405421077965,0.5482253541919755,56261.235713519396,0.00021957928861697542,0.0002965870916387621,84.30487040196753,0.9454166886982118,0.033801516108169116,200704,run_err_weight_norm_sweep.py
margin,21,1.0,0.18,0.047619047619047616,,,0.0,0.806,1.0,403,500,500,0.806,5.553362287239902,18.39165558759214,6.460294276503212,20.268898097453835,2.873893423765795,8.02071482810293,1.025503823753138,8.581537616152877,22.010702350048135,ok,0.7781415654677402,0.5609298812893498,61178.92159247709,0.00024027914108997784,0.00028521189980760424,91.39714028091991,0.9506836425801052,0.0328555279604762,200704,run_err_weight_norm_sweep.py
margin,21,1.0,0.19,0.047619047619047616,,,0.0,0.816,1.0,408,500,500,0.816,5.652544604610102,18.085447101247357,6.467053742280841,20.0214245613211,2.8547397236048195,7.996122543737826,1.0208338610193006,8.551585607114225,21.771243828970245,ok,0.7677268048037112,0.5577224838419131,60404.79664779547,0.0002444777308885879,0.00029576483381978374,93.33634209458292,0.9466338560997622,0.03405134808149293,200704,run_err_weight_norm_sweep.py
margin,21,1.0,0.2,0.047619047619047616,,,0.0,0.806,1.0,403,500,500,0.806,5.568969331889614,17.788254373963955,6.535493113231828,19.752166547634097,2.8876702646530825,8.101860683732795,1.021240106245667,8.661507804682826,21.56779545470647,ok,0.7554737840044383,0.5356544269606258,62595.933411815044,0.00024992675996742035,0.00028687497320369526,99.92833175953017,0.94558488799149,0.033045573227475554,200704,run_err_weight_norm_sweep.py
margin,21,1.0,0.25,0.047619047619047616,,,0.0,0.782,1.0,391,500,500,0.782,5.4973558496430375,18.0382978525911,6.352064981150731,19.89848839186431,2.8865973120557347,8.017123815602877,1.0181532992529132,8.581570628821616,21.670099093880776,ok,0.7092082357621309,0.49400485893896406,62064.428335695346,0.0002561807138044301,0.00029771771455634717,110.90847871861212,0.9320596772279952,0.034301018582527674,200704,run_err_weight_norm_sweep.py
margin,21,1.0,0.3,0.047619047619047616,,,0.0,0.686,1.0,343,500,500,0.686,5.316445199850378,18.761942536295955,6.1453586352191705,20.446038982006915,2.862516118820484,7.9840552922476515,1.0052459897410715,8.541057132466994,22.15829792637087,ok,0.6619245417957554,0.4473771775582132,65765.4435955211,0.00028570409798544003,0.0003061862481625099,137.91232155473412,0.9148022093956523,0.035078381177549287,200704,run_err_weight_norm_sweep.py
margin,21,1.0,0.35,0.047619047619047616,,,0.0,0.596,1.0,298,500,500,0.596,5.2857651144813955,17.712797773115526,6.086078755324211,19.46080348836511,2.8228058189128054,7.970832266085042,0.9946040014380323,8.514202066255354,21.24181040396017,ok,0.6206509006833625,0.39786050904819104,70536.49427190113,0.00032085262812010145,0.0003153523397416323,176.31336753667605,0.8926380185757204,0.035328022605337815,200704,run_err_weight_norm_sweep.py
margin,21,1.0,0.4,0.047619047619047616,,,0.0,0.626,1.0,313,500,500,0.626,5.164403214518962,17.760190532639324,5.869898293377857,19.404925516280283,2.7913295857567335,7.949440511567312,0.982619319955445,8.482373844108624,21.17786108943969,ok,0.5757995152479293,0.3445408708805427,78598.2553652987,0.0003848711325685559,0.00034177645146310905,249.40111373017217,0.8578009924218375,0.035543055724437604,200704,run_err_weight_norm_sweep.py
margin,21,1.0,0.45,0.047619047619047616,,,0.0,0.558,1.0,279,500,500,0.558,5.048358979554625,17.739112601826452,5.555081675820362,19.261904804867118,2.8135349078287297,7.9309743222332125,0.9702014064542237,8.470987141212005,21.042305003452974,ok,0.535909350971768,0.2937305562572934,92263.95674083034,0.000493491970622372,0.00040745768123498467,389.3100818626977,0.813951652463545,0.03463735253231476,200704,run_err_weight_norm_sweep.py
margin,21,1.0,0.5,0.047619047619047616,,,0.0,0.48,1.0,240,500,500,0.48,4.915202978058586,17.0996500342652,5.167363755409741,18.52724749633858,2.769182637902633,7.929746612436551,0.9808662455257193,8.456438518142377,20.36590906887552,ok,0.5018451139365665,0.2526331542992534,123084.319599483,0.0008455668904372804,0.0007103258754246408,849.2694934797227,0.7271423414964593,0.03517012724290335,200704,run_err_weight_norm_sweep.py
margin,21,1.0,0.55,0.047619047619047616,,,0.0,0.446,1.0,223,500,500,0.446,4.702604613552508,16.080897687165393,4.7968301559652895,17.427545441675505,2.7888782143817314,7.909944144572372,0.9660492811609523,8.442648238469928,19.36485603871622,ok,0.42975485906595,0.18555274963022028,108978.08626724548,0.0006551321809538287,0.0005392923734063914,858.6707512922148,0.6232637690129741,0.03411306841100084,200704,run_err_weight_norm_sweep.py
margin,21,1.0,0.6,0.047619047619047616,,,0.0,0.394,0.992,197,496,500,0.394,4.458620126712062,15.14014209798029,4.0723674192791,16.29991940406341,2.76344562723228,7.909894175249971,0.9662471146781634,8.434256996614847,18.35276719363893,ok,0.3703567875757432,0.12444422650419482,114789.57108078673,0.0007226903278861384,0.0005993152486424416,1437.07613187248,0.4174926386163814,0.0342058813625351,200704,run_err_weight_norm_sweep.py
margin,21,1.0,0.65,0.047619047619047616,,,0.0,0.326,0.972,163,486,500,0.326,4.165937510606238,13.37334440484499,3.1330079274922618,14.353296296900036,2.769145355591868,7.894256127625393,0.9475152178754666,8.419336725482161,16.64038297286625,ok,0.3234348198175983,0.07922175095903082,152626.77780368482,0.001107705050556046,0.0009745061230580906,3882.358751832376,0.22440139524209757,0.03066862329517011,200704,run_err_weight_norm_sweep.py
margin,21,1.0,0.7,0.047619047619047616,,,0.0,0.246,0.64,123,320,500,0.246,3.785055230035677,11.385753346359264,1.7802119103310141,12.129764086915953,2.7662769548655985,7.906894268037175,0.9494298721276369,8.430461567377431,14.771724985365248,ok,0.2666888593149588,0.02384908597241092,102210.94695792467,0.0005329213397233697,0.0004365716739528484,5327.16647111634,0.03267012474163655,0.031242054861812824,200704,run_err_weight_norm_sweep.py
margin,21,1.0,0.75,0.047619047619047616,,,0.0,0.244,0.148,122,74,500,0.244,3.140150950130719,8.339347256168887,0.3753722895928672,8.918865679242657,2.751500886479647,7.887093380414036,0.9565055825348591,8.407847646638796,12.257163907424186,ok,-147.56564163451807,-147.81971837689375,5527263127.106021,14137.286594795001,14137.2866627783,528633163612.68787,0.002622528722724393,0.03021688478173995,200704,run_err_weight_norm_sweep.py
margin,22,1.0,0.01,0.045454545454545456,,,0.0,0.984,1.0,492,500,500,0.984,5.795135841238039,17.875893155372008,6.650359385300811,19.933851496244674,2.9392717375188764,8.097472663082735,1.0598402848947879,8.679380352642422,21.741436906979523,ok,0.9159871192564082,0.7052735430478096,55978.239128848734,0.00019366672762032797,0.0002636791619500667,57.75174298377626,0.9732113756152436,0.030018004767531414,200704,run_err_weight_norm_sweep.py
margin,22,1.0,0.02,0.045454545454545456,,,0.0,0.972,1.0,486,500,500,0.972,5.824355458344384,18.617214154837892,6.566518904294318,20.582588513418255,3.0784992193862624,8.07723531306178,1.039741733354587,8.706316707908877,22.348219180308536,ok,0.9238175252995819,0.7217883781388631,59960.90872342253,0.00022159005794505232,0.0002710918269037534,65.28910166775876,0.972522979025518,0.0311942759239066,200704,run_err_weight_norm_sweep.py
margin,22,1.0,0.03,0.045454545454545456,,,0.0,0.966,1.0,483,500,500,0.966,5.743199019316763,17.27334932695553,6.7750384133223625,19.423029564115627,2.9610132846846677,8.113473093761177,1.062716909237582,8.702034965710327,21.283314826242524,ok,0.8851916739667487,0.6880543616863056,52798.717029592386,0.00018485353150205416,0.0002764011028190227,55.96605289238329,0.9699109942582544,0.030973645697105902,200704,run_err_weight_norm_sweep.py
margin,22,1.0,0.04,0.045454545454545456,,,0.0,0.968,1.0,484,500,500,0.968,5.850117952021696,18.076416943834833,6.682525016743282,20.14042874864697,2.9466324967353823,8.047500927663751,1.0467258100082744,8.63368688179641,21.912950950345063,ok,0.8880838546833885,0.6835043034665818,54927.358962005346,0.00020299837554418697,0.0002848663503623108,62.27036061472872,0.9671491527142017,0.03228296617813778,200704,run_err_weight_norm_sweep.py
margin,22,1.0,0.05,0.045454545454545456,,,0.0,0.94,1.0,470,500,500,0.94,5.88018285128059,19.087950051903224,6.521688662248604,21.010921221016194,2.9065348193363247,8.050057781257193,1.024835562109136,8.619841232120082,22.710360486410295,ok,0.8968779871832567,0.6954091187826207,58268.25352079948,0.00020955834809306418,0.00026789804442069393,63.789300787495755,0.9712793245542978,0.030726436222173716,200704,run_err_weight_norm_sweep.py
margin,22,1.0,0.06,0.045454545454545456,,,0.0,0.926,1.0,463,500,500,0.926,5.812781511688362,18.223596538394965,6.691429065770113,20.264824762110827,2.9505755783326455,8.053818613282893,1.041927329706618,8.640341605486705,22.029948381659107,ok,0.870275073188362,0.6627598567062905,55395.53559943446,0.00020175760700033883,0.000279315411901615,63.91496079593103,0.9663281964740389,0.03172066117603795,200704,run_err_weight_norm_sweep.py
margin,22,1.0,0.07,0.045454545454545456,,,0.0,0.924,1.0,462,500,500,0.924,5.876241012640213,18.559173061070627,6.593119734799198,20.55340217547458,2.9499333330679143,8.06509924915046,1.0353415833300643,8.649847672783892,22.299376801811484,ok,0.8721088730813161,0.6690524453824759,58077.481128824504,0.00021501491588957685,0.000276277227311206,67.99257329484367,0.9671658521788519,0.03167198669124071,200704,run_err_weight_norm_sweep.py
margin,22,1.0,0.08,0.045454545454545456,,,0.0,0.908,1.0,454,500,500,0.908,5.677336632621884,17.951829133106806,6.675713542232994,19.97662313210933,2.9095263778771105,8.011530324337345,1.0191826095807273,8.584211965755001,21.74291072592023,ok,0.8569980062513524,0.6502956861418244,56504.41400835735,0.0002091304315463678,0.00028053837632004104,67.73879243844917,0.9645386931135673,0.03200174559900157,200704,run_err_weight_norm_sweep.py
margin,22,1.0,0.09,0.045454545454545456,,,0.0,0.898,1.0,449,500,500,0.898,5.76576766171,18.581038707746934,6.529553301092383,20.52155312103392,2.9442393981390946,8.047327393712807,1.0504314153127288,8.633158748304755,22.263548065680098,ok,0.857213334864629,0.6445496280259223,60360.95632708238,0.0002367712258608434,0.0002867667023854121,78.20653131021272,0.961837244261216,0.03301382749891528,200704,run_err_weight_norm_sweep.py
margin,22,1.0,0.1,0.045454545454545456,,,0.0,0.908,1.0,454,500,500,0.908,5.7114217359801325,18.276384147862426,6.566889664382033,20.242791201576694,2.935599640697533,8.03448912781706,1.0325308680396807,8.616082682340554,22.00016991797017,ok,0.8390913084042844,0.6241394969938219,58948.35358031229,0.00022988893121086057,0.0002886581701720288,78.11538181119873,0.9590269554007035,0.03315876160073512,200704,run_err_weight_norm_sweep.py
margin,22,1.0,0.11,0.045454545454545456,,,0.0,0.868,1.0,434,500,500,0.868,5.638821493184781,18.452501751600263,6.582029667063163,20.38661922102125,2.831803898071333,8.032992201840981,1.0195400310851634,8.578317953244397,22.117906369497728,ok,0.8302704578575538,0.6209158585006552,59096.41168648595,0.00022465691129685812,0.0002810054019523401,76.76500066283093,0.9606803319210523,0.03228916337341206,200704,run_err_weight_norm_sweep.py
margin,22,1.0,0.12,0.045454545454545456,,,0.0,0.878,1.0,439,500,500,0.878,5.657176471411399,18.099689557972383,6.577309298796075,20.07145747910935,2.915251596648611,8.027689196817871,1.0280364459068678,8.602287175314565,21.837187318477536,ok,0.8177683156450255,0.6217279909542858,56987.12011830832,0.00021287629381970747,0.00028176908841045855,72.21848089264984,0.9609081556420217,0.03219636172060007,200704,run_err_weight_norm_sweep.py
margin,22,1.0,0.13,0.045454545454545456,,,0.0,0.886,1.0,443,500,500,0.886,5.713043158687507,18.18988550246328,6.603968510189143,20.17729409037098,2.917830278821066,8.061218943121998,1.0465328289880824,8.636678490432752,21.94801613258983,ok,0.8127745282405859,0.6048013619580408,57532.60586692529,0.00021902590853218126,0.00028560272022406445,76.50215995401564,0.9575888258966679,0.03269093139344479,200704,run_err_weight_norm_sweep.py
margin,22,1.0,0.14,0.045454545454545456,,,0.0,0.866,1.0,433,500,500,0.866,5.596279205174059,17.73159085068156,6.621268055950784,19.73749846629486,2.8644312985851608,7.999601924666821,1.023979251899798,8.55845378124861,21.513158225438694,ok,0.7949637301365517,0.5795327840112866,58555.34589962015,0.00022138834306638657,0.00028087317564853977,80.92926353759721,0.9552442825410857,0.03223687384437941,200704,run_err_weight_norm_sweep.py
margin,22,1.0,0.15,0.045454545454545456,,,0.0,0.854,1.0,427,500,500,0.854,5.613745094837398,18.0524081842771,6.532512166530049,20.001932167853905,2.884937255444003,8.073537933942333,1.032140199087583,8.635403356487013,21.78640588937643,ok,0.7920657527783261,0.5796420049248775,59483.366711661874,0.0002270554313984037,0.0002811795390642146,83.19709940074294,0.9550403053514864,0.032331775855793346,200704,run_err_weight_norm_sweep.py
margin,22,1.0,0.16,0.045454545454545456,,,0.0,0.828,1.0,414,500,500,0.828,5.606209307940746,18.267032737099186,6.491199546053311,20.180429613102334,2.9276424289183107,8.018920582534964,1.0213364459033627,8.597517411226109,21.935520167201727,ok,0.7937299768588613,0.5825791271950403,63730.45761673543,0.000261465325001659,0.00029252885528520167,96.40865024168988,0.9519323678409148,0.033659947754151306,200704,run_err_weight_norm_sweep.py
margin,22,1.0,0.17,0.045454545454545456,,,0.0,0.84,1.0,420,500,500,0.84,5.527642965137177,18.08586036055986,6.566181170564789,20.019188717237782,2.9054290832372014,8.04347233911791,1.0237645723596975,8.613191007257086,21.793461776961337,ok,0.7770821576310505,0.554997681927869,63219.86200753716,0.0002646811074621728,0.0002995176696138717,102.3073106589202,0.9448336300882592,0.03448516733693078,200704,run_err_weight_norm_sweep.py
margin,22,1.0,0.18,0.045454545454545456,,,0.0,0.806,1.0,403,500,500,0.806,5.544248536690571,18.122894513402088,6.546060029690818,20.050658325671275,2.9108250431937823,8.021807710518054,1.0341527088138616,8.59603241046461,21.815606168396258,ok,0.7637726986741887,0.5538705829050462,60662.56475827281,0.0002329162623372738,0.000279991929434922,89.60144035625856,0.9512510645345323,0.0322431605114734,200704,run_err_weight_norm_sweep.py
margin,22,1.0,0.19,0.045454545454545456,,,0.0,0.81,1.0,405,500,500,0.81,5.543733695908304,18.162900238589167,6.487834718082829,20.067783327942635,2.855126215563271,8.018558408815066,1.0308248025902154,8.573892023813375,21.822638523635565,ok,0.7551831905054792,0.5479426635042399,58708.36937211489,0.00022573197233315343,0.00028523183064359806,87.31125280078852,0.9486948748826011,0.03274843289181644,200704,run_err_weight_norm_sweep.py
margin,22,1.0,0.2,0.045454545454545456,,,0.0,0.806,1.0,403,500,500,0.806,5.596858704499037,18.723256646503465,6.40119210210378,20.56357038884538,2.8970051205370573,8.027659923703277,1.0107229324248226,8.594039990899454,22.287170087343473,ok,0.7549267290358954,0.5393933008045058,63684.0533260593,0.00025854339261762604,0.00028955719707648585,102.95129181753576,0.9454302656610617,0.03332013215723488,200704,run_err_weight_norm_sweep.py
margin,22,1.0,0.25,0.045454545454545456,,,0.0,0.746,1.0,373,500,500,0.746,5.426152430142452,18.02364924173773,6.415362872416477,19.885973523293085,2.854129456303045,8.01799969650923,1.0210666090542104,8.571869755583334,21.654766082223052,ok,0.706597339467315,0.4872797969857586,66190.09953581082,0.00028594518056763616,0.0003037832431159786,126.86741713204219,0.928415546261566,0.03475672443555286,200704,run_err_weight_norm_sweep.py
margin,22,1.0,0.3,0.045454545454545456,,,0.0,0.696,1.0,348,500,500,0.696,5.343916246270934,18.097172143374376,6.2311459939321585,19.87189625656748,2.8122721049908135,7.978891605216966,1.0088250508309946,8.519936245271756,21.621322218016086,ok,0.6615102557812249,0.4327948867049746,72274.50299583454,0.00032886314290406113,0.00031478689826289994,166.87534054040367,0.9097763819934753,0.034832795800073195,200704,run_err_weight_norm_sweep.py
margin,22,1.0,0.35,0.045454545454545456,,,0.0,0.65,1.0,325,500,500,0.65,5.323367030419371,18.100489621231596,6.033724517207384,19.808376829473385,2.856067636415253,7.989100617309053,0.993048278123999,8.542189174910114,21.57175905016486,ok,0.6225803782346861,0.39318668172368104,77641.77740621418,0.00035631961981784865,0.0003194205269986358,201.82153649877455,0.8981966865980234,0.03358937426084899,200704,run_err_weight_norm_sweep.py
margin,22,1.0,0.4,0.045454545454545456,,,0.0,0.572,1.0,286,500,500,0.572,5.204483118456272,17.90507060722271,5.843168089328405,19.540235702265026,2.803429799748086,7.93846621062779,0.9838739945107142,8.476229849200008,21.299466748173344,ok,0.5830222647603812,0.345886093414141,85433.65286239167,0.0004517021029742759,0.0003820364443134994,296.95334348051324,0.8509160670522864,0.036234851182790795,200704,run_err_weight_norm_sweep.py
margin,22,1.0,0.45,0.045454545454545456,,,0.0,0.51,1.0,255,500,500,0.51,4.934896975058337,16.790754691822414,5.614806239475009,18.37957291076819,2.771287874832775,7.934488773103041,0.976549891241453,8.461075479262494,20.23359826249451,ok,0.5164577340212343,0.2779363701663386,86082.54376346694,0.0004445678357319721,0.0003748011561011962,364.3587849425077,0.7956910992437941,0.03520258770217689,200704,run_err_weight_norm_sweep.py
margin,22,1.0,0.5,0.045454545454545456,,,0.0,0.468,1.0,234,500,500,0.468,4.91004012645011,16.665404471396283,5.277286099960183,18.157476389064048,2.7889239626759097,7.930752656599394,0.9803038717375328,8.463801170318797,20.0332193885583,ok,0.46478240103804613,0.2283337352601881,87210.05033732425,0.0004221583158289268,0.00035411253038750785,422.4585031434742,0.7521428529754837,0.03268726481576715,200704,run_err_weight_norm_sweep.py
margin,22,1.0,0.55,0.045454545454545456,,,0.0,0.478,1.0,239,500,500,0.478,4.723046905067045,15.94768677416432,4.671409202425182,17.275935559350227,2.782272650463159,7.921528458539626,0.9544637122630723,8.450009183367523,19.23176031074163,ok,0.41957932993156505,0.17719823902464937,103716.80426108488,0.000586558878978647,0.0004808000406534505,792.6539651713905,0.617736509972138,0.03342713223149156,200704,run_err_weight_norm_sweep.py
margin,22,1.0,0.6,0.045454545454545456,,,0.0,0.362,0.998,181,499,500,0.362,4.478176884373906,15.058297447277894,3.9827242150778246,16.207050391474816,2.7622759525358367,7.923340193553994,0.9713177718777936,8.447067329831794,18.276253140797643,ok,0.3899943678806521,0.14943938238746354,150453.92264628183,0.0011253658985299736,0.000987093780623735,2077.200357531941,0.4890133332600739,0.03201614977498844,200704,run_err_weight_norm_sweep.py
margin,22,1.0,0.65,0.045454545454545456,,,0.0,0.362,0.94,181,470,500,0.362,4.155646565378922,13.398075650503252,3.21261908910465,14.39092599260497,2.764771754506959,7.897389140368189,0.9591575886030912,8.42215538735185,16.67427516545571,ok,0.3194230080627211,0.08052118213464782,115703.56056224533,0.0006763457388058881,0.0005616236314456395,2084.2669224595065,0.25976615293292393,0.031549138963469926,200704,run_err_weight_norm_sweep.py
margin,22,1.0,0.7,0.045454545454545456,,,0.0,0.29,0.536,145,268,500,0.29,3.7160081272055616,11.038085748671978,1.5799147610741648,11.753475402992649,2.7739998744261176,7.897445896035771,0.9407961241106966,8.42317186879563,14.460083277077738,ok,0.26554365009413233,0.020109014456059154,90634.80881873451,0.0004171530793208888,0.00034584875747425763,4784.977511656554,0.026387879279824666,0.030237949371223184,200704,run_err_weight_norm_sweep.py
margin,22,1.0,0.75,0.045454545454545456,,,0.0,0.256,0.226,128,113,500,0.256,2.8912285599921717,8.078284529853,0.25666851989118783,8.583924642055047,2.7826376082784297,7.898314083344453,0.9536145559889345,8.428274920738929,12.029945153658709,ok,-5.504007228761124,-5.753131838265488,383575816.4482584,3958.2040944631,3958.203932858152,263976187892.65613,0.0008276396766708771,0.03018631117768506,200704,run_err_weight_norm_sweep.py
margin,23,1.0,0.01,0.043478260869565216,,,0.0,0.998,0.998,499,499,500,0.998,5.668042365817929,17.740061664087065,6.769017494804231,19.81555171957834,2.877663555079031,8.116307328833356,1.050817610420005,8.675229670889005,21.631359175834447,ok,0.8974520735235234,0.6914379680276662,54210.4550894211,0.0001922720789525983,0.0002755519911743807,58.17858932841739,0.9700344669291077,0.03111874594512516,200704,run_err_weight_norm_sweep.py
margin,23,1.0,0.02,0.043478260869565216,,,0.0,0.988,1.0,494,500,500,0.988,5.923835032453073,18.421968768838077,6.5876046292281005,20.44155790449425,2.894016724646577,8.060868970620712,1.049239750656479,8.628664173463212,22.18808542847262,ok,0.9065437022212951,0.7067649679206964,57295.5828318366,0.00020241324680185188,0.0002656547820459622,60.45953077149778,0.9727363609333413,0.03038550515855606,200704,run_err_weight_norm_sweep.py
margin,23,1.0,0.03,0.043478260869565216,,,0.0,0.97,1.0,485,500,500,0.97,5.6661912877053515,18.094935295172967,6.687697004549639,20.106160704371845,2.9410622105510655,8.034031192069822,1.0719794397833657,8.622334025123395,21.876982020169674,ok,0.8896729241555007,0.6774784210083085,57855.8107285359,0.00020674065531737633,0.0002672330184846606,64.5230430353954,0.9699810894462694,0.03061681619390511,200704,run_err_weight_norm_sweep.py
margin,23,1.0,0.04,0.043478260869565216,,,0.0,0.952,1.0,476,500,500,0.952,5.6998168809236995,18.03054650684686,6.6635236998855705,20.04971490846109,2.9230076333643518,8.061502991528522,1.0497882296691567,8.639089039608372,21.831741280641094,ok,0.8762803635146021,0.6657261149564835,55880.77912145396,0.000203195378143694,0.00027743035779788854,64.17425714712753,0.9669509969345755,0.03157091882511019,200704,run_err_weight_norm_sweep.py
margin,23,1.0,0.05,0.043478260869565216,,,0.0,0.948,1.0,474,500,500,0.948,5.676707644382817,18.171490305193128,6.634342294850799,20.160420811004126,2.934269927482642,8.116176040128249,1.058509954814796,8.694981129716318,21.955529238050516,ok,0.8748998605657837,0.6640615710285838,58032.175114447455,0.000210303727179083,0.0002705581330323279,66.99396868701079,0.9680142363592248,0.031012574269714183,200704,run_err_weight_norm_sweep.py
margin,23,1.0,0.06,0.043478260869565216,,,0.0,0.942,1.0,471,500,500,0.942,5.706747020560229,18.199819215529025,6.649180311681965,20.199306420069767,2.918942019785214,8.054923080011063,1.0421775850240098,8.630651334545336,21.9658854205871,ok,0.8709458312259849,0.6730059125155221,58691.733200011855,0.00022248848079996529,0.00028125383134945973,70.06181944633657,0.9663206237303472,0.0322905430923735,200704,run_err_weight_norm_sweep.py
margin,23,1.0,0.07,0.043478260869565216,,,0.0,0.938,1.0,469,500,500,0.938,5.684710698965616,18.261481160132984,6.615485592751667,20.237645108083374,2.92490058194037,8.036636590783358,1.0562562415776036,8.617322574583401,21.99592070987608,ok,0.8597625856686869,0.6522995488848197,58227.9669309282,0.00021738500547615166,0.0002782021159919796,70.5370352410302,0.9650304534398058,0.03190502435814852,200704,run_err_weight_norm_sweep.py
margin,23,1.0,0.08,0.043478260869565216,,,0.0,0.912,1.0,456,500,500,0.912,5.813736348280691,18.221618590090724,6.563142172119798,20.221319184007687,2.9236901453928072,8.054649130011112,1.0338513030373657,8.63100140138141,21.986266957629827,ok,0.8510898558536226,0.6471836638612123,57987.91665389277,0.00022000055196264175,0.00028336448724882465,71.90195014189062,0.9632493507304319,0.032476709275000196,200704,run_err_weight_norm_sweep.py
margin,23,1.0,0.09,0.043478260869565216,,,0.0,0.906,1.0,453,500,500,0.906,5.656379224028191,18.332070912079057,6.640913166918214,20.30175306573451,2.9386330255782345,8.034857197761355,1.037100111431482,8.618008522191639,22.055186429287517,ok,0.8391686479627861,0.6267492688813112,59647.90271382745,0.000226502041385465,0.00027931119550161964,76.79091434050339,0.9617703360468403,0.03212550819580392,200704,run_err_weight_norm_sweep.py
margin,23,1.0,0.1,0.043478260869565216,,,0.0,0.894,1.0,447,500,500,0.894,5.615221724786192,18.104613814595357,6.658337694947167,20.090824205445188,2.94256315238908,8.067882152508929,1.0538451713704904,8.652166779355964,21.87467044853232,ok,0.8229995113181882,0.605239276643052,59747.82911549596,0.00022755253176678654,0.000279889563049156,79.91066171830697,0.9589455629809531,0.03219695235746244,200704,run_err_weight_norm_sweep.py
margin,23,1.0,0.11,0.043478260869565216,,,0.0,0.906,1.0,453,500,500,0.906,5.776044767898906,18.668771209679207,6.519575007554947,20.60074197496912,2.8503601204326046,8.035337622250193,1.016410177445997,8.586285178615823,22.31848702506002,ok,0.8331508153040296,0.6253230704542723,60593.451385783614,0.00023395460027783463,0.0002817220222427234,79.70209466030958,0.9608924493080192,0.032440437781309533,200704,run_err_weight_norm_sweep.py
margin,23,1.0,0.12,0.043478260869565216,,,0.0,0.874,1.0,437,500,500,0.874,5.567607487680255,17.903368107161732,6.666688594589216,19.899084891889753,2.9202492214672433,8.005433427917579,1.0361076650457588,8.584191224446647,21.671684717910185,ok,0.8098162737079748,0.6040068064287318,57994.70114374831,0.00022443989175910885,0.000289029169034751,78.59790756775192,0.9564138213291504,0.03312655515239423,200704,run_err_weight_norm_sweep.py
margin,23,1.0,0.13,0.043478260869565216,,,0.0,0.872,0.998,436,499,500,0.872,5.451125275628994,17.28685634722228,6.751007227343092,19.342343904597993,2.9176987519266357,8.050527239627876,1.0527544480826987,8.627412518880883,21.179200043785453,ok,0.7898788667318987,0.5842256466011998,58039.985011813034,0.00022087967238655558,0.0002840993353112368,79.98022962787229,0.9550438697685377,0.03256546342321425,200704,run_err_weight_norm_sweep.py
margin,23,1.0,0.14,0.043478260869565216,,,0.0,0.872,1.0,436,500,500,0.872,5.602493188865382,18.503264348607544,6.521647070337341,20.403200778205697,2.9063020004214386,8.02535188238058,1.0401589878545,8.598534460807706,22.141034232155263,ok,0.7965231861409444,0.5829413236238106,60489.27407806713,0.00023884280134431638,0.00028835157647479407,87.2586026591086,0.9532392087310758,0.03320061291798233,200704,run_err_weight_norm_sweep.py
margin,23,1.0,0.15,0.043478260869565216,,,0.0,0.854,1.0,427,500,500,0.854,5.6400432709376584,18.586472725267154,6.4512394572993985,20.46669360205907,2.910327875593775,8.014065560589268,1.0168243187857366,8.586570144601115,22.19492585814877,ok,0.7895765628523265,0.5785017564364294,60957.44692453544,0.00023824527604536757,0.0002843292074253185,87.8186958332794,0.9537798519202909,0.032749794920934126,200704,run_err_weight_norm_sweep.py
margin,23,1.0,0.16,0.043478260869565216,,,0.0,0.852,1.0,426,500,500,0.852,5.561578023239072,18.127796887954922,6.514288298980133,20.04954169455635,2.8931936347123246,8.029928159846659,1.007711091225424,8.594521353956658,21.813984493103742,ok,0.776319821342121,0.5546418788317106,62108.88381623939,0.0002525095739326259,0.00029313962209349877,97.3793344148405,0.9469156740018538,0.033773291763641376,200704,run_err_weight_norm_sweep.py
margin,23,1.0,0.17,0.043478260869565216,,,0.0,0.844,1.0,422,500,500,0.844,5.620238694402872,18.181665672738216,6.53266469391391,20.120530748973792,2.872789009601547,8.042124565901794,1.020405368762213,8.600576221612556,21.88162857202743,ok,0.7733114237399071,0.5587135178329762,61427.8644607911,0.0002494467384316671,0.00029434077934590615,95.32352646827145,0.9472420445547107,0.03391040041292031,200704,run_err_weight_norm_sweep.py
margin,23,1.0,0.18,0.043478260869565216,,,0.0,0.836,1.0,418,500,500,0.836,5.567814613329466,18.267007653872657,6.446777815007247,20.155522131443703,2.8775064592761233,8.002755307618798,1.0239538540559563,8.56578177588203,21.900175566034846,ok,0.7657536584976934,0.5509793757398296,64123.2211866888,0.0002588168363795,0.00028708499501471434,101.00908560191439,0.9484811554284424,0.03301368966948893,200704,run_err_weight_norm_sweep.py
margin,23,1.0,0.19,0.043478260869565216,,,0.0,0.818,1.0,409,500,500,0.818,5.660423472581389,18.141775991707355,6.378309227706328,20.04612827022923,2.8778395391091416,8.059216473881445,1.0214939742088593,8.618374587187946,21.820257540908415,ok,0.7499008531238125,0.5243135013116732,63670.2797145275,0.00026396704151393047,0.00029571814498926586,108.13030687383043,0.9401001956053685,0.03402969617490106,200704,run_err_weight_norm_sweep.py
margin,23,1.0,0.2,0.043478260869565216,,,0.0,0.806,1.0,403,500,500,0.806,5.446200461211582,17.987101476627274,6.496810887300725,19.884805020405345,2.850490818089858,7.9916923221323675,1.0145743065203265,8.545279696949375,21.64318081518132,ok,0.7405764182593431,0.5192236164181553,64740.498307241636,0.00027506104332805826,0.0003010907224469003,114.09779319975424,0.9370781800083554,0.03458357647978286,200704,run_err_weight_norm_sweep.py
margin,23,1.0,0.25,0.043478260869565216,,,0.0,0.72,1.0,360,500,500,0.72,5.409262834727041,18.094678249662124,6.388968365494245,19.937312310069302,2.8378386391002026,7.981947893659729,1.0210852175320884,8.532727309608084,21.686490206794012,ok,0.7028645951011705,0.4753458176829527,68217.83112680024,0.00029997887034981957,0.0003067067078453289,137.14962886716017,0.924659144389228,0.03480938585712475,200704,run_err_weight_norm_sweep.py
margin,23,1.0,0.3,0.043478260869565216,,,0.0,0.674,1.0,337,500,500,0.674,5.397828505264906,18.122849453577327,6.229963366907097,19.90946178183335,2.840505892708375,7.984632772047091,0.991898525165116,8.532684039338626,21.660871758945138,ok,0.6677771983981079,0.4456727093039811,73142.07731586222,0.000331268200814893,0.00031323575482415726,163.6054005229124,0.9161638107504533,0.03442097079493393,200704,run_err_weight_norm_sweep.py
margin,23,1.0,0.35,0.043478260869565216,,,0.0,0.692,1.0,346,500,500,0.692,5.375979736216316,18.163226425453725,5.967301047887447,19.859824624165935,2.8253726514584505,7.948916883852748,0.9906502121313111,8.494080179089696,21.60004704141711,ok,0.617956759862097,0.3889771841657447,75567.82693837005,0.0003563064072531595,0.00032672577660019375,202.89262168005726,0.8882231876547574,0.03512037794662421,200704,run_err_weight_norm_sweep.py
margin,23,1.0,0.4,0.043478260869565216,,,0.0,0.636,1.0,318,500,500,0.636,5.205705992027046,18.38864418307269,5.689723182059393,19.940274813942345,2.8381707223234733,7.946650442818299,0.989904744893842,8.496138988585448,21.6748457288375,ok,0.5675408206736977,0.3433312437776548,80134.16229115149,0.00038075317203283606,0.00033358748987617336,248.60890212763528,0.8665414600718475,0.03405295534144203,200704,run_err_weight_norm_sweep.py
margin,23,1.0,0.45,0.043478260869565216,,,0.0,0.524,1.0,262,500,500,0.524,5.096265195272331,17.618885390684024,5.383902463948149,19.115005809361136,2.8209326727937705,7.9331255013443105,0.9848525913634272,8.477150228185772,20.910416616680312,ok,0.5435225451944511,0.31326178195777926,103266.21270002003,0.0005886063861420967,0.00048238320866698047,449.3421652147369,0.8319999221233453,0.033796387919335334,200704,run_err_weight_norm_sweep.py
margin,23,1.0,0.5,0.043478260869565216,,,0.0,0.488,1.0,244,500,500,0.488,4.939413185908441,16.613052124409517,5.122489612115975,18.072941192172063,2.7794369818409526,7.927438142574855,0.9785121926111375,8.457365520743707,19.953902748263914,ok,0.47098197848126155,0.23301950482213932,98975.65823108527,0.0005561427877191151,0.0004556291372641054,563.6988694087871,0.7292299333505177,0.03446494805795316,200704,run_err_weight_norm_sweep.py
margin,23,1.0,0.55,0.043478260869565216,,,0.0,0.426,0.998,213,499,500,0.426,4.659449142375297,15.996851095266305,4.668540073203713,17.30332273552145,2.7800117244887024,7.918272415227677,0.9508525712175554,8.445805103259325,19.25452158667815,ok,0.43125646069728535,0.18283288227845693,129550.31546668815,0.0008743811785983384,0.0007424283722724205,1237.6780790676626,0.603505381813618,0.0330495772737093,200704,run_err_weight_norm_sweep.py
margin,23,1.0,0.6,0.043478260869565216,,,0.0,0.42,0.898,210,449,500,0.42,4.349970292566793,14.808800712735122,3.8219100949851756,15.900623159796835,2.7651562118314716,7.8989490613153945,0.9723169435908278,8.425252838216746,17.994852104358813,ok,0.3477077474934669,0.10255416255671904,97952.96921234866,0.0005008822454873723,0.00041054201425971224,1150.1516886352676,0.38359466305421486,0.03163500565182015,200704,run_err_weight_norm_sweep.py
margin,23,1.0,0.65,0.043478260869565216,,,0.0,0.364,0.938,182,469,500,0.364,4.076597902967424,13.111492721079086,3.065380119542452,14.068633448728216,2.7785484454950202,7.889578752213494,0.9581746173892162,8.419256674359703,16.395436257185253,ok,0.34302205691688364,0.09609579497925591,224362.94737047542,0.002351466816605575,0.0022051336963073145,8358.76607184218,0.21802033721451464,0.030856314090628147,200704,run_err_weight_norm_sweep.py
margin,23,1.0,0.7,0.043478260869565216,,,0.0,0.29,0.596,145,298,500,0.29,3.6663008600764138,10.768717283548876,1.6569311212152615,11.495758116368531,2.770334847825928,7.896286777012058,0.9305406913619374,8.419739070314147,14.24936702742362,ok,102.90364994072007,102.65437256260765,1531019929.5893788,9710.233110245057,9710.233161912893,144830925464.76367,0.014879319718450135,0.03160737044884074,200704,run_err_weight_norm_sweep.py
margin,23,1.0,0.75,0.043478260869565216,,,0.0,0.234,0.282,117,141,500,0.234,3.022296467190184,8.386985101965518,0.4698651135716498,8.927293445447702,2.748042309966698,7.881447629883581,0.9486498105124734,8.400529134700383,12.258281201052759,ok,0.24854035138226058,-0.0023766738040758776,23514.755143722905,9.399736082205676e-05,0.00040099837711549336,6724.8330813036955,0.0002684040176309521,0.030746553759790636,200704,run_err_weight_norm_sweep.py
margin,24,1.0,0.01,0.041666666666666664,,,0.0,0.996,1.0,498,500,500,0.996,5.7929315880929435,18.317914116854798,6.647641492971942,20.329662353218648,2.9686608401512333,8.050624949545067,1.0703640215913657,8.647033502930482,22.09222396674173,ok,0.9034836334821912,0.7038224150358476,57632.092365563985,0.0002064227745002343,0.0002684391280697641,61.97369310788149,0.9719071880684949,0.03073541623809673,200704,run_err_weight_norm_sweep.py
margin,24,1.0,0.02,0.041666666666666664,,,0.0,0.982,1.0,491,500,500,0.982,5.761256224607588,18.689207397720793,6.67762199989573,20.665652228131894,2.9600951851178965,8.043723462356683,1.061569222420935,8.636583807143708,22.397762430026567,ok,0.902016805909751,0.6990963894511543,58302.758584047835,0.00021154764564725774,0.0002701889207101072,64.0614473036412,0.9710948480069812,0.030991891472966073,200704,run_err_weight_norm_sweep.py
margin,24,1.0,0.03,0.041666666666666664,,,0.0,0.97,1.0,485,500,500,0.97,5.733211043200918,18.35967181838325,6.723484230165843,20.375291368172036,2.9239918771882416,8.042950609324722,1.069503942066377,8.624536027172432,22.125440561080385,ok,0.8860860222770339,0.6772560099145285,58204.68786278787,0.00020736526539206227,0.0002655406969194651,64.8022981747814,0.9702874808747983,0.03045121491074263,200704,run_err_weight_norm_sweep.py
margin,24,1.0,0.04,0.041666666666666664,,,0.0,0.958,1.0,479,500,500,0.958,5.595697548748653,17.779858509585292,6.7230056720581155,19.81499444724802,2.9399438568799408,8.094275690371871,1.0535112994840379,8.675854706684044,21.63109936725273,ok,0.8642540447304687,0.659770379374604,56863.67476802376,0.0002131032014591771,0.0002830322531276384,68.10307719170953,0.96485352850604,0.032327205117978916,200704,run_err_weight_norm_sweep.py
margin,24,1.0,0.05,0.041666666666666664,,,0.0,0.952,1.0,476,500,500,0.952,5.739651450833556,18.181044983191477,6.666376122201562,20.19739008041749,2.908374750569745,8.023262211910144,1.0502531977607077,8.598512196317655,21.951514254164117,ok,0.8673569697447227,0.6567909804427328,59458.22738557052,0.0002309284544259197,0.00028616098700342575,74.6717845957706,0.9634149029973504,0.03290317918719643,200704,run_err_weight_norm_sweep.py
margin,24,1.0,0.06,0.041666666666666664,,,0.0,0.93,1.0,465,500,500,0.93,5.654850823604389,18.09381544598749,6.670167214952113,20.096134601114134,2.8825411940275427,7.989337288461549,1.0480699440496228,8.557862154281759,21.842427304624017,ok,0.8649215397994837,0.6466464956010648,61053.784516666594,0.00024051554526549685,0.0002863637181990697,79.33333940680217,0.9621441633188988,0.032986051420064305,200704,run_err_weight_norm_sweep.py
margin,24,1.0,0.07,0.041666666666666664,,,0.0,0.92,1.0,460,500,500,0.92,5.528179181050683,17.927917640780812,6.682420580529286,19.915464865463306,2.9143941935946787,8.047556234430198,1.0619900464444547,8.6246552232957,21.702774443103472,ok,0.8442373658323988,0.6281675854002365,60595.522900522294,0.00023083914753038097,0.00027795681508667805,78.28505254412589,0.9622224761590898,0.03200692910124014,200704,run_err_weight_norm_sweep.py
margin,24,1.0,0.08,0.041666666666666664,,,0.0,0.914,1.0,457,500,500,0.914,5.679685306679828,17.913465161352516,6.567347149379854,19.90681058960407,2.953558531733177,8.07577462170707,1.03069779427334,8.660483917432197,21.709101536785777,ok,0.8385699022922635,0.625874847774097,59338.02795016551,0.00023132187437339489,0.0002875384303502691,78.46800651545692,0.9595012730045647,0.033054665576006885,200704,run_err_weight_norm_sweep.py
margin,24,1.0,0.09,0.041666666666666664,,,0.0,0.918,1.0,459,500,500,0.918,5.660451358765607,18.339264139232238,6.61014119834407,20.299341994644223,2.873362995133912,8.066026076439796,1.0477133426001624,8.626395238793206,22.056245832675167,ok,0.8333682770650981,0.6226347218618864,59186.54142464412,0.00023066052659537109,0.0002878412903025089,78.61824977227502,0.959030692995577,0.03308033296814213,200704,run_err_weight_norm_sweep.py
margin,24,1.0,0.1,0.041666666666666664,,,0.0,0.91,1.0,455,500,500,0.91,5.692213625642443,18.578364273660775,6.58442097510288,20.51612815865019,2.895840393830801,8.029697718598024,1.0285704779725782,8.597667955135112,22.24480633516319,ok,0.8329854698131325,0.618614361653538,62640.28888987865,0.0002500773664067979,0.00028675405077089455,86.58963561811147,0.9586729148081918,0.033030815436080975,200704,run_err_weight_norm_sweep.py
margin,24,1.0,0.11,0.041666666666666664,,,0.0,0.888,1.0,444,500,500,0.888,5.514166931023874,17.99442671218495,6.585063586381867,19.939119641551002,2.9048177076379593,8.002296190866286,1.0363819374935137,8.576059570765757,21.70523646131062,ok,0.8160069496429695,0.5913862053490907,63650.352042845196,0.00025860786775312977,0.0002898402335164561,93.91543031030052,0.9540947287055099,0.0333541695076949,200704,run_err_weight_norm_sweep.py
margin,24,1.0,0.12,0.041666666666666664,,,0.0,0.87,1.0,435,500,500,0.87,5.57613794747368,18.68006222682897,6.582288664303589,20.575824728736343,2.9106289473284264,8.029991548552763,1.0148882588796353,8.601309395485476,22.301279931531838,ok,0.8186566342585723,0.5939573993445343,65908.2277589576,0.0002694360519112201,0.00028788348108217877,97.99990587372059,0.9554070787780343,0.032966962312884915,200704,run_err_weight_norm_sweep.py
margin,24,1.0,0.13,0.041666666666666664,,,0.0,0.86,1.0,430,500,500,0.86,5.6211330818035545,18.25889483154596,6.644433953202467,20.22703339966768,2.901427636532775,8.079897303375636,1.0362584170972013,8.647361115978553,21.997948413918277,ok,0.8064669286974298,0.5708047117809099,67691.58324113015,0.00028562371337037865,0.00029485633579446675,108.60013518798492,0.9501773581947784,0.03354472185934303,200704,run_err_weight_norm_sweep.py
margin,24,1.0,0.14,0.041666666666666664,,,0.0,0.844,1.0,422,500,500,0.844,5.590693865682956,18.394046834584927,6.550436593015625,20.310219999099147,2.883633752471514,8.012492145331397,1.055630188763729,8.580776718503962,22.0484640169021,ok,0.7902312940246272,0.581251104633699,61262.87747715414,0.0002463565288077427,0.000291831062695672,90.45298277003639,0.9518530473531266,0.03361930172659783,200704,run_err_weight_norm_sweep.py
margin,24,1.0,0.15,0.041666666666666664,,,0.0,0.858,1.0,429,500,500,0.858,5.571717974428634,17.94879307288825,6.630108145237526,19.928912363134053,2.8929937503238214,8.032473176921187,1.0399276752664275,8.60066786634364,21.705599179120426,ok,0.782335994550092,0.5673364210238055,63437.37743352779,0.00026073852437892,0.00029362779094630723,98.64759498664269,0.949055983071568,0.033799082615300645,200704,run_err_weight_norm_sweep.py
margin,24,1.0,0.16,0.041666666666666664,,,0.0,0.87,1.0,435,500,500,0.87,5.688006912948872,18.64351638263294,6.512864064192368,20.55119276513909,2.9268861627294593,8.02491810062766,1.0247519464763901,8.603260410051865,22.279309095056583,ok,0.7837794918292655,0.5552411132855044,68096.44004274189,0.0002872718287589436,0.00029436248710867956,112.40583904680909,0.9478126621889805,0.03342750433519594,200704,run_err_weight_norm_sweep.py
margin,24,1.0,0.17,0.041666666666666664,,,0.0,0.846,1.0,423,500,500,0.846,5.580716001525056,18.572560575098635,6.480465393977392,20.447024945647335,2.8610342037539054,8.043353153545187,1.0270965294806509,8.598603023082658,22.181451780180904,ok,0.7708248151904626,0.5466451967974947,65992.04948709141,0.00027986688502536043,0.0002985312381664745,110.62800731927024,0.9440821903968298,0.034177664958060024,200704,run_err_weight_norm_sweep.py
margin,24,1.0,0.18,0.041666666666666664,,,0.0,0.802,1.0,401,500,500,0.802,5.493462501387393,17.93476616897634,6.501521881711372,19.852046609062235,2.9034217177772907,7.969484079900279,1.024855673698786,8.543586092675453,21.61241814076659,ok,0.7580105742807695,0.5258415059958972,67018.83284880336,0.00028715867622704027,0.0003002260737810231,118.31378545218205,0.9395362824021442,0.03425009489754229,200704,run_err_weight_norm_sweep.py
margin,24,1.0,0.19,0.041666666666666664,,,0.0,0.812,1.0,406,500,500,0.812,5.520534403973273,18.622767045749722,6.4496746493085535,20.466608307866935,2.85053422756151,7.999053462291985,1.0133667807259354,8.552035658682904,22.181509631560964,ok,0.748952930018559,0.5247155668563711,64957.43563545864,0.000278002325745747,0.0003029210063027442,114.17538890102188,0.9376490354545189,0.034777055546821,200704,run_err_weight_norm_sweep.py
margin,24,1.0,0.2,0.041666666666666664,,,0.0,0.792,1.0,396,500,500,0.792,5.552915537291082,18.21378124115131,6.483430564279046,20.114958860177463,2.865470502051915,7.986400981280619,1.0143257172075666,8.545313247185168,21.854838101417045,ok,0.7456029172526006,0.5229866144027195,67046.75813098576,0.0002849586254166766,0.0002977663606872793,118.0567842644876,0.9398619253887058,0.033965817707750215,200704,run_err_weight_norm_sweep.py
margin,24,1.0,0.25,0.041666666666666664,,,0.0,0.742,1.0,371,500,500,0.742,5.584040969396387,18.528396303092123,6.263622438225583,20.340008583109746,2.8786038688958473,7.976618940086464,1.0003724079975849,8.538943430193875,22.059680506866577,ok,0.7023916208731693,0.47887135738063463,69389.2590794553,0.00029670760514133955,0.0002971948208607147,135.0626796245487,0.9305690178740494,0.03352559261938856,200704,run_err_weight_norm_sweep.py
margin,24,1.0,0.3,0.041666666666666664,,,0.0,0.706,1.0,353,500,500,0.706,5.395373643958956,18.066294968545844,6.221147779875832,19.854564975024907,2.839033045219673,7.990412244120111,0.999219756551378,8.53845633500087,21.61270429474762,ok,0.6627350739127266,0.424781256180792,78553.3107881984,0.00037834512080234885,0.0003361650051863831,198.83418785744922,0.9044567422579713,0.034983362953726525,200704,run_err_weight_norm_sweep.py
margin,24,1.0,0.35,0.041666666666666664,,,0.0,0.664,1.0,332,500,500,0.664,5.29404847368792,18.175500585150477,5.992779931557637,19.856716296272218,2.8523421097110493,7.9563997724580915,0.9742920832737046,8.508195925901793,21.602744732653175,ok,0.611698429483728,0.37329260362457634,78958.61660946721,0.00037985280351598744,0.0003362052220535901,227.40509170084798,0.880548657423319,0.034815765263103725,200704,run_err_weight_norm_sweep.py
margin,24,1.0,0.4,0.041666666666666664,,,0.0,0.602,1.0,301,500,500,0.602,5.138266075811358,17.319282733415008,5.823562181202107,18.980864288649464,2.800053604391982,7.943604497642467,0.9844949405952211,8.479998991184596,20.789025759631457,ok,0.5586891651063244,0.3232074733745925,81825.43928588848,0.0004162884824631685,0.00035994697118171495,290.03874125682506,0.8370159851204977,0.03593935944133155,200704,run_err_weight_norm_sweep.py
margin,24,1.0,0.45,0.041666666666666664,,,0.0,0.548,1.0,274,500,500,0.548,5.0197023911745955,17.07413141406747,5.539233599951304,18.638843432886038,2.8055177724151594,7.903073287312376,0.9648747922391159,8.441592309550742,20.46135296690581,ok,0.5193692345078784,0.28403092249553413,90817.57308447492,0.0004646464449615325,0.0003849782107345021,377.54198113588626,0.8146209635276777,0.03352840508436286,200704,run_err_weight_norm_sweep.py
margin,24,1.0,0.5,0.041666666666666664,,,0.0,0.492,1.0,246,500,500,0.492,4.914498176425821,17.03828446545943,5.136354989055473,18.461786815625512,2.8124105333297558,7.9235113034509395,0.9525479487557923,8.461621120008733,20.308535259938907,ok,0.47545439844117365,0.230455707694615,105065.35304051814,0.0006152389010165301,0.0005047081269549219,641.8077147936028,0.7211681505870469,0.03424229118284381,200704,run_err_weight_norm_sweep.py
margin,24,1.0,0.55,0.041666666666666664,,,0.0,0.466,0.998,233,499,500,0.466,4.648566221009689,16.023213755330207,4.590336389424672,17.303864745431635,2.7746334499424745,7.91050109229351,0.9668521119964862,8.438567492127355,19.251835144925284,ok,0.43340192958286106,0.1858903087472767,138811.8710433732,0.000991510564117942,0.0008546884220452842,1419.9397864474583,0.6007237472610517,0.032884473629440664,200704,run_err_weight_norm_sweep.py
margin,24,1.0,0.6,0.041666666666666664,,,0.0,0.404,0.998,202,499,500,0.404,4.421592596390976,14.616849187894303,3.967724927003143,15.778010088932886,2.768520516482398,7.90110215942613,0.962885255171749,8.427293112174238,17.88756192344187,ok,0.3717576820077182,0.12394838688085247,138323.17130302498,0.0009702381889580935,0.0008357064996050032,2080.742459111225,0.4087412959143565,0.032394494626348115,200704,run_err_weight_norm_sweep.py
margin,24,1.0,0.65,0.041666666666666664,,,0.0,0.334,0.878,167,439,500,0.334,4.055344775937083,13.023602961442812,2.999319151589039,13.966243973313333,2.757387031176148,7.899265593384289,0.9499302197458008,8.420448181475233,16.308277600624184,ok,0.3134837246988486,0.06616380342832168,140813.37860947047,0.0009674594336558964,0.0008367368762305485,3917.094078294944,0.17327298909760602,0.031173398603040626,200704,run_err_weight_norm_sweep.py
margin,24,1.0,0.7,0.041666666666666664,,,0.0,0.262,0.726,131,363,500,0.262,3.678647645082297,10.955978134106116,1.751705982524679,11.689070930612647,2.762271088694743,7.895870035764766,0.9426729083591691,8.418048313075962,14.404787975606398,ok,0.27043572246138514,0.022558258144087816,130978.36622021308,0.0008574313670621577,0.0007291979302131238,9878.824017917363,0.02397970384908099,0.031961190070184615,200704,run_err_weight_norm_sweep.py
margin,24,1.0,0.75,0.041666666666666664,,,0.0,0.264,0.214,132,107,500,0.264,2.961766511918903,8.112223443730851,0.22078190089694738,8.63880632494469,2.746612702940178,7.897596831265176,0.9482969300314252,8.415175822088871,12.060023168989913,ok,-0.20787582413658062,-0.45650377723962543,101488831.98355603,266.0594481861957,266.0592955837802,59218209882.62006,7.165642901940661e-05,0.030759211575183125,200704,run_err_weight_norm_sweep.py
margin,25,1.0,0.01,0.04,,,0.0,0.99,1.0,495,500,500,0.99,5.761933230271255,18.436125704091367,6.643910572106286,20.426261361720314,2.904401393772095,8.036694128681662,1.051714137438092,8.609884006246467,22.166692487115142,ok,0.8984376182117989,0.6911681127154606,58573.33061052153,0.00021963074485878626,0.0002785200600366421,67.3221838845628,0.9686240710076275,0.03196803130911916,200704,run_err_weight_norm_sweep.py
margin,25,1.0,0.02,0.04,,,0.0,0.982,1.0,491,500,500,0.982,5.636207205757358,17.735233892740766,6.835767729081592,19.825061748766515,2.948873375886411,8.066886684343945,1.0532644307336843,8.653316180869975,21.63129571404615,ok,0.8777150488227811,0.6626612037244822,57991.72692465744,0.00021314236667416758,0.00027452741068241423,68.0335199373626,0.9669712791686983,0.031463923926566766,200704,run_err_weight_norm_sweep.py
margin,25,1.0,0.03,0.04,,,0.0,0.966,1.0,483,500,500,0.966,5.694391907489016,18.157421885110594,6.691157934669336,20.171506220821932,2.922409177083537,8.124593206914373,1.0491622680237174,8.69771416182355,21.966790727310258,ok,0.8791866746551903,0.6668039120386794,59016.35652685748,0.00022780668277066598,0.00028553176136443884,72.468714440043,0.9646615879501137,0.03280416909451251,200704,run_err_weight_norm_sweep.py
margin,25,1.0,0.04,0.04,,,0.0,0.958,1.0,479,500,500,0.958,5.625437449293562,18.080117853522193,6.674440311526726,20.07696096438152,2.920572821993691,8.07405098693292,1.0491268669413607,8.649896654359452,21.86104008725107,ok,0.8645671971246065,0.6483476709693539,59814.988595514915,0.00021101023491690616,0.00025910414754526807,69.1869310601665,0.9690131562710835,0.029808816837971697,200704,run_err_weight_norm_sweep.py
margin,25,1.0,0.05,0.04,,,0.0,0.952,1.0,476,500,500,0.952,5.744340090902385,18.05360631540498,6.640850204355088,20.07563287939541,2.9511368330990084,8.059635860500583,1.0441334511293352,8.646221919156822,21.85836656714243,ok,0.8560584514139845,0.645543443427577,58394.255967216974,0.0002180840489420883,0.0002778644880579656,71.53745797250515,0.9643819258095525,0.03187941247308016,200704,run_err_weight_norm_sweep.py
margin,25,1.0,0.06,0.04,,,0.0,0.954,1.0,477,500,500,0.954,5.670061935602895,17.96036142667379,6.6971801702368525,19.989407373980306,2.9487390873380823,8.104881075731036,1.0519736349353914,8.688544641396376,21.796036684417558,ok,0.8478617107085572,0.6406071091192621,57935.84620517383,0.00022098949230851142,0.0002850266651885246,72.95636550617769,0.962102924024258,0.03266272832347247,200704,run_err_weight_norm_sweep.py
margin,25,1.0,0.07,0.04,,,0.0,0.944,1.0,472,500,500,0.944,5.586076538649697,17.68118581352301,6.738569988995837,19.72908787462247,2.945299204181642,8.071123189542902,1.0474598872262888,8.655344543013774,21.54418477276069,ok,0.8354826720125045,0.6179785631704513,59322.62127770258,0.0002354868202318187,0.0002928262872261346,80.89828630164045,0.9570305127399408,0.03366166573889415,200704,run_err_weight_norm_sweep.py
margin,25,1.0,0.08,0.04,,,0.0,0.928,1.0,464,500,500,0.928,5.629954079725297,18.161813057696342,6.6180979620700455,20.13323265444674,2.925195118313895,8.054294104362643,1.0236610082543616,8.629965345214233,21.904870667905783,ok,0.8377673184310379,0.6172249615765615,62746.720590670615,0.0002421351037765338,0.0002769904975618404,84.0514239542045,0.9611686483202757,0.03190413299859541,200704,run_err_weight_norm_sweep.py
margin,25,1.0,0.09,0.04,,,0.0,0.894,1.0,447,500,500,0.894,5.653266375362307,18.447668930822857,6.616371389155497,20.397359634307684,2.895926678420068,8.056156007005333,1.031494746744102,8.622761874744882,22.145073998518008,ok,0.8298297647417188,0.6087639867241513,61036.937364406695,0.0002362497462985029,0.00028139626838348417,82.77192221587667,0.9588950713458207,0.03241355179059906,200704,run_err_weight_norm_sweep.py
margin,25,1.0,0.1,0.04,,,0.0,0.906,1.0,453,500,500,0.906,5.627388735708807,18.192901684199278,6.60969409062457,20.15780820539179,2.947334000569771,8.077601136352481,1.031529785702828,8.660165791005944,21.939364238123908,ok,0.8162909618954812,0.5973608614937196,62541.678922043655,0.00025289182565575507,0.0002906380163865775,90.65610862587418,0.9546578336413623,0.03347999258463517,200704,run_err_weight_norm_sweep.py
margin,25,1.0,0.11,0.04,,,0.0,0.888,1.0,444,500,500,0.888,5.649924893639574,18.73464786817603,6.51159710826257,20.623035153649287,2.970237454665845,8.078564660948286,1.0483526138910197,8.670903108746774,22.37172634532098,ok,0.827199195259284,0.6074146937268822,67591.71645252687,0.0002774883206666871,0.0002869876482735004,99.12231752227927,0.9579479118149588,0.03266354683551186,200704,run_err_weight_norm_sweep.py
margin,25,1.0,0.12,0.04,,,0.0,0.892,1.0,446,500,500,0.892,5.707536146322675,18.561300656397705,6.497163906223144,20.477084503002338,2.9877896995420565,8.056050190415796,1.0286094226509457,8.653604411085263,22.230516391812692,ok,0.8070029872182696,0.5855252793007921,63825.95122193886,0.00026495969284059793,0.00029580952816967977,97.23005550646438,0.9513807805528375,0.03403277943157024,200704,run_err_weight_norm_sweep.py
margin,25,1.0,0.13,0.04,,,0.0,0.87,1.0,435,500,500,0.87,5.58465813611183,18.549281345826234,6.546017066652332,20.44785036087561,2.9433155904549584,8.095909040107786,1.017770572316363,8.674255402545361,22.21164764643425,ok,0.7934583839801931,0.5725650210222311,63607.657478230976,0.00025892082677219297,0.00029046718954340743,97.10905587282032,0.9509715098212207,0.03342819803307541,200704,run_err_weight_norm_sweep.py
margin,25,1.0,0.14,0.04,,,0.0,0.878,1.0,439,500,500,0.878,5.5151360095100905,17.576407675036197,6.696507520312447,19.600766437363294,2.94504749057007,8.054455144215135,1.0179785893550068,8.636193189147168,21.419007393722502,ok,0.7815948895718593,0.5538265895671927,64253.22254156383,0.00025903368270732555,0.00028651533309127715,100.6082324915534,0.9491925097208975,0.03294077408663549,200704,run_err_weight_norm_sweep.py
margin,25,1.0,0.15,0.04,,,0.0,0.858,1.0,429,500,500,0.858,5.6220655787482645,17.85966690372265,6.549064372716522,19.835966511406927,2.8924447852496953,8.07294652943574,1.059854131253319,8.64071717407655,21.63625570019079,ok,0.7689049287241008,0.5436895903283615,62440.01877588779,0.00025112986936452004,0.00028928342980846474,98.88522246475902,0.9462465671719155,0.03332552766584334,200704,run_err_weight_norm_sweep.py
margin,25,1.0,0.16,0.04,,,0.0,0.846,1.0,423,500,500,0.846,5.601915832506058,18.430934149091588,6.528424981268936,20.339644228419747,2.9139376887165196,8.036305827949516,1.0333799824214005,8.610523700805148,22.087151145877005,ok,0.7723786902550872,0.5471248227379505,65496.50768066449,0.00027429559811678345,0.0002955547996340457,108.19060169711706,0.9450971412218807,0.033885593965638505,200704,run_err_weight_norm_sweep.py
margin,25,1.0,0.17,0.04,,,0.0,0.82,1.0,410,500,500,0.82,5.565210930159128,18.166966061429008,6.491412066729241,20.078562179457823,2.9517417069773613,8.051086718211774,1.0214445454995116,8.635746951387956,21.856916173210724,ok,0.7601228712638216,0.5404076162442512,66309.6335590614,0.0002789048879158957,0.0002956075637804041,111.61255087631471,0.9440005482967,0.0338081802805364,200704,run_err_weight_norm_sweep.py
margin,25,1.0,0.18,0.04,,,0.0,0.798,1.0,399,500,500,0.798,5.574675316080127,18.678798655985418,6.436859000280374,20.52821662736552,2.8834528224823632,7.996690607181096,1.025982131081448,8.562359498395187,22.242339761810232,ok,0.7685379912734932,0.53579332773654,73176.09542204294,0.00032131189294212683,0.000303690591234577,132.00798601860902,0.9438527914230965,0.03336333808448707,200704,run_err_weight_norm_sweep.py
margin,25,1.0,0.19,0.04,,,0.0,0.818,1.0,409,500,500,0.818,5.513311861495673,18.519094845422057,6.4691324599294395,20.37653445412049,2.8932786977919127,8.016137817311801,1.0277080850780045,8.584038154468303,22.110831449706428,ok,0.7444428370709811,0.5160816697775217,68595.10500850185,0.00029382020446486743,0.00029838984840035223,123.85096175241983,0.9387705945369207,0.033803084348403664,200704,run_err_weight_norm_sweep.py
margin,25,1.0,0.2,0.04,,,0.0,0.822,1.0,411,500,500,0.822,5.452079784815849,18.141181889610305,6.420075051488342,20.00112541830248,2.862630195030621,8.024916454055585,1.0167677947946303,8.58066154073243,21.764024684677928,ok,0.7405933657347303,0.5061463336277142,71911.75987271262,0.00031541530749550783,0.0003035317164546644,136.727880696511,0.9365596277788271,0.033680501710031695,200704,run_err_weight_norm_sweep.py
margin,25,1.0,0.25,0.04,,,0.0,0.728,1.0,364,500,500,0.728,5.395683876720748,18.13885088598437,6.340503714208666,19.958289087779395,2.88931058434354,7.998702135131003,1.029330335508412,8.566613825715896,21.71912005009229,ok,0.6969022771790371,0.46907179941400884,74409.81299332113,0.00035238930350851833,0.00032769060430391984,165.8991961116719,0.918522649505519,0.03561280084249491,200704,run_err_weight_norm_sweep.py
margin,25,1.0,0.3,0.04,,,0.0,0.668,1.0,334,500,500,0.668,5.396588135700988,17.97776953347279,6.210867493312888,19.77114655058077,2.8411547167971594,7.966551400733063,1.0059637172985236,8.517632555224587,21.527849411178156,ok,0.6403734081124064,0.40677978369356943,71561.20350310313,0.0003240258684147258,0.0003134482156712654,174.61368142283308,0.8990164119939615,0.034869972248347786,200704,run_err_weight_norm_sweep.py
margin,25,1.0,0.35,0.04,,,0.0,0.628,1.0,314,500,500,0.628,5.2911026145906535,18.06305014868038,5.984153725259524,19.750434004330327,2.8276921568046944,7.96498586491395,0.9920881924893339,8.510057681567767,21.505830025902704,ok,0.6125947313879968,0.37946999077118504,84265.91622080909,0.00043449725972739025,0.0003698206214976852,259.53920076004556,0.876773597385537,0.03568602076499226,200704,run_err_weight_norm_sweep.py
margin,25,1.0,0.4,0.04,,,0.0,0.626,1.0,313,500,500,0.626,5.006944326704832,17.451680458312982,5.767735622179088,19.049866574785728,2.7931576271481804,7.949796840258136,0.9912931175647307,8.484318556985322,20.853802480448117,ok,0.5556409007073936,0.3241496110325876,84329.91318446757,0.00041173255581173696,0.0003503161451563943,287.964042126883,0.852841372100873,0.033772501605268734,200704,run_err_weight_norm_sweep.py
margin,25,1.0,0.45,0.04,,,0.0,0.544,0.998,272,499,500,0.544,5.047058421011294,17.31696496376677,5.517835094493871,18.8625708319798,2.787242530684095,7.935510112800293,0.9661851192820811,8.466082645470225,20.67537505709116,ok,0.5256218265172727,0.28675715335904134,98061.54336773041,0.0005429016669033162,0.0004449539089926922,445.98217998420307,0.8061103853902921,0.03421336297265123,200704,run_err_weight_norm_sweep.py
margin,25,1.0,0.5,0.04,,,0.0,0.542,1.0,271,500,500,0.542,4.79292045512969,16.867798636912912,5.148555456478176,18.27573091925663,2.7784520773322345,7.911955554736307,0.9621196203450059,8.440646350251107,20.130743936652717,ok,0.4509780118933154,0.2137642374594631,86454.15501369919,0.00042661681624486765,0.0003590578990751983,455.0730808957694,0.7170609120948667,0.033537805118896154,200704,run_err_weight_norm_sweep.py
margin,25,1.0,0.55,0.04,,,0.0,0.444,0.996,222,498,500,0.444,4.689344639220367,16.003700456606637,4.5445759061255835,17.284720177564733,2.7713964863687064,7.902963103608914,0.9518108596924981,8.428725183222504,19.230313565592283,ok,0.40375083542025514,0.1661651903007272,97833.15168803846,0.0005200339651971935,0.0004262625337392185,736.7477504980342,0.6017791864233548,0.032902524681443085,200704,run_err_weight_norm_sweep.py
margin,25,1.0,0.6,0.04,,,0.0,0.41,0.992,205,496,500,0.41,4.456557627328117,14.725734412692413,3.9276854955601275,15.878755405600383,2.761259978361824,7.899688875084765,0.9344934505512432,8.420387105137383,17.97325213285696,ok,0.37136153389477644,0.11900877660968166,142822.2486622417,0.0010320817816475245,0.0008952189261114665,2337.140665945307,0.3824402689419979,0.03242539343859298,200704,run_err_weight_norm_sweep.py
margin,25,1.0,0.65,0.04,,,0.0,0.338,0.958,169,479,500,0.338,4.0925930737106535,12.890935174360322,3.019101100120557,13.857867772110318,2.779393282898383,7.90102826475851,0.9568198101995918,8.430111435249472,16.220581925443295,ok,0.4383460208692632,0.18987004911351635,572529.2294293864,0.015503626654506887,0.015346084223873607,55477.363148877914,0.20631547701314046,0.03175687707913264,200704,run_err_weight_norm_sweep.py
margin,25,1.0,0.7,0.04,,,0.0,0.264,0.552,132,276,500,0.264,3.616873807363905,10.760697221216308,1.66750930381407,11.474099882055842,2.7545986647651794,7.877144956865819,0.9424639948221958,8.397944085128152,14.219016596105822,ok,135.69226301279696,135.44061626783682,1766029329.7250314,10807.928160850432,10807.928172449838,140934274094.995,0.021123830685954137,0.030246083735275677,200704,run_err_weight_norm_sweep.py
margin,25,1.0,0.75,0.04,,,0.0,0.256,0.252,128,126,500,0.256,3.016828193190807,8.195324782297769,0.31278564875991055,8.73856026451984,2.765059851161193,7.906047347205866,0.9621360237103181,8.430708532791629,12.142457817984408,ok,0.44396348240349776,0.19612584544550382,52315606.69047242,69.76127777540954,69.76112656570082,18649143992.50043,5.149155835892927e-05,0.030216213300432775,200704,run_err_weight_norm_sweep.py
